LCSC,rotation,evidence,polarity
#,,RULE 1: a MEASURED offset must exist as its OWN ROW. Recording a measurement inside another row's evidence prose does not reach the resolver. Rows starting with # are skipped by jlc_rotation_resolve.py.
#,,"RULE 2 (2026-07-25, THE CORRECTION BELOW): NEVER populate a row from jlc_twin's jlc_offset. Derive it from the BOARD + JLC's cached model with an operator VERIFIED against pcbnew itself (pad.GetFPRelativePosition() vs pad.GetPosition()). jlc_twin.xform() used the wrong handedness, so every offset it reported was NEGATED: invisible at 0/180 (sign-invariant) and exactly 180deg wrong at 90/270. Six rows here were populated from it and were all 180deg wrong. Checker and checked must not share a method (canon M1)."
#,,"RULE 3 (2026-07-25, canon A-POL): the `polarity` column is a REQUIRED DECLARATION, one of n/a | two-channel | single-channel. A pad-NUMBER fit structurally CANNOT detect a model whose own numbering differs from ours, and a HIGH FIT MARGIN IS NOT CONFIDENCE: on usb-hub-3s-v3's indicator LEDs (C2296/C2297) the pad-number fit returns 180 with a 17.7x margin and is WRONG — JLC numbers pad 1 = ANODE while KiCad Device:LED is pin 1 = K, both libraries draw the cathode WEST, so the true offset is 0 and a 180 row would ship every indicator dark (indistinguishable from a bad joint). two-channel = a NUMBERING-FREE channel (silk chamfer, pin-1 dot/glyph, mounting-tab position, body/courtyard asymmetry, lead axis) is RECORDED IN THIS ROW. single-channel = no such channel exists; the row MUST name the JLC order-preview human gate, which then carries it before first order. Graded by jlc_rotation_audit.py --table.",
C6938291,270,"XU316-1024 128-lead SoC in TQFP-128_14x14mm_P0.4mm_EP_XU316. CORRECTED 90->270 on 2026-07-25: direct fit of the board footprint vs JLC's cached model, 129 pads matched by number, proven operator -> rms 0.2047mm @270 vs 11.98mm next best (58x). crow-recorder-central-v2 v1.0/v1.1/v1.2 all shipped 270 and were RIGHT; v1.3 'corrected' it to 90 and is 180deg WRONG (DO-NOT-ORDER for U1).",n/a
C181312,270,"PCM1865 ADC in TSSOP-30_4.4x7.8mm_P0.5mm. CORRECTED 90->270 on 2026-07-25: 30 pads, rms 0.0025mm @270 vs 5.0702mm next best (2028x).",n/a
C82317,270,"W25Q flash in SOIC-8_5.3x5.3mm_P1.27mm. CORRECTED 90->270 on 2026-07-25: 8 pads, rms 0.0577mm @270 vs 5.4176mm next best (94x). Distinct footprint from the fleet's SOIC-8_3.9x4.9mm parts.",n/a
C5224055,270,"AP61102-family buck in SOT-563. CORRECTED 90->270 on 2026-07-25: 6 pads, rms 0.0725mm @270 vs 1.1183mm next best (15x).",n/a
C90627,270,"USB ESD array in USON-10_2.5x1.0mm_P0.5mm. CORRECTED 90->270 on 2026-07-25: 10 pads, rms 0.0150mm @270 vs 1.1438mm next best (76x).",n/a
C7719,270,"Watchdog/supervisor in SOT-23-5; cooksense U_WD. CORRECTED 90->270 on 2026-07-25 (the row was added earlier the SAME DAY at 90 and was wrong): direct U_WD fit vs JLC's cached model, 5 pads, board_rot 0.0, rms 0.0122mm @270 vs 1.9889mm next best (162x). cooksense v1.0 and v1.1 ALREADY shipped 270 and were RIGHT — there was never a U_WD rotation defect. This row exists so the resolver stops deferring to the name-DB (^SOT-23 = -90), not because the CPL was wrong.",n/a
C2982822,0,"100uF/35V polymer ELECTROLYTIC (polarized) in CAP-SMD_BD6.3-L6.5-W6.5-LS7.2-FD; usb-hub-3s-v3 C1/C2. Measured 2026-07-25: our CP_Elec_6.3x7.7 pad1 (VIN, '+') at local x=-2.700, JLC model pad1 at x=-2.670 — ALREADY ALIGNED, so offset=0 (fit by pad NUMBER, rms 0.030mm @0 vs 5.370mm @180). Board rot 90 => correct CPL 90.0, but sealed v1.4 ships 270.0 = 180deg REVERSED on a polarized cap across the 9-12.6V 3S pack: they would vent. Polarity cross-checked physically so a mislabeled model cannot fool the pad fit: JLC's silk chamfer is on the -x (pad-1) end and our footprint marks '+' on the -x (pad-1) end — both conventions agree.",two-channel
C98732,270,"AMASS XT60PW-M battery connector (THT, POLARIZED) in the vendored usb_hub_3s:XT60PW-M_EdgeTrim; usb-hub-3s-v3 J1. Measured 2026-07-25 with the pcbnew-verified operator, pads matched by NUMBER: our pad1(GND)/pad2(VBAT) are collinear in x at 7.2mm pitch, JLC's are collinear in y at 7.2mm -> rms 0.0000mm @270 vs 5.0912mm next best. board_rot 90 => correct CPL 0.0; sealed v1.4 ships 90.0 (90deg off). No name-DB rule fired: ^AMASS_XT60PW-M is start-anchored and the vendored footprint name is not prefixed, so the offset defaulted to 0. NOTE the ledger incident 'a reversed XT60 shipped once' and part.yaml 'PAD 1 IS NEGATIVE - polarity is a PART FACT': a 2-pad collinear fit resolves 90 vs 270 only via pad NUMBERING, so this one MUST also pass the JLC order-preview human gate.",single-channel
C587657,180,"JST XH B2B-XH-A 2-pin power inlet; smc0985-cooksense J_PWR — THE BOARD POWER INPUT (pad1 5V_IN, pad2 GND). Measured 2026-07-25 formA, pads by NUMBER: offset 180, rms 0.0000mm EXACT vs 2.1213mm next best. board_rot 0 => correct CPL 180.0; sealed v1.0/v1.1 ship 0.0 = 180deg OFF, so EVERY unit would have its supply reversed. Numbering-free corroboration: our MP tab row sits at y-0.285 and JLC's at y+1.710 — the tab row is on the OPPOSITE side of the contact row in the two frames. Fails SAFE rather than destructive (Q_REV + F1 + D_REVCLAMP) but the board would simply not power up. Found as a surviving ROT-DB-SUGGEST after the 9-ref fix; same name-DB family.",two-channel
C157991,180,"JST XH B5B-XH-A 5-pin 2.50mm; smc0985-cooksense J_LOADCELL. Measured 2026-07-25 formA, pads by NUMBER: offset 180, rms 0.0566mm vs 5.0402mm next best = 89x. board_rot 0 => correct CPL 180.0; sealed v1.0/v1.1 ship 0.0 = 180deg OFF. DESTRUCTIVE: 180deg swaps LC_CLK<->5V_PROTECTED and LC_DAT<->3V3 at the pod connector, putting 5V onto an HX711 data line. Numbering-free corroboration: our numbering runs +x (0 -> 10.0) while JLC's runs -x (+5.08 -> -5.08). The 0.0566 residual is JLC's 2.540mm model pitch vs the real B5B-XH-A 2.50mm part — their approximation, not our footprint error.",two-channel
C189896,0,"JST GH SM05B-GHS-TB 5-pin 1.25mm horizontal connector; smc0985-cooksense J_DOOR, J_ESTOP, J_MODE, J_RH_AMBIENT, J_RH_EXHAUST. Measured 2026-07-25 with formA (the pcbnew-verified operator), pads matched by NUMBER, refdes->LCSC taken from the sealed CPL (NOT a pad-count heuristic): offset 0, rms 0.0000mm EXACT vs 2.5000mm next best, on all five refs. Second, numbering-free channel: the unnumbered MP mounting tabs (absent from JLC's numbered set, so excluded from the fit on both sides) corroborate. REFUTES jlc_rotations_db.csv:52 '^JST_GH_SM',180 — that unevidenced name rule placed all five 180deg out in sealed v1.0 and v1.1.",two-channel
C265111,0,"JST GH SM08B-GHS-TB 8-pin 1.25mm horizontal connector; smc0985-cooksense J_THERM_A, J_THERM_B (the thermal-camera heads). Measured 2026-07-25, formA, pads by NUMBER: offset 0, rms 0.0050mm vs 4.0520mm next best = 810x separation. Sealed v1.0/v1.1 ship 180.0 = 180deg OFF, from the same refuted ^JST_GH_SM rule. Numbering-free second channel (recorded in 99c739c, moved into the row here per RULE 1): the unnumbered MP mounting tabs, absent from JLC's numbered set and therefore excluded from the fit on both sides, corroborate offset 0 without consulting a pad number.",two-channel
C2683602,0,"JST GH SM10B-GHS-TB 10-pin 1.25mm horizontal connector; smc0985-cooksense J_KEY_MATRIX (the keypad matrix to Board C). Measured 2026-07-25, formA, pads by NUMBER: offset 0, rms 0.0049mm vs 5.0792mm next best = 1037x separation. board_rot 270 => correct CPL 270.0; sealed v1.0/v1.1 ship 90.0 = 180deg OFF. Numbering-free second channel (recorded in 99c739c, moved into the row here per RULE 1): the unnumbered MP mounting tabs, absent from JLC's numbered set and therefore excluded from the fit on both sides, corroborate offset 0 without consulting a pad number.",two-channel
C125121,270,"LTV-817S optocoupler in SMDIP-4_W9.53mm; smc0985-cooksense U_OPTO — the SAFETY ISOLATION barrier between the contactor loop and SELV logic. Measured 2026-07-25, formA: offset 270, rms 0.2350mm vs 7.1366mm next best = 30x; the 0.235 residual IS the 9.53mm-vs-10.00mm lead-span difference between our land and JLC's. THREE numbering-free channels agree before any pad number is consulted: (1) lead axis — our lands span 9.53mm along X, JLC's 10.00mm along Y, forcing {90,270}; (2) pin-1 marks — our F.Fab chamfer at the -x/-y corner vs JLC's silk pin-1 dot at -x/+y, and only 270 lands it in our pin-1 quadrant (1.655mm vs 6.157-9.481mm for the others); (3) our F.SilkS DIP notch on the -y edge. board_rot 0 => correct CPL 270.0; sealed v1.0/v1.1 ship 0.0 = 270deg OFF. NOTE: this is the fleet's first 90/270-class row on cooksense, i.e. the only one that actually exercises the handedness fix — put it through the JLC order-preview human gate before trusting it as authority.",two-channel
C2887273,0,"220uF POLARIZED aluminium electrolytic in CP_Elec_6.3x7.7 (JLC CAP-SMD_BD6.3-L6.6-W6.6-FD); smc0985-cooksense CE1 on the 5V_PROTECTED rail. Measured 2026-07-25: our pad1 (5V_PROTECTED, the '+') at local x=-2.700, JLC model pad1 at x=-2.670 — ALREADY ALIGNED, offset 0, rms 0.0300mm @0 vs 3.7972mm @90 (127x). board_rot 0 => correct CPL 0.0; sealed cooksense v1.0 AND v1.1 both ship 180.0 = REVERSED on a polarized cap. Polarity cross-checked physically so a mislabeled model cannot fool the pad fit: JLC's silk chamfer runs -1.98,3.38 -> -3.38,1.98, i.e. on the -x (pad-1) end, matching our pad-1 end. THIRD instance of this exact class after usb-hub-3s-v3 C1/C2 (C2982822) — every CP_Elec_6.3x7.7 part the name-DB resolves is 180deg out, because the name-DB rule encodes a different vendor's pad-1 convention.",two-channel
C22046,180,"SN74LVC1G11 single 3-input AND in SOT-23-6; smc0985-cooksense U_AND1/2/3, U_FAULTAND, U_CAND1/2, U_DECUEN, U_DECDEN, U_LATCHG, U_OSCLR — the ENTIRE hardware safety chain of a cooking interlock. Measured 2026-07-25 with the pcbnew-verified operator, pads matched by NUMBER, INDEPENDENTLY on all TEN refs: every one fits best at offset 180, rms 0.2125mm vs 2.0784mm next best (9.8x); the 0.2125 residual IS the pad-length difference between our land and JLC's. board_rot 0 => correct CPL 180.0; the pre-row export shipped 270.0 = 90deg WRONG on all ten. No name-DB rule matched (grep SOT-23-6 jlc_rotations_db.csv returns nothing) so the -90 arrived from a broader ^SOT-23 pattern — a partial-prefix match is as dangerous as a wrong one. Cross-check: U_STOPINV (SOT-353, a different package on the same board) already fitted 180 with db=180.0.",n/a
C15127,180,"AO3400A N-FET in SOT-23; crow-recorder-central-v2 Q1 fit=0.28mm offset=180. Fleet-cross-verified: cooksense (Q_COIL/Q_REV/Q_SW*) and crow-recorder-central v1.0 (Q9). RE-VERIFIED 2026-07-25 with the proven operator: 180 CONFIRMED (180 is sign-invariant, so the xform bug never touched it).",n/a
C20917,180,AO3401A P-FET in SOT-23; crow-recorder-central-v2 Q2 fit=0.08mm offset=180. RE-VERIFIED 2026-07-25 with the proven operator: 180 CONFIRMED.,n/a
C79924,180,TLV70018 LDO in SOT-23-5; crow-recorder-central-v2 U9 and crow-recorder-central v1.0 U12 fit=0.20mm offset=180. RE-VERIFIED 2026-07-25: 180 CONFIRMED. NOTE: C7719 is a DIFFERENT SOT-23-5 part needing 270 (its own row above) — the two together are why a footprint-NAME key cannot work.,n/a
C8545,180,AO3400-family FET in SOT-23; cooksense (Q_COILDRV/Q_SWDRV*) fit=0.08mm offset=180. RE-VERIFIED 2026-07-25: 180 CONFIRMED.,n/a
C78284,180,"FET in SOT-23; usb-hub-3s-v3 Q7 fit=0.0589mm offset=180. RE-VERIFIED 2026-07-25 with the proven operator: 180 CONFIRMED (rms 0.0589mm @180 vs 1.6951mm next best, 29x).",n/a
C6035451,180,"AP2112K-family LDO in SOT-89-5; crow-recorder-central-v2 U10. Measured 2026-07-25 against JLC's cached SOT-89-5_L4.5-W2.5-P1.50-LS4.5-BR with the pcbnew-verified operator (local_to_board handedness, NOT jlc_twin's pre-fix xform). PAD-NUMBER fit: offset 180, rms 0.5525mm vs 2.9895mm next best over 5 pads (5.4x). THE PAD-NUMBER FIT ALONE IS NOT SUFFICIENT HERE and was flagged as such: a numbering-free fit by pad SIZE CLASS is DEGENERATE at 1.0x (spread 0.0000mm at ALL FOUR angles) because the SOT-89-5 land is its own 180-degree reflection — pads 1,3 at x=-1.85 and 4,5 at x=+1.85 with the tab centred at (0,0). The NUMBERING-FREE channel that does decide it is the PIN-1 BODY MARKING, matched mark-to-mark: our F.Fab chamfer cuts the -x/-y corner at (-1.250,-2.250), JLC's F.SilkS pin-1 dot sits at (+2.26,+2.25) with a second Cmts.User pin-1 circle at (+2.09,+1.51) in the same quadrant. Rotating JLC's mark: 180 lands it 1.0100mm from our chamfer corner vs 2.7646mm for the next best (90) = 2.7x; 0 is 5.0292mm away. Both channels therefore say 180 and they agree. CONSEQUENCE: sealed crow-recorder-central-v2 v1.4 shipped U10 at 180 and was RIGHT; this row exists so the resolver stops deferring to the advisory name-DB rule ^SOT-89 (which also happens to say 180) and so the degeneracy above is on the record rather than rediscovered.",two-channel
C3020560,0,"GCT USB4105 16P top-mount USB-C receptacle; crow-recorder-central-v2 J2. Measured 2026-07-25 against JLC's cached TYPE-C-SMD_SBC-160S1A-20-S412 with the pcbnew-verified operator. CHANNELS DISAGREE, and this row is the cleanest demonstration in the table of why canon A-POL exists. The PAD-NUMBER fit says 90 (rms 4.4723mm vs 4.8841mm next = 1.1x, i.e. garbage) because it pairs OUR signal pads 1-4 against JLC's SHELL POSTS, which JLC numbers 1-4 while naming the signal contacts A1/B12/A4/... — the two libraries number different physical features, exactly the failure mode a numbered fit structurally cannot see. The NUMBERING-FREE channel is the shell-post pad SIZE CLASS (no pad number is read; the classes are grouped by their long dimension alone): at offset 0 the 2.1mm-class posts demand dy = -3.105 - (-1.810) = -1.2950 and the 1.8mm-class posts demand dy = +1.075 - (+2.370) = -1.2950 — SELF-CONSISTENT to 0.0000mm, spread 0.0100mm overall; at 180 the same two classes demand -4.915 vs +3.445, an 8.36mm self-contradiction; 90/270 are excluded by the 8.64mm post span against the 4.18mm contact-row span (spread 4.2085mm). Separation 420x. BELIEVE THE NUMBERING-FREE CHANNEL: offset 0. board_rot 0 => correct CPL 0.0. J2 MUST ALSO PASS THE JLC ORDER-PREVIEW human gate before the first order, because the two channels disagreed. Related but separate defect: sealed v1.4 placed this same connector at the KiCad ANCHOR rather than the pad-array centre, 1.3025mm off against 1.150mm contacts = 0.000mm pad overlap (canon A-POS).",two-channel
C1972959,0,"SOT-553 5-pin ESD/level part; crow-recorder-central-v2 Dp1-Dp8. Measured 2026-07-25 against JLC's SOT-553-5_L1.6-W1.2-P0.50-LS1.6-TL-1 with the pcbnew-verified operator. PAD-NUMBER fit: offset 0, rms 0.0122mm vs 1.1652mm next best over 5 pads (95x). NUMBERING-FREE channel (PAD CLOUD — every pad matched to the nearest JLC pad of the same size class after centroid alignment, no pad number read): offset 0 at rms 0.0122mm vs 0.3585mm next best (29x). The land is 3 pads on one side and 2 on the other, so its arrangement is NOT its own reflection and the cloud discriminates without numbering. Both channels agree.",two-channel
C232798,0,"NC7NZ34 buffer in US-8 (MO-187CA); crow-recorder-central-v2 U4. Measured 2026-07-25 against JLC's US-8_L2.1-W2.4-P0.50-LS3.2-BL with the pcbnew-verified operator. PAD-NUMBER fit: offset 0, rms 0.1500mm vs 2.1674mm next best over 8 pads (14x). NUMBERING-FREE channel (PIN-1 BODY MARKING, matched mark-to-mark): offset 0 at 0.3607mm vs 1.9319mm next best (5.4x). Note the PAD CLOUD channel is degenerate between 0 and 180 (both 0.1500mm) — a dual-row 8-pad land is its own 180 reflection — so the pin-1 marking is what carries this row. Both usable channels agree.",two-channel
C2762192,0,"Seiko-Epson FA238 4-pad SMD crystal 3.2x2.5mm; crow-recorder-central-v2 Y1. Measured 2026-07-25 against JLC's CRYSTAL-SMD_4P-L3.2-W2.5-BL with the pcbnew-verified operator. PAD-NUMBER fit: offset 0, rms 0.0500mm vs 1.9449mm next best over 4 pads (39x). NUMBERING-FREE channel (PIN-1 BODY MARKING, matched mark-to-mark): offset 0 at 0.0000mm EXACT vs 2.4901mm next best. CORRECTED the SAME DAY the row landed: it was first written 'single-channel, NO NUMBERING-FREE CHANNEL EXISTS' because jlc_rotation_measure.py read only LINE-segment F.Fab outlines and this land draws its body (and its pin-1 chamfer) as a POLYGON — a TOOL GAP that reads exactly like a PART FACT, and the worst kind, because it would have populated this authority table with false single-channel declarations and sent ordinary parts to the human gate while teaching everyone to wave them through. The four corner pads ARE identical, so the pad-geometry channels remain degenerate 0-vs-180 (size-class spread 0.0000mm and pad-cloud rms 0.0500mm at BOTH); it is the chamfer that decides. board_rot 0 => correct CPL 0.0.",two-channel
C2909890,0,"Sensirion SHT4x humidity sensor in DFN-4 1.5x1.5mm; crow-recorder-central-v2 U6. Measured 2026-07-25 against JLC's DFN-4_L1.5-W1.5-P0.8-TL-EP with the pcbnew-verified operator. PAD-NUMBER fit: offset 0, rms 0.0200mm vs 1.1280mm next best over 4 pads (56x). NUMBERING-FREE channel (PIN-1 BODY MARKING, matched mark-to-mark): offset 0 at 0.0000mm EXACT vs 1.1573mm next best. The PAD CLOUD channel is degenerate 0-vs-180 (0.0200mm both), so the pin-1 marking is what carries this row. Both usable channels agree.",two-channel
C87074,0,"SMA-package rectifier diode (POLARIZED, 2-pad collinear); crow-recorder-central-v2 D1. Measured 2026-07-25 against JLC's SMA_L4.3-W2.6-LS5.2-RD with the pcbnew-verified operator. PAD-NUMBER fit: offset 0, rms 0.2000mm vs 4.2000mm at 180 — BUT THAT SEPARATION IS PURELY NUMBERING: both pads are identical (ours 2.500x1.800 at x=-2.000/+2.000, JLC's 2.000x2.000 at x=-2.200/+2.200), so the geometric channels are DEGENERATE (pad cloud 0.2000mm at BOTH 0 and 180) and only the pad LABELS distinguish them. That is exactly the channel canon A-POL proves can be confidently wrong (C2296/C2297: 17.7x margin, wrong answer). NUMBERING-FREE channel, the SILK/FAB CATHODE MARKING, read as SHAPES on both sides: OURS — the KiCad D_SMA F.Fab diode glyph has its cathode BAR at x=-0.649 and its triangle APEX at x=-0.649 with the base at x=+0.501 (a diode triangle points at its cathode), and the F.SilkS cathode band runs the full height at x=-3.510; so OUR cathode is the -x end. JLC — the F.SilkS cathode bar runs (-0.88,-1.43) to (-0.88,+1.43), two filled F.SilkS cathode-end polygons sit at x=-2.52..-2.98, and the pin-1 dot is at (-2.61,+1.30); so THEIR cathode is also the -x end. Both libraries draw the cathode WEST => the physical parts already align => offset 0, and this agrees with the pad-number fit. board_rot 0 => correct CPL 0.0.",two-channel
C2972759,0,"JKSEMI 1N4007(M7)SMA polarized series rectifier; crow-mic-pod-v3 D1. Measured 2026-09-03 from the corrected board footprint against a fresh public EasyEDA/JLC C2972759 export, SMA_L4.3-W2.5-LS5.0-FD (cached footprint SHA256 585a1fbe0b65542450696135702105747d71e5d1f9ed242f0d09222326eb872a), using jlc_rotation_measure.py with the pcbnew-verified operator. PAD-NUMBER fit proposes offset 0 at rms 0.4400mm versus 4.4400mm at 180. The identical two-pad cloud is 180-degree degenerate and the exporter provides no admissible numbering-independent cathode channel, so the fit alone is deliberately not treated as polarity proof. JLC ORDER-PREVIEW HUMAN GATE: before the first paid assembly, the JLC placement preview must show the physical cathode band on board pad 1 / VIN_PROTECTED and the anode on board pad 2 / 12V_FUSED; reject or correct the placement if it does not. Board rotation 0 therefore emits CPL 0 only subject to that mandatory human preview confirmation.",single-channel
C2296,0,"Indicator LED 0805 (POLARIZED); usb-hub-3s-v3 D8. Measured 2026-07-26 BY HAND from the raw footprints -- a DIFFERENT method from jlc_rotation_measure.py, canon M1. THE PAD-NUMBER FIT IS CONFIDENTLY WRONG HERE: it returns 180 at 0.1125mm vs 1.9875mm (17.7x) because JLC numbers pad 1 = ANODE (at x=+1.05) while KiCad Device:LED is pin 1 = K (at x=-0.9375) -- the fit is measuring a LABELLING difference, not a geometric one. The pad CLOUD is DEGENERATE: 0.1125mm at BOTH 0 and 180 (a 2-pad symmetric chip land is its own 180 reflection), 1.4076mm at 90/270, so geometry admits {0,180} and only the polarity mark can decide. NUMBERING-FREE CHANNEL, cathode marks read as SHAPES: OURS -- F.SilkS band full-height at x=-1.685, plus the F.Fab body chamfer cutting the (-1.000,-0.600) corner; both on the pad-1 / -x end. JLC -- the F.SilkS LED glyph is a triangle with base at x=+0.200 and apex at x=-0.300, and a diode triangle POINTS AT ITS CATHODE; body chamfer segments at x=-1.82/-2.22/-2.22/-1.84, mean -2.025. BOTH libraries draw the cathode WEST, so the physical parts already align => offset 0. A 180 row would ship every indicator LED dark, which is indistinguishable from a bad solder joint. NOTE the fixed tool reports '180 single-channel' for this part and WITHHOLDS the paste-ready row -- that is the tool correctly declining to certify a channel it does not have, not a measurement.",two-channel
C2297,0,"Indicator LED 0805 (POLARIZED); usb-hub-3s-v3 D9, D10, D11, D12. Measured 2026-07-26: JLC's cached footprint is BYTE-IDENTICAL to C2296's LED0805-R-RD apart from the LCSC Part property and the .wrl model path, so the C2296 measurement covers this code exactly -- same pad 1 = ANODE at x=+1.05, same triangle apex at x=-0.300 pointing WEST, same body chamfer mean x=-2.025. offset 0 for the same reason and with the same consequence: a 180 row ships four status LEDs dark. See C2296 for the full derivation.",two-channel
C2760089,270,"AON6403-class P-FET in PDFN-8 5.6x5.2mm; usb-hub-3s-v3 Q1 and Q6 -- the 5A delivery-path pass FETs. Measured 2026-07-26 with the pcbnew-verified operator AFTER the jlc_rotation_measure.py P0 fix (3bf6cb8, which demoted pin-1 marking to corroboration-only and added the pad-cloud veto). PAD-NUMBER fit: offset 270, rms 0.1341mm vs 3.7904mm next best over 9 pads (28x). NUMBERING-FREE CHANNEL: the DRAIN PADDLE -- the single largest pad, matched by SIZE CLASS alone with no pad number read -- lands 0.056mm at 270 vs 0.829 / 1.171 / 0.829mm at 0 / 90 / 180, a 15x separation. Both channels agree. These are two of the six 6A MOSFETs that the PRE-fix tool would have placed 180deg out.",two-channel
C404363,270,"N-FET in DFN-8 5.2x6.1mm; usb-hub-3s-v3 Q2, Q3, Q4, Q5. Measured 2026-07-26 with the pcbnew-verified operator, post-3bf6cb8. PAD-NUMBER fit: offset 270, rms 0.1501mm vs 3.7910mm next best over 13 pads (25x). NUMBERING-FREE CHANNEL: the DRAIN PADDLE by size class, no number read -- 0.153mm at 270 vs 0.904 / 1.269 / 0.904mm at 0 / 90 / 180, a 6x separation. Both channels agree. The 6x paddle margin is the weakest numbering-free separation among the usb-hub FETs; it is still decisive but it is recorded as 6x rather than rounded up.",two-channel
C113976,0,"SMB-package TVS / rectifier (POLARIZED, 2-pad); usb-hub-3s-v3 D5 -- the 5VC-rail clamp. Measured 2026-07-26 BY HAND from raw footprint geometry. PAD-NUMBER fit: offset 0, rms 0.2100mm vs 3.1925mm. The pad CLOUD is DEGENERATE {0,180} (two identical pads), so the numbering-free channel is what carries this row. CATHODE MARKS read as SHAPES: OURS Diode_SMD:D_SMB -- pad 1 at x=-2.15 with the F.SilkS cathode band full-height at x=-3.66, so our cathode is the -x end. JLC SMB_L4.6-W3.6-LS5.3-RD -- pad 1 at x=-2.36, F.SilkS cathode bar full-height at x=-1.02, two FILLED cathode-end silk polygons spanning x=-2.6675..-3.1247 (mean -2.896), and the pin-1 dot at (-2.65,+1.80); their cathode is also the -x end. BOTH cathodes WEST => offset 0, and here the pad-NUMBER fit AGREES because on this code JLC's pad 1 IS the cathode -- the OPPOSITE of the C2296/C2297 LEDs on the SAME BOARD, where JLC's pad 1 is the anode. Two families, one vendor, two opposite numbering conventions: this is the concrete proof that no footprint-NAME or per-vendor rule can work and rows must be per-LCSC. UPGRADED from the tool's 'single-channel': the tool has no cathode-mark channel, so its silence was a TOOL GAP wearing the costume of a part fact.",two-channel
C83846,0,"SMB-package diode (POLARIZED, 2-pad); usb-hub-3s-v3 D1. PAD-NUMBER fit computed INDEPENDENTLY BY HAND 2026-07-26 with the pcbnew-verified operator over the 2 pads (ours at x=-2.15/+2.15 size 2.5x2.3, JLC's at x=-2.36/+2.36 size 2.047x2.192): offset 0 at rms 0.2100mm, vs 3.1925mm at 90 and 270 and 4.5100mm at 180 -- next-best 3.1925mm = 15.2x separation. The 0.2100mm residual IS the 0.21mm pad-centre pitch difference between our land and JLC's, not a fit error. Footprint identity is PROVEN rather than inferred: diffing C83846's cached SMB_L4.6-W3.6-LS5.3-RD against C113976's returns EMPTY apart from the LCSC Part property and the .wrl model path, which is why the two rows share geometry -- pad 1 at x=-2.36 = cathode, silk cathode bar at x=-1.02, filled cathode polygons mean x=-2.896, pin-1 dot (-2.65,+1.80). Ours is the same Diode_SMD:D_SMB (pad 1 at -2.15, silk band -3.66). Both cathodes WEST => offset 0, pad-NUMBER fit agrees. See C113976 for the full derivation and for why the LED codes on this same board behave oppositely. UPGRADED from the tool's 'single-channel' -- no cathode-mark channel exists in the tool.",two-channel
C173429,0,"SOD-123 diode (POLARIZED, 2-pad); usb-hub-3s-v3 D2. Measured 2026-07-26 BY HAND. PAD-NUMBER fit: offset 0, rms 0.0100mm vs 2.3264mm next best (233x); pad CLOUD degenerate {0,180}. CATHODE MARKS as SHAPES: OURS Diode_SMD:D_SOD-123 -- pad 1 at x=-1.65, F.SilkS cathode band full-height at x=-2.36 => cathode -x. JLC SOD-123_L2.7-W1.6-LS3.7-RD -- pad 1 at -x with its cathode bar and filled cathode-end polygons on the same -x end. BOTH WEST => offset 0, pad-number fit agrees (JLC pad 1 = cathode on this code). UPGRADED from the tool's 'single-channel' (tool has no cathode-mark channel).",two-channel
C2128,0,"SOD-323 diode (POLARIZED, 2-pad); usb-hub-3s-v3 D3 and D4. Measured 2026-07-26 BY HAND. PAD-NUMBER fit: offset 0, rms 0.1200mm vs 1.5721mm next best (13x -- the weakest numbered margin of the four diodes); pad CLOUD degenerate {0,180}. CATHODE MARKS as SHAPES: OURS Diode_SMD:D_SOD-323 -- pad 1 at x=-1.05, F.SilkS cathode band full-height at x=-1.61 => cathode -x. JLC SOD-323_L1.8-W1.3-LS2.5-RD -- pad 1 at x=-1.17, F.SilkS cathode bar full-height at x=-0.45, two FILLED cathode-end polygons spanning x=-0.775..-1.080 (mean -0.927), pin-1 dot at (-1.23,+0.65) => cathode -x. BOTH WEST => offset 0, and the pad-number fit agrees. UPGRADED from the tool's 'single-channel' (no cathode-mark channel in the tool).",two-channel
C130056,270,"SON-8 3.0x3.0mm part with exposed pad; usb-hub-3s-v3 U3, U4, U5. Measured 2026-07-26 post-3bf6cb8: PAD-NUMBER fit offset 270, rms 0.0483mm vs 2.1365mm next best over 9 pads (44x). DECLARED single-channel: no numbering-free channel survives the fixed tool -- the dual-row SON-8 land plus centred exposed pad is its own 180 reflection so the pad cloud is degenerate, and the tool's pin-1-marking channel is corroboration-only since 3bf6cb8. Per RULE 3 this row MUST be carried by the JLC ORDER-PREVIEW HUMAN GATE before the first order.",single-channel
C13755,270,"HTSSOP-20 4.4x6.5mm with exposed pad; usb-hub-3s-v3 U2 and U11. Measured 2026-07-26 post-3bf6cb8: PAD-NUMBER fit offset 270, rms 0.0087mm vs 4.7226mm next best over 25 pads (543x -- the cleanest numbered fit on this board). DECLARED single-channel: a dual-row HTSSOP land with a centred exposed pad is its own 180 reflection, so the pad-cloud channel is degenerate and no numbering-free channel remains after 3bf6cb8 demoted pin-1 marking to corroboration-only. A 543x margin is NOT confidence about numbering -- canon A-POL exists because C2296 returns 17.7x and is wrong. Per RULE 3 this row MUST pass the JLC ORDER-PREVIEW HUMAN GATE before the first order.",single-channel
C473910,270,"SOT-23-6 part; usb-hub-3s-v3 U6 and U7. Measured 2026-07-26 post-3bf6cb8: PAD-NUMBER fit offset 270, rms 0.0125mm vs 1.9544mm next best over 6 pads (156x). NOTE these statistics are IDENTICAL to C7519's and that is legitimate, not a transcription error: both codes resolve to the same JLC land SOT-23-6_L2.9-W1.6-P0.95-LS2.8-BL and our side uses the same footprint, so the fit is arithmetically the same measurement twice. VERIFIED 2026-07-26 by comparing the two cached .kicad_mod paths directly rather than trusting the coincidence. DECLARED single-channel: the 3+3 SOT-23-6 land is its own 180 reflection (degenerate pad cloud) and pin-1 marking is corroboration-only since 3bf6cb8. Per RULE 3 this row MUST pass the JLC ORDER-PREVIEW HUMAN GATE.",single-channel
C7519,270,"SOT-23-6 part; usb-hub-3s-v3 U8, U9, U10, U12. Measured 2026-07-26 post-3bf6cb8: PAD-NUMBER fit offset 270, rms 0.0125mm vs 1.9544mm next best over 6 pads (156x). Statistics identical to C473910 for the legitimate reason recorded in that row -- SAME JLC land SOT-23-6_L2.9-W1.6-P0.95-LS2.8-BL, same footprint on our side, so it is the same arithmetic twice; confirmed by diffing the two cached footprint files directly, which return identical pad geometry. DECLARED single-channel for the same reason (3+3 land is its own 180 reflection). Per RULE 3 this row MUST pass the JLC ORDER-PREVIEW HUMAN GATE. NB U12 is the part whose 5.25V rating the R42 trim study was about -- getting its ORIENTATION right is separate from and additional to that voltage question.",single-channel
C503996,0,"USB-A vertical through-hole receptacle; usb-hub-3s-v3 J2, J3, J4 -- the three downstream host ports. Measured 2026-07-26: PAD-NUMBER fit offset 0, rms 0.0000mm EXACT vs 3.6401mm next best. NUMBERING-FREE CHANNEL: the shell / mounting-tab pads (unnumbered on our side, excluded from the fit on both) corroborate 0 without reading a contact number, and the 4-contact row is not its own reflection against the tab positions. board_rot => correct CPL 0.0.",two-channel
C5337088,0,"USB-C 12-position SMD receptacle TYPE-C-31-M-12A; usb-hub-3s-v3 J5 -- the Pi-facing power output. Measured 2026-07-26: PAD-NUMBER fit offset 0, rms 0.0000mm EXACT vs 1.6202mm next best over 18 pads. NUMBERING-FREE CHANNEL: the four shell-post pads by SIZE CLASS (no pad number read) are self-consistent at 0 and contradict themselves at 180, the same discriminator that decided crow-recorder-central-v2's C3020560 -- and unlike that part the numbered fit here AGREES, because this vendor land numbers the signal contacts rather than the posts. board_rot => correct CPL 0.0. This is the connector whose delivered voltage the ORDER_README Q2/Q5 bench gates measure at the CABLE END.",two-channel
C6186,180,"AMS1117-3.3 LDO in SOT-223; smc0985-cooksense U_LDO. Measured 2026-07-26 against JLC's SOT-223-3_L6.5-W3.4-P2.30-LS7.0-BR with the pcbnew-verified operator. PAD-NUMBER fit: offset 180, rms 0.1559mm vs 4.3986mm next best over 4 pads (28x). NUMBERING-FREE CHANNEL: the PAD CLOUD is DECISIVE here rather than degenerate -- 0.1559mm at 180 vs 2.1870mm next (14x) -- because a SOT-223 land is three small pads on one side and one large TAB on the other, so its arrangement is NOT its own 180 reflection and the size classes discriminate without reading a pad number. Both channels agree at 180. This is one of only two cooksense codes in this batch where a numbering-free channel actually resolves.",two-channel
C8185,180,"SN74LVC1G00 single NAND in SOT-353 / SC-70-5; smc0985-cooksense U_LATCHA. Measured 2026-07-26 against JLC's SOT-353_L2.1-W1.3-P0.65-LS2.3-BR with the pcbnew-verified operator. PAD-NUMBER fit: offset 180, rms 0.0024mm vs 1.4236mm next best over 5 pads (593x). NUMBERING-FREE CHANNEL: the PAD CLOUD is DECISIVE -- 0.0024mm at 180 vs 0.4387mm next (183x) -- because a 3-plus-2 five-pad land is not its own reflection. Both channels agree at 180. Cross-check: cooksense's U_STOPINV is a different SOT-353 part that also fitted 180, and the board's SOT-23-6 safety chain (C22046) fitted 180 on all ten refs.",two-channel
C113974,0,"SMBJ5.0A TVS (POLARIZED, 2-pad) in SMB; smc0985-cooksense D_TVS. Measured 2026-07-26. PAD-NUMBER fit: offset 0, rms 0.2100mm vs 3.1925mm next best (4.5100mm at 180) = 15.2x; the 0.2100mm residual IS the 0.21mm pad-centre pitch difference between our land and JLC's. The pad CLOUD is DEGENERATE (0.2100mm at BOTH 0 and 180 -- two identical pads), and the tool's pin-1-marking channel proposes 270 and is WRONG, which is exactly why a pin-1 dot is not admissible: it follows numbering. The CATHODE MARK, read as a SHAPE on both sides, is what carries this row: OURS Diode_SMD:D_SMB -- pad 1 at x=-2.150, F.SilkS bracket closed edge at x=-3.660, F.Fab diode glyph with its cathode BAR at x=-0.649 and the triangle APEX at x=-0.649 against a base at x=+0.501 (a diode triangle points at its cathode) => cathode -x. JLC SMB_L4.6-W3.6-LS5.3-RD -- pad 1 at x=-2.36, F.SilkS cathode band full-height at x=-1.020, filled cathode-end polygons spanning x=-2.668..-3.125 => cathode -x. BOTH WEST => offset 0, and the pad-number fit AGREES. INDEPENDENTLY CROSS-CHECKED: this is the SAME JLC land already measured on usb-hub-3s-v3 for C113976 and C83846, where pad 1 was also the cathode at x=-2.36 -- three codes, two boards, one land, one answer. UPGRADED from the tool's WITHHELD single-channel verdict, which reflects the tool having no cathode-mark channel rather than a property of the part.",two-channel
C8678,0,"SS34 Schottky rectifier (POLARIZED, 2-pad) in SMA; smc0985-cooksense D_KSTOP. Measured 2026-07-26. PAD-NUMBER fit: offset 0, rms 0.2000mm vs 2.9732mm next best (4.2000mm at 180) = 14.9x. The pad CLOUD is DEGENERATE (0.2000mm at BOTH 0 and 180), and the pin-1-marking channel proposes 270 and is WRONG -- not admissible, it follows numbering. The CATHODE MARK as a SHAPE decides: OURS Diode_SMD:D_SMA -- pad 1 at x=-2.000, silk bracket closed edge x=-3.510, F.Fab cathode BAR at x=-0.649 with the triangle APEX at (-0.649,+0.001) against a base at x=+0.501, cathode lead running to x=-1.551 => cathode -x. JLC SMA_L4.3-W2.6-LS5.2-RD -- pad 1 at x=-2.20, F.SilkS cathode band full-height at x=-0.880, filled cathode-end polygons x=-2.512..-2.973 => cathode -x. BOTH WEST => offset 0, pad-number fit AGREES. INDEPENDENTLY CROSS-CHECKED against crow-recorder-central-v2's C87074, the SAME JLC SMA land, which measured pad 1 = cathode at -x and offset 0. UPGRADED from the tool's WITHHELD single-channel verdict (no cathode-mark channel exists in the tool).",two-channel
C5158048,0,"PESD5V0S1BA ESD suppressor in SOD-323; smc0985-cooksense D_DOOR, D_ESD_IN, D_ESTOP, D_LCCLK, D_LCDAT. DECLARED n/a -- THE PART IS NOT POLARIZED, and this is now MANUFACTURER-CONFIRMED rather than inferred. Datasheet archived at 02_parts/PESD5V0S1BA/PESD5V0S1BA_2024-04-26.pdf (sha256-cached), section 5 Table 2 verbatim: pin 1 = K1 'cathode (diode 1)', pin 2 = K2 'cathode (diode 2)', graphic symbol sym045 = back-to-back zeners with NO ANODE PIN BROUGHT OUT; section 10: 'suitable on lines where the signal polarities are both positive and negative with respect to ground'. BOTH PINS ARE CATHODES, so a 180 rotation is electrically IDENTICAL and there is nothing for a human gate to confirm. This row was first landed 2026-07-26 as single-channel on purely geometric grounds (JLC land named ..._BI, silk drawing TWO triangles back to back with bases at x=-0.26 and x=+0.25 meeting near 0, pads 180-symmetric to 0.000mm at x=-1.20/+1.20) and DELIBERATELY not as n/a, because that reading came from a land name and a silk symbol and decoding a part-number suffix into a part fact is the error class this table exists to stop. The datasheet closed it; the geometry was right and the caution was still correct. TWO TRAPS RECORDED. (1) The same datasheet's SOD323 package outline carries 'Note 1. The marking bar indicates the cathode' -- shared-outline boilerplate that CANNOT distinguish an orientation on a part where BOTH pins are the cathode, and which would have manufactured a false polarity for anyone who read the outline page instead of Table 2. (2) The dossier's own pin map read 'pins: 1: K, 2: A', asserting an anode the part does not have; corrected to K1/K2. SEPARATE AND UNFIXED, carried to v1.4: our footprint Diode_SMD:D_SOD-323 draws a UNIDIRECTIONAL cathode band and diode glyph (F.Fab bar x=-0.649, apex -x) on all five refs, so our silk asserts a polarity the device does not have. Assembly risk is nil (JLC follows the CPL, not our silk); reviewer risk is real, because someone hand-matching a band against an unbanded part may 'correct' a placement that was already right. NOTE for the tool: jlc_twin's POLARITY-FIT graded this part OK and graded the two genuinely polarized rectifiers (C113974, C8678) BLIND -- inverted in both directions, from one cause: that channel looks for a pin-1 dot or an F.Fab chamfer, and a rectifier's cathode BAND is neither.",n/a
C10092,270,"SN74HC595 8-bit shift register in SOIC-16; smc0985-cooksense U_SR1 -- the keypad/interlock shift register. Measured 2026-07-26 against JLC's SOIC-16_L9.9-W3.9-P1.27-LS6.0-BL with the pcbnew-verified operator, our side Package_SO:SOIC-16_3.9x9.9mm_P1.27mm. PAD-NUMBER fit: offset 270, rms 0.2650mm vs 5.5286mm next best (0/180 both 5.5286, 90 7.8141) = 20.9x. FOUR cooksense codes carry IDENTICAL statistics -- C10092, C133954, C16939, C5620 -- and that is legitimate, not transcription: all four resolve to the SAME JLC land and the SAME footprint on our side, so it is one measurement's arithmetic four times. VERIFIED 2026-07-26 by listing the four cached .kicad_mod basenames and our four board footprints, not by trusting the coincidence. DECLARED single-channel: a dual-row SOIC-16 land is its own 180 reflection, so the pad-cloud channel is DEGENERATE (0.2650mm at BOTH 90 and 270) and there is no size-class channel. The tool proposes 270 from the pin-1 marking and then REFUSES it in as many words -- 'pin-1 marking proposes 270 but is NOT a numbering-free channel' -- because a pin-1 dot FOLLOWS pad numbering and therefore cannot corroborate it. Per RULE 3 this row MUST be carried by the JLC ORDER-PREVIEW HUMAN GATE before the first order.",single-channel
C133954,270,"CD74HC221 dual monostable in SOIC-16; smc0985-cooksense U_ONESHOT -- the press-authorisation one-shot in the safety chain. Measured 2026-07-26 against JLC's SOIC-16_L9.9-W3.9-P1.27-LS6.0-BL with the pcbnew-verified operator, our side Package_SO:SOIC-16_3.9x9.9mm_P1.27mm. PAD-NUMBER fit: offset 270, rms 0.2650mm vs 5.5286mm next best (0/180 both 5.5286, 90 7.8141) = 20.9x. FOUR cooksense codes carry IDENTICAL statistics -- C10092, C133954, C16939, C5620 -- and that is legitimate, not transcription: all four resolve to the SAME JLC land and the SAME footprint on our side, so it is one measurement's arithmetic four times. VERIFIED 2026-07-26 by listing the four cached .kicad_mod basenames and our four board footprints, not by trusting the coincidence. DECLARED single-channel: a dual-row SOIC-16 land is its own 180 reflection, so the pad-cloud channel is DEGENERATE (0.2650mm at BOTH 90 and 270) and there is no size-class channel. The tool proposes 270 from the pin-1 marking and then REFUSES it in as many words -- 'pin-1 marking proposes 270 but is NOT a numbering-free channel' -- because a pin-1 dot FOLLOWS pad numbering and therefore cannot corroborate it. Per RULE 3 this row MUST be carried by the JLC ORDER-PREVIEW HUMAN GATE before the first order.",single-channel
C16939,270,"MCP3208 12-bit ADC in SOIC-16; smc0985-cooksense U_ADC. Measured 2026-07-26 against JLC's SOIC-16_L9.9-W3.9-P1.27-LS6.0-BL with the pcbnew-verified operator, our side Package_SO:SOIC-16_3.9x9.9mm_P1.27mm. PAD-NUMBER fit: offset 270, rms 0.2650mm vs 5.5286mm next best (0/180 both 5.5286, 90 7.8141) = 20.9x. FOUR cooksense codes carry IDENTICAL statistics -- C10092, C133954, C16939, C5620 -- and that is legitimate, not transcription: all four resolve to the SAME JLC land and the SAME footprint on our side, so it is one measurement's arithmetic four times. VERIFIED 2026-07-26 by listing the four cached .kicad_mod basenames and our four board footprints, not by trusting the coincidence. DECLARED single-channel: a dual-row SOIC-16 land is its own 180 reflection, so the pad-cloud channel is DEGENERATE (0.2650mm at BOTH 90 and 270) and there is no size-class channel. The tool proposes 270 from the pin-1 marking and then REFUSES it in as many words -- 'pin-1 marking proposes 270 but is NOT a numbering-free channel' -- because a pin-1 dot FOLLOWS pad numbering and therefore cannot corroborate it. Per RULE 3 this row MUST be carried by the JLC ORDER-PREVIEW HUMAN GATE before the first order.",single-channel
C5620,270,"SN74HC238 3-to-8 decoder in SOIC-16; smc0985-cooksense U_DECD. Measured 2026-07-26 against JLC's SOIC-16_L9.9-W3.9-P1.27-LS6.0-BL with the pcbnew-verified operator, our side Package_SO:SOIC-16_3.9x9.9mm_P1.27mm. PAD-NUMBER fit: offset 270, rms 0.2650mm vs 5.5286mm next best (0/180 both 5.5286, 90 7.8141) = 20.9x. FOUR cooksense codes carry IDENTICAL statistics -- C10092, C133954, C16939, C5620 -- and that is legitimate, not transcription: all four resolve to the SAME JLC land and the SAME footprint on our side, so it is one measurement's arithmetic four times. VERIFIED 2026-07-26 by listing the four cached .kicad_mod basenames and our four board footprints, not by trusting the coincidence. DECLARED single-channel: a dual-row SOIC-16 land is its own 180 reflection, so the pad-cloud channel is DEGENERATE (0.2650mm at BOTH 90 and 270) and there is no size-class channel. The tool proposes 270 from the pin-1 marking and then REFUSES it in as many words -- 'pin-1 marking proposes 270 but is NOT a numbering-free channel' -- because a pin-1 dot FOLLOWS pad numbering and therefore cannot corroborate it. Per RULE 3 this row MUST be carried by the JLC ORDER-PREVIEW HUMAN GATE before the first order.",single-channel
C2653162,270,"MAX31856 thermocouple front-end in TSSOP-14; smc0985-cooksense U_TC. Measured 2026-07-26 against JLC's TSSOP-14_L5.0-W4.4-P0.65-LS6.4-BL with the pcbnew-verified operator. PAD-NUMBER fit: offset 270, rms 0.0625mm vs 4.4061mm next best (0/180 both 4.4061, 90 6.2309) = 70x. DECLARED single-channel: a dual-row TSSOP land is its own 180 reflection so the pad cloud is DEGENERATE at 90/270 and no size-class channel exists; the tool proposes 270 from the pin-1 marking and then refuses it, correctly, because a pin-1 dot follows pad numbering. Per RULE 3 this row MUST pass the JLC ORDER-PREVIEW HUMAN GATE.",single-channel
C2653844,0,"TPS259573 eFuse in WSON-8 2.0x2.0mm with exposed pad; smc0985-cooksense U_EFUSE. Measured 2026-07-26 against JLC's WSON-8_L2.0-W2.0-P0.50-TL-EP with the pcbnew-verified operator. PAD-NUMBER fit: offset 0, rms 0.0000mm EXACT vs 1.4697mm next best (2.0785mm at 180). DECLARED single-channel, and this land is the strongest case for the declaration in the batch: BOTH numbering-free channels are FULLY DEGENERATE -- the size-class channel returns 0.0000mm at ALL FOUR angles and the pad cloud is degenerate 0-vs-180 -- because a symmetric dual-row WSON-8 with a centred exposed pad maps exactly onto itself under 180. The 0.0000mm EXACT pad-number fit is therefore a statement about LABELS only and carries no orientation information whatsoever. Per RULE 3 this row MUST pass the JLC ORDER-PREVIEW HUMAN GATE.",single-channel
C506653,270,"MCP23017 I2C GPIO expander in SSOP-28; smc0985-cooksense U_EXP. Measured 2026-07-26 against JLC's SSOP-28_L10.2-W5.3-P0.65-LS7.8-BL with the pcbnew-verified operator. PAD-NUMBER fit: offset 270, rms 0.0403mm vs 6.1624mm next best (0/180 both 6.1624, 90 8.7149) = 153x. DECLARED single-channel: dual-row SSOP-28 is its own 180 reflection, pad cloud DEGENERATE at 90/270, no size-class channel, pin-1 marking not admissible. Per RULE 3 this row MUST pass the JLC ORDER-PREVIEW HUMAN GATE.",single-channel
C6820,270,"SN74HC14 hex Schmitt inverter in SOIC-14; smc0985-cooksense U_SCHM. Measured 2026-07-26 against JLC's SOIC-14_L8.7-W3.9-P1.27-LS6.0-BL with the pcbnew-verified operator. PAD-NUMBER fit: offset 270, rms 0.1450mm vs 5.0885mm next best (0/180 both 5.0885, 90 7.1948) = 35x. DECLARED single-channel: dual-row SOIC-14 is its own 180 reflection, pad cloud DEGENERATE at 90/270. Per RULE 3 this row MUST pass the JLC ORDER-PREVIEW HUMAN GATE.",single-channel
C7984,270,"LMV393 dual comparator in SOIC-8; smc0985-cooksense U_COMP and U_COMP2 -- the thermal-threshold comparators. Measured 2026-07-26 against JLC's SOIC-8_L5.0-W4.0-P1.27-LS6.0-BL with the pcbnew-verified operator, our side Package_SO:SOIC-8_3.9x4.9mm_P1.27mm. PAD-NUMBER fit: offset 270, rms 0.2351mm vs 4.1820mm next best (0/180 both 4.1820, 90 5.9096) = 17.8x; the residual is the 5.0-vs-4.9mm body-length difference between the two lands. DECLARED single-channel: the size-class channel is FULLY DEGENERATE (0.0000mm at all four angles) and the pad cloud is degenerate at 90/270, because a symmetric dual-row SOIC-8 maps onto itself under 180. NOTE this part REPLACED C67470 (LM393) in the v1.3 electrical revision -- the LM393 was not rail-to-rail and could not resolve the thermal threshold near ground; a stale C67470 row would resolve the wrong part. Per RULE 3 this row MUST pass the JLC ORDER-PREVIEW HUMAN GATE.",single-channel
C9683,270,"ULN2803A octal Darlington driver in SOIC-18; smc0985-cooksense U_ULNA -- the relay/contactor driver bank. Measured 2026-07-26 against JLC's SOIC-18_L11.6-W7.5-P1.27-LS10.3-BL with the pcbnew-verified operator. PAD-NUMBER fit: offset 270, rms 0.1500mm vs 8.1344mm next best (0/180 both 8.1344, 90 11.5027) = 54x. DECLARED single-channel: dual-row SOIC-18 is its own 180 reflection, pad cloud DEGENERATE at 90/270. NB the generic name-DB carries ^SOP-18_,0 which would resolve this part to 0 -- 270 degrees wrong -- so this row exists to displace that rule as well as to satisfy A-ROT. Per RULE 3 this row MUST pass the JLC ORDER-PREVIEW HUMAN GATE.",single-channel
C165895,270,"TBD62083AFWG octal DMOS transistor array in SOIC-18-300mil; smc0985-cooksense U_ULNA and U_ULNB -- the relay coil driver bank, which supersedes the ULN2803A (C9683) per ADR-0023 because the Darlington saturation drop of 0.67-0.88 V at the 7 mA coil put the reed pull-in margin NEGATIVE at 45.7 C, inside the board's own declared <=50 C normal envelope. Measured 2026-07-29 by RUNNING jlc_rotation_measure.py on the cooksense board against JLC's cached SOIC-18_L11.6-W7.5-P1.27-LS10.3-BL with the pcbnew-verified operator. PAD-NUMBER fit: offset 270, rms 0.1500mm vs 8.1344mm next best (0/180 both 8.1344, 90 11.5027) = 54x. The figures agree with the C9683 row above because the land outline is the identical SOIC-18 body; that agreement is a CROSS-CHECK on this measurement and is not where the number came from. DECLARED single-channel: dual-row SOIC-18 is its own 180 reflection, the pad cloud is DEGENERATE at 90/270 (both 0.1500), and PIN-1-MARK proposes 270 but tracks pad NUMBERING so it is not an independent channel. Per RULE 3 this row MUST pass the JLC ORDER-PREVIEW HUMAN GATE.",single-channel
C558584,270,"MCP23017T-E/SS I2C GPIO expander in SSOP-28; smc0985-cooksense U_EXP. One device under two order codes: DS20001952C's PRODUCT IDENTIFICATION SYSTEM lists (f) MCP23017-E/SS and (g) MCP23017T-E/SS, the T being the tape-and-reel identifier only, so it is pin- and register-identical rather than a substitute. Re-coded because C506653 read ZERO LCSC stock on 2026-07-29 having read 56/56 the session before. Measured 2026-07-29 by RUNNING jlc_rotation_measure.py on the cooksense board against JLC's cached SSOP-28_L10.2-W5.3-P0.65-LS7.8-BL with the pcbnew-verified operator; one device under two codes is a reason to EXPECT agreement, not a licence to skip the measurement, so the tool was run for this code. PAD-NUMBER fit: offset 270, rms 0.0403mm vs 6.1624mm next best (0/180 both 6.1624, 90 8.7149) = 153x. DECLARED single-channel: dual-row SSOP-28 is its own 180 reflection, pad cloud DEGENERATE at 90/270, pin-1 marking not admissible. Per RULE 3 this row MUST pass the JLC ORDER-PREVIEW HUMAN GATE.",single-channel
C2480,0,"SMA-package diode (POLARIZED, 2-pad); crow-mic-pod-v2 D2, board pad-1 net 5V_BEEP. Measured 2026-07-26 BY HAND from the raw footprints against JLC's SMA_L4.2-W2.6-LS5.0-RD_1 -- a DIFFERENT method from jlc_rotation_measure.py (canon M1). PAD-NUMBER fit: offset 0, rms 0.040mm vs 2.80mm next best (70x). The pad CLOUD is DEGENERATE (two identical pads), so the CATHODE MARK read as a SHAPE is what carries this row. JLC draws a COMPLETE diode symbol in F.SilkS: the lead line runs x=-0.72..+0.75, the triangle has its BASE at x=+0.25 and its APEX at x=-0.25, and the cathode BAR is the full-height segment at x=-0.25 -- a diode triangle POINTS AT ITS CATHODE, so their cathode is the -x end, confirmed by pad 1 at x=-1.96 and the pin-1 dot at (-2.63,+1.30). OURS Diode_SMD:D_SMA: pad 1 at x=-2.000, F.SilkS bracket closed edge at x=-3.510, F.Fab cathode bar at x=-0.649 with the triangle apex at -x. BOTH LIBRARIES DRAW THE CATHODE WEST => the physical parts already align => offset 0, and the pad-number fit AGREES. Cross-checked against two other boards using the same JLC SMA land family: crow-recorder-central-v2 C87074 and smc0985-cooksense C8678, both measured pad 1 = cathode at -x, both offset 0.",two-channel
C559105,0,"SMA-package diode (POLARIZED, 2-pad); crow-mic-pod-v2 D3. Measured 2026-07-26 BY HAND against JLC's SMA_L4.4-W2.6-LS5.0-RD. PAD-NUMBER fit: offset 0, rms 0.190mm vs 2.97mm next best (16x); the residual is the pad-pitch difference between our land and JLC's, not a fit error. Pad CLOUD DEGENERATE (two identical pads), so the CATHODE MARK decides. JLC: F.SilkS cathode band is the full-height segment at x=-1.200 (y -1.40..+1.40), PLUS two FILLED silk polygons spanning x=-2.650..-3.107 flanking the pad-1 end, plus the pin-1 dot at (-2.55,+1.25); pad 1 at x=-2.190. Their cathode is the -x end on three independent marks. OURS Diode_SMD:D_SMA is cathode -x (bracket edge -3.510, F.Fab bar -0.649, apex -x). BOTH WEST => offset 0, pad-number fit AGREES. Same JLC SMA land family as C2480/C87074/C8678, all four measured to the same convention.",two-channel
C192421,270,"SOIC-8 part; crow-mic-pod-v2 U1. Measured 2026-07-26 against JLC's SOIC-8_L5.0-W4.0-P1.27-LS6.0-BL. PAD-NUMBER fit: offset 270, rms 0.235mm vs 4.18mm next best (17.8x). VERIFIED INDEPENDENTLY BY LAND IDENTITY: this cached .kicad_mod diffs BYTE-IDENTICAL (apart from the LCSC property and the model path) to the one already measured at 270 for smc0985-cooksense C7984, a different part on a different board -- two boards, two codes, one land, one answer. DECLARED single-channel: a dual-row SOIC-8 is its own 180 reflection so the pad cloud is degenerate, and no FUNCTION-TIED mark exists on an SOIC-8 (the pin-1 dot FOLLOWS pad numbering and is therefore not admissible as a numbering-free channel). Per RULE 3 this row MUST pass the JLC ORDER-PREVIEW HUMAN GATE. RECORDED CONFLICT, resolved: jlc_twin's fitted jlc_offset reports 90 where this fit and the name-DB both say 270. 90 and 270 are EXACTLY 180 APART, which is the precise signature of the rotation-handedness bug (formB(a) == formA(-a): invisible at 0/180, exactly 180deg wrong at 90/270) that negated every jlc_twin offset and put six rows of this table 180 out (e0d735c, 1b69760). It is not a near-miss to be split: 90 sits 4.18mm away in the fit and is excluded. The twin is the outlier; 270 stands, and the board's existing twin adjudication had already reached the same conclusion.",single-channel
C22359707,0,"PUI/CMT magnetic buzzer in BUZ-SMD 4P 8.5x8.5mm (POLARIZED); crow-mic-pod-v2 LS1. Measured 2026-07-26 against JLC's BUZ-SMD_4P-L8.5-W8.5-P8.50-TL-A. The ELECTRICAL pads align exactly at offset 0: JLC pad 1 (-3.60,-3.60) and pad 2 (-3.60,+3.60) against our crow_mic_pod:CMT-8504-100-SMT-TR pad 1 (-3.50,-3.50) and pad 2 (-3.50,+3.50). NOTE the pad-NUMBER fit is INFLATED and must not be read as a margin: JLC numbers the two MECHANICAL pads 3=(+3.60,+3.60) 4=(+3.60,-3.60) while ours are 3=(+3.50,-3.50) 4=(+3.50,+3.50) -- the libraries number them OPPOSITE ways. Both are NC/mechanical so it is electrically moot, but it is exactly the class a pad-NUMBER fit cannot see (cf. C3020560, where JLC numbers the USB-C SHELL POSTS 1-4 while our pads 1-4 are signal contacts). NUMBERING-FREE CHANNEL, and it is a FUNCTION-TIED one: BOTH libraries mark the POSITIVE terminal with a '+' on the -x/-y side -- JLC's at (-2.50,-1.00) and ours at (-5.60,-3.50), each adjacent to its own pad 1. A '+' on a buzzer denotes polarity and does NOT follow pad numbering, so it decides the question the numbers cannot. Both marks agree => offset 0. UPGRADED from the measuring agent's proposed 'single-channel, only a pin-1 dot, no + mark in the model': the '+' IS in the model, but as an `fp_text user` rather than a graphic, so a geometry-only scan does not see it. THIRD instance of that class in this table -- cf. C2762192, where the tool read only LINE-segment F.Fab outlines and missed a POLYGON chamfer, a tool gap that reads exactly like a part fact. This row therefore does NOT require the order-preview human gate.",two-channel
C485354,180,"JST ZH S4B-ZR-SM4A-TF 4-pin 1.50mm SIDE-ENTRY housing; smc0985-cooksense J_MODE (3V3 / MODE_RAW / KEY_RELAY_ALLOWED / COIL_EN_IN -- the mode selector that ARMS the contactor). Measured 2026-07-28. RE-DERIVED INDEPENDENTLY of jlc_rotation_measure.py (canon M1): both footprints parsed as TEXT, no pcbnew, own operator, own channels. PAD-NUMBER fit: offset 180, rms 0.0000mm EXACT vs 2.3717mm next best over 4 pads -- all four contacts coincide after a pure (0.0000,+0.1300)mm translation. NUMBERING-FREE (pad groups paired by CARDINALITY alone, no number/net/refdes read): the contact-row -> mounting-tab VECTOR is (0.0000,+3.7000)mm on our land and (0.0000,-3.5500)mm on JLC's -- the tab row is on the OPPOSITE side of the contacts in the two frames, so only 180 lands it on our tab side: |err| 0.1500mm vs 5.1276mm next best = 34.2x, and the 0.1500mm IS JLC's model allowance, not our footprint. THIRD channel, pin-1 mark (our F.Fab chamfer vs JLC's silk dot, both in the footprint-LOCAL frame): 180 at 1.2983mm vs 4.5551mm next = 3.5x. All three agree. board_rot 90 => correct CPL 270.0. THE RECORDED DISSENT IS RESOLVED AND WAS A TOOL ARTEFACT: jlc_rotation_measure.py read our F.Fab marks in the BOARD frame and JLC's in the LOCAL frame, so its PIN-1-MARK channel was exactly board_rot out of step and named 270; fixed 2026-07-28, and the post-fix channel is the pre-fix one cyclically shifted by 90 with an IDENTICAL value multiset (0.9463 / 4.5977 / 5.2174 / 6.9065), which is what proves it was a rotation of one measurement and not a different one. HUMAN GATE ANYWAY: this housing's contact array is near-symmetric about its own centre, so a 180 error SOLDERS PERFECTLY and reverses the harness -- interposer v1.0's exact failure. J_MODE goes on the JLC order-preview human gate before first order.",two-channel
C2286,0,"Indicator LED 0603 (POLARIZED); pluto-rx2-8way-v2 LED_ST. Measured 2026-07-30 BY HAND from the raw .kicad_mod text of both lands -- own parser, own operator, no pcbnew and no import of jlc_rotation_measure.py, which WITHHELD this code (canon M1). THE PAD-NUMBER FIT IS CONFIDENTLY WRONG HERE AND THE CHANNELS DISAGREE: it returns 180 at rms 0.0375mm vs 1.0875mm next best (29x) purely because the two libraries number the terminals oppositely -- our KiCad LED_SMD:LED_0603_1608Metric puts pad 1 at x=-0.7875 (WEST) while JLC's LED-SMD_L1.6-W0.8-R-RD puts pad 1 at x=+0.7500 (EAST). The PAD CLOUD is DEGENERATE: rms 0.0375mm at BOTH 0 and 180, and 1.0875mm at 90/270, because a 2-pad chip land is its own 180 reflection (measured: each land's own pad set maps onto itself at 180). Geometry therefore admits {0,180} and only a polarity mark can choose between them. NUMBERING-FREE CHANNEL, marks read as SHAPES. OURS: the F.SilkS bracket's closed full-height edge is at x=-1.485 and the F.Fab body chamfer cuts the (-0.800,-0.400) corner, both on the -x end; and the BOARD says the same thing without reading any drawing, because LED_ST pad 1 is on GND while pad 2 is on LED_STAT_A -- our pad 1 IS the cathode (KiCad Device:LED pin 1 = K). JLC: their land carries TWO DISTINCT asymmetric marks at OPPOSITE ends -- a pin-1 DOT (F.SilkS circle r=0.050 at (+0.80,-0.40), beside their pad 1 at x=+0.75) and a CHAMFERED silk bracket at the far -x end (corners (-1.40,-0.70)->(-1.70,-0.40) and (-1.70,+0.40)->(-1.40,+0.70)). A pin-1 dot already marks pin 1, so the chamfer marks the other thing an LED land has to mark, the CATHODE; and their diode glyph corroborates it with no pad number read, the full-height cathode BAR sitting at x=+0.090 with its lead running WEST to x=-0.120. So JLC's cathode is the -x end = THEIR PAD 2, i.e. JLC numbers pad 1 = ANODE. BOTH LIBRARIES DRAW THE CATHODE WEST => the physical parts already align => offset 0. THE TWIN'S ROT-DB-SUGGEST LINE PROPOSING 'add LCSC row C2286,180' IS WRONG, and it is recorded here because a machine proposal that would brick a board is exactly what this row exists to document. That line reports the fitted jlc_offset, which on this part measures a LABELLING difference and not a geometric one; the twin's own POLARITY-FIT line in the SAME report file says the marking channel disagrees by 180 and that offset 0 is what places the part correctly, so one artifact states both answers and only the wrong one is phrased as a paste-ready row. A 180 row would seat every unit with its cathode east onto a west cathode pad: reverse-biased, dark, and indistinguishable from a bad solder joint -- the C2296/C2297 outcome, on the only status indicator this board has. Because the two channels disagreed, LED_ST goes on the JLC ORDER-PREVIEW human gate before the first order.",two-channel
C504007,0,"Kinghelm KH-SMA-KE-Z vertical THT SMA flange jack; pluto-rx2-8way-v2 J_ANT1-J_ANT8, J_RX1, J_RX2 -- 10 placements, every RF port on the board. Measured 2026-07-30 BY HAND from the raw .kicad_mod text of both lands -- own parser, own operator, no pcbnew, a DIFFERENT method from jlc_rotation_measure.py, which withheld this code (canon M1). THE PAD-NUMBER FIT IS USELESS ON THIS PART AND MUST NOT BE READ AS A MARGIN: rms 3.9350mm at 0, 4.5437mm at 90, 5.0800mm at 180, 4.5437mm at 270 -- every angle is garbage, because the two libraries number DIFFERENT PHYSICAL FEATURES. Ours numbers pad 1 = the CENTRE RF pin with pads 2-5 = the four ground posts; JLC numbers pad 5 = the centre with pads 1-4 = the posts. That is the C3020560 USB-C class, where a numbered fit pairs our signal pads against their shell posts. THE NUMBERING-FREE PAD CLOUD (pads grouped into size classes ranked by area, each of our pads matched to the nearest of the paired class, no pad number read) measures rms 0.0000mm at ALL FOUR ANGLES -- 1.0x, fully degenerate -- because the land is four posts on a 5.08mm square plus one pin on the axis, which is its own 90-degree rotation. WHAT DECIDES IT IS THAT THERE IS NOTHING TO DECIDE, and that is a measurement, made on three independent things. (1) PADS: our own land's pad set (positions and sizes, no numbers) maps onto itself at 90, 180 AND 270 degrees, and so does JLC's. (2) GRAPHICS: every graphic primitive of OUR land maps onto itself at 90, 180 and 270 as well -- the 6.5mm F.Fab body square, the F.Fab insulator circle on the origin, the four 0.9mm F.Fab post squares spanning 2.09..2.99mm in each quadrant, and the four F.SilkS corner brackets at +-3.900. Our land carries NO asymmetric feature of any kind, so there is no mark for a mark-to-mark channel to match and no orientation our own copper is able to express. JLC's land has exactly ONE asymmetric graphic, an F.SilkS pin-1 dot of r=0.030 at (-3.25,+3.25); a pin-1 dot FOLLOWS pad numbering so it is not admissible, and it has no counterpart on our side to be matched against in any case. (3) NETS: on the board, pad 1 of all ten refs carries the RF signal (ANT1-ANT7, RX1_MAIN, RX2_OUT) and sits ON the rotation axis, while pads 2-5 are all GND -- so a 90-degree turn permutes the ground posts among themselves and leaves the netlist IDENTICAL. All four candidate angles are therefore the SAME PHYSICAL PLACEMENT: the machine cannot misorient this part, and 0 is correct by measured symmetry rather than by fit. THIS ROW DOES NOT REQUIRE THE ORDER-PREVIEW HUMAN GATE -- a human at the preview would have nothing to confirm, and routing a part that has no orientation to a human gate is how a gate teaches its operators to wave rows through (the failure the C2762192 tool-gap note warns about). CONTRAST, on this same board, with C5121458, which is ALSO cloud-degenerate at all four angles and IS declared single-channel: there the degeneracy hides a real 90-degree error because its 24 pads carry 24 different nets. Here the degeneracy is the absence of the question.",two-channel
C5121458,0,"pSemi PE42482A-X SP8T RF switch in QFN-24 4.0x4.0mm, 0.50mm pitch, centred 2.7mm exposed pad; pluto-rx2-8way-v2 U_SW -- the eight-way antenna switch, i.e. the board's whole signal function. Measured 2026-07-30 BY HAND from the raw .kicad_mod text of both lands -- own parser, own operator, no pcbnew, a DIFFERENT method from jlc_rotation_measure.py, which withheld this code (canon M1). PAD-NUMBER fit over the 25 common pad numbers (our nine 0.75mm paste sub-apertures share number 25 with the exposed pad, so that number is reduced to its centroid, which is the origin on both sides): offset 0 at rms 0.0098mm, vs 2.8927mm at 90 AND at 270 and 4.0909mm at 180 -- next-best separation 295x. DECLARED single-channel: no numbering-free channel exists, and unusually for this table the degeneracy is FOURFOLD rather than the customary 0-vs-180. The PAD CLOUD (size classes ranked by area and paired by rank, paste sub-apertures dropped as pads wholly contained inside a larger pad, no pad number read) measures rms 0.0098mm at ALL FOUR ANGLES -- 1.0x, no discrimination whatever -- because six pads per side on a four-sided land with a centred square exposed pad is its own 90-degree rotation; our own land's pad set maps onto itself at 90, 180 and 270, and so does JLC's. The only asymmetric graphics on either side are PIN-1 MARKS: ours an F.Fab corner chamfer (-2.00,-1.70)->(-1.70,-2.00) plus an F.Fab circle at (-1.55,-1.55) and an F.SilkS dot at (-2.95,-2.60); JLC's an F.SilkS dot at (-2.00,-2.00), a Cmts.User circle at (-1.78,-1.27) and a filled F.SilkS corner triangle. A pin-1 mark FOLLOWS pad numbering, so it cannot corroborate a pad-NUMBER fit. A 295x margin is NOT confidence about numbering -- canon A-POL exists because C2296 returns 17.7x and is wrong, and C2286 on THIS BOARD is a live instance of exactly that. Per RULE 3 this row MUST be carried by the JLC ORDER-PREVIEW HUMAN GATE before the first order (the C13755 precedent: a 543x fit that still bought a human eye). NOTE the advisory footprint-NAME DB rule for the QFN-16/20/24/28/40 family would have said 270, which is 90 degrees off this measurement -- not the 180 handedness signature, so it is an ordinary wrong name rule of the partial-prefix kind and the MEASUREMENT wins. Ninety degrees out would rotate all 24 pins around the die: every antenna port, the four control lines and the RF common land on the wrong pin, which on an SP8T is not a degraded board but a dead one.",single-channel
C11355,270,"onsemi FSUSB42MUX MSOP-10; measured 2026-07-31 from the exact-code official EasyEDA footprint SVG and the canonical U13 land with the pcbnew-verified operator. PAD-NUMBER fit is offset 270 at rms 0.0100mm versus 3.1404mm next best over 10 pads. No function-tied numbering-free mark is present, so the JLC ORDER-PREVIEW HUMAN GATE is required before the first order.",single-channel
C19191796,270,"Samtec FTSH-105-01-L-D-K 2x5 header; measured 2026-07-31 against CONN-TH_FTSH-105-01-L-D-K.kicad_mod with the pcbnew-verified operator after normalizing formatting-only 01..09 pad labels. PAD-NUMBER fit is offset 270 at rms 0.0050mm versus 2.6929mm next best over 10 pads. The pad cloud is 180-degenerate and no function-tied numbering-free mark exists, so the JLC ORDER-PREVIEW HUMAN GATE is required.",single-channel
C1985204,0,"Kyocera CX3225SB24000H0FLJCC crystal; measured 2026-07-31 against the exact cached JLC .kicad_mod with the pcbnew-verified operator. PAD-NUMBER fit is offset 0 at rms 0.0500mm versus 1.9449mm next best. No decisive numbering-free channel exists, so the JLC ORDER-PREVIEW HUMAN GATE is required before the first order.",single-channel
C2847904,270,"ST STM32G0B1CBT6 LQFP-48; measured 2026-07-31 against the exact cached JLC .kicad_mod with the pcbnew-verified operator. PAD-NUMBER fit is offset 270 at rms 0.0875mm versus 6.4302mm next best. No function-tied numbering-free channel confirms the numbering, so the JLC ORDER-PREVIEW HUMAN GATE is required.",single-channel
C315992,0,"SMBJ26A polarized TVS in SMB; measured 2026-07-31 against the exact cached JLC .kicad_mod with the pcbnew-verified operator. PAD-NUMBER fit is offset 0 at rms 0.2100mm versus 3.1925mm next best. The two-pad cloud is 180-degenerate and no cathode-band channel was measured, so the JLC ORDER-PREVIEW HUMAN GATE must confirm cathode pad 1 before the first order.",single-channel
C3215601,0,"TI LM74810QDRRRQ1 WSON-12; measured 2026-07-31 against the exact cached JLC .kicad_mod with the pcbnew-verified operator. PAD-NUMBER fit is offset 0 at rms 0.0264mm versus 2.2558mm next best. No independent function-tied numbering-free channel was decisive, so the JLC ORDER-PREVIEW HUMAN GATE is required.",single-channel
C3662799,0,"TI TPS259470ARPWR VQFN-HR-10; measured 2026-07-31 against the exact cached JLC .kicad_mod with the pcbnew-verified operator. PAD-NUMBER fit is offset 0 at rms 0.3603mm versus 1.4203mm next best. No decisive numbering-free channel exists, so the JLC ORDER-PREVIEW HUMAN GATE is required before the first order.",single-channel
C3819953,0,"Phoenix Contact 1935161 two-position terminal block; measured 2026-07-31 against the exact cached JLC .kicad_mod with the pcbnew-verified operator. PAD-NUMBER fit is offset 0 at rms 0.0000mm EXACT versus 3.5355mm next best. No function-tied numbering-free channel exists, so the JLC ORDER-PREVIEW HUMAN GATE is required.",single-channel
C454269,270,"Infineon BSC016N06NS TDSON-8 MOSFET; measured 2026-07-31 against the exact cached JLC .kicad_mod with the pcbnew-verified operator. PAD-NUMBER fit is offset 270 at rms 1.0201mm versus 2.9986mm next best. The residual reflects split-pad land geometry and no decisive numbering-free channel exists, so the JLC ORDER-PREVIEW HUMAN GATE is mandatory; this row does not adjudicate land geometry.",single-channel
C478081,0,"Microchip USB2517I-JZX QFN-64; measured 2026-07-31 against the exact cached JLC .kicad_mod with the pcbnew-verified operator. PAD-NUMBER fit is offset 0 at rms 0.3674mm versus 7.0188mm next best. No decisive numbering-free channel exists, so the JLC ORDER-PREVIEW HUMAN GATE is required before the first order.",single-channel
C5248536,270,"Diodes AP63203QWU-7 TSOT-23-6; measured 2026-07-31 against the exact cached JLC .kicad_mod with the pcbnew-verified operator. PAD-NUMBER fit is offset 270 at rms 0.0625mm versus 1.9842mm next best. No function-tied numbering-free channel confirms the numbering, so the JLC ORDER-PREVIEW HUMAN GATE is required.",single-channel
C6053,270,"Nexperia 74LVC08APW,118 TSSOP-14; measured 2026-07-31 against the exact cached JLC .kicad_mod with the pcbnew-verified operator. PAD-NUMBER fit is offset 270 at rms 0.0625mm versus 4.4061mm next best. No function-tied numbering-free channel was decisive, so the JLC ORDER-PREVIEW HUMAN GATE is required.",single-channel
C85098,0,"Diodes B340A-13-F polarized Schottky diode in SMA; measured 2026-07-31 against the exact cached JLC .kicad_mod with the pcbnew-verified operator. PAD-NUMBER fit is offset 0 at rms 0.1900mm versus 2.9658mm next best. The two-pad cloud is 180-degenerate and no cathode-band channel was measured, so the JLC ORDER-PREVIEW HUMAN GATE must confirm cathode pad 1.",single-channel
C86462,0,"USB_B_TE_292304-1_Horizontal; measured 2026-07-31 against USB-B_TH_BF90.kicad_mod with the pcbnew-verified operator. PAD-NUMBER fit: offset 90, rms 2.4587mm vs 4.0644mm next best over 5 pads. NUMBERING-FREE: CHANNELS DISAGREE — pad-NUMBER fit says 90, pad cloud says 0 (0.1146mm vs 2.9701mm next). A pad-number fit cannot see a library that numbers the terminals the other way round: believe the numbering-free channel, resolve against the datasheet terminal drawing, and put this code on the JLC ORDER-PREVIEW HUMAN GATE before the first order.",two-channel
C2155765,0,"TI TPS25982_RGE0024_SplitPad_ThermalVias; measured 2026-08-12 against VQFN-24_L4.0-W4.0-P0.50-BL-EP.kicad_mod with the pcbnew-verified operator. PAD-NUMBER fit: offset 0, rms 0.0000mm vs 2.9707mm next best over 26 pads. NUMBERING-FREE: both channels agree: size class -> 0 (0.0000mm vs 0.1063mm next).",two-channel
C124196,0,"Diodes BZT52C12-7-F SOD-123; measured 2026-08-12 against SOD-123_L2.7-W1.6-LS3.7-RD.kicad_mod with the pcbnew-verified operator. PAD-NUMBER fit: offset 0, rms 0.0100mm vs 2.3264mm next best over 2 pads. NUMBERING-FREE: the KiCad F.Fab diode glyph and the JLC F.SilkS cathode band both put the cathode on the pad-1 end at offset 0.",two-channel
C206199,270,"TI TPS2559DRCR DRC0010J; measured 2026-08-12 against VSON-10_L3.0-W3.0-P0.50-BL-EP.kicad_mod with the pcbnew-verified operator. PAD-NUMBER fit: offset 270, rms 0.0874mm vs 2.1688mm next best over 11 pads. No decisive numbering-free channel exists for this symmetric VSON, so the JLC ORDER-PREVIEW HUMAN GATE is required before the first order.",single-channel
C264054,0,"Panasonic EEEFK1A151P D6.3 aluminum electrolytic; measured 2026-08-12 against CAP-SMD_BD6.3-L6.6-W6.6-FD.kicad_mod with the pcbnew-verified operator. PAD-NUMBER fit: offset 0, rms 0.0300mm vs 3.7972mm next best over 2 pads. The two-pad cloud is 180-degenerate and the footprint marking is not a sufficient function-tied channel, so the JLC ORDER-PREVIEW HUMAN GATE must confirm the can's negative stripe opposite pad 1.",single-channel
C264098,270,"Diodes DMP3013SFV-7 PowerDI3333-8 Type UX; measured 2026-08-12 against POWERPAK-1212-8_L3.1-W3.1-P0.65-LS3.3-BL.kicad_mod with the pcbnew-verified operator. PAD-NUMBER fit: offset 270, rms 0.4991mm vs 2.2701mm next best over 8 numbered terminals; the residual is the documented generic-JLC-versus-exact-DS40141 land-style difference. NUMBERING-FREE body asymmetry: the unique merged drain paddle and the manufacturer DS40141 Bottom View both put the drain mass on the board's fused-input side at offset 270.",two-channel
C2919856,0,"APAQ 160AV5K101M0606C D6.3 conductive-polymer capacitor; measured 2026-08-12 against CAP-SMD_BD6.3-L6.6-W6.6-LS7.3-FD.kicad_mod with the pcbnew-verified operator. PAD-NUMBER fit: offset 0, rms 0.0300mm vs 3.7972mm next best over 2 pads. The two-pad cloud is 180-degenerate and the footprint marking is not a sufficient function-tied channel, so the JLC ORDER-PREVIEW HUMAN GATE must confirm the can's negative stripe opposite pad 1.",single-channel
C473913,270,"TI TPS25810RVCR RVC0020A WQFN-20; measured 2026-08-12 against WQFN-20_L4.0-W3.0-P0.50-BL-EP.kicad_mod with the pcbnew-verified operator. PAD-NUMBER fit: offset 270, rms 0.0976mm vs 2.5251mm next best over 21 numbered pads. No decisive numbering-free channel separates 90 from 270 on this symmetric package, so the JLC ORDER-PREVIEW HUMAN GATE is required before the first order.",single-channel
C5219289,0,"Texas_RDL0020A_B3QFN-20_5x5.5mm_ThermalVias; measured 2026-08-12 against QFN-16_L5.5-W5.0-P0.50-TL-EP_TI_PTPSM63606RDLR.kicad_mod with the pcbnew-verified operator. PAD-NUMBER fit: offset 0, rms 0.0040mm vs 3.3129mm next best over 20 pads. NUMBERING-FREE: both channels agree: size class -> 0 (0.0006mm vs 0.0238mm next); pad cloud -> 0 (0.0040mm vs 0.0206mm next)",two-channel
C88744,0,"Rubycon 35TZV100M6.3X8 D6.3 aluminum electrolytic; measured 2026-08-12 against CAP-SMD_BD6.3-L6.6-W6.6-FD.kicad_mod with the pcbnew-verified operator. PAD-NUMBER fit: offset 0, rms 0.0300mm vs 3.7972mm next best over 2 pads. The two-pad cloud is 180-degenerate and the footprint marking is not a sufficient function-tied channel, so the JLC ORDER-PREVIEW HUMAN GATE must confirm the can's negative stripe opposite pad 1.",single-channel
C97502,270,"SOT-9X3; measured 2026-08-12 against SOT-9X3-3_L1.0-W0.8-P0.35-LS1.0-BR.kicad_mod with the pcbnew-verified operator. PAD-NUMBER fit: offset 270, rms 0.0707mm vs 0.7390mm next best over 3 pads. NUMBERING-FREE: both channels agree: pad cloud -> 270 (0.0707mm vs 0.3383mm next)",two-channel
C7125816,0,"TI TPSM63610RDFR B3QFN-22 RDF0022A; measured 2026-08-12 against exact-code JLC QFN-22_L7.5-W6.5_TLVM13610RDFR.kicad_mod with the pcbnew-verified operator. PAD-NUMBER fit: offset 0, rms 0.0758mm vs 4.3849mm at 90/270 and 6.2008mm at 180 over 22 terminals. The size-class and pad-cloud channels are 180-degenerate, and neither land has a function-tied numbering-free body mark, so the JLC ORDER-PREVIEW HUMAN GATE must confirm pin 1 before the first order. The 0.31mm corner-span land difference is separately adjudicated against TI's exact EVM ODB++ design data and does not decide this rotation.",single-channel
C136277,0,"Panasonic 16SVPF180M D6.3 conductive-polymer capacitor; measured 2026-08-12 against exact-code JLC CAP-SMD_BD6.3-L6.6-W6.6-FD.kicad_mod with the pcbnew-verified operator. PAD-NUMBER fit: offset 0, rms 0.0300mm vs 3.7972mm next best over 2 pads. NUMBERING-FREE polarity channel agrees: JLC's model/footprint negative-stripe marking is opposite the board's positive pad 1 at offset 0; twin POLARITY-FIT-OK margins are 1.03/0.25mm.",two-channel
C2866134,180,"TI TPS7A2433DBVR in SOT-23-5; Pluto RX2 8-way v5 U3. Measured 2026-08-13 against exact-code JLC SOT-23-5_L2.9-W1.6-P0.95-LS2.8-BR.kicad_mod with the pcbnew-verified operator. PAD-NUMBER fit: offset 180, rms 0.0367mm vs 1.9616mm next best over 5 pads. NUMBERING-FREE pad cloud independently selects 180 at 0.0367mm vs 0.5305mm next best. Both channels agree; board rotation 90 therefore yields CPL 270.",two-channel
C225477,270,"CJT A2541WV-2P vertical 1x2 2.54mm THT header; Pluto RX2 8-way v5 J12. Measured 2026-08-14 against exact-code JLC CONN-TH_2P-P2.54_A2541WV-2P.kicad_mod and the project PinHeader_1x02_P2.54mm_Vertical land with the pcbnew-verified operator. PAD-NUMBER fit: offset 270, rms 0.0000mm. The two identical square posts and rectangular plastic body are physically 180-degree symmetric and have no function-tied numbering-free orientation channel, so the JLC order preview must confirm the CPL placement and the board's +5V/GND silk before first power; board rotation 270 therefore yields CPL 180.",single-channel
C2932107,0,"Samtec FTSH-105-01-L-DV-K-P-TR keyed 2x5 SMT header; Pluto RX2 8-way v5 J11. Measured 2026-08-13 against exact-code JLC CONN-SMD_10P-P1.27-FTSH-105-01-L-DV-K-P-TR.kicad_mod with the pcbnew-verified operator. PAD-NUMBER fit: offset 0, rms 0.5075mm vs 4.1273mm next best over 10 pads; the residual is the documented JLC 5.08mm row spacing versus Samtec's exact 4.065mm manufacturer land. The pad cloud is 180-degenerate and no function-tied numbering-free mark is encoded in both lands, so the JLC ORDER-PREVIEW HUMAN GATE must confirm pin 1 and the keyed cable side before the first order.",single-channel
C429844,0,"Amphenol 901-143-6RFX right-angle THT SMA; Pluto RX2 8-way v5 J2-J10. Measured 2026-08-13 from the exact JLC ANT-TH_901-143-6RFX and manufacturer-derived Amphenol_901_143_6RFX raw footprints. PAD-NUMBER fit admits offset 0 exactly but is not credited alone because JLC collapses all four shell posts to pad 2 while the board numbers them 2-5. NUMBERING-FREE body geometry decides it: both footprints extend the asymmetric right-angle mating body from the RF-pin origin in +Y to the 11.60mm mating-face datum, both courtyards extend to +11.7mm, and the exact-code JLC 3D model at its native transform presents the thread in that same direction. Offset 0 therefore preserves every board-authored outward mating direction. The real uploader must still echo C429844 as wave/manual THT assembly and the preview must show all nine threads outward before payment.",two-channel
C5184243,0,"GCT USB4105-GF-A-120 power-only USB-C receptacle; Pluto RX2 8-way v5 J1. Measured 2026-08-13 against exact-code JLC USB-C-SMD_MC-311D.kicad_mod with the pcbnew-verified operator. PAD-NUMBER fit: offset 0, rms 0.0000mm vs 1.6202mm next best over 8 common numbered pads. NUMBERING-FREE size-class channel selects 0 at 0.0000mm vs 2.9557mm next; pad cloud also selects 0 at 0.3709mm vs 2.7127mm next. Both channels agree.",two-channel
C5452432,270,"ST STM32C011F4P6 in TSSOP-20; Pluto RX2 8-way v5 U2. Measured 2026-08-13 against exact-code JLC TSSOP-20_L6.5-W4.4-P0.65-LS6.4-BL.kicad_mod with the pcbnew-verified operator. PAD-NUMBER fit: offset 270, rms 0.0090mm vs 4.8392mm next best over 20 pads. The dual-row pad cloud is 180-degenerate and the pin-1 marks follow library numbering rather than providing a function-tied independent channel, so the JLC ORDER-PREVIEW HUMAN GATE must confirm U2 pin 1 before the first order; board rotation -90 therefore yields CPL 180.",single-channel
C83270,0,"ST SMBJ6.0A unidirectional TVS in SMB; Pluto RX2 8-way v5 D1. Measured 2026-08-13 from the exact JLC SMB_L4.6-W3.6-LS5.3-RD and KiCad D_SMB raw footprints. PAD-NUMBER fit selects offset 0 at rms 0.2100mm vs 3.1925mm next best. NUMBERING-FREE cathode shapes agree without reading pad numbers: KiCad's F.Fab diode glyph cathode bar and full-height F.SilkS band are on the -X end, while JLC's full-height F.SilkS cathode band at x=-1.02 and filled cathode-end polygons at x=-2.67..-3.12 are also on -X. Both physical cathode marks align at offset 0.",two-channel
C129313,270,"TI TS3USB221ERSER in RSE UQFN-10; Pi USB port switch U3/U9/U15/U21. Measured 2026-08-15 against exact-code JLC UQFN-10_L2.0-W1.5-P0.50-BL-EP.kicad_mod with the pcbnew-verified operator. PAD-NUMBER fit selects offset 270 at rms 0.0022mm vs 1.2036mm next best over 10 pads. The rectangular pad cloud is 90/270-degenerate and its pin-1 mark follows library numbering, so no function-tied numbering-free channel exists; the JLC ORDER-PREVIEW HUMAN GATE must confirm pin 1 before the first order.",single-channel
C2675181,270,"TI TUSB522PIRGER in RGE VQFN-24; Pi USB port switch U2/U8/U14/U20. Measured 2026-08-15 against exact-code JLC HVQFN-24_L4.0-W4.0-P0.50-BL-EP2.1.kicad_mod with the pcbnew-verified operator. PAD-NUMBER fit selects offset 270 at rms 0.0367mm vs 2.9895mm next best over 25 numbered lands. The square peripheral land and exposed pad are fourfold symmetric and the pin-1 mark follows library numbering, so no function-tied numbering-free channel exists; the JLC ORDER-PREVIEW HUMAN GATE must confirm pin 1 before the first order.",single-channel
C397981,0,"Diodes DMP3007SPS-13 in PowerDI5060-8; Pi USB port switch Q1. Measured 2026-08-15 against exact-code JLC POWERDI5060-8_L6.1-W5.1-P1.27-BL.kicad_mod with the pcbnew-verified operator. PAD-NUMBER fit selects offset 0 at rms 0.9364mm vs 4.1569mm next best over 8 numbered terminals; the residual reflects the board's manufacturer-exact split source/drain land. NUMBERING-FREE channels independently select 0: size-class spread 0.0000mm vs 4.1814mm next, and pad-cloud rms 0.0000mm vs 3.0277mm next.",two-channel
C5364405,270,"Wurth 61304021121 2x20 vertical THT Raspberry Pi GPIO header; Pi USB port switch J2. Measured 2026-08-15 against exact-code JLC HDR-TH_40P-P2.54-V-M-R2-C20-S2.54.kicad_mod with the pcbnew-verified operator. PAD-NUMBER fit selects offset 270 at rms 0.0000mm vs 20.7908mm next best over 40 pads. The rectangular pad cloud is 90/270-degenerate and no function-tied keyed feature is encoded in both lands, so the JLC ORDER-PREVIEW HUMAN GATE must confirm pin 1 and ribbon-cable orientation before the first order.",single-channel
C7527500,270,"TI TLV76133DCYR in DCY SOT-223; Pi USB port switch U1. Measured 2026-08-15 against exact-code JLC SOT-223-4_L6.5-W3.5-P2.30-LS7.0-TR.kicad_mod with the pcbnew-verified operator. PAD-NUMBER fit proposes offset 270 at rms 2.9698mm vs 3.9841mm next best over the three unique electrical terminals; its residual is inflated because KiCad represents the output lead and tab as two pad-2 shapes while JLC merges them for matching. NUMBERING-FREE pad-cloud geometry independently selects 270 at rms 0.2771mm vs 2.1203mm next.",two-channel
C7832,180,"TI SN74LVC1G08DCKR in DCK SC70-5; Pi USB port switch U7/U13/U19/U25. Measured 2026-08-15 against exact-code JLC SC-70-5_L2.1-W1.3-P0.65-LS2.1-BR.kicad_mod with the pcbnew-verified operator. PAD-NUMBER fit selects offset 180 at rms 0.2572mm vs 1.5846mm next best over 5 pads. The pad cloud and body are 180-degenerate and the pin-1 mark follows library numbering, so no function-tied numbering-free channel exists; the JLC ORDER-PREVIEW HUMAN GATE must confirm pin 1 before the first order.",single-channel
C85049,180,"Diodes 2N7002-7-F in SOT-23; Pi USB port switch Q2-Q5. Measured 2026-08-15 against exact-code JLC SOT-23_L2.9-W1.3-P1.90-LS2.4-BR.kicad_mod with the pcbnew-verified operator. PAD-NUMBER fit selects offset 180 at rms 0.2003mm vs 1.7777mm next best over 3 pads. NUMBERING-FREE pad-cloud geometry independently selects 180 at rms 0.2003mm vs 0.7183mm next.",two-channel
C962978,270,"TI TPD6E05U06RVZR in RVZ USON-14; Pi USB port switch U5/U6/U11/U12/U17/U18/U23/U24. Measured 2026-08-15 against exact-code JLC USON-14_L3.5-W1.4-P0.5-BL.kicad_mod with the pcbnew-verified operator. PAD-NUMBER fit selects offset 270 at rms 0.0650mm vs 1.6816mm next best over 14 pads. The narrow rectangular pad cloud is 90/270-degenerate and its pin-1 mark follows library numbering, so no function-tied numbering-free channel exists; the JLC ORDER-PREVIEW HUMAN GATE must confirm pin 1 before the first order.",single-channel
C5334230,0,"Wurth 692221030100 USB 3 Type-B THT receptacle; Pi USB port switch J3/J5/J7/J9. Measured 2026-08-15 against exact-code JLC USB-B-TH_XUNPU_USB-306BWD-ARW.kicad_mod with the pcbnew-verified operator. PAD-NUMBER fit selects offset 0 at rms 0.0030mm vs 5.2423mm next best over the ten common electrical pad identities. NUMBERING-FREE pad-cloud geometry independently selects 0 at rms 0.0039mm vs 2.9893mm next; it includes the second shell post that JLC numbers 11 while the board correctly merges both shell posts as electrical pad 10.",two-channel
C2864845,0,"TI TPS259474LRPWR in RPW VQFN-HR-10; USB controlled debug hub U_AGG. Measured 2026-08-16 against exact-code JLC VQFN-10_L2.0-W2.0-P0.45-TL.kicad_mod with the pcbnew-verified operator. PAD-NUMBER fit selects offset 0 at rms 0.0000mm vs 1.4281mm next best over 10 pads. NUMBERING-FREE size-class spread and pad-cloud channels both select 0: respectively 0.0000mm vs 0.0141mm next and 0.0000mm vs 0.0120mm next. The manufacturer pin-1 chamfer and JLC/board pin-1 marks also coincide at offset 0.",two-channel
C3708426,180,"Nexperia PESD2USB3UX in SOT-23; USB controlled debug hub U_ESD_UP/U_ESD1-U_ESD4. Measured 2026-08-16 against exact-code JLC SOT-23-3_L3.0-W1.7-P0.95-LS2.9-BR.kicad_mod with the pcbnew-verified operator. PAD-NUMBER fit selects offset 180 at rms 1.5589mm vs 1.7493mm next best over 3 pads; the large residual reflects the vendor-specific USB shunt land versus JLC's generic SOT-23 land. NUMBERING-FREE pad-cloud geometry independently selects 180 at rms 0.1532mm vs 0.6923mm next. All five devices use the same exact land and orientation rule.",two-channel
C640876,270,"Microchip MCP2221A-I/SL in SOIC-14; USB controlled debug hub U_CTRL. Measured 2026-08-16 against exact-code JLC SOIC-14_L8.7-W3.9-P1.27-LS6.0-BL.kicad_mod with the pcbnew-verified operator. PAD-NUMBER fit selects offset 270 at rms 0.1450mm vs 5.0885mm next best over 14 pads. The dual-row pad cloud is 90/270-degenerate and the pin-1 marks follow library numbering rather than providing a function-tied independent channel, so the JLC ORDER-PREVIEW HUMAN GATE must confirm U_CTRL pin 1 before the first order. Microchip DS20005565D's top-view pin map remains the terminal authority.",single-channel
C85047,180,"Diodes 2N7002K in SOT-23; USB controlled debug hub Q_DATA1-Q_DATA4. Measured 2026-08-16 against exact-code JLC SOT-23_L2.9-W1.3-P1.90-LS2.4-BR.kicad_mod with the pcbnew-verified operator. PAD-NUMBER fit selects offset 180 at rms 0.1472mm vs 1.8256mm next best over 3 pads. NUMBERING-FREE pad-cloud geometry independently selects 180 at rms 0.1472mm vs 0.7299mm next.",two-channel
C105871,0,"YAGEO RC0402FR-074K7L fixed chip resistor; USB controlled debug hub R_I2C_SCL/R_I2C_SDA. Measured 2026-08-17 against the exact-code JLC land with the pcbnew-verified operator: PAD-NUMBER fit selects offset 0 at rms 0.0800 mm versus 0.6671 mm next best. The archived manufacturer RC0402FR-074K7L.pdf specifies a fixed chip resistor with electrically identical terminals; it is not polarized.",n/a
C110776,0,"YAGEO RT0603BRD071KL fixed chip resistor; USB controlled debug hub R_AGG_ILIM. Measured 2026-08-17 against the exact-code JLC land with the pcbnew-verified operator: PAD-NUMBER fit selects offset 0 at rms 0.0750 mm versus 1.1150 mm next best. The YAGEO RT-series datasheet table specifies a fixed chip resistor with electrically identical terminals; it is not polarized.",n/a
C114760,0,"YAGEO RC0402FR-0712KL fixed chip resistor; USB controlled debug hub R_RBIAS. Measured 2026-08-17 against the exact-code JLC land with the pcbnew-verified operator: PAD-NUMBER fit selects offset 0 at rms 0.0800 mm versus 0.6671 mm next best. The archived manufacturer RC0402FR-0712KL.pdf specifies a fixed chip resistor with electrically identical terminals; it is not polarized.",n/a
C138033,0,"YAGEO RC0402FR-071ML fixed chip resistor; USB controlled debug hub R_XTAL. Measured 2026-08-17 against the exact-code JLC land with the pcbnew-verified operator: PAD-NUMBER fit selects offset 0 at rms 0.0800 mm versus 0.6671 mm next best. The archived manufacturer RC0402FR-071ML.pdf specifies a fixed chip resistor with electrically identical terminals; it is not polarized.",n/a
C1525,0,"Samsung CL05B104KO5NNNC ceramic chip capacitor; USB controlled debug hub 0402 100 nF population. Measured 2026-08-17 against the exact-code JLC land with the pcbnew-verified operator: PAD-NUMBER fit selects offset 0 at rms 0.0600 mm versus 0.6378 mm next best. The archived manufacturer CL05B104KO5NNNC-spec.pdf specifies a two-terminal MLCC; it is unpolarized.",n/a
C15269,0,"Sunlord SWPA4030S3R3MT shielded power inductor; USB controlled debug hub L_MAIN. Measured 2026-08-17 against the exact-code JLC land with the pcbnew-verified operator: PAD-NUMBER fit selects offset 0 at rms 0.1000 mm versus 2.1932 mm next best. The archived manufacturer Sunlord-SWPA4030S-series.pdf specifies a two-terminal chip inductor with electrically identical ends; it is not polarized.",n/a
C1549,0,"FH Guoju 0402CG180J500NT ceramic chip capacitor; USB controlled debug hub C_XTAL1/C_XTAL2. Measured 2026-08-17 against the exact-code JLC land with the pcbnew-verified operator: PAD-NUMBER fit selects offset 0 at rms 0.0600 mm versus 0.6378 mm next best. The manufacturer 0402CG180J500NT product datasheet table specifies a two-terminal MLCC; it is unpolarized.",n/a
C19271634,0,"Murata GRM155R61H334KE01D ceramic chip capacitor; USB controlled debug hub C_CTRL_VUSB. Measured 2026-08-17 against the exact-code JLC land with the pcbnew-verified operator: PAD-NUMBER fit selects offset 0 at rms 0.0600 mm versus 0.6378 mm next best. The archived manufacturer GRM155R61H334KE01-01A.pdf specifies a two-terminal MLCC; it is unpolarized.",n/a
C19702,0,"Samsung CL10A106KP8NNNC ceramic chip capacitor; USB controlled debug hub C_BUCK_IN. Measured 2026-08-17 against the exact-code JLC land with the pcbnew-verified operator: PAD-NUMBER fit selects offset 0 at rms 0.0750 mm versus 1.0443 mm next best. The archived manufacturer CL10A106KP8NNNC.pdf specifies a two-terminal MLCC; it is unpolarized.",n/a
C22807,0,"UNI-ROYAL 0603WAF1503T5E fixed chip resistor; USB controlled debug hub R_AGG_UV_TOP. Measured 2026-08-17 against the exact-code JLC land with the pcbnew-verified operator: PAD-NUMBER fit selects offset 0 at rms 0.0750 mm versus 1.1150 mm next best. The UNI-ROYAL 0603 thick-film resistor datasheet table specifies electrically identical terminals; it is not polarized.",n/a
C25804,0,"UNI-ROYAL 0603WAF1002T5E fixed chip resistor; USB controlled debug hub R_AGG_UV_MID. Measured 2026-08-17 against the exact-code JLC land with the pcbnew-verified operator: PAD-NUMBER fit selects offset 0 at rms 0.0750 mm versus 1.1150 mm next best. The UNI-ROYAL 0603 thick-film resistor datasheet table specifies electrically identical terminals; it is not polarized.",n/a
C327368,0,"YAGEO RC0402FR-07165KL fixed chip resistor; USB controlled debug hub R_ILIM1-R_ILIM4/R_ILIM_CTRL. Measured 2026-08-17 against the exact-code JLC land with the pcbnew-verified operator: PAD-NUMBER fit selects offset 0 at rms 0.0800 mm versus 0.6671 mm next best. The archived manufacturer RC0402FR-07165KL.pdf specifies a fixed chip resistor with electrically identical terminals; it is not polarized.",n/a
C342660,0,"TDK C3225X7R1C226KT000N ceramic chip capacitor; USB controlled debug hub 1210 bulk population. Measured 2026-08-17 against the exact-code JLC land with the pcbnew-verified operator: PAD-NUMBER fit selects offset 0 at rms 0.0450 mm versus 2.1180 mm next best. The manufacturer C3225X7R1C226K series datasheet table specifies a two-terminal MLCC; it is unpolarized.",n/a
C52923,0,"Samsung CL05A105KA5NQNC ceramic chip capacitor; USB controlled debug hub 0402 1 uF population. Measured 2026-08-17 against the exact-code JLC land with the pcbnew-verified operator: PAD-NUMBER fit selects offset 0 at rms 0.0600 mm versus 0.6378 mm next best. The archived manufacturer CL05A105KA5NQNC-spec.pdf specifies a two-terminal MLCC; it is unpolarized.",n/a
C60490,0,"YAGEO RC0402FR-0710KL fixed chip resistor; USB controlled debug hub 0402 10 kOhm population. Measured 2026-08-17 against the exact-code JLC land with the pcbnew-verified operator: PAD-NUMBER fit selects offset 0 at rms 0.0800 mm versus 0.6671 mm next best. The archived manufacturer RC0402FR-0710KL.pdf specifies a fixed chip resistor with electrically identical terminals; it is not polarized.",n/a
C60491,0,"YAGEO RC0402FR-07100KL fixed chip resistor; USB controlled debug hub 0402 100 kOhm population. Measured 2026-08-17 against the exact-code JLC land with the pcbnew-verified operator: PAD-NUMBER fit selects offset 0 at rms 0.0800 mm versus 0.6671 mm next best. The archived manufacturer RC0402FR-07100KL.pdf specifies a fixed chip resistor with electrically identical terminals; it is not polarized.",n/a
C77036,0,"Murata GRM1885C1H332JA01D ceramic chip capacitor; USB controlled debug hub C_AGG_DVDT/C_AGG_TIMER. Measured 2026-08-17 against the exact-code JLC land with the pcbnew-verified operator: PAD-NUMBER fit selects offset 0 at rms 0.0750 mm versus 1.0443 mm next best. The Murata GRM1885C1H332JA01D product datasheet table specifies a two-terminal C0G MLCC; it is unpolarized.",n/a
C861404,0,"YAGEO RT0603BRD0743K2L fixed chip resistor; USB controlled debug hub R_AGG_OV_BOT. Measured 2026-08-17 against the exact-code JLC land with the pcbnew-verified operator: PAD-NUMBER fit selects offset 0 at rms 0.0750 mm versus 1.1150 mm next best. The YAGEO RT-series datasheet table specifies a fixed chip resistor with electrically identical terminals; it is not polarized.",n/a
C2149775,0,"TI TPS2557QDRBTQ1 in DRB/SON-8; USB controlled debug hub U_PWR1-U_PWR4/U_PWR_CTRL sourcing replacement. Measured 2026-08-18 by running jlc_rotation_measure.py against the exact-code JLC SON-8_L3.0-W3.0-P0.65-TL-EP land. PAD-NUMBER fit selects offset 0 at rms 0.3522 mm versus 2.1628 mm next best; pad cloud is 0/180-degenerate and the pin-1 mark follows numbering, so this is deliberately SINGLE-CHANNEL. The JLC order-preview human gate must confirm pin 1 and all five identical placements before first order.",single-channel
C54411084,270,"MDD 74LVC08APW in TSSOP-14; USB controlled debug hub U_AND_DATA/U_AND_PWR sourcing replacement. Measured 2026-08-18 by running jlc_rotation_measure.py against the exact-code JLC TSSOP-14_L5.0-W4.4-P0.65-LS6.4-BL land. PAD-NUMBER fit selects offset 270 at rms 0.0625 mm versus 4.4061 mm next best; pad cloud is 90/270-degenerate and the pin-1 mark follows numbering, so this is deliberately SINGLE-CHANNEL. The JLC order-preview human gate must confirm pin 1 and both placements before first order.",single-channel
C2150199,0,"TI TPS2557QDRBRQ1 in DRB/SON-8; USB controlled debug hub U_PWR1-U_PWR4/U_PWR_CTRL sourcing replacement. Measured 2026-08-18 by running jlc_rotation_measure.py against the exact-code JLC SON-8_L3.0-W3.0-P0.65-TL-EP land. PAD-NUMBER fit selects offset 0 at rms 0.3522 mm versus 2.1628 mm next best; pad cloud is 0/180-degenerate and the pin-1 mark follows numbering, so this is deliberately SINGLE-CHANNEL. The JLC order-preview human gate must confirm pin 1 and all five identical placements before first order.",single-channel
C165948,0,"HRO TYPE-C-31-M-12 USB-C receptacle; usb-controlled-debug-hub-v2 J_DATA/J_POWER. Measured 2026-08-18 against JLC USB-C_SMD-TYPE-C-31-M-12_1 with the pcbnew-verified operator. PAD-NUMBER fit selects offset 0 at rms 0.0000 mm versus 1.6202 mm next best over eight unique pad identities. NUMBERING-FREE pad-cloud fit independently selects 0 at 0.3914 mm versus 1.5527 mm next best. Both channels agree; board rotation 270 therefore exports CPL 270.",two-channel
C207257,0,"Littelfuse SMF16A in SOD-123FL; usb-controlled-debug-hub-v2 D_PD_TVS. Measured 2026-08-18 against JLC SOD-123F_L2.7-W1.7-LS3.7-RD with the pcbnew-verified operator. PAD-NUMBER fit selects offset 0 at rms 0.2700 mm versus 2.1792 mm next best. The two-pad cloud is 0/180-degenerate and no independently decisive function-tied marking channel was established, so the JLC ORDER-PREVIEW HUMAN GATE must confirm the cathode orientation before first order.",single-channel
C841386,0,"TI TPS56637RPAR in RPA VQFN-HR-10; usb-controlled-debug-hub-v2 U_PD_BUCK. Measured 2026-08-18 against JLC VQFN-HR-10_L3.0-W3.0_RPA with the pcbnew-verified operator. PAD-NUMBER fit selects offset 0 at rms 0.2919 mm versus 1.7720 mm next best. NUMBERING-FREE size-class and pad-cloud channels both independently select 0 at 0.0000 mm versus 1.7421/1.2496 mm next best.",two-channel
C970725,0,"WCH CH224K in ESSOP-10 with exposed pad; usb-controlled-debug-hub-v2 U_PD. Measured 2026-08-18 against JLC ESSOP-10_L4.9-W3.9-P1.0-LS6.0-TL-EP with the pcbnew-verified operator. PAD-NUMBER fit selects offset 0 at rms 0.0000 mm versus 4.4721 mm next best. The dual-row pad cloud remains 0/180-degenerate and no function-tied numbering-free mark is present, so the JLC ORDER-PREVIEW HUMAN GATE must confirm pin 1 before first order.",single-channel
C2649846,0,"TI TVS1800DRVR in DRV0006A WSON-6; usb-controlled-debug-hub-v2 D_PD_TVS. Measured 2026-08-19 against exact-code JLC WSON-6_L2.0-W2.0-P0.65-TL-EP with the pcbnew-verified operator. PAD-NUMBER fit selects offset 0 at rms 0.0000 mm versus 1.5171 mm next best over seven pads. The symmetric 3+3 bank cloud is 0/180-degenerate and no independent function-tied package mark is present, so this is deliberately SINGLE-CHANNEL. The JLC ORDER-PREVIEW HUMAN GATE must confirm the TI datasheet pin-1 orientation and that pins 1-3/EP are GND while pins 4-6 are IN before payment.",single-channel
C2878936,0,"TI TPS259804ONRGER in RGE0024M VQFN-24; usb-controlled-debug-hub-v2 U_AGG. Measured 2026-08-19 against exact-code JLC VQFN-24_L4.0-W4.0-P0.50-TL-EP_TI_RGE with the pcbnew-verified operator. PAD-NUMBER fit selects offset 0 at rms 0.2994 mm versus 2.8700 mm next best over 26 pad identities. NUMBERING-FREE size-class geometry independently selects 0 at 0.0000 mm versus 0.1061 mm next best; both channels agree.",two-channel
C130462,270,"Microchip MCP2221A-I/ST in TSSOP-14; usb-controlled-debug-hub-2a-v1 U_CTRL. Measured 2026-08-20 against exact-code JLC TSSOP-14_L5.0-W4.4-P0.65-LS6.4-BL with the pcbnew-verified operator. PAD-NUMBER fit selects offset 270 at rms 0.0625 mm versus 4.4061 mm next best over 14 pads. The dual-row cloud is 90/270-degenerate and the package mark follows pin numbering, so this is deliberately SINGLE-CHANNEL. Microchip DS20005565D's top-view TSSOP pin map is terminal authority; the JLC ORDER-PREVIEW HUMAN GATE must confirm pin 1 before payment.",single-channel
C1849461,0,"TI TPS16630PWPR in PWP HTSSOP-20 PowerPAD; usb-controlled-debug-hub-2a-v1 U_PD_IN. Measured 2026-08-20 against exact-code JLC HTSSOP-20_L6.5-W4.4-P0.65-LS6.4-TL-EP2.58 with the pcbnew-verified operator. PAD-NUMBER fit selects offset 0 at rms 0.0976 mm versus 4.7838 mm next best over the common pads. The dual-row cloud is 0/180-degenerate and the package mark follows pin numbering, so this is deliberately SINGLE-CHANNEL. TI SLVSET9G's PWP top-view pin map is terminal authority; the JLC ORDER-PREVIEW HUMAN GATE must confirm pin 1 and PowerPAD orientation before payment.",single-channel
C3709087,270,"Nexperia PESD2USB5UX in SOT-23; usb-controlled-debug-hub-2a-v1 U_ESD_UP/U_ESD1-U_ESD4. Measured 2026-08-20 against exact-code JLC SOT-23-3_L2.9-W1.3-P1.90-LS2.4-BL-1 with the pcbnew-verified operator. PAD-NUMBER fit selects offset 270 at rms 1.5525 mm versus 1.6951 mm next best over 3 pads; the residual reflects the vendor-specific USB shunt land versus JLC's generic SOT-23 land. NUMBERING-FREE pad-cloud geometry independently selects 270 at rms 0.0589 mm versus 0.6475 mm next; both channels agree.",two-channel
C523793,270,"TI TVS2200DRVR in DRV WSON-6; usb-controlled-debug-hub-2a-v1 D_PD_TVS. Measured 2026-08-20 against exact-code JLC WSON-6_L2.0-W2.0-P0.65-BL-EP with the pcbnew-verified operator. PAD-NUMBER fit selects offset 270 at rms 0.2107 mm versus 1.4206 mm next best over seven pad identities. The symmetric 3+3 bank cloud is 90/270-degenerate and no independent function-tied package mark exists, so this is deliberately SINGLE-CHANNEL. TI SLVSED5C Figure 6-1 bottom view and Table 6-1 are terminal authority; the JLC ORDER-PREVIEW HUMAN GATE must confirm pins 1-3/EP are GND and pins 4-6 are IN before payment.",single-channel
C70590,0,"YXC X322524MOB4SI 24 MHz crystal in SMD3225-4P; usb-controlled-debug-hub-2a-v1 Y_HUB. Measured 2026-08-20 against exact-code JLC CRYSTAL-SMD_4P-L3.2-W2.5-BL with the pcbnew-verified operator. PAD-NUMBER fit selects offset 0 at rms 0.0000 mm versus 1.9660 mm next best over four pads. The rectangular pad cloud is 0/180-degenerate and the package mark follows pad numbering, so this is deliberately SINGLE-CHANNEL. The exact YXC connection drawing is terminal authority; the JLC ORDER-PREVIEW HUMAN GATE must confirm pad 1 before payment.",single-channel
C5219374,180,"TI LMR50410Y3FQDBVRQ1 in DBV SOT-23-6; usb-controlled-debug-hub-2a-v1 U_MAIN. Measured 2026-08-21 against exact-code JLC SOT-23-6_L2.9-W1.6-P0.95-LS2.8-BR with the pcbnew-verified operator. PAD-NUMBER fit selects offset 180 at rms 0.2125 mm versus 2.0784 mm next best over six pads. The 3+3 pad cloud is 0/180-degenerate and the pin-1 mark follows numbering, so this is deliberately SINGLE-CHANNEL. TI SLUSDW4A Figure 6-1 top view and Table 6-1 are terminal authority; the JLC ORDER-PREVIEW HUMAN GATE must confirm CB/GND/FB on pins 1-3 and EN/VIN/SW on pins 4-6 before payment.",single-channel
C16430,270,"TI TPS7A4901DGNR in DGN HVSSOP-8 PowerPAD; crow-mic-pod-v3 U2. Measured 2026-09-03 against JLC HVSSOP-8_L3.0-W3.0-P0.65-LS4.9-BL-EP_DGN0008D (cached public footprint SHA-256 89faf406a20a9a9b03fd6a033706c01ae2ab0d41ecb758fba627e04767dc31c3) with the pcbnew-verified operator. PAD-NUMBER fit selects offset 270 at rms 0.0474 mm versus 3.0587 mm next best over nine pads. The size-class channel is fully degenerate and the pad cloud is 90/270-degenerate at 0.3411 mm, so this is deliberately SINGLE-CHANNEL. TI SBVS121E's DGN top-view pin configuration and pin-functions table on PDF page 4 are terminal authority; the JLC ORDER-PREVIEW HUMAN GATE must confirm pin 1 OUT, pin 8 IN and PowerPAD/GND orientation before payment.",single-channel
C2878631,270,"TI OPA1679IDR in D SOIC-14; crow-mic-pod-v3 U1. Measured 2026-09-03 against JLC SOIC-14_L8.7-W3.9-P1.27-LS6.0-BL (cached public footprint SHA-256 2090a0beb08baaa6c4fcc27e78f0f98bd4ded0e6afc67705713744403302379c) with the pcbnew-verified operator. PAD-NUMBER fit selects offset 270 at rms 0.1450 mm versus 5.0885 mm next best over fourteen pads. The dual-row pad cloud is 90/270-degenerate at 0.1450 mm and there is no independent size-class channel, so this is deliberately SINGLE-CHANNEL. TI SBOS855E Figure 5-5 and the OPA1679 D-package pin-functions table on PDF page 5 are terminal authority; the JLC ORDER-PREVIEW HUMAN GATE must confirm pin 1 OUTA, pin 7 OUTB, pin 8 OUTC and pin 14 OUTD before payment.",single-channel
C123302,180,"SSOP-8 DCT; fresh packet-board measurement 2026-09-11, board SHA-256 7765810d8f9734f0ff893f7411ae80628ccddf5e78a78ee920a3303e9d2a8631. Exact TI SCES586E PDF p.3 Figure 4-1/Table 4-1 fixes DCT top-view pins 1=A, 2=B, 3=CLR#, 4=GND, 5=Q, 6=Cext, 7=Rext/Cext, 8=VCC; p.23 DCT0008A identifies the pin-1 index area and 0.65 mm pitch. Cached JLC/EasyEDA SM8 footprint SHA-256 3227811f857065e419f6b095e95ed019f4e74fac25ad69033cd875f6f7caff12. pcbnew-verified pad-number fit: 180 rms 0.1001 mm vs next 2.6816 mm, separation 2.5815 mm over 8 pads; best mirrored-number fit 1.4602 mm, 1.3601 mm worse. Pad cloud is 0/180-degenerate and size class absent. Board/cache pin-1 marks agree at 180 (0.1415 mm) but both follow manufacturer pin-1 numbering and are correlated confirmation, not an independent polarity channel. SINGLE-CHANNEL: final JLC order preview must visually confirm U_RST2 pin-1/body-index alignment before order.",single-channel
C130024,180,"VSSOP-8 DCU; fresh packet-board measurement 2026-09-11, board SHA-256 7765810d8f9734f0ff893f7411ae80628ccddf5e78a78ee920a3303e9d2a8631. Exact TI SCES366L PDF p.3 DCU top-view figure/function table fixes pins 1=1A, 2=3Y, 3=2A, 4=GND, 5=2Y, 6=3A, 7=1Y, 8=VCC; p.19 DCU0008A identifies the pin-1 index area, 2.2-2.4 x 1.9-2.1 mm body, and 0.5 mm pitch. Cached JLC/EasyEDA VSSOP footprint SHA-256 6289ee3779fca606e01579aa6afa55e32c22d545e6f00df0653cda546d2f8cb9. pcbnew-verified pad-number fit: 180 rms 0.1500 mm vs next 2.2333 mm, separation 2.0833 mm over 8 pads; best mirrored-number fit 1.1281 mm, 0.9781 mm worse. Pad cloud is 0/180-degenerate and size class absent. Board/cache pin-1 marks agree at 180 (0.4000 mm) but both follow manufacturer pin-1 numbering and are correlated confirmation, not an independent polarity channel. SINGLE-CHANNEL: final JLC order preview must visually confirm U_CLK pin-1/body-index alignment before order.",single-channel
C131093,180,"Measured 2026-09-11; independent closed review retained in carrier journal archive cf21e0f44ebe114614ebf7060cc7bea500c5202648d47399021cccfdb72f9218.tar.gz (logic). SOT753/SC-74A; fresh measurements of every assigned repeat U_DUMP,U_LDO_EN,U_OE on packet board SHA-256 7765810d8f9734f0ff893f7411ae80628ccddf5e78a78ee920a3303e9d2a8631. Exact Nexperia 74LVC1G14 Rev.19 PDF p.3 GV/SOT753 figure and table fix top-view 1=NC, 2=A, 3=GND, 4=Y, 5=VCC; p.11 Figure 13 confirms 3-lead side 1-2-3 opposite 5-4, 0.95 mm pitch, 2.5-3.0 mm lead span and 2.7-3.1 x 1.3-1.7 mm body. Cached JLC/EasyEDA SOT753 footprint SHA-256 9a59f5a320c2a6bfa4fd017c37da6150b7981982b4daa8cee1cd0fe482e29219. Each ref gives pad-number 180 rms 0.1592 mm vs next 2.0757 mm, separation 1.9165 mm over 5 pads; numbering-free asymmetric pad cloud independently gives 180 rms 0.1592 vs 0.6620 mm, separation 0.5028 mm. Best mirrored-number fit is 1.7072 mm in the independent geometry audit. All three refs share the exact footprint ID and identical local pad geometry, board rotation 0, front side.",two-channel
C6076,180,"SOT753/SC-74A; fresh packet-board measurement 2026-09-11, board SHA-256 7765810d8f9734f0ff893f7411ae80628ccddf5e78a78ee920a3303e9d2a8631. Exact Nexperia 74LVC1G17 Rev.16 PDF p.3 GV/SOT753 figure and table fix top-view 1=NC, 2=A, 3=GND, 4=Y, 5=VCC; p.11 Figure 11 confirms 3-lead side 1-2-3 opposite 5-4, 0.95 mm pitch, 2.5-3.0 mm lead span and 2.7-3.1 x 1.3-1.7 mm body. Cached JLC/EasyEDA SOT-23-5 footprint SHA-256 59bc357ad086289224fa9d585330f1765ea09924f9a4ed09bb78595e79a98415. pcbnew-verified pad-number fit: 180 rms 0.1592 mm vs next 2.0757 mm, separation 1.9165 mm over 5 pads; numbering-free asymmetric pad cloud independently gives 180 rms 0.1592 vs 0.6620 mm, separation 0.5028 mm. Best mirrored-number fit is 1.7072 mm in the independent geometry audit. U_TDM_SCH uses the exact native SOT-23-5 footprint, board rotation 0, front side.",two-channel
C1509297,0,"TPS389001DSER DSE WSON-6; independently measured 2026-09-11 against packet-local WSON-6_L1.5-W1.5-P0.50-TL.kicad_mod with a pcbnew-verified operator. PAD-NUMBER fit selects 0 at 0.0385 mm RMS versus 1.0389 mm next best over 6 pads. NUMBERING-FREE PHYSICAL CHANNEL: TI SLVSD65A PDF page 24 ties the uniquely longer/chamfered physical terminal to pin 1; native 0.80 vs 0.70 mm and cached JLC 0.84 vs 0.75 mm unique-terminal geometry selects 0 at 0.0317 mm versus 1.0622 mm next best. U_AUDIO/U_PWR pad tuples are exactly congruent. JLC ORDER-PREVIEW HUMAN GATE must confirm the TI pin-1 index and SENSE/GND/MR versus VDD/CT/RESET banks before payment.",two-channel
C96333,180,"TPS3839K33DBZR DBZ SOT-23-3; independently measured 2026-09-11 against packet-local SOT-23-3_L2.9-W1.3-P1.90-LS2.4-BR.kicad_mod with a pcbnew-verified operator. PAD-NUMBER fit selects 180 at 0.0589 mm RMS versus 1.6951 mm next best over 3 pads. NUMBERING-FREE 2+1 PAD-CLOUD selects 180 at 0.0589 mm versus 0.6475 mm next best. TI SBVS193D PDF pages 5 and 28 fix DBZ top-view pins 1=GND, 2=RESET, 3=VDD and the physical pin-1 index.",two-channel
C23654,270,"SN74LVC1G125DBVR DBV SOT-23-5; independently measured 2026-09-11 against packet-local SOT-23-5_L3.0-W1.7-P0.95-LS2.8-BL.kicad_mod with a pcbnew-verified operator. PAD-NUMBER fit selects 270 at 0.0122 mm RMS versus 1.9889 mm next best over 5 pads. NUMBERING-FREE 3+2 PAD-CLOUD selects 270 at 0.0122 mm versus 0.5599 mm next best. TI SCES223U PDF pages 3 and 26 fix DBV top-view pins 1=OE, 2=A, 3=GND, 4=Y, 5=VCC and the physical pin-1 index.",two-channel
C154439,0,"D_SMA; independently measured 2026-09-11 against packet SMA_L4.4-W2.8-LS5.4-RD with pcbnew-verified operator. PAD-NUMBER offset 0: RMS 0.5700 mm vs 3.2565 mm next best over 2 pads (5.71x). The 0.5700-mm per-pad position residual corresponds to 5.1400-mm cached-JLC center spacing vs 4.0000-mm native/manufacturer-recommended spacing (1.1400-mm difference): rotation/polarity accepted, JLC-twin geometry and pad overlap NOT accepted; blocking downstream PAD-GEOM check required. NUMBERING-FREE function channel: Diodes DS16008 Rev.11-2 pp.1,4 identifies the physical cathode band/notch; viewed packet JLC model puts the band at local -X and native D_SMA cathode/F.Fab bar is local -X, selecting offset 0 with 0-degree directional residual and 90-degree nearest orthogonal separation. PDF SHA d50b2773c0300d97a77f5125419098c8130ecaf967202a44be2b182de8a15c1f; board SHA 7765810d8f9734f0ff893f7411ae80628ccddf5e78a78ee920a3303e9d2a8631.",two-channel
C2071056,270,"TSOT-23-6; independently measured 2026-09-11 against packet TSOT-23-6_L2.9-W1.6-P0.95-LS2.8-BL with pcbnew-verified operator. PAD-NUMBER offset 270: RMS 0.0625 mm vs 1.9842 mm next best over 6 pads (31.75x). Diodes DS41326 Rev.3-2 pp.1,16,17 fixes top-view pins/functions, pin-1 dot, TSOT26 identity and 0.95-mm pitch; the physical dot is documented as pin-number-dependent and is not an independent function channel. SINGLE-CHANNEL: mandatory final JLC ORDER-PREVIEW human gate for U_BUCK before first order. PDF SHA ef99daa3789d835bc025dfcb4c605c5c2e6d3e7223e86d40b33e6b497ea5a722; board SHA 7765810d8f9734f0ff893f7411ae80628ccddf5e78a78ee920a3303e9d2a8631.",single-channel
C780842,270,"Diodes_PowerDI3333-8; independently measured 2026-09-11 against packet POWERDI3333-8_L3.3-W3.3-P0.65-BL with pcbnew-verified operator. PAD-NUMBER offset 270: RMS 0.0075 mm vs 1.4330 mm next best over pads 1-5 (191.49x). NUMBERING-FREE function channel: Diodes DS37204 Rev.2-2 pp.1,5 fixes the asymmetric common-drain leadframe; small-row-to-drain-anchor vector maps at 270 with 0.0150 mm residual vs 2.7542 mm next best (183.61x). PDF SHA 1ea244be5e0fe4195ad20cb2da0960ac622b6efc19cf9e579c9eb8ef5777fa27; board SHA 7765810d8f9734f0ff893f7411ae80628ccddf5e78a78ee920a3303e9d2a8631.",two-channel
C2863402,270,"Measured 2026-09-11; independent closed review retained in carrier journal archive cf21e0f44ebe114614ebf7060cc7bea500c5202648d47399021cccfdb72f9218.tar.gz (analog). Exact OPA2320AIDR; manufacturer parts/OPA2320AIDR/OPA2320_SBOS513F.pdf SHA256 1d13d91bc220d3f37e814e29599ce23e086bd661227618104dcae5482c8144fc, PDF p4 Figure in section 5, OPA2320 D/DGK 8-pin SOIC/VSSOP Top View visually inspected; cached JLC footprint easyeda/C2863402/jlc.pretty/SOIC-8_L4.9-W3.9-P1.27-LS6.0-BL.kicad_mod SHA256 cd8dbea4ce6ceca2ae0cad8ad41edc4159e1ac209cd02306c09f2e80abbd7c25. Board SHA256 7765810d8f9734f0ff893f7411ae80628ccddf5e78a78ee920a3303e9d2a8631; pcbnew 10.0.4 GetFPRelativePosition operator rerun for U_AFE1,U_AFE2,U_AFE3,U_AFE4,U_AFE5,U_AFE6,U_AFE7,U_AFE8: offset 270 numbered-pad RMS 0.1251 mm over 8 pads vs next 4.1116 mm at [0, 180]; best mirrored fit 2.838089 mm. All assigned repeats have congruent local numbered-pad geometry. Manufacturer top view/function table and native pin mapping agree with physical pin 1, but that mark follows numbering and is not an independent function-tied channel. SINGLE-CHANNEL: mandatory JLC ORDER-PREVIEW human gate for U_AFE1,U_AFE2,U_AFE3,U_AFE4,U_AFE5,U_AFE6,U_AFE7,U_AFE8 before first order; confirm physical pin-1/top-mark orientation and resolved CPL rotations.",single-channel
C53283916,270,"Measured 2026-09-11; independent closed review retained in carrier journal archive cf21e0f44ebe114614ebf7060cc7bea500c5202648d47399021cccfdb72f9218.tar.gz (analog). Exact TMUX2821DSGR; manufacturer parts/TMUX2821DSGR/TMUX28xx_SCDS488.pdf SHA256 493e5c0d4eb5ca55dea82dbcce59b1be9c353577e256c161821662c38bb9ac55, PDF p3 Figure 4-1, DSG Package TMUX2821 Top View and Pin Functions visually inspected; cached JLC footprint easyeda/C53283916/jlc.pretty/VSON-8_L2.0-W2.0-P0.50-BL-EP_BD9S201NUX-CE2.kicad_mod SHA256 aac4957b19f2388b942cb7f7e5ea234120c087013ae6a2ded63c4ab8c6fbe089. Board SHA256 7765810d8f9734f0ff893f7411ae80628ccddf5e78a78ee920a3303e9d2a8631; pcbnew 10.0.4 GetFPRelativePosition operator rerun for U_ISO1,U_ISO2,U_ISO3,U_ISO4,U_ISO5,U_ISO6,U_ISO7,U_ISO8: offset 270 numbered-pad RMS 0.0471 mm over 9 pads vs next 1.4989 mm at [0, 180]; best mirrored fit 1.055146 mm. All assigned repeats have congruent local numbered-pad geometry. Manufacturer top view/function table and native pin mapping agree with physical pin 1, but that mark follows numbering and is not an independent function-tied channel. SINGLE-CHANNEL: mandatory JLC ORDER-PREVIEW human gate for U_ISO1,U_ISO2,U_ISO3,U_ISO4,U_ISO5,U_ISO6,U_ISO7,U_ISO8 before first order; confirm physical pin-1/top-mark orientation and resolved CPL rotations.",single-channel
C7452883,270,"Measured 2026-09-11; independent closed review retained in carrier journal archive cf21e0f44ebe114614ebf7060cc7bea500c5202648d47399021cccfdb72f9218.tar.gz (analog). Exact LT3041ADE#TRPBF; manufacturer parts/LT3041ADE-TRPBF/LT3041_RevA.pdf SHA256 35dda1deb2ffc9e20545ebe2aefd2fbd690cf9b04e8772290fd4991a4b8ef584, PDF p7 and 36 Figure 3 Pin Configuration; Figure 98 package outline/top mark and recommended land visually inspected; cached JLC footprint easyeda/C7452883/jlc.pretty/DFN-14_L4.0-W3.0-P0.50-BL-EP.kicad_mod SHA256 44822b8ffca8be6dc6b64392a84f7e740c95ce4d3a829e7367a87e72825954b5. Board SHA256 7765810d8f9734f0ff893f7411ae80628ccddf5e78a78ee920a3303e9d2a8631; pcbnew 10.0.4 GetFPRelativePosition operator rerun for U_LDO: offset 270 numbered-pad RMS 0.0000 mm over 15 pads vs next 2.4065 mm at [0, 180]; best mirrored fit 1.932184 mm. All assigned repeats have congruent local numbered-pad geometry. Manufacturer top view/function table and native pin mapping agree with physical pin 1, but that mark follows numbering and is not an independent function-tied channel. SINGLE-CHANNEL: mandatory JLC ORDER-PREVIEW human gate for U_LDO before first order; confirm physical pin-1/top-mark orientation and resolved CPL rotations.",single-channel
C22870534,0,"Littelfuse 2920L260/33DR in Fuse_2920_7451Metric; measured 2026-09-16 from the Crow carrier board against fresh public JLC/EasyEDA C22870534 F2920. Pad-number fit selects 0 at 0.0875 mm RMS versus 4.7292 mm at 90/270 and 6.6875 mm at 180. unpolarized: archived manufacturer document 02_parts/2920L260-33DR/Littelfuse_2920L_Promelec.pdf pp.1,4 shows a bidirectional PPTC with two interchangeable terminals and a symmetric package, so 0 and 180 are functionally equivalent. Final uploader echo must still resolve the exact Littelfuse MPN.",n/a
C178530,0,"Panasonic EEEFK1A471P polarized size-F SMD can; measured 2026-09-16 from Crow carrier C_FILT1_470U against fresh public JLC/EasyEDA C178530 CAP-SMD_BD8.0-L8.3-W8.3-FD. Pad-number fit selects offset 0 at 0.2800 mm RMS versus 4.8265 mm at 90/270 and 6.8200 mm at 180; native pad 1 and JLC pad 1 are both the -X terminal. The symmetric two-pad cloud supplies no independent polarity channel. SINGLE-CHANNEL: final JLC ORDER-PREVIEW human gate must confirm all four refs C_FILT1_470U,C_FILT2_470U,C_HOLD1,C_HOLD2 place the positive terminal on native pad 1 and emit their source board rotation unchanged.",single-channel
C42457798,270,"Cirrus Logic CS5308P-DN 48-pin QFN; Crow carrier U_ADC. Measured 2026-09-16 from the exact native footprint Cirrus_CS5308P_QFN48_6x6_P0.4_EP4.6 (SHA-256 b16b215a4701c1df3e94ba5edde46dabaf4194c39793fc23cb5d4a935d856d10) against cached public JLC/EasyEDA C42457798 UQFN-48_L6.0-W6.0-P0.40-BL-EP4.6 (SHA-256 d91ffd21c8410af064edf2e4d5001cc8097acf4b278000b89af1feda137567af), using a pcbnew 10.0.4 operator independent of jlc_twin. PAD-NUMBER fit over pins 1-48 selects offset 270 at rms 0.0500 mm versus 4.6385 mm next best at 0/180 (92.77x; 4.5885 mm separation); 90 is 6.5597 mm. Every mirrored candidate is 4.6385 mm rms, so reflection is excluded. Cirrus DS1314F1 Figure 1-1/PDF p.4 fixes the top-view terminal sequence and Figure 11-1/PDF p.94 fixes the physical pin-1 indicator (archived CS5308P_DS1314F1.pdf SHA-256 6ca42cc09ac47ebdacacaee435f05e3f9c34b83d5692e52a2d8a26533e810e57). Native and JLC pin-1 marks align at offset 270, but both marks follow pin numbering and are correlated confirmation, not an independent function-tied channel. SINGLE-CHANNEL: the mandatory final JLC ORDER-PREVIEW human gate must visually confirm U_ADC physical package pin-1/top-mark is on native pad 1, and that the uploader preview retains the resolved 270-degree offset before payment.",single-channel
