FAIL C-ALLOW  archived_projects/ble-bus-bar/01_docs/COST_ESTIMATE.md: not permitted by archived_projects/ble-bus-bar/01_docs/contracts.md
FAIL C-ALLOW  archived_projects/ble-bus-bar/01_docs/decisions/0001-input-protection.md: not permitted by archived_projects/ble-bus-bar/01_docs/contracts.md
FAIL C-ALLOW  archived_projects/ble-bus-bar/01_docs/decisions/0002-copper-strategy-and-layer-count.md: not permitted by archived_projects/ble-bus-bar/01_docs/contracts.md
FAIL C-ALLOW  archived_projects/ble-bus-bar/01_docs/decisions/0003-sensing-chain.md: not permitted by archived_projects/ble-bus-bar/01_docs/contracts.md
FAIL C-ALLOW  archived_projects/ble-bus-bar/01_docs/decisions/0004-mcu-ble-memory.md: not permitted by archived_projects/ble-bus-bar/01_docs/contracts.md
FAIL C-ALLOW  archived_projects/ble-bus-bar/01_docs/decisions/0005-terminals-and-fuse-holders.md: not permitted by archived_projects/ble-bus-bar/01_docs/contracts.md
FAIL C-ALLOW  archived_projects/ble-bus-bar/01_docs/decisions/0006-power-architecture.md: not permitted by archived_projects/ble-bus-bar/01_docs/contracts.md
FAIL C-ALLOW  archived_projects/ble-bus-bar/01_docs/decisions/0007-mechanical-anchoring.md: not permitted by archived_projects/ble-bus-bar/01_docs/contracts.md
FAIL C-ALLOW  archived_projects/ble-bus-bar/03_src/geom.py: not permitted by archived_projects/ble-bus-bar/03_src/contracts.md
FAIL C-ALLOW  archived_projects/ble-bus-bar/03_src/lib/bbar.kicad_sym: not permitted by archived_projects/ble-bus-bar/03_src/contracts.md
FAIL C-ALLOW  archived_projects/ble-bus-bar/03_src/lib/bbar.pretty/ESP32-C3-WROOM-02_D03.kicad_mod: not permitted by archived_projects/ble-bus-bar/03_src/contracts.md
FAIL C-ALLOW  archived_projects/ble-bus-bar/03_src/lib/bbar.pretty/FuseHolder_Keystone_3557-2.kicad_mod: not permitted by archived_projects/ble-bus-bar/03_src/contracts.md
FAIL C-ALLOW  archived_projects/ble-bus-bar/03_src/lib/bbar.pretty/Lug_M4.kicad_mod: not permitted by archived_projects/ble-bus-bar/03_src/contracts.md
FAIL C-ALLOW  archived_projects/ble-bus-bar/03_src/lib/bbar.pretty/Lug_M5.kicad_mod: not permitted by archived_projects/ble-bus-bar/03_src/contracts.md
FAIL C-ALLOW  archived_projects/ble-bus-bar/03_src/lib/bbar.pretty/Mount_M4_Plated.kicad_mod: not permitted by archived_projects/ble-bus-bar/03_src/contracts.md
FAIL C-ALLOW  archived_projects/ble-bus-bar/03_src/lib/bbar.pretty/R_Shunt_WSLP2726.kicad_mod: not permitted by archived_projects/ble-bus-bar/03_src/contracts.md
FAIL C-ALLOW  archived_projects/ble-bus-bar/03_src/make_lib.py: not permitted by archived_projects/ble-bus-bar/03_src/contracts.md
FAIL C-ALLOW  archived_projects/ble-bus-bar/03_src/route/r3.kicad_pcb: not permitted by archived_projects/ble-bus-bar/03_src/contracts.md
FAIL C-ALLOW  archived_projects/ble-bus-bar/03_src/route_channels.py: not permitted by archived_projects/ble-bus-bar/03_src/contracts.md
FAIL C-ALLOW  archived_projects/ble-bus-bar/03_src/route_prep.py: not permitted by archived_projects/ble-bus-bar/03_src/contracts.md
FAIL C-ALLOW  archived_projects/ble-bus-bar/03_src/route_waves.sh: not permitted by archived_projects/ble-bus-bar/03_src/contracts.md
FAIL C-ALLOW  archived_projects/ble-bus-bar/03_src/rules/nets.yaml: not permitted by archived_projects/ble-bus-bar/03_src/contracts.md
FAIL C-ALLOW  archived_projects/ble-bus-bar/03_src/rules/policy_audit.json: not permitted by archived_projects/ble-bus-bar/03_src/contracts.md
FAIL C-ALLOW  archived_projects/ble-bus-bar/03_src/rules/policy_waivers.yaml: not permitted by archived_projects/ble-bus-bar/03_src/contracts.md
FAIL C-ALLOW  archived_projects/ble-bus-bar/03_src/rules/twin_adjudications.yaml: not permitted by archived_projects/ble-bus-bar/03_src/contracts.md
FAIL C-ALLOW  archived_projects/ble-bus-bar/03_tscircuit/.gitignore: not permitted by archived_projects/ble-bus-bar/03_tscircuit/contracts.md
FAIL C-ALLOW  archived_projects/ble-bus-bar/04_kicad/ble_bus_bar.kicad_prl: not permitted by archived_projects/ble-bus-bar/04_kicad/contracts.md
FAIL C-ALLOW  archived_projects/ble-bus-bar/05_firmware/pinmap.md: not permitted by archived_projects/ble-bus-bar/05_firmware/contracts.md
FAIL C-ALLOW  archived_projects/ble-bus-bar/06_build/ORDER_README.md: not permitted by archived_projects/ble-bus-bar/06_build/contracts.md
FAIL C-ALLOW  archived_projects/ble-bus-bar/06_build/drc/erc.json: not permitted by archived_projects/ble-bus-bar/06_build/contracts.md
FAIL C-ALLOW  archived_projects/ble-bus-bar/06_build/drc/gate.json: not permitted by archived_projects/ble-bus-bar/06_build/contracts.md
FAIL C-ALLOW  archived_projects/ble-bus-bar/06_build/fab/ble_bus_bar-B_Cu.gbl: not permitted by archived_projects/ble-bus-bar/06_build/contracts.md
FAIL C-ALLOW  archived_projects/ble-bus-bar/06_build/fab/ble_bus_bar-B_Mask.gbs: not permitted by archived_projects/ble-bus-bar/06_build/contracts.md
FAIL C-ALLOW  archived_projects/ble-bus-bar/06_build/fab/ble_bus_bar-B_Paste.gbp: not permitted by archived_projects/ble-bus-bar/06_build/contracts.md
FAIL C-ALLOW  archived_projects/ble-bus-bar/06_build/fab/ble_bus_bar-B_Silkscreen.gbo: not permitted by archived_projects/ble-bus-bar/06_build/contracts.md
FAIL C-ALLOW  archived_projects/ble-bus-bar/06_build/fab/ble_bus_bar-Edge_Cuts.gm1: not permitted by archived_projects/ble-bus-bar/06_build/contracts.md
FAIL C-ALLOW  archived_projects/ble-bus-bar/06_build/fab/ble_bus_bar-F_Cu.gtl: not permitted by archived_projects/ble-bus-bar/06_build/contracts.md
FAIL C-ALLOW  archived_projects/ble-bus-bar/06_build/fab/ble_bus_bar-F_Mask.gts: not permitted by archived_projects/ble-bus-bar/06_build/contracts.md
FAIL C-ALLOW  archived_projects/ble-bus-bar/06_build/fab/ble_bus_bar-F_Paste.gtp: not permitted by archived_projects/ble-bus-bar/06_build/contracts.md
FAIL C-ALLOW  archived_projects/ble-bus-bar/06_build/fab/ble_bus_bar-F_Silkscreen.gto: not permitted by archived_projects/ble-bus-bar/06_build/contracts.md
FAIL C-ALLOW  archived_projects/ble-bus-bar/06_build/fab/ble_bus_bar-NPTH.drl: not permitted by archived_projects/ble-bus-bar/06_build/contracts.md
FAIL C-ALLOW  archived_projects/ble-bus-bar/06_build/fab/ble_bus_bar-PTH.drl: not permitted by archived_projects/ble-bus-bar/06_build/contracts.md
FAIL C-ALLOW  archived_projects/ble-bus-bar/06_build/fab/ble_bus_bar_gerbers.zip: not permitted by archived_projects/ble-bus-bar/06_build/contracts.md
FAIL C-ALLOW  archived_projects/ble-bus-bar/06_build/fab/bom_jlc.csv: not permitted by archived_projects/ble-bus-bar/06_build/contracts.md
FAIL C-ALLOW  archived_projects/ble-bus-bar/06_build/fab/cpl_jlc.csv: not permitted by archived_projects/ble-bus-bar/06_build/contracts.md
FAIL C-ALLOW  archived_projects/ble-bus-bar/06_build/fab/lcsc_mpn_map.csv: not permitted by archived_projects/ble-bus-bar/06_build/contracts.md
FAIL C-ALLOW  archived_projects/ble-bus-bar/06_build/full_review_2026-07-19.md: not permitted by archived_projects/ble-bus-bar/06_build/contracts.md
FAIL C-ALLOW  archived_projects/ble-bus-bar/06_build/netlists/ble_bus_bar.net: not permitted by archived_projects/ble-bus-bar/06_build/contracts.md
FAIL C-ALLOW  archived_projects/ble-bus-bar/06_build/pdf/assembly_top-1.png: not permitted by archived_projects/ble-bus-bar/06_build/contracts.md
FAIL C-ALLOW  archived_projects/ble-bus-bar/06_build/pdf/assembly_top.pdf: not permitted by archived_projects/ble-bus-bar/06_build/contracts.md
FAIL C-ALLOW  archived_projects/ble-bus-bar/06_build/pdf/pcb_layers-1.png: not permitted by archived_projects/ble-bus-bar/06_build/contracts.md
FAIL C-ALLOW  archived_projects/ble-bus-bar/06_build/pdf/pcb_layers-2.png: not permitted by archived_projects/ble-bus-bar/06_build/contracts.md
FAIL C-ALLOW  archived_projects/ble-bus-bar/06_build/pdf/pcb_layers-3.png: not permitted by archived_projects/ble-bus-bar/06_build/contracts.md
FAIL C-ALLOW  archived_projects/ble-bus-bar/06_build/pdf/pcb_layers-4.png: not permitted by archived_projects/ble-bus-bar/06_build/contracts.md
FAIL C-ALLOW  archived_projects/ble-bus-bar/06_build/pdf/pcb_layers-5.png: not permitted by archived_projects/ble-bus-bar/06_build/contracts.md
FAIL C-ALLOW  archived_projects/ble-bus-bar/06_build/pdf/pcb_layers-6.png: not permitted by archived_projects/ble-bus-bar/06_build/contracts.md
FAIL C-ALLOW  archived_projects/ble-bus-bar/06_build/pdf/pcb_layers.pdf: not permitted by archived_projects/ble-bus-bar/06_build/contracts.md
FAIL C-ALLOW  archived_projects/ble-bus-bar/06_build/pdf/schematic-1.png: not permitted by archived_projects/ble-bus-bar/06_build/contracts.md
FAIL C-ALLOW  archived_projects/ble-bus-bar/06_build/pdf/schematic.pdf: not permitted by archived_projects/ble-bus-bar/06_build/contracts.md
FAIL C-ALLOW  archived_projects/ble-bus-bar/06_build/pin_audit/D10.md: not permitted by archived_projects/ble-bus-bar/06_build/contracts.md
FAIL C-ALLOW  archived_projects/ble-bus-bar/06_build/pin_audit/D11.md: not permitted by archived_projects/ble-bus-bar/06_build/contracts.md
FAIL C-ALLOW  archived_projects/ble-bus-bar/06_build/pin_audit/D7.md: not permitted by archived_projects/ble-bus-bar/06_build/contracts.md
FAIL C-ALLOW  archived_projects/ble-bus-bar/06_build/pin_audit/D8.md: not permitted by archived_projects/ble-bus-bar/06_build/contracts.md
FAIL C-ALLOW  archived_projects/ble-bus-bar/06_build/pin_audit/D9.md: not permitted by archived_projects/ble-bus-bar/06_build/contracts.md
FAIL C-ALLOW  archived_projects/ble-bus-bar/06_build/pin_audit/F1.md: not permitted by archived_projects/ble-bus-bar/06_build/contracts.md
FAIL C-ALLOW  archived_projects/ble-bus-bar/06_build/pin_audit/J9.md: not permitted by archived_projects/ble-bus-bar/06_build/contracts.md
FAIL C-ALLOW  archived_projects/ble-bus-bar/06_build/pin_audit/LED1.md: not permitted by archived_projects/ble-bus-bar/06_build/contracts.md
FAIL C-ALLOW  archived_projects/ble-bus-bar/06_build/pin_audit/RS1.md: not permitted by archived_projects/ble-bus-bar/06_build/contracts.md
FAIL C-ALLOW  archived_projects/ble-bus-bar/06_build/pin_audit/U1.md: not permitted by archived_projects/ble-bus-bar/06_build/contracts.md
FAIL C-ALLOW  archived_projects/ble-bus-bar/06_build/pin_audit/U10.md: not permitted by archived_projects/ble-bus-bar/06_build/contracts.md
FAIL C-ALLOW  archived_projects/ble-bus-bar/06_build/pin_audit/U11.md: not permitted by archived_projects/ble-bus-bar/06_build/contracts.md
FAIL C-ALLOW  archived_projects/ble-bus-bar/06_build/pin_audit/U7.md: not permitted by archived_projects/ble-bus-bar/06_build/contracts.md
FAIL C-ALLOW  archived_projects/ble-bus-bar/06_build/pin_audit/U8.md: not permitted by archived_projects/ble-bus-bar/06_build/contracts.md
FAIL C-ALLOW  archived_projects/ble-bus-bar/06_build/pin_audit/U9.md: not permitted by archived_projects/ble-bus-bar/06_build/contracts.md
FAIL C-ALLOW  archived_projects/ble-bus-bar/06_build/policy_audit.md: not permitted by archived_projects/ble-bus-bar/06_build/contracts.md
FAIL C-ALLOW  archived_projects/ble-bus-bar/06_build/policy_drc.json: not permitted by archived_projects/ble-bus-bar/06_build/contracts.md
FAIL C-ALLOW  archived_projects/ble-bus-bar/06_build/policy_erc.json: not permitted by archived_projects/ble-bus-bar/06_build/contracts.md
FAIL C-ALLOW  archived_projects/ble-bus-bar/06_build/refdes_waiver.json: not permitted by archived_projects/ble-bus-bar/06_build/contracts.md
FAIL C-ALLOW  archived_projects/ble-bus-bar/06_build/route/r0.kicad_dru: not permitted by archived_projects/ble-bus-bar/06_build/contracts.md
FAIL C-ALLOW  archived_projects/ble-bus-bar/06_build/route/r0.kicad_pcb: not permitted by archived_projects/ble-bus-bar/06_build/contracts.md
FAIL C-ALLOW  archived_projects/ble-bus-bar/06_build/route/r0.kicad_pro: not permitted by archived_projects/ble-bus-bar/06_build/contracts.md
FAIL C-ALLOW  archived_projects/ble-bus-bar/06_build/route/r1.kicad_pcb: not permitted by archived_projects/ble-bus-bar/06_build/contracts.md
FAIL C-ALLOW  archived_projects/ble-bus-bar/06_build/route/r1.kicad_pro: not permitted by archived_projects/ble-bus-bar/06_build/contracts.md
FAIL C-ALLOW  archived_projects/ble-bus-bar/06_build/route/r1b.kicad_pcb: not permitted by archived_projects/ble-bus-bar/06_build/contracts.md
FAIL C-ALLOW  archived_projects/ble-bus-bar/06_build/route/r1b.kicad_pro: not permitted by archived_projects/ble-bus-bar/06_build/contracts.md
FAIL C-ALLOW  archived_projects/ble-bus-bar/06_build/route/r1c.kicad_pcb: not permitted by archived_projects/ble-bus-bar/06_build/contracts.md
FAIL C-ALLOW  archived_projects/ble-bus-bar/06_build/route/r1c.kicad_pro: not permitted by archived_projects/ble-bus-bar/06_build/contracts.md
FAIL C-ALLOW  archived_projects/ble-bus-bar/06_build/route/r2.kicad_pcb: not permitted by archived_projects/ble-bus-bar/06_build/contracts.md
FAIL C-ALLOW  archived_projects/ble-bus-bar/06_build/route/r2.kicad_pro: not permitted by archived_projects/ble-bus-bar/06_build/contracts.md
FAIL C-ALLOW  archived_projects/ble-bus-bar/06_build/route/r2m.kicad_pcb: not permitted by archived_projects/ble-bus-bar/06_build/contracts.md
FAIL C-ALLOW  archived_projects/ble-bus-bar/06_build/route/r3.kicad_pcb: not permitted by archived_projects/ble-bus-bar/06_build/contracts.md
FAIL C-ALLOW  archived_projects/ble-bus-bar/06_build/route/r3.kicad_pro: not permitted by archived_projects/ble-bus-bar/06_build/contracts.md
FAIL C-ALLOW  archived_projects/ble-bus-bar/06_build/route/r4.kicad_pcb: not permitted by archived_projects/ble-bus-bar/06_build/contracts.md
FAIL C-ALLOW  archived_projects/ble-bus-bar/06_build/route/r4.kicad_pro: not permitted by archived_projects/ble-bus-bar/06_build/contracts.md
FAIL C-ALLOW  archived_projects/ble-bus-bar/06_build/route/r4.log: not permitted by archived_projects/ble-bus-bar/06_build/contracts.md
FAIL C-ALLOW  archived_projects/ble-bus-bar/06_build/route/rA.kicad_pcb: not permitted by archived_projects/ble-bus-bar/06_build/contracts.md
FAIL C-ALLOW  archived_projects/ble-bus-bar/06_build/route/rA.kicad_pro: not permitted by archived_projects/ble-bus-bar/06_build/contracts.md
FAIL C-ALLOW  archived_projects/ble-bus-bar/06_build/route/rB.kicad_pcb: not permitted by archived_projects/ble-bus-bar/06_build/contracts.md
FAIL C-ALLOW  archived_projects/ble-bus-bar/06_build/route/rB.kicad_pro: not permitted by archived_projects/ble-bus-bar/06_build/contracts.md
FAIL C-ALLOW  archived_projects/ble-bus-bar/06_build/route/rB2.kicad_pcb: not permitted by archived_projects/ble-bus-bar/06_build/contracts.md
FAIL C-ALLOW  archived_projects/ble-bus-bar/06_build/route/rB2.kicad_pro: not permitted by archived_projects/ble-bus-bar/06_build/contracts.md
FAIL C-ALLOW  archived_projects/ble-bus-bar/06_build/route/rB3.kicad_pcb: not permitted by archived_projects/ble-bus-bar/06_build/contracts.md
FAIL C-ALLOW  archived_projects/ble-bus-bar/06_build/route/rB3.kicad_pro: not permitted by archived_projects/ble-bus-bar/06_build/contracts.md
FAIL C-ALLOW  archived_projects/ble-bus-bar/06_build/route/rC.kicad_pcb: not permitted by archived_projects/ble-bus-bar/06_build/contracts.md
FAIL C-ALLOW  archived_projects/ble-bus-bar/06_build/route/rC.kicad_pro: not permitted by archived_projects/ble-bus-bar/06_build/contracts.md
FAIL C-ALLOW  archived_projects/ble-bus-bar/06_build/route/rh.kicad_pcb: not permitted by archived_projects/ble-bus-bar/06_build/contracts.md
FAIL C-ALLOW  archived_projects/ble-bus-bar/06_build/route/rh.kicad_pro: not permitted by archived_projects/ble-bus-bar/06_build/contracts.md
FAIL C-ALLOW  archived_projects/ble-bus-bar/06_build/route/waves.log: not permitted by archived_projects/ble-bus-bar/06_build/contracts.md
FAIL C-ALLOW  archived_projects/ble-bus-bar/06_build/twin/easyeda/C12891/jlc.3dshapes/C1206_L3.2-W1.6-H1.3.step: not permitted by archived_projects/ble-bus-bar/06_build/contracts.md
FAIL C-ALLOW  archived_projects/ble-bus-bar/06_build/twin/easyeda/C12891/jlc.3dshapes/C1206_L3.2-W1.6-H1.3.wrl: not permitted by archived_projects/ble-bus-bar/06_build/contracts.md
FAIL C-ALLOW  archived_projects/ble-bus-bar/06_build/twin/easyeda/C12891/jlc.kicad_sym: not permitted by archived_projects/ble-bus-bar/06_build/contracts.md
FAIL C-ALLOW  archived_projects/ble-bus-bar/06_build/twin/easyeda/C12891/jlc.pretty/C1206.kicad_mod: not permitted by archived_projects/ble-bus-bar/06_build/contracts.md
FAIL C-ALLOW  archived_projects/ble-bus-bar/06_build/twin/easyeda/C149504/jlc.3dshapes/R0805_L2.0-W1.3-H0.6.step: not permitted by archived_projects/ble-bus-bar/06_build/contracts.md
FAIL C-ALLOW  archived_projects/ble-bus-bar/06_build/twin/easyeda/C149504/jlc.3dshapes/R0805_L2.0-W1.3-H0.6.wrl: not permitted by archived_projects/ble-bus-bar/06_build/contracts.md
FAIL C-ALLOW  archived_projects/ble-bus-bar/06_build/twin/easyeda/C149504/jlc.kicad_sym: not permitted by archived_projects/ble-bus-bar/06_build/contracts.md
FAIL C-ALLOW  archived_projects/ble-bus-bar/06_build/twin/easyeda/C149504/jlc.pretty/R0805.kicad_mod: not permitted by archived_projects/ble-bus-bar/06_build/contracts.md
FAIL C-ALLOW  archived_projects/ble-bus-bar/06_build/twin/easyeda/C15785/jlc.3dshapes/R0805_L2.0-W1.3-H0.6.step: not permitted by archived_projects/ble-bus-bar/06_build/contracts.md
FAIL C-ALLOW  archived_projects/ble-bus-bar/06_build/twin/easyeda/C15785/jlc.3dshapes/R0805_L2.0-W1.3-H0.6.wrl: not permitted by archived_projects/ble-bus-bar/06_build/contracts.md
FAIL C-ALLOW  archived_projects/ble-bus-bar/06_build/twin/easyeda/C15785/jlc.kicad_sym: not permitted by archived_projects/ble-bus-bar/06_build/contracts.md
FAIL C-ALLOW  archived_projects/ble-bus-bar/06_build/twin/easyeda/C15785/jlc.pretty/R0805.kicad_mod: not permitted by archived_projects/ble-bus-bar/06_build/contracts.md
FAIL C-ALLOW  archived_projects/ble-bus-bar/06_build/twin/easyeda/C15850/jlc.3dshapes/C0805_L2.0-W1.3-H1.3.step: not permitted by archived_projects/ble-bus-bar/06_build/contracts.md
FAIL C-ALLOW  archived_projects/ble-bus-bar/06_build/twin/easyeda/C15850/jlc.3dshapes/C0805_L2.0-W1.3-H1.3.wrl: not permitted by archived_projects/ble-bus-bar/06_build/contracts.md
FAIL C-ALLOW  archived_projects/ble-bus-bar/06_build/twin/easyeda/C15850/jlc.kicad_sym: not permitted by archived_projects/ble-bus-bar/06_build/contracts.md
FAIL C-ALLOW  archived_projects/ble-bus-bar/06_build/twin/easyeda/C15850/jlc.pretty/C0805.kicad_mod: not permitted by archived_projects/ble-bus-bar/06_build/contracts.md
FAIL C-ALLOW  archived_projects/ble-bus-bar/06_build/twin/easyeda/C15874/jlc.3dshapes/SMA_L4.3-W2.6-LS5.2-RD.step: not permitted by archived_projects/ble-bus-bar/06_build/contracts.md
FAIL C-ALLOW  archived_projects/ble-bus-bar/06_build/twin/easyeda/C15874/jlc.3dshapes/SMA_L4.3-W2.6-LS5.2-RD.wrl: not permitted by archived_projects/ble-bus-bar/06_build/contracts.md
FAIL C-ALLOW  archived_projects/ble-bus-bar/06_build/twin/easyeda/C15874/jlc.kicad_sym: not permitted by archived_projects/ble-bus-bar/06_build/contracts.md
FAIL C-ALLOW  archived_projects/ble-bus-bar/06_build/twin/easyeda/C15874/jlc.pretty/SMA_L4.3-W2.6-LS5.2-RD.kicad_mod: not permitted by archived_projects/ble-bus-bar/06_build/contracts.md
FAIL C-ALLOW  archived_projects/ble-bus-bar/06_build/twin/easyeda/C165948/jlc.3dshapes/USB-C_SMD-TYPE-C-31-M-12_1.step: not permitted by archived_projects/ble-bus-bar/06_build/contracts.md
FAIL C-ALLOW  archived_projects/ble-bus-bar/06_build/twin/easyeda/C165948/jlc.3dshapes/USB-C_SMD-TYPE-C-31-M-12_1.wrl: not permitted by archived_projects/ble-bus-bar/06_build/contracts.md
FAIL C-ALLOW  archived_projects/ble-bus-bar/06_build/twin/easyeda/C165948/jlc.kicad_sym: not permitted by archived_projects/ble-bus-bar/06_build/contracts.md
FAIL C-ALLOW  archived_projects/ble-bus-bar/06_build/twin/easyeda/C165948/jlc.pretty/USB-C_SMD-TYPE-C-31-M-12_1.kicad_mod: not permitted by archived_projects/ble-bus-bar/06_build/contracts.md
FAIL C-ALLOW  archived_projects/ble-bus-bar/06_build/twin/easyeda/C173526/jlc.3dshapes/SMB_L4.6-W3.6-LS5.3-RD.step: not permitted by archived_projects/ble-bus-bar/06_build/contracts.md
FAIL C-ALLOW  archived_projects/ble-bus-bar/06_build/twin/easyeda/C173526/jlc.3dshapes/SMB_L4.6-W3.6-LS5.3-RD.wrl: not permitted by archived_projects/ble-bus-bar/06_build/contracts.md
FAIL C-ALLOW  archived_projects/ble-bus-bar/06_build/twin/easyeda/C173526/jlc.kicad_sym: not permitted by archived_projects/ble-bus-bar/06_build/contracts.md
FAIL C-ALLOW  archived_projects/ble-bus-bar/06_build/twin/easyeda/C173526/jlc.pretty/SMB_L4.6-W3.6-LS5.3-RD.kicad_mod: not permitted by archived_projects/ble-bus-bar/06_build/contracts.md
FAIL C-ALLOW  archived_projects/ble-bus-bar/06_build/twin/easyeda/C17414/jlc.3dshapes/R0805_L2.0-W1.3-H0.6.step: not permitted by archived_projects/ble-bus-bar/06_build/contracts.md
FAIL C-ALLOW  archived_projects/ble-bus-bar/06_build/twin/easyeda/C17414/jlc.3dshapes/R0805_L2.0-W1.3-H0.6.wrl: not permitted by archived_projects/ble-bus-bar/06_build/contracts.md
FAIL C-ALLOW  archived_projects/ble-bus-bar/06_build/twin/easyeda/C17414/jlc.kicad_sym: not permitted by archived_projects/ble-bus-bar/06_build/contracts.md
FAIL C-ALLOW  archived_projects/ble-bus-bar/06_build/twin/easyeda/C17414/jlc.pretty/R0805.kicad_mod: not permitted by archived_projects/ble-bus-bar/06_build/contracts.md
FAIL C-ALLOW  archived_projects/ble-bus-bar/06_build/twin/easyeda/C17415/jlc.3dshapes/R0805_L2.0-W1.3-H0.6.step: not permitted by archived_projects/ble-bus-bar/06_build/contracts.md
FAIL C-ALLOW  archived_projects/ble-bus-bar/06_build/twin/easyeda/C17415/jlc.3dshapes/R0805_L2.0-W1.3-H0.6.wrl: not permitted by archived_projects/ble-bus-bar/06_build/contracts.md
FAIL C-ALLOW  archived_projects/ble-bus-bar/06_build/twin/easyeda/C17415/jlc.kicad_sym: not permitted by archived_projects/ble-bus-bar/06_build/contracts.md
FAIL C-ALLOW  archived_projects/ble-bus-bar/06_build/twin/easyeda/C17415/jlc.pretty/R0805_NEW.kicad_mod: not permitted by archived_projects/ble-bus-bar/06_build/contracts.md
FAIL C-ALLOW  archived_projects/ble-bus-bar/06_build/twin/easyeda/C17513/jlc.3dshapes/R0805_L2.0-W1.3-H0.6.step: not permitted by archived_projects/ble-bus-bar/06_build/contracts.md
FAIL C-ALLOW  archived_projects/ble-bus-bar/06_build/twin/easyeda/C17513/jlc.3dshapes/R0805_L2.0-W1.3-H0.6.wrl: not permitted by archived_projects/ble-bus-bar/06_build/contracts.md
FAIL C-ALLOW  archived_projects/ble-bus-bar/06_build/twin/easyeda/C17513/jlc.kicad_sym: not permitted by archived_projects/ble-bus-bar/06_build/contracts.md
FAIL C-ALLOW  archived_projects/ble-bus-bar/06_build/twin/easyeda/C17513/jlc.pretty/R0805.kicad_mod: not permitted by archived_projects/ble-bus-bar/06_build/contracts.md
FAIL C-ALLOW  archived_projects/ble-bus-bar/06_build/twin/easyeda/C17604/jlc.3dshapes/R0805_L2.0-W1.3-H0.6.step: not permitted by archived_projects/ble-bus-bar/06_build/contracts.md
FAIL C-ALLOW  archived_projects/ble-bus-bar/06_build/twin/easyeda/C17604/jlc.3dshapes/R0805_L2.0-W1.3-H0.6.wrl: not permitted by archived_projects/ble-bus-bar/06_build/contracts.md
FAIL C-ALLOW  archived_projects/ble-bus-bar/06_build/twin/easyeda/C17604/jlc.kicad_sym: not permitted by archived_projects/ble-bus-bar/06_build/contracts.md
FAIL C-ALLOW  archived_projects/ble-bus-bar/06_build/twin/easyeda/C17604/jlc.pretty/R0805.kicad_mod: not permitted by archived_projects/ble-bus-bar/06_build/contracts.md
FAIL C-ALLOW  archived_projects/ble-bus-bar/06_build/twin/easyeda/C17633/jlc.3dshapes/R0805_L2.0-W1.3-H0.6.step: not permitted by archived_projects/ble-bus-bar/06_build/contracts.md
FAIL C-ALLOW  archived_projects/ble-bus-bar/06_build/twin/easyeda/C17633/jlc.3dshapes/R0805_L2.0-W1.3-H0.6.wrl: not permitted by archived_projects/ble-bus-bar/06_build/contracts.md
FAIL C-ALLOW  archived_projects/ble-bus-bar/06_build/twin/easyeda/C17633/jlc.kicad_sym: not permitted by archived_projects/ble-bus-bar/06_build/contracts.md
FAIL C-ALLOW  archived_projects/ble-bus-bar/06_build/twin/easyeda/C17633/jlc.pretty/R0805.kicad_mod: not permitted by archived_projects/ble-bus-bar/06_build/contracts.md
FAIL C-ALLOW  archived_projects/ble-bus-bar/06_build/twin/easyeda/C17673/jlc.3dshapes/R0805_L2.0-W1.3-H0.6.step: not permitted by archived_projects/ble-bus-bar/06_build/contracts.md
FAIL C-ALLOW  archived_projects/ble-bus-bar/06_build/twin/easyeda/C17673/jlc.3dshapes/R0805_L2.0-W1.3-H0.6.wrl: not permitted by archived_projects/ble-bus-bar/06_build/contracts.md
FAIL C-ALLOW  archived_projects/ble-bus-bar/06_build/twin/easyeda/C17673/jlc.kicad_sym: not permitted by archived_projects/ble-bus-bar/06_build/contracts.md
FAIL C-ALLOW  archived_projects/ble-bus-bar/06_build/twin/easyeda/C17673/jlc.pretty/R0805.kicad_mod: not permitted by archived_projects/ble-bus-bar/06_build/contracts.md
FAIL C-ALLOW  archived_projects/ble-bus-bar/06_build/twin/easyeda/C179171/jlc.3dshapes/SOIC-8_L5.3-W5.3-H1.9-LS7.9-P1.27.step: not permitted by archived_projects/ble-bus-bar/06_build/contracts.md
FAIL C-ALLOW  archived_projects/ble-bus-bar/06_build/twin/easyeda/C179171/jlc.3dshapes/SOIC-8_L5.3-W5.3-H1.9-LS7.9-P1.27.wrl: not permitted by archived_projects/ble-bus-bar/06_build/contracts.md
FAIL C-ALLOW  archived_projects/ble-bus-bar/06_build/twin/easyeda/C179171/jlc.kicad_sym: not permitted by archived_projects/ble-bus-bar/06_build/contracts.md
FAIL C-ALLOW  archived_projects/ble-bus-bar/06_build/twin/easyeda/C179171/jlc.pretty/SOIC-8_L5.3-W5.3-P1.27-LS8.0-BL.kicad_mod: not permitted by archived_projects/ble-bus-bar/06_build/contracts.md
FAIL C-ALLOW  archived_projects/ble-bus-bar/06_build/twin/easyeda/C2297/jlc.3dshapes/LED0805-RD.step: not permitted by archived_projects/ble-bus-bar/06_build/contracts.md
FAIL C-ALLOW  archived_projects/ble-bus-bar/06_build/twin/easyeda/C2297/jlc.3dshapes/LED0805-RD.wrl: not permitted by archived_projects/ble-bus-bar/06_build/contracts.md
FAIL C-ALLOW  archived_projects/ble-bus-bar/06_build/twin/easyeda/C2297/jlc.kicad_sym: not permitted by archived_projects/ble-bus-bar/06_build/contracts.md
FAIL C-ALLOW  archived_projects/ble-bus-bar/06_build/twin/easyeda/C2297/jlc.pretty/LED0805-R-RD.kicad_mod: not permitted by archived_projects/ble-bus-bar/06_build/contracts.md
FAIL C-ALLOW  archived_projects/ble-bus-bar/06_build/twin/easyeda/C2687116/jlc.3dshapes/SOT-23-6_L2.9-W1.6-H1.5-LS2.8-P0.95.step: not permitted by archived_projects/ble-bus-bar/06_build/contracts.md
FAIL C-ALLOW  archived_projects/ble-bus-bar/06_build/twin/easyeda/C2687116/jlc.3dshapes/SOT-23-6_L2.9-W1.6-H1.5-LS2.8-P0.95.wrl: not permitted by archived_projects/ble-bus-bar/06_build/contracts.md
FAIL C-ALLOW  archived_projects/ble-bus-bar/06_build/twin/easyeda/C2687116/jlc.kicad_sym: not permitted by archived_projects/ble-bus-bar/06_build/contracts.md
FAIL C-ALLOW  archived_projects/ble-bus-bar/06_build/twin/easyeda/C2687116/jlc.pretty/SOT-23-6_L2.9-W1.6-P0.95-LS2.8-BL.kicad_mod: not permitted by archived_projects/ble-bus-bar/06_build/contracts.md
FAIL C-ALLOW  archived_projects/ble-bus-bar/06_build/twin/easyeda/C27834/jlc.3dshapes/R0805_L2.0-W1.3-H0.6.step: not permitted by archived_projects/ble-bus-bar/06_build/contracts.md
FAIL C-ALLOW  archived_projects/ble-bus-bar/06_build/twin/easyeda/C27834/jlc.3dshapes/R0805_L2.0-W1.3-H0.6.wrl: not permitted by archived_projects/ble-bus-bar/06_build/contracts.md
FAIL C-ALLOW  archived_projects/ble-bus-bar/06_build/twin/easyeda/C27834/jlc.kicad_sym: not permitted by archived_projects/ble-bus-bar/06_build/contracts.md
FAIL C-ALLOW  archived_projects/ble-bus-bar/06_build/twin/easyeda/C27834/jlc.pretty/R0805.kicad_mod: not permitted by archived_projects/ble-bus-bar/06_build/contracts.md
FAIL C-ALLOW  archived_projects/ble-bus-bar/06_build/twin/easyeda/C28323/jlc.3dshapes/C0805_L2.0-W1.3-H1.3.step: not permitted by archived_projects/ble-bus-bar/06_build/contracts.md
FAIL C-ALLOW  archived_projects/ble-bus-bar/06_build/twin/easyeda/C28323/jlc.3dshapes/C0805_L2.0-W1.3-H1.3.wrl: not permitted by archived_projects/ble-bus-bar/06_build/contracts.md
FAIL C-ALLOW  archived_projects/ble-bus-bar/06_build/twin/easyeda/C28323/jlc.kicad_sym: not permitted by archived_projects/ble-bus-bar/06_build/contracts.md
FAIL C-ALLOW  archived_projects/ble-bus-bar/06_build/twin/easyeda/C28323/jlc.pretty/C0805.kicad_mod: not permitted by archived_projects/ble-bus-bar/06_build/contracts.md
FAIL C-ALLOW  archived_projects/ble-bus-bar/06_build/twin/easyeda/C2868250/jlc.3dshapes/VSSOP-10_L3.0-W3.0-H1.1-LS4.9-P0.50.step: not permitted by archived_projects/ble-bus-bar/06_build/contracts.md
FAIL C-ALLOW  archived_projects/ble-bus-bar/06_build/twin/easyeda/C2868250/jlc.3dshapes/VSSOP-10_L3.0-W3.0-H1.1-LS4.9-P0.50.wrl: not permitted by archived_projects/ble-bus-bar/06_build/contracts.md
FAIL C-ALLOW  archived_projects/ble-bus-bar/06_build/twin/easyeda/C2868250/jlc.kicad_sym: not permitted by archived_projects/ble-bus-bar/06_build/contracts.md
FAIL C-ALLOW  archived_projects/ble-bus-bar/06_build/twin/easyeda/C2868250/jlc.pretty/VSSOP-10_L3.0-W3.0-P0.50-LS4.9-BL.kicad_mod: not permitted by archived_projects/ble-bus-bar/06_build/contracts.md
FAIL C-ALLOW  archived_projects/ble-bus-bar/06_build/twin/easyeda/C2934560/jlc.3dshapes/BULETM-SMD_ESPRESSIF_ESP32-C3-WROOM-02-N4-4MB.step: not permitted by archived_projects/ble-bus-bar/06_build/contracts.md
FAIL C-ALLOW  archived_projects/ble-bus-bar/06_build/twin/easyeda/C2934560/jlc.3dshapes/BULETM-SMD_ESPRESSIF_ESP32-C3-WROOM-02-N4-4MB.wrl: not permitted by archived_projects/ble-bus-bar/06_build/contracts.md
FAIL C-ALLOW  archived_projects/ble-bus-bar/06_build/twin/easyeda/C2934560/jlc.kicad_sym: not permitted by archived_projects/ble-bus-bar/06_build/contracts.md
FAIL C-ALLOW  archived_projects/ble-bus-bar/06_build/twin/easyeda/C2934560/jlc.pretty/BULETM-SMD_ESPRESSIF_ESP32-C3-WROOM-02-N4-4MB.kicad_mod: not permitted by archived_projects/ble-bus-bar/06_build/contracts.md
FAIL C-ALLOW  archived_projects/ble-bus-bar/06_build/twin/easyeda/C3105/jlc.3dshapes/F1206_L3.2-W1.7-H0.6.step: not permitted by archived_projects/ble-bus-bar/06_build/contracts.md
FAIL C-ALLOW  archived_projects/ble-bus-bar/06_build/twin/easyeda/C3105/jlc.3dshapes/F1206_L3.2-W1.7-H0.6.wrl: not permitted by archived_projects/ble-bus-bar/06_build/contracts.md
FAIL C-ALLOW  archived_projects/ble-bus-bar/06_build/twin/easyeda/C3105/jlc.kicad_sym: not permitted by archived_projects/ble-bus-bar/06_build/contracts.md
FAIL C-ALLOW  archived_projects/ble-bus-bar/06_build/twin/easyeda/C3105/jlc.pretty/F1206.kicad_mod: not permitted by archived_projects/ble-bus-bar/06_build/contracts.md
FAIL C-ALLOW  archived_projects/ble-bus-bar/06_build/twin/easyeda/C318884/jlc.3dshapes/SW-SMD_4P-L5.1-W5.1-P3.70-LS6.5-TL_H1.5.step: not permitted by archived_projects/ble-bus-bar/06_build/contracts.md
FAIL C-ALLOW  archived_projects/ble-bus-bar/06_build/twin/easyeda/C318884/jlc.3dshapes/SW-SMD_4P-L5.1-W5.1-P3.70-LS6.5-TL_H1.5.wrl: not permitted by archived_projects/ble-bus-bar/06_build/contracts.md
FAIL C-ALLOW  archived_projects/ble-bus-bar/06_build/twin/easyeda/C318884/jlc.kicad_sym: not permitted by archived_projects/ble-bus-bar/06_build/contracts.md
FAIL C-ALLOW  archived_projects/ble-bus-bar/06_build/twin/easyeda/C318884/jlc.pretty/SW-SMD_4P-L5.1-W5.1-P3.70-LS6.5-TL_H1.5.kicad_mod: not permitted by archived_projects/ble-bus-bar/06_build/contracts.md
FAIL C-ALLOW  archived_projects/ble-bus-bar/06_build/twin/easyeda/C352820/jlc.3dshapes/FUSE-TH_4P-L19.8-W6.7_3557-2.step: not permitted by archived_projects/ble-bus-bar/06_build/contracts.md
FAIL C-ALLOW  archived_projects/ble-bus-bar/06_build/twin/easyeda/C352820/jlc.3dshapes/FUSE-TH_4P-L19.8-W6.7_3557-2.wrl: not permitted by archived_projects/ble-bus-bar/06_build/contracts.md
FAIL C-ALLOW  archived_projects/ble-bus-bar/06_build/twin/easyeda/C352820/jlc.kicad_sym: not permitted by archived_projects/ble-bus-bar/06_build/contracts.md
FAIL C-ALLOW  archived_projects/ble-bus-bar/06_build/twin/easyeda/C352820/jlc.pretty/FUSE-TH_4P-L19.8-W6.7_3557-2.kicad_mod: not permitted by archived_projects/ble-bus-bar/06_build/contracts.md
FAIL C-ALLOW  archived_projects/ble-bus-bar/06_build/twin/easyeda/C49678/jlc.3dshapes/C0805_L2.0-W1.3-H1.3.step: not permitted by archived_projects/ble-bus-bar/06_build/contracts.md
FAIL C-ALLOW  archived_projects/ble-bus-bar/06_build/twin/easyeda/C49678/jlc.3dshapes/C0805_L2.0-W1.3-H1.3.wrl: not permitted by archived_projects/ble-bus-bar/06_build/contracts.md
FAIL C-ALLOW  archived_projects/ble-bus-bar/06_build/twin/easyeda/C49678/jlc.kicad_sym: not permitted by archived_projects/ble-bus-bar/06_build/contracts.md
FAIL C-ALLOW  archived_projects/ble-bus-bar/06_build/twin/easyeda/C49678/jlc.pretty/C0805.kicad_mod: not permitted by archived_projects/ble-bus-bar/06_build/contracts.md
FAIL C-ALLOW  archived_projects/ble-bus-bar/06_build/twin/easyeda/C6186/jlc.3dshapes/SOT-223-4P_L6.5-W3.5-H1.6-LS7.0-P2.30.step: not permitted by archived_projects/ble-bus-bar/06_build/contracts.md
FAIL C-ALLOW  archived_projects/ble-bus-bar/06_build/twin/easyeda/C6186/jlc.3dshapes/SOT-223-4P_L6.5-W3.5-H1.6-LS7.0-P2.30.wrl: not permitted by archived_projects/ble-bus-bar/06_build/contracts.md
FAIL C-ALLOW  archived_projects/ble-bus-bar/06_build/twin/easyeda/C6186/jlc.kicad_sym: not permitted by archived_projects/ble-bus-bar/06_build/contracts.md
FAIL C-ALLOW  archived_projects/ble-bus-bar/06_build/twin/easyeda/C6186/jlc.pretty/SOT-223-3_L6.5-W3.4-P2.30-LS7.0-BR.kicad_mod: not permitted by archived_projects/ble-bus-bar/06_build/contracts.md
FAIL C-ALLOW  archived_projects/ble-bus-bar/06_build/twin/easyeda/C83454/jlc.3dshapes/IND-SMD_L6.0-W6.0-H4.5.step: not permitted by archived_projects/ble-bus-bar/06_build/contracts.md
FAIL C-ALLOW  archived_projects/ble-bus-bar/06_build/twin/easyeda/C83454/jlc.3dshapes/IND-SMD_L6.0-W6.0-H4.5.wrl: not permitted by archived_projects/ble-bus-bar/06_build/contracts.md
FAIL C-ALLOW  archived_projects/ble-bus-bar/06_build/twin/easyeda/C83454/jlc.kicad_sym: not permitted by archived_projects/ble-bus-bar/06_build/contracts.md
FAIL C-ALLOW  archived_projects/ble-bus-bar/06_build/twin/easyeda/C83454/jlc.pretty/IND-SMD_L6.0-W6.0_SWPA6045S.kicad_mod: not permitted by archived_projects/ble-bus-bar/06_build/contracts.md
FAIL C-ALLOW  archived_projects/ble-bus-bar/06_build/twin/easyeda/C844297/jlc.3dshapes/RES-SMD_4P-L6.9-W6.6_WSLP2726L5000FEA.step: not permitted by archived_projects/ble-bus-bar/06_build/contracts.md
FAIL C-ALLOW  archived_projects/ble-bus-bar/06_build/twin/easyeda/C844297/jlc.3dshapes/RES-SMD_4P-L6.9-W6.6_WSLP2726L5000FEA.wrl: not permitted by archived_projects/ble-bus-bar/06_build/contracts.md
FAIL C-ALLOW  archived_projects/ble-bus-bar/06_build/twin/easyeda/C844297/jlc.kicad_sym: not permitted by archived_projects/ble-bus-bar/06_build/contracts.md
FAIL C-ALLOW  archived_projects/ble-bus-bar/06_build/twin/easyeda/C844297/jlc.pretty/RES-SMD_4P-L6.9-W6.6_WSLP2726L5000FEA.kicad_mod: not permitted by archived_projects/ble-bus-bar/06_build/contracts.md
FAIL C-ALLOW  archived_projects/ble-bus-bar/06_build/twin/easyeda/C8598/jlc.3dshapes/SOD-123_L2.7-W1.6-LS3.7-RD-1.step: not permitted by archived_projects/ble-bus-bar/06_build/contracts.md
FAIL C-ALLOW  archived_projects/ble-bus-bar/06_build/twin/easyeda/C8598/jlc.3dshapes/SOD-123_L2.7-W1.6-LS3.7-RD-1.wrl: not permitted by archived_projects/ble-bus-bar/06_build/contracts.md
FAIL C-ALLOW  archived_projects/ble-bus-bar/06_build/twin/easyeda/C8598/jlc.kicad_sym: not permitted by archived_projects/ble-bus-bar/06_build/contracts.md
FAIL C-ALLOW  archived_projects/ble-bus-bar/06_build/twin/easyeda/C8598/jlc.pretty/SOD-123_L2.7-W1.6-LS3.7-RD-1.kicad_mod: not permitted by archived_projects/ble-bus-bar/06_build/contracts.md
FAIL C-ALLOW  archived_projects/ble-bus-bar/06_build/twin/easyeda/C86052/jlc.3dshapes/C1210_L3.2-W2.5-H2.5.step: not permitted by archived_projects/ble-bus-bar/06_build/contracts.md
FAIL C-ALLOW  archived_projects/ble-bus-bar/06_build/twin/easyeda/C86052/jlc.3dshapes/C1210_L3.2-W2.5-H2.5.wrl: not permitted by archived_projects/ble-bus-bar/06_build/contracts.md
FAIL C-ALLOW  archived_projects/ble-bus-bar/06_build/twin/easyeda/C86052/jlc.kicad_sym: not permitted by archived_projects/ble-bus-bar/06_build/contracts.md
FAIL C-ALLOW  archived_projects/ble-bus-bar/06_build/twin/easyeda/C86052/jlc.pretty/C1210.kicad_mod: not permitted by archived_projects/ble-bus-bar/06_build/contracts.md
FAIL C-ALLOW  archived_projects/ble-bus-bar/06_build/twin/easyeda/C87080/jlc.3dshapes/SOT-23-6_L2.9-W1.6-H1.5-LS2.8-P0.95.step: not permitted by archived_projects/ble-bus-bar/06_build/contracts.md
FAIL C-ALLOW  archived_projects/ble-bus-bar/06_build/twin/easyeda/C87080/jlc.3dshapes/SOT-23-6_L2.9-W1.6-H1.5-LS2.8-P0.95.wrl: not permitted by archived_projects/ble-bus-bar/06_build/contracts.md
FAIL C-ALLOW  archived_projects/ble-bus-bar/06_build/twin/easyeda/C87080/jlc.kicad_sym: not permitted by archived_projects/ble-bus-bar/06_build/contracts.md
FAIL C-ALLOW  archived_projects/ble-bus-bar/06_build/twin/easyeda/C87080/jlc.pretty/SOT-23-6_L2.9-W1.6-P0.95-LS2.8-BR.kicad_mod: not permitted by archived_projects/ble-bus-bar/06_build/contracts.md
FAIL C-ALLOW  archived_projects/ble-bus-bar/06_build/twin/twin.kicad_pcb: not permitted by archived_projects/ble-bus-bar/06_build/contracts.md
FAIL C-ALLOW  archived_projects/ble-bus-bar/06_build/twin/twin.kicad_prl: not permitted by archived_projects/ble-bus-bar/06_build/contracts.md
FAIL C-ALLOW  archived_projects/ble-bus-bar/06_build/twin/twin.kicad_pro: not permitted by archived_projects/ble-bus-bar/06_build/contracts.md
FAIL C-ALLOW  archived_projects/ble-bus-bar/06_build/twin/twin_bottom.png: not permitted by archived_projects/ble-bus-bar/06_build/contracts.md
FAIL C-ALLOW  archived_projects/ble-bus-bar/06_build/twin/twin_edge_east.png: not permitted by archived_projects/ble-bus-bar/06_build/contracts.md
FAIL C-ALLOW  archived_projects/ble-bus-bar/06_build/twin/twin_edge_west.png: not permitted by archived_projects/ble-bus-bar/06_build/contracts.md
FAIL C-ALLOW  archived_projects/ble-bus-bar/06_build/twin/twin_iso_nw.png: not permitted by archived_projects/ble-bus-bar/06_build/contracts.md
FAIL C-ALLOW  archived_projects/ble-bus-bar/06_build/twin/twin_iso_se.png: not permitted by archived_projects/ble-bus-bar/06_build/contracts.md
FAIL C-ALLOW  archived_projects/ble-bus-bar/06_build/twin/twin_report.csv: not permitted by archived_projects/ble-bus-bar/06_build/contracts.md
FAIL C-ALLOW  archived_projects/ble-bus-bar/06_build/twin/twin_run.log: not permitted by archived_projects/ble-bus-bar/06_build/contracts.md
FAIL C-ALLOW  archived_projects/ble-bus-bar/06_build/twin/twin_top.png: not permitted by archived_projects/ble-bus-bar/06_build/contracts.md
FAIL C-ALLOW  archived_projects/ble-bus-bar/06_build/verification/pin_review.md: not permitted by archived_projects/ble-bus-bar/06_build/contracts.md
FAIL C-ALLOW  archived_projects/ble-bus-bar/06_build/verification/render_review.md: not permitted by archived_projects/ble-bus-bar/06_build/contracts.md
FAIL C-ALLOW  archived_projects/ble-bus-bar/06_build/verification/twin_report.csv: not permitted by archived_projects/ble-bus-bar/06_build/contracts.md
FAIL C-ALLOW  archived_projects/ble-bus-bar/07_releases/v1.0-2026-07-19/MANIFEST.txt: not permitted by archived_projects/ble-bus-bar/07_releases/contracts.md
FAIL C-ALLOW  archived_projects/ble-bus-bar/07_releases/v1.0-2026-07-19/ORDER_README.md: not permitted by archived_projects/ble-bus-bar/07_releases/contracts.md
FAIL C-ALLOW  archived_projects/ble-bus-bar/07_releases/v1.0-2026-07-19/SUPERSEDED.md: not permitted by archived_projects/ble-bus-bar/07_releases/contracts.md
FAIL C-ALLOW  archived_projects/ble-bus-bar/07_releases/v1.0-2026-07-19/ble_bus_bar_gerbers.zip: not permitted by archived_projects/ble-bus-bar/07_releases/contracts.md
FAIL C-ALLOW  archived_projects/ble-bus-bar/07_releases/v1.0-2026-07-19/bom.csv: not permitted by archived_projects/ble-bus-bar/07_releases/contracts.md
FAIL C-ALLOW  archived_projects/ble-bus-bar/07_releases/v1.0-2026-07-19/cpl.csv: not permitted by archived_projects/ble-bus-bar/07_releases/contracts.md
FAIL C-ALLOW  archived_projects/ble-bus-bar/07_releases/v1.0-2026-07-19/pdf/assembly_top.pdf: not permitted by archived_projects/ble-bus-bar/07_releases/contracts.md
FAIL C-ALLOW  archived_projects/ble-bus-bar/07_releases/v1.0-2026-07-19/pdf/pcb_layers.pdf: not permitted by archived_projects/ble-bus-bar/07_releases/contracts.md
FAIL C-ALLOW  archived_projects/ble-bus-bar/07_releases/v1.0-2026-07-19/pdf/schematic.pdf: not permitted by archived_projects/ble-bus-bar/07_releases/contracts.md
FAIL C-ALLOW  archived_projects/ble-bus-bar/07_releases/v1.0-2026-07-19/verification/audit.txt: not permitted by archived_projects/ble-bus-bar/07_releases/contracts.md
FAIL C-ALLOW  archived_projects/ble-bus-bar/07_releases/v1.0-2026-07-19/verification/drc.json: not permitted by archived_projects/ble-bus-bar/07_releases/contracts.md
FAIL C-ALLOW  archived_projects/ble-bus-bar/07_releases/v1.0-2026-07-19/verification/erc.json: not permitted by archived_projects/ble-bus-bar/07_releases/contracts.md
FAIL C-ALLOW  archived_projects/ble-bus-bar/07_releases/v1.0-2026-07-19/verification/pin_review.md: not permitted by archived_projects/ble-bus-bar/07_releases/contracts.md
FAIL C-ALLOW  archived_projects/ble-bus-bar/07_releases/v1.0-2026-07-19/verification/policy_audit.md: not permitted by archived_projects/ble-bus-bar/07_releases/contracts.md
FAIL C-ALLOW  archived_projects/ble-bus-bar/07_releases/v1.0-2026-07-19/verification/render_review.md: not permitted by archived_projects/ble-bus-bar/07_releases/contracts.md
FAIL C-ALLOW  archived_projects/ble-bus-bar/07_releases/v1.0-2026-07-19/verification/stock_check.txt: not permitted by archived_projects/ble-bus-bar/07_releases/contracts.md
FAIL C-ALLOW  archived_projects/ble-bus-bar/07_releases/v1.0-2026-07-19/verification/twin_bottom.png: not permitted by archived_projects/ble-bus-bar/07_releases/contracts.md
FAIL C-ALLOW  archived_projects/ble-bus-bar/07_releases/v1.0-2026-07-19/verification/twin_edge_east.png: not permitted by archived_projects/ble-bus-bar/07_releases/contracts.md
FAIL C-ALLOW  archived_projects/ble-bus-bar/07_releases/v1.0-2026-07-19/verification/twin_edge_west.png: not permitted by archived_projects/ble-bus-bar/07_releases/contracts.md
FAIL C-ALLOW  archived_projects/ble-bus-bar/07_releases/v1.0-2026-07-19/verification/twin_iso_nw.png: not permitted by archived_projects/ble-bus-bar/07_releases/contracts.md
FAIL C-ALLOW  archived_projects/ble-bus-bar/07_releases/v1.0-2026-07-19/verification/twin_iso_se.png: not permitted by archived_projects/ble-bus-bar/07_releases/contracts.md
FAIL C-ALLOW  archived_projects/ble-bus-bar/07_releases/v1.0-2026-07-19/verification/twin_report.csv: not permitted by archived_projects/ble-bus-bar/07_releases/contracts.md
FAIL C-ALLOW  archived_projects/ble-bus-bar/07_releases/v1.0-2026-07-19/verification/twin_top.png: not permitted by archived_projects/ble-bus-bar/07_releases/contracts.md
FAIL C-ALLOW  archived_projects/ble-bus-bar/07_releases/v1.1-2026-07-19/MANIFEST.txt: not permitted by archived_projects/ble-bus-bar/07_releases/contracts.md
FAIL C-ALLOW  archived_projects/ble-bus-bar/07_releases/v1.1-2026-07-19/ORDER_README.md: not permitted by archived_projects/ble-bus-bar/07_releases/contracts.md
FAIL C-ALLOW  archived_projects/ble-bus-bar/07_releases/v1.1-2026-07-19/ble_bus_bar_gerbers.zip: not permitted by archived_projects/ble-bus-bar/07_releases/contracts.md
FAIL C-ALLOW  archived_projects/ble-bus-bar/07_releases/v1.1-2026-07-19/bom.csv: not permitted by archived_projects/ble-bus-bar/07_releases/contracts.md
FAIL C-ALLOW  archived_projects/ble-bus-bar/07_releases/v1.1-2026-07-19/cpl.csv: not permitted by archived_projects/ble-bus-bar/07_releases/contracts.md
FAIL C-ALLOW  archived_projects/ble-bus-bar/07_releases/v1.1-2026-07-19/pdf/assembly_top.pdf: not permitted by archived_projects/ble-bus-bar/07_releases/contracts.md
FAIL C-ALLOW  archived_projects/ble-bus-bar/07_releases/v1.1-2026-07-19/pdf/pcb_layers.pdf: not permitted by archived_projects/ble-bus-bar/07_releases/contracts.md
FAIL C-ALLOW  archived_projects/ble-bus-bar/07_releases/v1.1-2026-07-19/pdf/schematic.pdf: not permitted by archived_projects/ble-bus-bar/07_releases/contracts.md
FAIL C-ALLOW  archived_projects/ble-bus-bar/07_releases/v1.1-2026-07-19/verification/audit.txt: not permitted by archived_projects/ble-bus-bar/07_releases/contracts.md
FAIL C-ALLOW  archived_projects/ble-bus-bar/07_releases/v1.1-2026-07-19/verification/drc.json: not permitted by archived_projects/ble-bus-bar/07_releases/contracts.md
FAIL C-ALLOW  archived_projects/ble-bus-bar/07_releases/v1.1-2026-07-19/verification/erc.json: not permitted by archived_projects/ble-bus-bar/07_releases/contracts.md
FAIL C-ALLOW  archived_projects/ble-bus-bar/07_releases/v1.1-2026-07-19/verification/pin_review.md: not permitted by archived_projects/ble-bus-bar/07_releases/contracts.md
FAIL C-ALLOW  archived_projects/ble-bus-bar/07_releases/v1.1-2026-07-19/verification/policy_audit.md: not permitted by archived_projects/ble-bus-bar/07_releases/contracts.md
FAIL C-ALLOW  archived_projects/ble-bus-bar/07_releases/v1.1-2026-07-19/verification/render_review.md: not permitted by archived_projects/ble-bus-bar/07_releases/contracts.md
FAIL C-ALLOW  archived_projects/ble-bus-bar/07_releases/v1.1-2026-07-19/verification/stock_check.txt: not permitted by archived_projects/ble-bus-bar/07_releases/contracts.md
FAIL C-ALLOW  archived_projects/ble-bus-bar/07_releases/v1.1-2026-07-19/verification/twin_bottom.png: not permitted by archived_projects/ble-bus-bar/07_releases/contracts.md
FAIL C-ALLOW  archived_projects/ble-bus-bar/07_releases/v1.1-2026-07-19/verification/twin_edge_east.png: not permitted by archived_projects/ble-bus-bar/07_releases/contracts.md
FAIL C-ALLOW  archived_projects/ble-bus-bar/07_releases/v1.1-2026-07-19/verification/twin_edge_west.png: not permitted by archived_projects/ble-bus-bar/07_releases/contracts.md
FAIL C-ALLOW  archived_projects/ble-bus-bar/07_releases/v1.1-2026-07-19/verification/twin_iso_nw.png: not permitted by archived_projects/ble-bus-bar/07_releases/contracts.md
FAIL C-ALLOW  archived_projects/ble-bus-bar/07_releases/v1.1-2026-07-19/verification/twin_iso_se.png: not permitted by archived_projects/ble-bus-bar/07_releases/contracts.md
FAIL C-ALLOW  archived_projects/ble-bus-bar/07_releases/v1.1-2026-07-19/verification/twin_report.csv: not permitted by archived_projects/ble-bus-bar/07_releases/contracts.md
FAIL C-ALLOW  archived_projects/ble-bus-bar/07_releases/v1.1-2026-07-19/verification/twin_top.png: not permitted by archived_projects/ble-bus-bar/07_releases/contracts.md
FAIL C-ALLOW  archived_projects/cook-hub/01_docs/COST_ESTIMATE.md: not permitted by archived_projects/cook-hub/01_docs/contracts.md
FAIL C-ALLOW  archived_projects/cook-hub/01_docs/decisions/0001-input-protection.md: not permitted by archived_projects/cook-hub/01_docs/contracts.md
FAIL C-ALLOW  archived_projects/cook-hub/01_docs/decisions/0002-relay-bank-and-isolation.md: not permitted by archived_projects/cook-hub/01_docs/contracts.md
FAIL C-ALLOW  archived_projects/cook-hub/01_docs/decisions/0003-watchdog-and-coil-gating.md: not permitted by archived_projects/cook-hub/01_docs/contracts.md
FAIL C-ALLOW  archived_projects/cook-hub/01_docs/decisions/0004-sensor-frontends.md: not permitted by archived_projects/cook-hub/01_docs/contracts.md
FAIL C-ALLOW  archived_projects/cook-hub/01_docs/decisions/0005-power-architecture.md: not permitted by archived_projects/cook-hub/01_docs/contracts.md
FAIL C-ALLOW  archived_projects/cook-hub/01_docs/decisions/0006-floorplan-height-and-logic-relocation.md: not permitted by archived_projects/cook-hub/01_docs/contracts.md
FAIL C-ALLOW  archived_projects/cook-hub/03_src/fixups.py: not permitted by archived_projects/cook-hub/03_src/contracts.md
FAIL C-ALLOW  archived_projects/cook-hub/03_src/geom.py: not permitted by archived_projects/cook-hub/03_src/contracts.md
FAIL C-ALLOW  archived_projects/cook-hub/03_src/lib/cookhub.kicad_sym: not permitted by archived_projects/cook-hub/03_src/contracts.md
FAIL C-ALLOW  archived_projects/cook-hub/03_src/lib/cookhub.pretty/IDC_2x16_Keyed.kicad_mod: not permitted by archived_projects/cook-hub/03_src/contracts.md
FAIL C-ALLOW  archived_projects/cook-hub/03_src/lib/cookhub.pretty/Pico2_Socket_2x20.kicad_mod: not permitted by archived_projects/cook-hub/03_src/contracts.md
FAIL C-ALLOW  archived_projects/cook-hub/03_src/lib/cookhub.pretty/Relay_StandexDIP_1A_pinout12.kicad_mod: not permitted by archived_projects/cook-hub/03_src/contracts.md
FAIL C-ALLOW  archived_projects/cook-hub/03_src/lib/cookhub.pretty/TerminalBlock_KF350_2P.kicad_mod: not permitted by archived_projects/cook-hub/03_src/contracts.md
FAIL C-ALLOW  archived_projects/cook-hub/03_src/make_lib.py: not permitted by archived_projects/cook-hub/03_src/contracts.md
FAIL C-ALLOW  archived_projects/cook-hub/03_src/make_release.sh: not permitted by archived_projects/cook-hub/03_src/contracts.md
FAIL C-ALLOW  archived_projects/cook-hub/03_src/post_sweep.py: not permitted by archived_projects/cook-hub/03_src/contracts.md
FAIL C-ALLOW  archived_projects/cook-hub/03_src/reroute_all.sh: not permitted by archived_projects/cook-hub/03_src/contracts.md
FAIL C-ALLOW  archived_projects/cook-hub/03_src/route/r2.kicad_pcb: not permitted by archived_projects/cook-hub/03_src/contracts.md
FAIL C-ALLOW  archived_projects/cook-hub/03_src/route_bank.py: not permitted by archived_projects/cook-hub/03_src/contracts.md
FAIL C-ALLOW  archived_projects/cook-hub/03_src/route_prep.py: not permitted by archived_projects/cook-hub/03_src/contracts.md
FAIL C-ALLOW  archived_projects/cook-hub/03_src/route_waves.sh: not permitted by archived_projects/cook-hub/03_src/contracts.md
FAIL C-ALLOW  archived_projects/cook-hub/03_src/rules/nets.yaml: not permitted by archived_projects/cook-hub/03_src/contracts.md
FAIL C-ALLOW  archived_projects/cook-hub/03_src/rules/policy_waivers.yaml: not permitted by archived_projects/cook-hub/03_src/contracts.md
FAIL C-ALLOW  archived_projects/cook-hub/03_src/rules/twin_adjudications.yaml: not permitted by archived_projects/cook-hub/03_src/contracts.md
FAIL C-ALLOW  archived_projects/cook-hub/03_tscircuit/.gitignore: not permitted by archived_projects/cook-hub/03_tscircuit/contracts.md
FAIL C-ALLOW  archived_projects/cook-hub/04_kicad/cook_hub.kicad_prl: not permitted by archived_projects/cook-hub/04_kicad/contracts.md
FAIL C-ALLOW  archived_projects/cook-hub/05_firmware/PROTOCOL.md: not permitted by archived_projects/cook-hub/05_firmware/contracts.md
FAIL C-ALLOW  archived_projects/cook-hub/05_firmware/include/pinmap.h: not permitted by archived_projects/cook-hub/05_firmware/contracts.md
FAIL C-ALLOW  archived_projects/cook-hub/05_firmware/include/protocol.h: not permitted by archived_projects/cook-hub/05_firmware/contracts.md
FAIL C-ALLOW  archived_projects/cook-hub/05_firmware/src/relay_fsm.h: not permitted by archived_projects/cook-hub/05_firmware/contracts.md
FAIL C-ALLOW  archived_projects/cook-hub/05_firmware/src/watchdog.h: not permitted by archived_projects/cook-hub/05_firmware/contracts.md
FAIL C-ALLOW  archived_projects/cook-hub/06_build/drc/cur.json: not permitted by archived_projects/cook-hub/06_build/contracts.md
FAIL C-ALLOW  archived_projects/cook-hub/06_build/drc/erc.json: not permitted by archived_projects/cook-hub/06_build/contracts.md
FAIL C-ALLOW  archived_projects/cook-hub/06_build/drc/g2.json: not permitted by archived_projects/cook-hub/06_build/contracts.md
FAIL C-ALLOW  archived_projects/cook-hub/06_build/drc/gate.json: not permitted by archived_projects/cook-hub/06_build/contracts.md
FAIL C-ALLOW  archived_projects/cook-hub/06_build/drc/gate.rpt: not permitted by archived_projects/cook-hub/06_build/contracts.md
FAIL C-ALLOW  archived_projects/cook-hub/06_build/drc/restored.json: not permitted by archived_projects/cook-hub/06_build/contracts.md
FAIL C-ALLOW  archived_projects/cook-hub/06_build/drc/t.json: not permitted by archived_projects/cook-hub/06_build/contracts.md
FAIL C-ALLOW  archived_projects/cook-hub/06_build/fab/bom_jlc.csv: not permitted by archived_projects/cook-hub/06_build/contracts.md
FAIL C-ALLOW  archived_projects/cook-hub/06_build/fab/cook_hub-B_Cu.gbl: not permitted by archived_projects/cook-hub/06_build/contracts.md
FAIL C-ALLOW  archived_projects/cook-hub/06_build/fab/cook_hub-B_Mask.gbs: not permitted by archived_projects/cook-hub/06_build/contracts.md
FAIL C-ALLOW  archived_projects/cook-hub/06_build/fab/cook_hub-B_Paste.gbp: not permitted by archived_projects/cook-hub/06_build/contracts.md
FAIL C-ALLOW  archived_projects/cook-hub/06_build/fab/cook_hub-B_Silkscreen.gbo: not permitted by archived_projects/cook-hub/06_build/contracts.md
FAIL C-ALLOW  archived_projects/cook-hub/06_build/fab/cook_hub-Edge_Cuts.gm1: not permitted by archived_projects/cook-hub/06_build/contracts.md
FAIL C-ALLOW  archived_projects/cook-hub/06_build/fab/cook_hub-F_Cu.gtl: not permitted by archived_projects/cook-hub/06_build/contracts.md
FAIL C-ALLOW  archived_projects/cook-hub/06_build/fab/cook_hub-F_Mask.gts: not permitted by archived_projects/cook-hub/06_build/contracts.md
FAIL C-ALLOW  archived_projects/cook-hub/06_build/fab/cook_hub-F_Paste.gtp: not permitted by archived_projects/cook-hub/06_build/contracts.md
FAIL C-ALLOW  archived_projects/cook-hub/06_build/fab/cook_hub-F_Silkscreen.gto: not permitted by archived_projects/cook-hub/06_build/contracts.md
FAIL C-ALLOW  archived_projects/cook-hub/06_build/fab/cook_hub-In1_Cu.g1: not permitted by archived_projects/cook-hub/06_build/contracts.md
FAIL C-ALLOW  archived_projects/cook-hub/06_build/fab/cook_hub-In2_Cu.g2: not permitted by archived_projects/cook-hub/06_build/contracts.md
FAIL C-ALLOW  archived_projects/cook-hub/06_build/fab/cook_hub-NPTH.drl: not permitted by archived_projects/cook-hub/06_build/contracts.md
FAIL C-ALLOW  archived_projects/cook-hub/06_build/fab/cook_hub-PTH.drl: not permitted by archived_projects/cook-hub/06_build/contracts.md
FAIL C-ALLOW  archived_projects/cook-hub/06_build/fab/cook_hub_gerbers.zip: not permitted by archived_projects/cook-hub/06_build/contracts.md
FAIL C-ALLOW  archived_projects/cook-hub/06_build/fab/cpl_jlc.csv: not permitted by archived_projects/cook-hub/06_build/contracts.md
FAIL C-ALLOW  archived_projects/cook-hub/06_build/fab/generic_search_input.csv: not permitted by archived_projects/cook-hub/06_build/contracts.md
FAIL C-ALLOW  archived_projects/cook-hub/06_build/fab/lcsc_mpn_map.csv: not permitted by archived_projects/cook-hub/06_build/contracts.md
FAIL C-ALLOW  archived_projects/cook-hub/06_build/netlists/cook_hub.net: not permitted by archived_projects/cook-hub/06_build/contracts.md
FAIL C-ALLOW  archived_projects/cook-hub/06_build/pdf/assembly_top-1.png: not permitted by archived_projects/cook-hub/06_build/contracts.md
FAIL C-ALLOW  archived_projects/cook-hub/06_build/pdf/assembly_top.pdf: not permitted by archived_projects/cook-hub/06_build/contracts.md
FAIL C-ALLOW  archived_projects/cook-hub/06_build/pdf/pcb_layers-1.png: not permitted by archived_projects/cook-hub/06_build/contracts.md
FAIL C-ALLOW  archived_projects/cook-hub/06_build/pdf/pcb_layers-2.png: not permitted by archived_projects/cook-hub/06_build/contracts.md
FAIL C-ALLOW  archived_projects/cook-hub/06_build/pdf/pcb_layers-3.png: not permitted by archived_projects/cook-hub/06_build/contracts.md
FAIL C-ALLOW  archived_projects/cook-hub/06_build/pdf/pcb_layers-4.png: not permitted by archived_projects/cook-hub/06_build/contracts.md
FAIL C-ALLOW  archived_projects/cook-hub/06_build/pdf/pcb_layers-5.png: not permitted by archived_projects/cook-hub/06_build/contracts.md
FAIL C-ALLOW  archived_projects/cook-hub/06_build/pdf/pcb_layers-6.png: not permitted by archived_projects/cook-hub/06_build/contracts.md
FAIL C-ALLOW  archived_projects/cook-hub/06_build/pdf/pcb_layers.pdf: not permitted by archived_projects/cook-hub/06_build/contracts.md
FAIL C-ALLOW  archived_projects/cook-hub/06_build/pdf/schematic-1.png: not permitted by archived_projects/cook-hub/06_build/contracts.md
FAIL C-ALLOW  archived_projects/cook-hub/06_build/pdf/schematic.pdf: not permitted by archived_projects/cook-hub/06_build/contracts.md
FAIL C-ALLOW  archived_projects/cook-hub/06_build/pin_review.md: not permitted by archived_projects/cook-hub/06_build/contracts.md
FAIL C-ALLOW  archived_projects/cook-hub/06_build/pin_review/D1.md: not permitted by archived_projects/cook-hub/06_build/contracts.md
FAIL C-ALLOW  archived_projects/cook-hub/06_build/pin_review/D2.md: not permitted by archived_projects/cook-hub/06_build/contracts.md
FAIL C-ALLOW  archived_projects/cook-hub/06_build/pin_review/J1.md: not permitted by archived_projects/cook-hub/06_build/contracts.md
FAIL C-ALLOW  archived_projects/cook-hub/06_build/pin_review/J11.md: not permitted by archived_projects/cook-hub/06_build/contracts.md
FAIL C-ALLOW  archived_projects/cook-hub/06_build/pin_review/J6.md: not permitted by archived_projects/cook-hub/06_build/contracts.md
FAIL C-ALLOW  archived_projects/cook-hub/06_build/pin_review/K1.md: not permitted by archived_projects/cook-hub/06_build/contracts.md
FAIL C-ALLOW  archived_projects/cook-hub/06_build/pin_review/Q1.md: not permitted by archived_projects/cook-hub/06_build/contracts.md
FAIL C-ALLOW  archived_projects/cook-hub/06_build/pin_review/Q2.md: not permitted by archived_projects/cook-hub/06_build/contracts.md
FAIL C-ALLOW  archived_projects/cook-hub/06_build/pin_review/SJ1.md: not permitted by archived_projects/cook-hub/06_build/contracts.md
FAIL C-ALLOW  archived_projects/cook-hub/06_build/pin_review/U1.md: not permitted by archived_projects/cook-hub/06_build/contracts.md
FAIL C-ALLOW  archived_projects/cook-hub/06_build/pin_review/U10.md: not permitted by archived_projects/cook-hub/06_build/contracts.md
FAIL C-ALLOW  archived_projects/cook-hub/06_build/pin_review/U11.md: not permitted by archived_projects/cook-hub/06_build/contracts.md
FAIL C-ALLOW  archived_projects/cook-hub/06_build/pin_review/U12.md: not permitted by archived_projects/cook-hub/06_build/contracts.md
FAIL C-ALLOW  archived_projects/cook-hub/06_build/pin_review/U5.md: not permitted by archived_projects/cook-hub/06_build/contracts.md
FAIL C-ALLOW  archived_projects/cook-hub/06_build/pin_review/U6.md: not permitted by archived_projects/cook-hub/06_build/contracts.md
FAIL C-ALLOW  archived_projects/cook-hub/06_build/pin_review/U7.md: not permitted by archived_projects/cook-hub/06_build/contracts.md
FAIL C-ALLOW  archived_projects/cook-hub/06_build/pin_review/U8.md: not permitted by archived_projects/cook-hub/06_build/contracts.md
FAIL C-ALLOW  archived_projects/cook-hub/06_build/pin_review/U9.md: not permitted by archived_projects/cook-hub/06_build/contracts.md
FAIL C-ALLOW  archived_projects/cook-hub/06_build/policy_audit.md: not permitted by archived_projects/cook-hub/06_build/contracts.md
FAIL C-ALLOW  archived_projects/cook-hub/06_build/policy_drc.json: not permitted by archived_projects/cook-hub/06_build/contracts.md
FAIL C-ALLOW  archived_projects/cook-hub/06_build/policy_erc.json: not permitted by archived_projects/cook-hub/06_build/contracts.md
FAIL C-ALLOW  archived_projects/cook-hub/06_build/refdes_waiver.json: not permitted by archived_projects/cook-hub/06_build/contracts.md
FAIL C-ALLOW  archived_projects/cook-hub/06_build/render/bottom.png: not permitted by archived_projects/cook-hub/06_build/contracts.md
FAIL C-ALLOW  archived_projects/cook-hub/06_build/render/current.png: not permitted by archived_projects/cook-hub/06_build/contracts.md
FAIL C-ALLOW  archived_projects/cook-hub/06_build/render/current.svg: not permitted by archived_projects/cook-hub/06_build/contracts.md
FAIL C-ALLOW  archived_projects/cook-hub/06_build/render/floorplan_v2.png: not permitted by archived_projects/cook-hub/06_build/contracts.md
FAIL C-ALLOW  archived_projects/cook-hub/06_build/render/floorplan_v2.svg: not permitted by archived_projects/cook-hub/06_build/contracts.md
FAIL C-ALLOW  archived_projects/cook-hub/06_build/render/top.png: not permitted by archived_projects/cook-hub/06_build/contracts.md
FAIL C-ALLOW  archived_projects/cook-hub/06_build/route/bank.log: not permitted by archived_projects/cook-hub/06_build/contracts.md
FAIL C-ALLOW  archived_projects/cook-hub/06_build/route/nets_pwr.txt: not permitted by archived_projects/cook-hub/06_build/contracts.md
FAIL C-ALLOW  archived_projects/cook-hub/06_build/route/nets_sig.txt: not permitted by archived_projects/cook-hub/06_build/contracts.md
FAIL C-ALLOW  archived_projects/cook-hub/06_build/route/nets_spi.txt: not permitted by archived_projects/cook-hub/06_build/contracts.md
FAIL C-ALLOW  archived_projects/cook-hub/06_build/route/r0.kicad_dru: not permitted by archived_projects/cook-hub/06_build/contracts.md
FAIL C-ALLOW  archived_projects/cook-hub/06_build/route/r0.kicad_pcb: not permitted by archived_projects/cook-hub/06_build/contracts.md
FAIL C-ALLOW  archived_projects/cook-hub/06_build/route/r0.kicad_pro: not permitted by archived_projects/cook-hub/06_build/contracts.md
FAIL C-ALLOW  archived_projects/cook-hub/06_build/route/r1.kicad_pcb: not permitted by archived_projects/cook-hub/06_build/contracts.md
FAIL C-ALLOW  archived_projects/cook-hub/06_build/route/r1.kicad_pro: not permitted by archived_projects/cook-hub/06_build/contracts.md
FAIL C-ALLOW  archived_projects/cook-hub/06_build/route/r1b.kicad_pcb: not permitted by archived_projects/cook-hub/06_build/contracts.md
FAIL C-ALLOW  archived_projects/cook-hub/06_build/route/r1b.kicad_pro: not permitted by archived_projects/cook-hub/06_build/contracts.md
FAIL C-ALLOW  archived_projects/cook-hub/06_build/route/r2.kicad_pcb: not permitted by archived_projects/cook-hub/06_build/contracts.md
FAIL C-ALLOW  archived_projects/cook-hub/06_build/route/r2.kicad_pro: not permitted by archived_projects/cook-hub/06_build/contracts.md
FAIL C-ALLOW  archived_projects/cook-hub/06_build/route/r2_champ.kicad_pcb: not permitted by archived_projects/cook-hub/06_build/contracts.md
FAIL C-ALLOW  archived_projects/cook-hub/06_build/route/r2_champ_fix.kicad_pcb: not permitted by archived_projects/cook-hub/06_build/contracts.md
FAIL C-ALLOW  archived_projects/cook-hub/06_build/route/r2_champ_wd.kicad_pcb: not permitted by archived_projects/cook-hub/06_build/contracts.md
FAIL C-ALLOW  archived_projects/cook-hub/06_build/route/r2_champ_wd.kicad_pro: not permitted by archived_projects/cook-hub/06_build/contracts.md
FAIL C-ALLOW  archived_projects/cook-hub/06_build/route/r2_champ_wd2.kicad_pcb: not permitted by archived_projects/cook-hub/06_build/contracts.md
FAIL C-ALLOW  archived_projects/cook-hub/06_build/route/r2_champ_wd2.kicad_pro: not permitted by archived_projects/cook-hub/06_build/contracts.md
FAIL C-ALLOW  archived_projects/cook-hub/06_build/route/r2_p.kicad_pcb: not permitted by archived_projects/cook-hub/06_build/contracts.md
FAIL C-ALLOW  archived_projects/cook-hub/06_build/route/r2_p2.kicad_pcb: not permitted by archived_projects/cook-hub/06_build/contracts.md
FAIL C-ALLOW  archived_projects/cook-hub/06_build/route/r2_p2.kicad_pro: not permitted by archived_projects/cook-hub/06_build/contracts.md
FAIL C-ALLOW  archived_projects/cook-hub/06_build/route/r2_strip.kicad_pcb: not permitted by archived_projects/cook-hub/06_build/contracts.md
FAIL C-ALLOW  archived_projects/cook-hub/06_build/route/r2_strip.kicad_prl: not permitted by archived_projects/cook-hub/06_build/contracts.md
FAIL C-ALLOW  archived_projects/cook-hub/06_build/route/r2_strip.kicad_pro: not permitted by archived_projects/cook-hub/06_build/contracts.md
FAIL C-ALLOW  archived_projects/cook-hub/06_build/route/r2_tap.kicad_pcb: not permitted by archived_projects/cook-hub/06_build/contracts.md
FAIL C-ALLOW  archived_projects/cook-hub/06_build/route/r2_tap2.kicad_pcb: not permitted by archived_projects/cook-hub/06_build/contracts.md
FAIL C-ALLOW  archived_projects/cook-hub/06_build/route/r2_tap2.kicad_pro: not permitted by archived_projects/cook-hub/06_build/contracts.md
FAIL C-ALLOW  archived_projects/cook-hub/06_build/route/r2_wd.kicad_pcb: not permitted by archived_projects/cook-hub/06_build/contracts.md
FAIL C-ALLOW  archived_projects/cook-hub/06_build/route/r2b.kicad_pcb: not permitted by archived_projects/cook-hub/06_build/contracts.md
FAIL C-ALLOW  archived_projects/cook-hub/06_build/route/r2b.kicad_pro: not permitted by archived_projects/cook-hub/06_build/contracts.md
FAIL C-ALLOW  archived_projects/cook-hub/06_build/route/r2c.kicad_pcb: not permitted by archived_projects/cook-hub/06_build/contracts.md
FAIL C-ALLOW  archived_projects/cook-hub/06_build/route/r2c.kicad_pro: not permitted by archived_projects/cook-hub/06_build/contracts.md
FAIL C-ALLOW  archived_projects/cook-hub/06_build/route/r2d.kicad_pcb: not permitted by archived_projects/cook-hub/06_build/contracts.md
FAIL C-ALLOW  archived_projects/cook-hub/06_build/route/r2d.kicad_pro: not permitted by archived_projects/cook-hub/06_build/contracts.md
FAIL C-ALLOW  archived_projects/cook-hub/06_build/route/r2e.kicad_pcb: not permitted by archived_projects/cook-hub/06_build/contracts.md
FAIL C-ALLOW  archived_projects/cook-hub/06_build/route/r2e.kicad_pro: not permitted by archived_projects/cook-hub/06_build/contracts.md
FAIL C-ALLOW  archived_projects/cook-hub/06_build/route/r2f.kicad_pcb: not permitted by archived_projects/cook-hub/06_build/contracts.md
FAIL C-ALLOW  archived_projects/cook-hub/06_build/route/r2f.kicad_pro: not permitted by archived_projects/cook-hub/06_build/contracts.md
FAIL C-ALLOW  archived_projects/cook-hub/06_build/route/route.log: not permitted by archived_projects/cook-hub/06_build/contracts.md
FAIL C-ALLOW  archived_projects/cook-hub/06_build/route/wave2.log: not permitted by archived_projects/cook-hub/06_build/contracts.md
FAIL C-ALLOW  archived_projects/cook-hub/06_build/route/waves.log: not permitted by archived_projects/cook-hub/06_build/contracts.md
FAIL C-ALLOW  archived_projects/cook-hub/06_build/stitch.log: not permitted by archived_projects/cook-hub/06_build/contracts.md
FAIL C-ALLOW  archived_projects/cook-hub/06_build/twin/easyeda/C10092/jlc.3dshapes/SOIC-16_L9.9-W3.9-H1.8-LS6.0-P1.27.step: not permitted by archived_projects/cook-hub/06_build/contracts.md
FAIL C-ALLOW  archived_projects/cook-hub/06_build/twin/easyeda/C10092/jlc.3dshapes/SOIC-16_L9.9-W3.9-H1.8-LS6.0-P1.27.wrl: not permitted by archived_projects/cook-hub/06_build/contracts.md
FAIL C-ALLOW  archived_projects/cook-hub/06_build/twin/easyeda/C10092/jlc.kicad_sym: not permitted by archived_projects/cook-hub/06_build/contracts.md
FAIL C-ALLOW  archived_projects/cook-hub/06_build/twin/easyeda/C10092/jlc.pretty/SOIC-16_L9.9-W3.9-P1.27-LS6.0-BL.kicad_mod: not permitted by archived_projects/cook-hub/06_build/contracts.md
FAIL C-ALLOW  archived_projects/cook-hub/06_build/twin/easyeda/C1017/jlc.3dshapes/R0805_L2.0-W1.3-H0.6.step: not permitted by archived_projects/cook-hub/06_build/contracts.md
FAIL C-ALLOW  archived_projects/cook-hub/06_build/twin/easyeda/C1017/jlc.3dshapes/R0805_L2.0-W1.3-H0.6.wrl: not permitted by archived_projects/cook-hub/06_build/contracts.md
FAIL C-ALLOW  archived_projects/cook-hub/06_build/twin/easyeda/C1017/jlc.kicad_sym: not permitted by archived_projects/cook-hub/06_build/contracts.md
FAIL C-ALLOW  archived_projects/cook-hub/06_build/twin/easyeda/C1017/jlc.pretty/L0805.kicad_mod: not permitted by archived_projects/cook-hub/06_build/contracts.md
FAIL C-ALLOW  archived_projects/cook-hub/06_build/twin/easyeda/C113974/jlc.3dshapes/SMB_L4.6-W3.6-LS5.3-RD.step: not permitted by archived_projects/cook-hub/06_build/contracts.md
FAIL C-ALLOW  archived_projects/cook-hub/06_build/twin/easyeda/C113974/jlc.3dshapes/SMB_L4.6-W3.6-LS5.3-RD.wrl: not permitted by archived_projects/cook-hub/06_build/contracts.md
FAIL C-ALLOW  archived_projects/cook-hub/06_build/twin/easyeda/C113974/jlc.kicad_sym: not permitted by archived_projects/cook-hub/06_build/contracts.md
FAIL C-ALLOW  archived_projects/cook-hub/06_build/twin/easyeda/C113974/jlc.pretty/SMB_L4.6-W3.6-LS5.3-RD.kicad_mod: not permitted by archived_projects/cook-hub/06_build/contracts.md
FAIL C-ALLOW  archived_projects/cook-hub/06_build/twin/easyeda/C123302/jlc.3dshapes/SM8_L3.2-W2.9-H1.3-LS4.3-P0.65.step: not permitted by archived_projects/cook-hub/06_build/contracts.md
FAIL C-ALLOW  archived_projects/cook-hub/06_build/twin/easyeda/C123302/jlc.3dshapes/SM8_L3.2-W2.9-H1.3-LS4.3-P0.65.wrl: not permitted by archived_projects/cook-hub/06_build/contracts.md
FAIL C-ALLOW  archived_projects/cook-hub/06_build/twin/easyeda/C123302/jlc.kicad_sym: not permitted by archived_projects/cook-hub/06_build/contracts.md
FAIL C-ALLOW  archived_projects/cook-hub/06_build/twin/easyeda/C123302/jlc.pretty/SM8_L3.2-W2.9-P0.65-LS4.3-BR.kicad_mod: not permitted by archived_projects/cook-hub/06_build/contracts.md
FAIL C-ALLOW  archived_projects/cook-hub/06_build/twin/easyeda/C125121/jlc.3dshapes/OPTO-SMD-4_L4.6-W6.5-H3.6-LS10.2-P2.54.step: not permitted by archived_projects/cook-hub/06_build/contracts.md
FAIL C-ALLOW  archived_projects/cook-hub/06_build/twin/easyeda/C125121/jlc.3dshapes/OPTO-SMD-4_L4.6-W6.5-H3.6-LS10.2-P2.54.wrl: not permitted by archived_projects/cook-hub/06_build/contracts.md
FAIL C-ALLOW  archived_projects/cook-hub/06_build/twin/easyeda/C125121/jlc.kicad_sym: not permitted by archived_projects/cook-hub/06_build/contracts.md
FAIL C-ALLOW  archived_projects/cook-hub/06_build/twin/easyeda/C125121/jlc.pretty/OPTO-SMD-4_L4.6-W6.5-P2.54-LS10.3-BL.kicad_mod: not permitted by archived_projects/cook-hub/06_build/contracts.md
FAIL C-ALLOW  archived_projects/cook-hub/06_build/twin/easyeda/C130239/jlc.3dshapes/DC-IN-TH_DC005.step: not permitted by archived_projects/cook-hub/06_build/contracts.md
FAIL C-ALLOW  archived_projects/cook-hub/06_build/twin/easyeda/C130239/jlc.3dshapes/DC-IN-TH_DC005.wrl: not permitted by archived_projects/cook-hub/06_build/contracts.md
FAIL C-ALLOW  archived_projects/cook-hub/06_build/twin/easyeda/C130239/jlc.kicad_sym: not permitted by archived_projects/cook-hub/06_build/contracts.md
FAIL C-ALLOW  archived_projects/cook-hub/06_build/twin/easyeda/C130239/jlc.pretty/DC-IN-TH_DC005.kicad_mod: not permitted by archived_projects/cook-hub/06_build/contracts.md
FAIL C-ALLOW  archived_projects/cook-hub/06_build/twin/easyeda/C144394/jlc.3dshapes/CONN-TH_3P-P2.50_A2501WV2-3P.step: not permitted by archived_projects/cook-hub/06_build/contracts.md
FAIL C-ALLOW  archived_projects/cook-hub/06_build/twin/easyeda/C144394/jlc.3dshapes/CONN-TH_3P-P2.50_A2501WV2-3P.wrl: not permitted by archived_projects/cook-hub/06_build/contracts.md
FAIL C-ALLOW  archived_projects/cook-hub/06_build/twin/easyeda/C144394/jlc.kicad_sym: not permitted by archived_projects/cook-hub/06_build/contracts.md
FAIL C-ALLOW  archived_projects/cook-hub/06_build/twin/easyeda/C144394/jlc.pretty/CONN-TH_3P-P2.50_A2501WV2-3P.kicad_mod: not permitted by archived_projects/cook-hub/06_build/contracts.md
FAIL C-ALLOW  archived_projects/cook-hub/06_build/twin/easyeda/C144395/jlc.3dshapes/XH2.5-4A.step: not permitted by archived_projects/cook-hub/06_build/contracts.md
FAIL C-ALLOW  archived_projects/cook-hub/06_build/twin/easyeda/C144395/jlc.3dshapes/XH2.5-4A.wrl: not permitted by archived_projects/cook-hub/06_build/contracts.md
FAIL C-ALLOW  archived_projects/cook-hub/06_build/twin/easyeda/C144395/jlc.kicad_sym: not permitted by archived_projects/cook-hub/06_build/contracts.md
FAIL C-ALLOW  archived_projects/cook-hub/06_build/twin/easyeda/C144395/jlc.pretty/CONN-TH_B4B-XH-A-LF-SN.kicad_mod: not permitted by archived_projects/cook-hub/06_build/contracts.md
FAIL C-ALLOW  archived_projects/cook-hub/06_build/twin/easyeda/C14663/jlc.3dshapes/C0603_L1.6-W0.8-H0.8.step: not permitted by archived_projects/cook-hub/06_build/contracts.md
FAIL C-ALLOW  archived_projects/cook-hub/06_build/twin/easyeda/C14663/jlc.3dshapes/C0603_L1.6-W0.8-H0.8.wrl: not permitted by archived_projects/cook-hub/06_build/contracts.md
FAIL C-ALLOW  archived_projects/cook-hub/06_build/twin/easyeda/C14663/jlc.kicad_sym: not permitted by archived_projects/cook-hub/06_build/contracts.md
FAIL C-ALLOW  archived_projects/cook-hub/06_build/twin/easyeda/C14663/jlc.pretty/C0603.kicad_mod: not permitted by archived_projects/cook-hub/06_build/contracts.md
FAIL C-ALLOW  archived_projects/cook-hub/06_build/twin/easyeda/C15127/jlc.3dshapes/SOT-23-3P_L2.9-W1.3-H1.0-LS2.4-P0.95.step: not permitted by archived_projects/cook-hub/06_build/contracts.md
FAIL C-ALLOW  archived_projects/cook-hub/06_build/twin/easyeda/C15127/jlc.3dshapes/SOT-23-3P_L2.9-W1.3-H1.0-LS2.4-P0.95.wrl: not permitted by archived_projects/cook-hub/06_build/contracts.md
FAIL C-ALLOW  archived_projects/cook-hub/06_build/twin/easyeda/C15127/jlc.kicad_sym: not permitted by archived_projects/cook-hub/06_build/contracts.md
FAIL C-ALLOW  archived_projects/cook-hub/06_build/twin/easyeda/C15127/jlc.pretty/SOT-23_L2.9-W1.3-P1.90-LS2.4-BR.kicad_mod: not permitted by archived_projects/cook-hub/06_build/contracts.md
FAIL C-ALLOW  archived_projects/cook-hub/06_build/twin/easyeda/C157991/jlc.3dshapes/CONN-TH_XH2.50-LI-5P.step: not permitted by archived_projects/cook-hub/06_build/contracts.md
FAIL C-ALLOW  archived_projects/cook-hub/06_build/twin/easyeda/C157991/jlc.3dshapes/CONN-TH_XH2.50-LI-5P.wrl: not permitted by archived_projects/cook-hub/06_build/contracts.md
FAIL C-ALLOW  archived_projects/cook-hub/06_build/twin/easyeda/C157991/jlc.kicad_sym: not permitted by archived_projects/cook-hub/06_build/contracts.md
FAIL C-ALLOW  archived_projects/cook-hub/06_build/twin/easyeda/C157991/jlc.pretty/CONN-TH_B5B-XH-A-LF-SN.kicad_mod: not permitted by archived_projects/cook-hub/06_build/contracts.md
FAIL C-ALLOW  archived_projects/cook-hub/06_build/twin/easyeda/C158012/jlc.3dshapes/XH2.5-2A.step: not permitted by archived_projects/cook-hub/06_build/contracts.md
FAIL C-ALLOW  archived_projects/cook-hub/06_build/twin/easyeda/C158012/jlc.3dshapes/XH2.5-2A.wrl: not permitted by archived_projects/cook-hub/06_build/contracts.md
FAIL C-ALLOW  archived_projects/cook-hub/06_build/twin/easyeda/C158012/jlc.kicad_sym: not permitted by archived_projects/cook-hub/06_build/contracts.md
FAIL C-ALLOW  archived_projects/cook-hub/06_build/twin/easyeda/C158012/jlc.pretty/CONN-TH_B2B-XH-A-LF-SN.kicad_mod: not permitted by archived_projects/cook-hub/06_build/contracts.md
FAIL C-ALLOW  archived_projects/cook-hub/06_build/twin/easyeda/C15849/jlc.3dshapes/C0603_L1.6-W0.8-H0.8.step: not permitted by archived_projects/cook-hub/06_build/contracts.md
FAIL C-ALLOW  archived_projects/cook-hub/06_build/twin/easyeda/C15849/jlc.3dshapes/C0603_L1.6-W0.8-H0.8.wrl: not permitted by archived_projects/cook-hub/06_build/contracts.md
FAIL C-ALLOW  archived_projects/cook-hub/06_build/twin/easyeda/C15849/jlc.kicad_sym: not permitted by archived_projects/cook-hub/06_build/contracts.md
FAIL C-ALLOW  archived_projects/cook-hub/06_build/twin/easyeda/C15849/jlc.pretty/C0603.kicad_mod: not permitted by archived_projects/cook-hub/06_build/contracts.md
FAIL C-ALLOW  archived_projects/cook-hub/06_build/twin/easyeda/C15850/jlc.3dshapes/C0805_L2.0-W1.3-H1.3.step: not permitted by archived_projects/cook-hub/06_build/contracts.md
FAIL C-ALLOW  archived_projects/cook-hub/06_build/twin/easyeda/C15850/jlc.3dshapes/C0805_L2.0-W1.3-H1.3.wrl: not permitted by archived_projects/cook-hub/06_build/contracts.md
FAIL C-ALLOW  archived_projects/cook-hub/06_build/twin/easyeda/C15850/jlc.kicad_sym: not permitted by archived_projects/cook-hub/06_build/contracts.md
FAIL C-ALLOW  archived_projects/cook-hub/06_build/twin/easyeda/C15850/jlc.pretty/C0805.kicad_mod: not permitted by archived_projects/cook-hub/06_build/contracts.md
FAIL C-ALLOW  archived_projects/cook-hub/06_build/twin/easyeda/C21190/jlc.3dshapes/R0603.step: not permitted by archived_projects/cook-hub/06_build/contracts.md
FAIL C-ALLOW  archived_projects/cook-hub/06_build/twin/easyeda/C21190/jlc.3dshapes/R0603.wrl: not permitted by archived_projects/cook-hub/06_build/contracts.md
FAIL C-ALLOW  archived_projects/cook-hub/06_build/twin/easyeda/C21190/jlc.kicad_sym: not permitted by archived_projects/cook-hub/06_build/contracts.md
FAIL C-ALLOW  archived_projects/cook-hub/06_build/twin/easyeda/C21190/jlc.pretty/R0603.kicad_mod: not permitted by archived_projects/cook-hub/06_build/contracts.md
FAIL C-ALLOW  archived_projects/cook-hub/06_build/twin/easyeda/C22046/jlc.3dshapes/SOT-23-6_L2.9-W1.6-H1.5-LS2.8-P0.95.step: not permitted by archived_projects/cook-hub/06_build/contracts.md
FAIL C-ALLOW  archived_projects/cook-hub/06_build/twin/easyeda/C22046/jlc.3dshapes/SOT-23-6_L2.9-W1.6-H1.5-LS2.8-P0.95.wrl: not permitted by archived_projects/cook-hub/06_build/contracts.md
FAIL C-ALLOW  archived_projects/cook-hub/06_build/twin/easyeda/C22046/jlc.kicad_sym: not permitted by archived_projects/cook-hub/06_build/contracts.md
FAIL C-ALLOW  archived_projects/cook-hub/06_build/twin/easyeda/C22046/jlc.pretty/SOT-23-6_L2.9-W1.6-P0.95-LS2.8-BR.kicad_mod: not permitted by archived_projects/cook-hub/06_build/contracts.md
FAIL C-ALLOW  archived_projects/cook-hub/06_build/twin/easyeda/C22775/jlc.3dshapes/R0603.step: not permitted by archived_projects/cook-hub/06_build/contracts.md
FAIL C-ALLOW  archived_projects/cook-hub/06_build/twin/easyeda/C22775/jlc.3dshapes/R0603.wrl: not permitted by archived_projects/cook-hub/06_build/contracts.md
FAIL C-ALLOW  archived_projects/cook-hub/06_build/twin/easyeda/C22775/jlc.kicad_sym: not permitted by archived_projects/cook-hub/06_build/contracts.md
FAIL C-ALLOW  archived_projects/cook-hub/06_build/twin/easyeda/C22775/jlc.pretty/R0603.kicad_mod: not permitted by archived_projects/cook-hub/06_build/contracts.md
FAIL C-ALLOW  archived_projects/cook-hub/06_build/twin/easyeda/C22978/jlc.3dshapes/R0603.step: not permitted by archived_projects/cook-hub/06_build/contracts.md
FAIL C-ALLOW  archived_projects/cook-hub/06_build/twin/easyeda/C22978/jlc.3dshapes/R0603.wrl: not permitted by archived_projects/cook-hub/06_build/contracts.md
FAIL C-ALLOW  archived_projects/cook-hub/06_build/twin/easyeda/C22978/jlc.kicad_sym: not permitted by archived_projects/cook-hub/06_build/contracts.md
FAIL C-ALLOW  archived_projects/cook-hub/06_build/twin/easyeda/C22978/jlc.pretty/R0603.kicad_mod: not permitted by archived_projects/cook-hub/06_build/contracts.md
FAIL C-ALLOW  archived_projects/cook-hub/06_build/twin/easyeda/C23138/jlc.3dshapes/R0603.step: not permitted by archived_projects/cook-hub/06_build/contracts.md
FAIL C-ALLOW  archived_projects/cook-hub/06_build/twin/easyeda/C23138/jlc.3dshapes/R0603.wrl: not permitted by archived_projects/cook-hub/06_build/contracts.md
FAIL C-ALLOW  archived_projects/cook-hub/06_build/twin/easyeda/C23138/jlc.kicad_sym: not permitted by archived_projects/cook-hub/06_build/contracts.md
FAIL C-ALLOW  archived_projects/cook-hub/06_build/twin/easyeda/C23138/jlc.pretty/R0603.kicad_mod: not permitted by archived_projects/cook-hub/06_build/contracts.md
FAIL C-ALLOW  archived_projects/cook-hub/06_build/twin/easyeda/C23140/jlc.3dshapes/R0603.step: not permitted by archived_projects/cook-hub/06_build/contracts.md
FAIL C-ALLOW  archived_projects/cook-hub/06_build/twin/easyeda/C23140/jlc.3dshapes/R0603.wrl: not permitted by archived_projects/cook-hub/06_build/contracts.md
FAIL C-ALLOW  archived_projects/cook-hub/06_build/twin/easyeda/C23140/jlc.kicad_sym: not permitted by archived_projects/cook-hub/06_build/contracts.md
FAIL C-ALLOW  archived_projects/cook-hub/06_build/twin/easyeda/C23140/jlc.pretty/R0603.kicad_mod: not permitted by archived_projects/cook-hub/06_build/contracts.md
FAIL C-ALLOW  archived_projects/cook-hub/06_build/twin/easyeda/C23150/jlc.3dshapes/R0603.step: not permitted by archived_projects/cook-hub/06_build/contracts.md
FAIL C-ALLOW  archived_projects/cook-hub/06_build/twin/easyeda/C23150/jlc.3dshapes/R0603.wrl: not permitted by archived_projects/cook-hub/06_build/contracts.md
FAIL C-ALLOW  archived_projects/cook-hub/06_build/twin/easyeda/C23150/jlc.kicad_sym: not permitted by archived_projects/cook-hub/06_build/contracts.md
FAIL C-ALLOW  archived_projects/cook-hub/06_build/twin/easyeda/C23150/jlc.pretty/R0603.kicad_mod: not permitted by archived_projects/cook-hub/06_build/contracts.md
FAIL C-ALLOW  archived_projects/cook-hub/06_build/twin/easyeda/C23162/jlc.3dshapes/R0603.step: not permitted by archived_projects/cook-hub/06_build/contracts.md
FAIL C-ALLOW  archived_projects/cook-hub/06_build/twin/easyeda/C23162/jlc.3dshapes/R0603.wrl: not permitted by archived_projects/cook-hub/06_build/contracts.md
FAIL C-ALLOW  archived_projects/cook-hub/06_build/twin/easyeda/C23162/jlc.kicad_sym: not permitted by archived_projects/cook-hub/06_build/contracts.md
FAIL C-ALLOW  archived_projects/cook-hub/06_build/twin/easyeda/C23162/jlc.pretty/R0603.kicad_mod: not permitted by archived_projects/cook-hub/06_build/contracts.md
FAIL C-ALLOW  archived_projects/cook-hub/06_build/twin/easyeda/C25803/jlc.3dshapes/R0603.step: not permitted by archived_projects/cook-hub/06_build/contracts.md
FAIL C-ALLOW  archived_projects/cook-hub/06_build/twin/easyeda/C25803/jlc.3dshapes/R0603.wrl: not permitted by archived_projects/cook-hub/06_build/contracts.md
FAIL C-ALLOW  archived_projects/cook-hub/06_build/twin/easyeda/C25803/jlc.kicad_sym: not permitted by archived_projects/cook-hub/06_build/contracts.md
FAIL C-ALLOW  archived_projects/cook-hub/06_build/twin/easyeda/C25803/jlc.pretty/R0603.kicad_mod: not permitted by archived_projects/cook-hub/06_build/contracts.md
FAIL C-ALLOW  archived_projects/cook-hub/06_build/twin/easyeda/C25819/jlc.3dshapes/R0603.step: not permitted by archived_projects/cook-hub/06_build/contracts.md
FAIL C-ALLOW  archived_projects/cook-hub/06_build/twin/easyeda/C25819/jlc.3dshapes/R0603.wrl: not permitted by archived_projects/cook-hub/06_build/contracts.md
FAIL C-ALLOW  archived_projects/cook-hub/06_build/twin/easyeda/C25819/jlc.kicad_sym: not permitted by archived_projects/cook-hub/06_build/contracts.md
FAIL C-ALLOW  archived_projects/cook-hub/06_build/twin/easyeda/C25819/jlc.pretty/R0603.kicad_mod: not permitted by archived_projects/cook-hub/06_build/contracts.md
FAIL C-ALLOW  archived_projects/cook-hub/06_build/twin/easyeda/C2653162/jlc.3dshapes/TSSOP-14_L5.0-W4.4-H1.0-LS6.4-P0.65.step: not permitted by archived_projects/cook-hub/06_build/contracts.md
FAIL C-ALLOW  archived_projects/cook-hub/06_build/twin/easyeda/C2653162/jlc.3dshapes/TSSOP-14_L5.0-W4.4-H1.0-LS6.4-P0.65.wrl: not permitted by archived_projects/cook-hub/06_build/contracts.md
FAIL C-ALLOW  archived_projects/cook-hub/06_build/twin/easyeda/C2653162/jlc.kicad_sym: not permitted by archived_projects/cook-hub/06_build/contracts.md
FAIL C-ALLOW  archived_projects/cook-hub/06_build/twin/easyeda/C2653162/jlc.pretty/TSSOP-14_L5.0-W4.4-P0.65-LS6.4-BL.kicad_mod: not permitted by archived_projects/cook-hub/06_build/contracts.md
FAIL C-ALLOW  archived_projects/cook-hub/06_build/twin/easyeda/C2887273/jlc.3dshapes/CAP-SMD_BD6.3-L6.6-W6.6-FD.step: not permitted by archived_projects/cook-hub/06_build/contracts.md
FAIL C-ALLOW  archived_projects/cook-hub/06_build/twin/easyeda/C2887273/jlc.3dshapes/CAP-SMD_BD6.3-L6.6-W6.6-FD.wrl: not permitted by archived_projects/cook-hub/06_build/contracts.md
FAIL C-ALLOW  archived_projects/cook-hub/06_build/twin/easyeda/C2887273/jlc.kicad_sym: not permitted by archived_projects/cook-hub/06_build/contracts.md
FAIL C-ALLOW  archived_projects/cook-hub/06_build/twin/easyeda/C2887273/jlc.pretty/CAP-SMD_BD6.3-L6.6-W6.6-FD.kicad_mod: not permitted by archived_projects/cook-hub/06_build/contracts.md
FAIL C-ALLOW  archived_projects/cook-hub/06_build/twin/easyeda/C318884/jlc.3dshapes/SW-SMD_4P-L5.1-W5.1-P3.70-LS6.5-TL_H1.5.step: not permitted by archived_projects/cook-hub/06_build/contracts.md
FAIL C-ALLOW  archived_projects/cook-hub/06_build/twin/easyeda/C318884/jlc.3dshapes/SW-SMD_4P-L5.1-W5.1-P3.70-LS6.5-TL_H1.5.wrl: not permitted by archived_projects/cook-hub/06_build/contracts.md
FAIL C-ALLOW  archived_projects/cook-hub/06_build/twin/easyeda/C318884/jlc.kicad_sym: not permitted by archived_projects/cook-hub/06_build/contracts.md
FAIL C-ALLOW  archived_projects/cook-hub/06_build/twin/easyeda/C318884/jlc.pretty/SW-SMD_4P-L5.1-W5.1-P3.70-LS6.5-TL_H1.5.kicad_mod: not permitted by archived_projects/cook-hub/06_build/contracts.md
FAIL C-ALLOW  archived_projects/cook-hub/06_build/twin/easyeda/C4190/jlc.3dshapes/R0603.step: not permitted by archived_projects/cook-hub/06_build/contracts.md
FAIL C-ALLOW  archived_projects/cook-hub/06_build/twin/easyeda/C4190/jlc.3dshapes/R0603.wrl: not permitted by archived_projects/cook-hub/06_build/contracts.md
FAIL C-ALLOW  archived_projects/cook-hub/06_build/twin/easyeda/C4190/jlc.kicad_sym: not permitted by archived_projects/cook-hub/06_build/contracts.md
FAIL C-ALLOW  archived_projects/cook-hub/06_build/twin/easyeda/C4190/jlc.pretty/R0603.kicad_mod: not permitted by archived_projects/cook-hub/06_build/contracts.md
FAIL C-ALLOW  archived_projects/cook-hub/06_build/twin/easyeda/C45783/jlc.3dshapes/C0805_L2.0-W1.3-H1.3.step: not permitted by archived_projects/cook-hub/06_build/contracts.md
FAIL C-ALLOW  archived_projects/cook-hub/06_build/twin/easyeda/C45783/jlc.3dshapes/C0805_L2.0-W1.3-H1.3.wrl: not permitted by archived_projects/cook-hub/06_build/contracts.md
FAIL C-ALLOW  archived_projects/cook-hub/06_build/twin/easyeda/C45783/jlc.kicad_sym: not permitted by archived_projects/cook-hub/06_build/contracts.md
FAIL C-ALLOW  archived_projects/cook-hub/06_build/twin/easyeda/C45783/jlc.pretty/C0805.kicad_mod: not permitted by archived_projects/cook-hub/06_build/contracts.md
FAIL C-ALLOW  archived_projects/cook-hub/06_build/twin/easyeda/C474892/jlc.3dshapes/CONN-TH_P3.50_KF350-3.5-2P.step: not permitted by archived_projects/cook-hub/06_build/contracts.md
FAIL C-ALLOW  archived_projects/cook-hub/06_build/twin/easyeda/C474892/jlc.3dshapes/CONN-TH_P3.50_KF350-3.5-2P.wrl: not permitted by archived_projects/cook-hub/06_build/contracts.md
FAIL C-ALLOW  archived_projects/cook-hub/06_build/twin/easyeda/C474892/jlc.kicad_sym: not permitted by archived_projects/cook-hub/06_build/contracts.md
FAIL C-ALLOW  archived_projects/cook-hub/06_build/twin/easyeda/C474892/jlc.pretty/CONN-TH_P3.50_KF350-3.5-2P.kicad_mod: not permitted by archived_projects/cook-hub/06_build/contracts.md
FAIL C-ALLOW  archived_projects/cook-hub/06_build/twin/easyeda/C5158048/jlc.3dshapes/SOD-323_L1.7-W1.3-LS2.5-BI.step: not permitted by archived_projects/cook-hub/06_build/contracts.md
FAIL C-ALLOW  archived_projects/cook-hub/06_build/twin/easyeda/C5158048/jlc.3dshapes/SOD-323_L1.7-W1.3-LS2.5-BI.wrl: not permitted by archived_projects/cook-hub/06_build/contracts.md
FAIL C-ALLOW  archived_projects/cook-hub/06_build/twin/easyeda/C5158048/jlc.kicad_sym: not permitted by archived_projects/cook-hub/06_build/contracts.md
FAIL C-ALLOW  archived_projects/cook-hub/06_build/twin/easyeda/C5158048/jlc.pretty/SOD-323_L1.7-W1.3-LS2.5-BI.kicad_mod: not permitted by archived_projects/cook-hub/06_build/contracts.md
FAIL C-ALLOW  archived_projects/cook-hub/06_build/twin/easyeda/C57112/jlc.3dshapes/C0603_L1.6-W0.8-H0.8.step: not permitted by archived_projects/cook-hub/06_build/contracts.md
FAIL C-ALLOW  archived_projects/cook-hub/06_build/twin/easyeda/C57112/jlc.3dshapes/C0603_L1.6-W0.8-H0.8.wrl: not permitted by archived_projects/cook-hub/06_build/contracts.md
FAIL C-ALLOW  archived_projects/cook-hub/06_build/twin/easyeda/C57112/jlc.kicad_sym: not permitted by archived_projects/cook-hub/06_build/contracts.md
FAIL C-ALLOW  archived_projects/cook-hub/06_build/twin/easyeda/C57112/jlc.pretty/C0603.kicad_mod: not permitted by archived_projects/cook-hub/06_build/contracts.md
FAIL C-ALLOW  archived_projects/cook-hub/06_build/twin/easyeda/C59461/jlc.3dshapes/C0603_L1.6-W0.8-H0.8.step: not permitted by archived_projects/cook-hub/06_build/contracts.md
FAIL C-ALLOW  archived_projects/cook-hub/06_build/twin/easyeda/C59461/jlc.3dshapes/C0603_L1.6-W0.8-H0.8.wrl: not permitted by archived_projects/cook-hub/06_build/contracts.md
FAIL C-ALLOW  archived_projects/cook-hub/06_build/twin/easyeda/C59461/jlc.kicad_sym: not permitted by archived_projects/cook-hub/06_build/contracts.md
FAIL C-ALLOW  archived_projects/cook-hub/06_build/twin/easyeda/C59461/jlc.pretty/C0603.kicad_mod: not permitted by archived_projects/cook-hub/06_build/contracts.md
FAIL C-ALLOW  archived_projects/cook-hub/06_build/twin/easyeda/C6186/jlc.3dshapes/SOT-223-4P_L6.5-W3.5-H1.6-LS7.0-P2.30.step: not permitted by archived_projects/cook-hub/06_build/contracts.md
FAIL C-ALLOW  archived_projects/cook-hub/06_build/twin/easyeda/C6186/jlc.3dshapes/SOT-223-4P_L6.5-W3.5-H1.6-LS7.0-P2.30.wrl: not permitted by archived_projects/cook-hub/06_build/contracts.md
FAIL C-ALLOW  archived_projects/cook-hub/06_build/twin/easyeda/C6186/jlc.kicad_sym: not permitted by archived_projects/cook-hub/06_build/contracts.md
FAIL C-ALLOW  archived_projects/cook-hub/06_build/twin/easyeda/C6186/jlc.pretty/SOT-223-3_L6.5-W3.4-P2.30-LS7.0-BR.kicad_mod: not permitted by archived_projects/cook-hub/06_build/contracts.md
FAIL C-ALLOW  archived_projects/cook-hub/06_build/twin/easyeda/C6820/jlc.3dshapes/SOIC-14_L8.6-W3.9-H1.8-LS6.0-P1.27.step: not permitted by archived_projects/cook-hub/06_build/contracts.md
FAIL C-ALLOW  archived_projects/cook-hub/06_build/twin/easyeda/C6820/jlc.3dshapes/SOIC-14_L8.6-W3.9-H1.8-LS6.0-P1.27.wrl: not permitted by archived_projects/cook-hub/06_build/contracts.md
FAIL C-ALLOW  archived_projects/cook-hub/06_build/twin/easyeda/C6820/jlc.kicad_sym: not permitted by archived_projects/cook-hub/06_build/contracts.md
FAIL C-ALLOW  archived_projects/cook-hub/06_build/twin/easyeda/C6820/jlc.pretty/SOIC-14_L8.7-W3.9-P1.27-LS6.0-BL.kicad_mod: not permitted by archived_projects/cook-hub/06_build/contracts.md
FAIL C-ALLOW  archived_projects/cook-hub/06_build/twin/easyeda/C692429/jlc.3dshapes/IDC-TH_X9555WV-2X16-PTV01.step: not permitted by archived_projects/cook-hub/06_build/contracts.md
FAIL C-ALLOW  archived_projects/cook-hub/06_build/twin/easyeda/C692429/jlc.3dshapes/IDC-TH_X9555WV-2X16-PTV01.wrl: not permitted by archived_projects/cook-hub/06_build/contracts.md
FAIL C-ALLOW  archived_projects/cook-hub/06_build/twin/easyeda/C692429/jlc.kicad_sym: not permitted by archived_projects/cook-hub/06_build/contracts.md
FAIL C-ALLOW  archived_projects/cook-hub/06_build/twin/easyeda/C692429/jlc.pretty/IDC-TH_X9555WV-2X16-PTV01.kicad_mod: not permitted by archived_projects/cook-hub/06_build/contracts.md
FAIL C-ALLOW  archived_projects/cook-hub/06_build/twin/easyeda/C7519/jlc.3dshapes/SOT-23-6_L2.9-W1.6-H1.5-LS2.8-P0.95.step: not permitted by archived_projects/cook-hub/06_build/contracts.md
FAIL C-ALLOW  archived_projects/cook-hub/06_build/twin/easyeda/C7519/jlc.3dshapes/SOT-23-6_L2.9-W1.6-H1.5-LS2.8-P0.95.wrl: not permitted by archived_projects/cook-hub/06_build/contracts.md
FAIL C-ALLOW  archived_projects/cook-hub/06_build/twin/easyeda/C7519/jlc.kicad_sym: not permitted by archived_projects/cook-hub/06_build/contracts.md
FAIL C-ALLOW  archived_projects/cook-hub/06_build/twin/easyeda/C7519/jlc.pretty/SOT-23-6_L2.9-W1.6-P0.95-LS2.8-BL.kicad_mod: not permitted by archived_projects/cook-hub/06_build/contracts.md
FAIL C-ALLOW  archived_projects/cook-hub/06_build/twin/easyeda/C8185/jlc.3dshapes/SOT-353-5P_L2.0-W1.3-H1.1-LS2.0-P0.65.step: not permitted by archived_projects/cook-hub/06_build/contracts.md
FAIL C-ALLOW  archived_projects/cook-hub/06_build/twin/easyeda/C8185/jlc.3dshapes/SOT-353-5P_L2.0-W1.3-H1.1-LS2.0-P0.65.wrl: not permitted by archived_projects/cook-hub/06_build/contracts.md
FAIL C-ALLOW  archived_projects/cook-hub/06_build/twin/easyeda/C8185/jlc.kicad_sym: not permitted by archived_projects/cook-hub/06_build/contracts.md
FAIL C-ALLOW  archived_projects/cook-hub/06_build/twin/easyeda/C8185/jlc.pretty/SOT-353_L2.1-W1.3-P0.65-LS2.3-BR.kicad_mod: not permitted by archived_projects/cook-hub/06_build/contracts.md
FAIL C-ALLOW  archived_projects/cook-hub/06_build/twin/easyeda/C8545/jlc.3dshapes/SOT-23-3P_L2.9-W1.3-H1.0-LS2.4-P0.95.step: not permitted by archived_projects/cook-hub/06_build/contracts.md
FAIL C-ALLOW  archived_projects/cook-hub/06_build/twin/easyeda/C8545/jlc.3dshapes/SOT-23-3P_L2.9-W1.3-H1.0-LS2.4-P0.95.wrl: not permitted by archived_projects/cook-hub/06_build/contracts.md
FAIL C-ALLOW  archived_projects/cook-hub/06_build/twin/easyeda/C8545/jlc.kicad_sym: not permitted by archived_projects/cook-hub/06_build/contracts.md
FAIL C-ALLOW  archived_projects/cook-hub/06_build/twin/easyeda/C8545/jlc.pretty/SOT-23-3_L2.9-W1.3-P1.90-LS2.4-BR.kicad_mod: not permitted by archived_projects/cook-hub/06_build/contracts.md
FAIL C-ALLOW  archived_projects/cook-hub/06_build/twin/easyeda/C8678/jlc.3dshapes/SMA_L4.3-W2.6-LS5.2-RD.step: not permitted by archived_projects/cook-hub/06_build/contracts.md
FAIL C-ALLOW  archived_projects/cook-hub/06_build/twin/easyeda/C8678/jlc.3dshapes/SMA_L4.3-W2.6-LS5.2-RD.wrl: not permitted by archived_projects/cook-hub/06_build/contracts.md
FAIL C-ALLOW  archived_projects/cook-hub/06_build/twin/easyeda/C8678/jlc.kicad_sym: not permitted by archived_projects/cook-hub/06_build/contracts.md
FAIL C-ALLOW  archived_projects/cook-hub/06_build/twin/easyeda/C8678/jlc.pretty/SMA_L4.3-W2.6-LS5.2-RD.kicad_mod: not permitted by archived_projects/cook-hub/06_build/contracts.md
FAIL C-ALLOW  archived_projects/cook-hub/06_build/twin/easyeda/C89650/jlc.3dshapes/F1812_L4.5-W3.2-H1.0.step: not permitted by archived_projects/cook-hub/06_build/contracts.md
FAIL C-ALLOW  archived_projects/cook-hub/06_build/twin/easyeda/C89650/jlc.3dshapes/F1812_L4.5-W3.2-H1.0.wrl: not permitted by archived_projects/cook-hub/06_build/contracts.md
FAIL C-ALLOW  archived_projects/cook-hub/06_build/twin/easyeda/C89650/jlc.kicad_sym: not permitted by archived_projects/cook-hub/06_build/contracts.md
FAIL C-ALLOW  archived_projects/cook-hub/06_build/twin/easyeda/C89650/jlc.pretty/F1812.kicad_mod: not permitted by archived_projects/cook-hub/06_build/contracts.md
FAIL C-ALLOW  archived_projects/cook-hub/06_build/twin/easyeda/C9683/jlc.3dshapes/SOIC-18_L11.6-W7.5-H2.7-LS10.3-P1.27.step: not permitted by archived_projects/cook-hub/06_build/contracts.md
FAIL C-ALLOW  archived_projects/cook-hub/06_build/twin/easyeda/C9683/jlc.3dshapes/SOIC-18_L11.6-W7.5-H2.7-LS10.3-P1.27.wrl: not permitted by archived_projects/cook-hub/06_build/contracts.md
FAIL C-ALLOW  archived_projects/cook-hub/06_build/twin/easyeda/C9683/jlc.kicad_sym: not permitted by archived_projects/cook-hub/06_build/contracts.md
FAIL C-ALLOW  archived_projects/cook-hub/06_build/twin/easyeda/C9683/jlc.pretty/SOIC-18_L11.6-W7.5-P1.27-LS10.3-BL.kicad_mod: not permitted by archived_projects/cook-hub/06_build/contracts.md
FAIL C-ALLOW  archived_projects/cook-hub/06_build/twin/easyeda/C98220/jlc.3dshapes/R0603.step: not permitted by archived_projects/cook-hub/06_build/contracts.md
FAIL C-ALLOW  archived_projects/cook-hub/06_build/twin/easyeda/C98220/jlc.3dshapes/R0603.wrl: not permitted by archived_projects/cook-hub/06_build/contracts.md
FAIL C-ALLOW  archived_projects/cook-hub/06_build/twin/easyeda/C98220/jlc.kicad_sym: not permitted by archived_projects/cook-hub/06_build/contracts.md
FAIL C-ALLOW  archived_projects/cook-hub/06_build/twin/easyeda/C98220/jlc.pretty/R0603.kicad_mod: not permitted by archived_projects/cook-hub/06_build/contracts.md
FAIL C-ALLOW  archived_projects/cook-hub/06_build/twin/twin.kicad_pcb: not permitted by archived_projects/cook-hub/06_build/contracts.md
FAIL C-ALLOW  archived_projects/cook-hub/06_build/twin/twin.kicad_prl: not permitted by archived_projects/cook-hub/06_build/contracts.md
FAIL C-ALLOW  archived_projects/cook-hub/06_build/twin/twin.kicad_pro: not permitted by archived_projects/cook-hub/06_build/contracts.md
FAIL C-ALLOW  archived_projects/cook-hub/06_build/twin/twin_bottom.png: not permitted by archived_projects/cook-hub/06_build/contracts.md
FAIL C-ALLOW  archived_projects/cook-hub/06_build/twin/twin_edge_east.png: not permitted by archived_projects/cook-hub/06_build/contracts.md
FAIL C-ALLOW  archived_projects/cook-hub/06_build/twin/twin_edge_west.png: not permitted by archived_projects/cook-hub/06_build/contracts.md
FAIL C-ALLOW  archived_projects/cook-hub/06_build/twin/twin_iso_nw.png: not permitted by archived_projects/cook-hub/06_build/contracts.md
FAIL C-ALLOW  archived_projects/cook-hub/06_build/twin/twin_iso_se.png: not permitted by archived_projects/cook-hub/06_build/contracts.md
FAIL C-ALLOW  archived_projects/cook-hub/06_build/twin/twin_report.csv: not permitted by archived_projects/cook-hub/06_build/contracts.md
FAIL C-ALLOW  archived_projects/cook-hub/06_build/twin/twin_top.png: not permitted by archived_projects/cook-hub/06_build/contracts.md
FAIL C-ALLOW  archived_projects/cook-hub/07_releases/v1.0-2026-07-19/MANIFEST.txt: not permitted by archived_projects/cook-hub/07_releases/contracts.md
FAIL C-ALLOW  archived_projects/cook-hub/07_releases/v1.0-2026-07-19/ORDER_README.md: not permitted by archived_projects/cook-hub/07_releases/contracts.md
FAIL C-ALLOW  archived_projects/cook-hub/07_releases/v1.0-2026-07-19/bom.csv: not permitted by archived_projects/cook-hub/07_releases/contracts.md
FAIL C-ALLOW  archived_projects/cook-hub/07_releases/v1.0-2026-07-19/cook_hub_gerbers.zip: not permitted by archived_projects/cook-hub/07_releases/contracts.md
FAIL C-ALLOW  archived_projects/cook-hub/07_releases/v1.0-2026-07-19/cpl.csv: not permitted by archived_projects/cook-hub/07_releases/contracts.md
FAIL C-ALLOW  archived_projects/cook-hub/07_releases/v1.0-2026-07-19/pdf/assembly_top.pdf: not permitted by archived_projects/cook-hub/07_releases/contracts.md
FAIL C-ALLOW  archived_projects/cook-hub/07_releases/v1.0-2026-07-19/pdf/pcb_layers.pdf: not permitted by archived_projects/cook-hub/07_releases/contracts.md
FAIL C-ALLOW  archived_projects/cook-hub/07_releases/v1.0-2026-07-19/pdf/schematic.pdf: not permitted by archived_projects/cook-hub/07_releases/contracts.md
FAIL C-ALLOW  archived_projects/cook-hub/07_releases/v1.0-2026-07-19/verification/drc_gate.json: not permitted by archived_projects/cook-hub/07_releases/contracts.md
FAIL C-ALLOW  archived_projects/cook-hub/07_releases/v1.0-2026-07-19/verification/pin_review.md: not permitted by archived_projects/cook-hub/07_releases/contracts.md
FAIL C-ALLOW  archived_projects/cook-hub/07_releases/v1.0-2026-07-19/verification/twin_iso_nw.png: not permitted by archived_projects/cook-hub/07_releases/contracts.md
FAIL C-ALLOW  archived_projects/cook-hub/07_releases/v1.0-2026-07-19/verification/twin_report.csv: not permitted by archived_projects/cook-hub/07_releases/contracts.md
FAIL C-ALLOW  archived_projects/cook-hub/07_releases/v1.0-2026-07-19/verification/twin_top.png: not permitted by archived_projects/cook-hub/07_releases/contracts.md
FAIL C-ALLOW  archived_projects/cook-loadcell/01_docs/COST_ESTIMATE.md: not permitted by archived_projects/cook-loadcell/01_docs/contracts.md
FAIL C-ALLOW  archived_projects/cook-loadcell/01_docs/decisions/0001-input-protection.md: not permitted by archived_projects/cook-loadcell/01_docs/contracts.md
FAIL C-ALLOW  archived_projects/cook-loadcell/03_src/floorplan.yaml: not permitted by archived_projects/cook-loadcell/03_src/contracts.md
FAIL C-ALLOW  archived_projects/cook-loadcell/03_src/geom.py: not permitted by archived_projects/cook-loadcell/03_src/contracts.md
FAIL C-ALLOW  archived_projects/cook-loadcell/03_src/lib/cooklc.kicad_sym: not permitted by archived_projects/cook-loadcell/03_src/contracts.md
FAIL C-ALLOW  archived_projects/cook-loadcell/03_src/make_release.sh: not permitted by archived_projects/cook-loadcell/03_src/contracts.md
FAIL C-ALLOW  archived_projects/cook-loadcell/03_src/route.yaml: not permitted by archived_projects/cook-loadcell/03_src/contracts.md
FAIL C-ALLOW  archived_projects/cook-loadcell/03_src/route/r2.kicad_pcb: not permitted by archived_projects/cook-loadcell/03_src/contracts.md
FAIL C-ALLOW  archived_projects/cook-loadcell/03_src/route_prep.py: not permitted by archived_projects/cook-loadcell/03_src/contracts.md
FAIL C-ALLOW  archived_projects/cook-loadcell/03_src/route_waves.sh: not permitted by archived_projects/cook-loadcell/03_src/contracts.md
FAIL C-ALLOW  archived_projects/cook-loadcell/03_src/rules/nets.yaml: not permitted by archived_projects/cook-loadcell/03_src/contracts.md
FAIL C-ALLOW  archived_projects/cook-loadcell/03_src/rules/policy_waivers.yaml: not permitted by archived_projects/cook-loadcell/03_src/contracts.md
FAIL C-ALLOW  archived_projects/cook-loadcell/03_src/rules/twin_adjudications.yaml: not permitted by archived_projects/cook-loadcell/03_src/contracts.md
FAIL C-ALLOW  archived_projects/cook-loadcell/03_tscircuit/.gitignore: not permitted by archived_projects/cook-loadcell/03_tscircuit/contracts.md
FAIL C-ALLOW  archived_projects/cook-loadcell/03_tscircuit/backend_proof/.gitignore: not permitted by archived_projects/cook-loadcell/03_tscircuit/contracts.md
FAIL C-ALLOW  archived_projects/cook-loadcell/03_tscircuit/backend_proof/03_src: not permitted by archived_projects/cook-loadcell/03_tscircuit/contracts.md
FAIL C-ALLOW  archived_projects/cook-loadcell/03_tscircuit/backend_proof/04_kicad/cook_loadcell.kicad_dru: not permitted by archived_projects/cook-loadcell/03_tscircuit/contracts.md
FAIL C-ALLOW  archived_projects/cook-loadcell/03_tscircuit/backend_proof/04_kicad/cook_loadcell.kicad_pcb: not permitted by archived_projects/cook-loadcell/03_tscircuit/contracts.md
FAIL C-ALLOW  archived_projects/cook-loadcell/03_tscircuit/backend_proof/04_kicad/cook_loadcell.kicad_prl: not permitted by archived_projects/cook-loadcell/03_tscircuit/contracts.md
FAIL C-ALLOW  archived_projects/cook-loadcell/03_tscircuit/backend_proof/04_kicad/cook_loadcell.kicad_pro: not permitted by archived_projects/cook-loadcell/03_tscircuit/contracts.md
FAIL C-ALLOW  archived_projects/cook-loadcell/03_tscircuit/backend_proof/04_kicad/cook_loadcell.kicad_sch: not permitted by archived_projects/cook-loadcell/03_tscircuit/contracts.md
FAIL C-ALLOW  archived_projects/cook-loadcell/03_tscircuit/backend_proof/04_kicad/fp-lib-table: not permitted by archived_projects/cook-loadcell/03_tscircuit/contracts.md
FAIL C-ALLOW  archived_projects/cook-loadcell/03_tscircuit/backend_proof/NOTES.md: not permitted by archived_projects/cook-loadcell/03_tscircuit/contracts.md
FAIL C-ALLOW  archived_projects/cook-loadcell/03_tscircuit/backend_proof/assign_footprints.py: not permitted by archived_projects/cook-loadcell/03_tscircuit/contracts.md
FAIL C-ALLOW  archived_projects/cook-loadcell/03_tscircuit/backend_proof/board_netlist_parity.py: not permitted by archived_projects/cook-loadcell/03_tscircuit/contracts.md
FAIL C-ALLOW  archived_projects/cook-loadcell/03_tscircuit/backend_proof/build_from_tsx.sh: not permitted by archived_projects/cook-loadcell/03_tscircuit/contracts.md
FAIL C-ALLOW  archived_projects/cook-loadcell/03_tscircuit/backend_proof/prepare_backend_sch.py: not permitted by archived_projects/cook-loadcell/03_tscircuit/contracts.md
FAIL C-ALLOW  archived_projects/cook-loadcell/03_tscircuit/kicad/cook_loadcell.kicad_prl: not permitted by archived_projects/cook-loadcell/03_tscircuit/contracts.md
FAIL C-ALLOW  archived_projects/cook-loadcell/03_tscircuit/placement_proof/.gitignore: not permitted by archived_projects/cook-loadcell/03_tscircuit/contracts.md
FAIL C-ALLOW  archived_projects/cook-loadcell/03_tscircuit/placement_proof/03_src: not permitted by archived_projects/cook-loadcell/03_tscircuit/contracts.md
FAIL C-ALLOW  archived_projects/cook-loadcell/03_tscircuit/placement_proof/04_kicad/cook_loadcell.kicad_dru: not permitted by archived_projects/cook-loadcell/03_tscircuit/contracts.md
FAIL C-ALLOW  archived_projects/cook-loadcell/03_tscircuit/placement_proof/04_kicad/cook_loadcell.kicad_pcb: not permitted by archived_projects/cook-loadcell/03_tscircuit/contracts.md
FAIL C-ALLOW  archived_projects/cook-loadcell/03_tscircuit/placement_proof/04_kicad/cook_loadcell.kicad_prl: not permitted by archived_projects/cook-loadcell/03_tscircuit/contracts.md
FAIL C-ALLOW  archived_projects/cook-loadcell/03_tscircuit/placement_proof/04_kicad/cook_loadcell.kicad_pro: not permitted by archived_projects/cook-loadcell/03_tscircuit/contracts.md
FAIL C-ALLOW  archived_projects/cook-loadcell/03_tscircuit/placement_proof/04_kicad/cook_loadcell.kicad_sch: not permitted by archived_projects/cook-loadcell/03_tscircuit/contracts.md
FAIL C-ALLOW  archived_projects/cook-loadcell/03_tscircuit/placement_proof/04_kicad/fp-lib-table: not permitted by archived_projects/cook-loadcell/03_tscircuit/contracts.md
FAIL C-ALLOW  archived_projects/cook-loadcell/03_tscircuit/placement_proof/06_build/drc/gate.json: not permitted by archived_projects/cook-loadcell/03_tscircuit/contracts.md
FAIL C-ALLOW  archived_projects/cook-loadcell/03_tscircuit/placement_proof/06_build/drc/raw_seed_drc.json: not permitted by archived_projects/cook-loadcell/03_tscircuit/contracts.md
FAIL C-ALLOW  archived_projects/cook-loadcell/03_tscircuit/placement_proof/06_build/netlists/cook_loadcell.net: not permitted by archived_projects/cook-loadcell/03_tscircuit/contracts.md
FAIL C-ALLOW  archived_projects/cook-loadcell/03_tscircuit/placement_proof/06_build/raw_seed.kicad_pcb: not permitted by archived_projects/cook-loadcell/03_tscircuit/contracts.md
FAIL C-ALLOW  archived_projects/cook-loadcell/03_tscircuit/placement_proof/06_build/raw_seed.kicad_prl: not permitted by archived_projects/cook-loadcell/03_tscircuit/contracts.md
FAIL C-ALLOW  archived_projects/cook-loadcell/03_tscircuit/placement_proof/06_build/refdes_waiver.json: not permitted by archived_projects/cook-loadcell/03_tscircuit/contracts.md
FAIL C-ALLOW  archived_projects/cook-loadcell/03_tscircuit/placement_proof/06_build/route/r2.kicad_pcb: not permitted by archived_projects/cook-loadcell/03_tscircuit/contracts.md
FAIL C-ALLOW  archived_projects/cook-loadcell/03_tscircuit/placement_proof/NOTES.md: not permitted by archived_projects/cook-loadcell/03_tscircuit/contracts.md
FAIL C-ALLOW  archived_projects/cook-loadcell/03_tscircuit/placement_proof/board_netlist_parity.py: not permitted by archived_projects/cook-loadcell/03_tscircuit/contracts.md
FAIL C-ALLOW  archived_projects/cook-loadcell/03_tscircuit/placement_proof/build/circuit.json: not permitted by archived_projects/cook-loadcell/03_tscircuit/contracts.md
FAIL C-ALLOW  archived_projects/cook-loadcell/03_tscircuit/placement_proof/build_placement_proof.sh: not permitted by archived_projects/cook-loadcell/03_tscircuit/contracts.md
FAIL C-ALLOW  archived_projects/cook-loadcell/03_tscircuit/placement_proof/legalize_and_silk.py: not permitted by archived_projects/cook-loadcell/03_tscircuit/contracts.md
FAIL C-ALLOW  archived_projects/cook-loadcell/03_tscircuit/placement_proof/package.json: not permitted by archived_projects/cook-loadcell/03_tscircuit/contracts.md
FAIL C-ALLOW  archived_projects/cook-loadcell/03_tscircuit/placement_proof/src/cook_loadcell.tsx: not permitted by archived_projects/cook-loadcell/03_tscircuit/contracts.md
FAIL C-ALLOW  archived_projects/cook-loadcell/03_tscircuit/placement_proof/verification/raw_seed_top.png: not permitted by archived_projects/cook-loadcell/03_tscircuit/contracts.md
FAIL C-ALLOW  archived_projects/cook-loadcell/03_tscircuit/placement_proof/verification/routed_top.png: not permitted by archived_projects/cook-loadcell/03_tscircuit/contracts.md
FAIL C-ALLOW  archived_projects/cook-loadcell/03_tscircuit/verification/schematic_v1_grid.png: not permitted by archived_projects/cook-loadcell/03_tscircuit/contracts.md
FAIL C-ALLOW  archived_projects/cook-loadcell/03_tscircuit/verification/schematic_v2_wired.png: not permitted by archived_projects/cook-loadcell/03_tscircuit/contracts.md
FAIL C-ALLOW  archived_projects/cook-loadcell/04_kicad/cook_loadcell.kicad_prl: not permitted by archived_projects/cook-loadcell/04_kicad/contracts.md
FAIL C-ALLOW  archived_projects/cook-loadcell/06_build/drc/erc.json: not permitted by archived_projects/cook-loadcell/06_build/contracts.md
FAIL C-ALLOW  archived_projects/cook-loadcell/06_build/drc/erc2.json: not permitted by archived_projects/cook-loadcell/06_build/contracts.md
FAIL C-ALLOW  archived_projects/cook-loadcell/06_build/drc/gate.json: not permitted by archived_projects/cook-loadcell/06_build/contracts.md
FAIL C-ALLOW  archived_projects/cook-loadcell/06_build/fab/bom_jlc.csv: not permitted by archived_projects/cook-loadcell/06_build/contracts.md
FAIL C-ALLOW  archived_projects/cook-loadcell/06_build/fab/cook_loadcell-B_Cu.gbl: not permitted by archived_projects/cook-loadcell/06_build/contracts.md
FAIL C-ALLOW  archived_projects/cook-loadcell/06_build/fab/cook_loadcell-B_Mask.gbs: not permitted by archived_projects/cook-loadcell/06_build/contracts.md
FAIL C-ALLOW  archived_projects/cook-loadcell/06_build/fab/cook_loadcell-B_Paste.gbp: not permitted by archived_projects/cook-loadcell/06_build/contracts.md
FAIL C-ALLOW  archived_projects/cook-loadcell/06_build/fab/cook_loadcell-B_Silkscreen.gbo: not permitted by archived_projects/cook-loadcell/06_build/contracts.md
FAIL C-ALLOW  archived_projects/cook-loadcell/06_build/fab/cook_loadcell-Edge_Cuts.gm1: not permitted by archived_projects/cook-loadcell/06_build/contracts.md
FAIL C-ALLOW  archived_projects/cook-loadcell/06_build/fab/cook_loadcell-F_Cu.gtl: not permitted by archived_projects/cook-loadcell/06_build/contracts.md
FAIL C-ALLOW  archived_projects/cook-loadcell/06_build/fab/cook_loadcell-F_Mask.gts: not permitted by archived_projects/cook-loadcell/06_build/contracts.md
FAIL C-ALLOW  archived_projects/cook-loadcell/06_build/fab/cook_loadcell-F_Paste.gtp: not permitted by archived_projects/cook-loadcell/06_build/contracts.md
FAIL C-ALLOW  archived_projects/cook-loadcell/06_build/fab/cook_loadcell-F_Silkscreen.gto: not permitted by archived_projects/cook-loadcell/06_build/contracts.md
FAIL C-ALLOW  archived_projects/cook-loadcell/06_build/fab/cook_loadcell-NPTH.drl: not permitted by archived_projects/cook-loadcell/06_build/contracts.md
FAIL C-ALLOW  archived_projects/cook-loadcell/06_build/fab/cook_loadcell-PTH.drl: not permitted by archived_projects/cook-loadcell/06_build/contracts.md
FAIL C-ALLOW  archived_projects/cook-loadcell/06_build/fab/cook_loadcell_gerbers.zip: not permitted by archived_projects/cook-loadcell/06_build/contracts.md
FAIL C-ALLOW  archived_projects/cook-loadcell/06_build/fab/cpl_jlc.csv: not permitted by archived_projects/cook-loadcell/06_build/contracts.md
FAIL C-ALLOW  archived_projects/cook-loadcell/06_build/fab/lcsc_mpn_map.csv: not permitted by archived_projects/cook-loadcell/06_build/contracts.md
FAIL C-ALLOW  archived_projects/cook-loadcell/06_build/netlists/cook_loadcell.net: not permitted by archived_projects/cook-loadcell/06_build/contracts.md
FAIL C-ALLOW  archived_projects/cook-loadcell/06_build/pdf/assembly_top-1.png: not permitted by archived_projects/cook-loadcell/06_build/contracts.md
FAIL C-ALLOW  archived_projects/cook-loadcell/06_build/pdf/assembly_top.pdf: not permitted by archived_projects/cook-loadcell/06_build/contracts.md
FAIL C-ALLOW  archived_projects/cook-loadcell/06_build/pdf/pcb_layers-1.png: not permitted by archived_projects/cook-loadcell/06_build/contracts.md
FAIL C-ALLOW  archived_projects/cook-loadcell/06_build/pdf/pcb_layers-2.png: not permitted by archived_projects/cook-loadcell/06_build/contracts.md
FAIL C-ALLOW  archived_projects/cook-loadcell/06_build/pdf/pcb_layers-3.png: not permitted by archived_projects/cook-loadcell/06_build/contracts.md
FAIL C-ALLOW  archived_projects/cook-loadcell/06_build/pdf/pcb_layers-4.png: not permitted by archived_projects/cook-loadcell/06_build/contracts.md
FAIL C-ALLOW  archived_projects/cook-loadcell/06_build/pdf/pcb_layers-5.png: not permitted by archived_projects/cook-loadcell/06_build/contracts.md
FAIL C-ALLOW  archived_projects/cook-loadcell/06_build/pdf/pcb_layers-6.png: not permitted by archived_projects/cook-loadcell/06_build/contracts.md
FAIL C-ALLOW  archived_projects/cook-loadcell/06_build/pdf/pcb_layers.pdf: not permitted by archived_projects/cook-loadcell/06_build/contracts.md
FAIL C-ALLOW  archived_projects/cook-loadcell/06_build/pdf/schematic-1.png: not permitted by archived_projects/cook-loadcell/06_build/contracts.md
FAIL C-ALLOW  archived_projects/cook-loadcell/06_build/pdf/schematic.pdf: not permitted by archived_projects/cook-loadcell/06_build/contracts.md
FAIL C-ALLOW  archived_projects/cook-loadcell/06_build/pin_review.md: not permitted by archived_projects/cook-loadcell/06_build/contracts.md
FAIL C-ALLOW  archived_projects/cook-loadcell/06_build/pin_review/D1.md: not permitted by archived_projects/cook-loadcell/06_build/contracts.md
FAIL C-ALLOW  archived_projects/cook-loadcell/06_build/pin_review/D2.md: not permitted by archived_projects/cook-loadcell/06_build/contracts.md
FAIL C-ALLOW  archived_projects/cook-loadcell/06_build/pin_review/J1.md: not permitted by archived_projects/cook-loadcell/06_build/contracts.md
FAIL C-ALLOW  archived_projects/cook-loadcell/06_build/pin_review/J5.md: not permitted by archived_projects/cook-loadcell/06_build/contracts.md
FAIL C-ALLOW  archived_projects/cook-loadcell/06_build/pin_review/J6.md: not permitted by archived_projects/cook-loadcell/06_build/contracts.md
FAIL C-ALLOW  archived_projects/cook-loadcell/06_build/pin_review/JP1.md: not permitted by archived_projects/cook-loadcell/06_build/contracts.md
FAIL C-ALLOW  archived_projects/cook-loadcell/06_build/pin_review/Q1.md: not permitted by archived_projects/cook-loadcell/06_build/contracts.md
FAIL C-ALLOW  archived_projects/cook-loadcell/06_build/pin_review/SJ1.md: not permitted by archived_projects/cook-loadcell/06_build/contracts.md
FAIL C-ALLOW  archived_projects/cook-loadcell/06_build/pin_review/U1.md: not permitted by archived_projects/cook-loadcell/06_build/contracts.md
FAIL C-ALLOW  archived_projects/cook-loadcell/06_build/policy_audit.md: not permitted by archived_projects/cook-loadcell/06_build/contracts.md
FAIL C-ALLOW  archived_projects/cook-loadcell/06_build/policy_drc.json: not permitted by archived_projects/cook-loadcell/06_build/contracts.md
FAIL C-ALLOW  archived_projects/cook-loadcell/06_build/policy_erc.json: not permitted by archived_projects/cook-loadcell/06_build/contracts.md
FAIL C-ALLOW  archived_projects/cook-loadcell/06_build/proof/cook_loadcell.kicad_pcb: not permitted by archived_projects/cook-loadcell/06_build/contracts.md
FAIL C-ALLOW  archived_projects/cook-loadcell/06_build/proof/cook_loadcell.kicad_prl: not permitted by archived_projects/cook-loadcell/06_build/contracts.md
FAIL C-ALLOW  archived_projects/cook-loadcell/06_build/proof/cook_loadcell.kicad_pro: not permitted by archived_projects/cook-loadcell/06_build/contracts.md
FAIL C-ALLOW  archived_projects/cook-loadcell/06_build/proof/refdes_waiver.json: not permitted by archived_projects/cook-loadcell/06_build/contracts.md
FAIL C-ALLOW  archived_projects/cook-loadcell/06_build/refdes_waiver.json: not permitted by archived_projects/cook-loadcell/06_build/contracts.md
FAIL C-ALLOW  archived_projects/cook-loadcell/06_build/render/bottom.png: not permitted by archived_projects/cook-loadcell/06_build/contracts.md
FAIL C-ALLOW  archived_projects/cook-loadcell/06_build/render/top.png: not permitted by archived_projects/cook-loadcell/06_build/contracts.md
FAIL C-ALLOW  archived_projects/cook-loadcell/06_build/route/nets_an.txt: not permitted by archived_projects/cook-loadcell/06_build/contracts.md
FAIL C-ALLOW  archived_projects/cook-loadcell/06_build/route/nets_pwr.txt: not permitted by archived_projects/cook-loadcell/06_build/contracts.md
FAIL C-ALLOW  archived_projects/cook-loadcell/06_build/route/nets_sig.txt: not permitted by archived_projects/cook-loadcell/06_build/contracts.md
FAIL C-ALLOW  archived_projects/cook-loadcell/06_build/route/r0.kicad_dru: not permitted by archived_projects/cook-loadcell/06_build/contracts.md
FAIL C-ALLOW  archived_projects/cook-loadcell/06_build/route/r0.kicad_pcb: not permitted by archived_projects/cook-loadcell/06_build/contracts.md
FAIL C-ALLOW  archived_projects/cook-loadcell/06_build/route/r0.kicad_pro: not permitted by archived_projects/cook-loadcell/06_build/contracts.md
FAIL C-ALLOW  archived_projects/cook-loadcell/06_build/route/r1.kicad_pcb: not permitted by archived_projects/cook-loadcell/06_build/contracts.md
FAIL C-ALLOW  archived_projects/cook-loadcell/06_build/route/r1.kicad_pro: not permitted by archived_projects/cook-loadcell/06_build/contracts.md
FAIL C-ALLOW  archived_projects/cook-loadcell/06_build/route/r1b.kicad_pcb: not permitted by archived_projects/cook-loadcell/06_build/contracts.md
FAIL C-ALLOW  archived_projects/cook-loadcell/06_build/route/r1b.kicad_pro: not permitted by archived_projects/cook-loadcell/06_build/contracts.md
FAIL C-ALLOW  archived_projects/cook-loadcell/06_build/route/r2.kicad_pcb: not permitted by archived_projects/cook-loadcell/06_build/contracts.md
FAIL C-ALLOW  archived_projects/cook-loadcell/06_build/route/r2.kicad_pro: not permitted by archived_projects/cook-loadcell/06_build/contracts.md
FAIL C-ALLOW  archived_projects/cook-loadcell/06_build/twin/easyeda/C144394/jlc.3dshapes/CONN-TH_3P-P2.50_A2501WV2-3P.step: not permitted by archived_projects/cook-loadcell/06_build/contracts.md
FAIL C-ALLOW  archived_projects/cook-loadcell/06_build/twin/easyeda/C144394/jlc.3dshapes/CONN-TH_3P-P2.50_A2501WV2-3P.wrl: not permitted by archived_projects/cook-loadcell/06_build/contracts.md
FAIL C-ALLOW  archived_projects/cook-loadcell/06_build/twin/easyeda/C144394/jlc.kicad_sym: not permitted by archived_projects/cook-loadcell/06_build/contracts.md
FAIL C-ALLOW  archived_projects/cook-loadcell/06_build/twin/easyeda/C144394/jlc.pretty/CONN-TH_3P-P2.50_A2501WV2-3P.kicad_mod: not permitted by archived_projects/cook-loadcell/06_build/contracts.md
FAIL C-ALLOW  archived_projects/cook-loadcell/06_build/twin/easyeda/C14663/jlc.3dshapes/C0603_L1.6-W0.8-H0.8.step: not permitted by archived_projects/cook-loadcell/06_build/contracts.md
FAIL C-ALLOW  archived_projects/cook-loadcell/06_build/twin/easyeda/C14663/jlc.3dshapes/C0603_L1.6-W0.8-H0.8.wrl: not permitted by archived_projects/cook-loadcell/06_build/contracts.md
FAIL C-ALLOW  archived_projects/cook-loadcell/06_build/twin/easyeda/C14663/jlc.kicad_sym: not permitted by archived_projects/cook-loadcell/06_build/contracts.md
FAIL C-ALLOW  archived_projects/cook-loadcell/06_build/twin/easyeda/C14663/jlc.pretty/C0603.kicad_mod: not permitted by archived_projects/cook-loadcell/06_build/contracts.md
FAIL C-ALLOW  archived_projects/cook-loadcell/06_build/twin/easyeda/C157991/jlc.3dshapes/CONN-TH_XH2.50-LI-5P.step: not permitted by archived_projects/cook-loadcell/06_build/contracts.md
FAIL C-ALLOW  archived_projects/cook-loadcell/06_build/twin/easyeda/C157991/jlc.3dshapes/CONN-TH_XH2.50-LI-5P.wrl: not permitted by archived_projects/cook-loadcell/06_build/contracts.md
FAIL C-ALLOW  archived_projects/cook-loadcell/06_build/twin/easyeda/C157991/jlc.kicad_sym: not permitted by archived_projects/cook-loadcell/06_build/contracts.md
FAIL C-ALLOW  archived_projects/cook-loadcell/06_build/twin/easyeda/C157991/jlc.pretty/CONN-TH_B5B-XH-A-LF-SN.kicad_mod: not permitted by archived_projects/cook-loadcell/06_build/contracts.md
FAIL C-ALLOW  archived_projects/cook-loadcell/06_build/twin/easyeda/C15850/jlc.3dshapes/C0805_L2.0-W1.3-H1.3.step: not permitted by archived_projects/cook-loadcell/06_build/contracts.md
FAIL C-ALLOW  archived_projects/cook-loadcell/06_build/twin/easyeda/C15850/jlc.3dshapes/C0805_L2.0-W1.3-H1.3.wrl: not permitted by archived_projects/cook-loadcell/06_build/contracts.md
FAIL C-ALLOW  archived_projects/cook-loadcell/06_build/twin/easyeda/C15850/jlc.kicad_sym: not permitted by archived_projects/cook-loadcell/06_build/contracts.md
FAIL C-ALLOW  archived_projects/cook-loadcell/06_build/twin/easyeda/C15850/jlc.pretty/C0805.kicad_mod: not permitted by archived_projects/cook-loadcell/06_build/contracts.md
FAIL C-ALLOW  archived_projects/cook-loadcell/06_build/twin/easyeda/C22775/jlc.3dshapes/R0603.step: not permitted by archived_projects/cook-loadcell/06_build/contracts.md
FAIL C-ALLOW  archived_projects/cook-loadcell/06_build/twin/easyeda/C22775/jlc.3dshapes/R0603.wrl: not permitted by archived_projects/cook-loadcell/06_build/contracts.md
FAIL C-ALLOW  archived_projects/cook-loadcell/06_build/twin/easyeda/C22775/jlc.kicad_sym: not permitted by archived_projects/cook-loadcell/06_build/contracts.md
FAIL C-ALLOW  archived_projects/cook-loadcell/06_build/twin/easyeda/C22775/jlc.pretty/R0603.kicad_mod: not permitted by archived_projects/cook-loadcell/06_build/contracts.md
FAIL C-ALLOW  archived_projects/cook-loadcell/06_build/twin/easyeda/C25981/jlc.3dshapes/R0603.step: not permitted by archived_projects/cook-loadcell/06_build/contracts.md
FAIL C-ALLOW  archived_projects/cook-loadcell/06_build/twin/easyeda/C25981/jlc.3dshapes/R0603.wrl: not permitted by archived_projects/cook-loadcell/06_build/contracts.md
FAIL C-ALLOW  archived_projects/cook-loadcell/06_build/twin/easyeda/C25981/jlc.kicad_sym: not permitted by archived_projects/cook-loadcell/06_build/contracts.md
FAIL C-ALLOW  archived_projects/cook-loadcell/06_build/twin/easyeda/C25981/jlc.pretty/R0603.kicad_mod: not permitted by archived_projects/cook-loadcell/06_build/contracts.md
FAIL C-ALLOW  archived_projects/cook-loadcell/06_build/twin/easyeda/C4184/jlc.3dshapes/R0603.step: not permitted by archived_projects/cook-loadcell/06_build/contracts.md
FAIL C-ALLOW  archived_projects/cook-loadcell/06_build/twin/easyeda/C4184/jlc.3dshapes/R0603.wrl: not permitted by archived_projects/cook-loadcell/06_build/contracts.md
FAIL C-ALLOW  archived_projects/cook-loadcell/06_build/twin/easyeda/C4184/jlc.kicad_sym: not permitted by archived_projects/cook-loadcell/06_build/contracts.md
FAIL C-ALLOW  archived_projects/cook-loadcell/06_build/twin/easyeda/C4184/jlc.pretty/R0603.kicad_mod: not permitted by archived_projects/cook-loadcell/06_build/contracts.md
FAIL C-ALLOW  archived_projects/cook-loadcell/06_build/twin/easyeda/C43656/jlc.3dshapes/SOP-16_L9.9-W3.9-H1.5-LS6.0-P1.27.step: not permitted by archived_projects/cook-loadcell/06_build/contracts.md
FAIL C-ALLOW  archived_projects/cook-loadcell/06_build/twin/easyeda/C43656/jlc.3dshapes/SOP-16_L9.9-W3.9-H1.5-LS6.0-P1.27.wrl: not permitted by archived_projects/cook-loadcell/06_build/contracts.md
FAIL C-ALLOW  archived_projects/cook-loadcell/06_build/twin/easyeda/C43656/jlc.kicad_sym: not permitted by archived_projects/cook-loadcell/06_build/contracts.md
FAIL C-ALLOW  archived_projects/cook-loadcell/06_build/twin/easyeda/C43656/jlc.pretty/SOP-16_L10.0-W3.9-P1.27-LS6.0-BL.kicad_mod: not permitted by archived_projects/cook-loadcell/06_build/contracts.md
FAIL C-ALLOW  archived_projects/cook-loadcell/06_build/twin/easyeda/C5158048/jlc.3dshapes/SOD-323_L1.7-W1.3-LS2.5-BI.step: not permitted by archived_projects/cook-loadcell/06_build/contracts.md
FAIL C-ALLOW  archived_projects/cook-loadcell/06_build/twin/easyeda/C5158048/jlc.3dshapes/SOD-323_L1.7-W1.3-LS2.5-BI.wrl: not permitted by archived_projects/cook-loadcell/06_build/contracts.md
FAIL C-ALLOW  archived_projects/cook-loadcell/06_build/twin/easyeda/C5158048/jlc.kicad_sym: not permitted by archived_projects/cook-loadcell/06_build/contracts.md
FAIL C-ALLOW  archived_projects/cook-loadcell/06_build/twin/easyeda/C5158048/jlc.pretty/SOD-323_L1.7-W1.3-LS2.5-BI.kicad_mod: not permitted by archived_projects/cook-loadcell/06_build/contracts.md
FAIL C-ALLOW  archived_projects/cook-loadcell/06_build/twin/easyeda/C9082/jlc.3dshapes/DO-27_D5.2-L8.9-P14.0.step: not permitted by archived_projects/cook-loadcell/06_build/contracts.md
FAIL C-ALLOW  archived_projects/cook-loadcell/06_build/twin/easyeda/C9082/jlc.3dshapes/DO-27_D5.2-L8.9-P14.0.wrl: not permitted by archived_projects/cook-loadcell/06_build/contracts.md
FAIL C-ALLOW  archived_projects/cook-loadcell/06_build/twin/easyeda/C9082/jlc.kicad_sym: not permitted by archived_projects/cook-loadcell/06_build/contracts.md
FAIL C-ALLOW  archived_projects/cook-loadcell/06_build/twin/easyeda/C9082/jlc.pretty/DO-27_BD5.2-L8.9-P12.90-D1.5-RD.kicad_mod: not permitted by archived_projects/cook-loadcell/06_build/contracts.md
FAIL C-ALLOW  archived_projects/cook-loadcell/06_build/twin/twin.kicad_pcb: not permitted by archived_projects/cook-loadcell/06_build/contracts.md
FAIL C-ALLOW  archived_projects/cook-loadcell/06_build/twin/twin.kicad_prl: not permitted by archived_projects/cook-loadcell/06_build/contracts.md
FAIL C-ALLOW  archived_projects/cook-loadcell/06_build/twin/twin.kicad_pro: not permitted by archived_projects/cook-loadcell/06_build/contracts.md
FAIL C-ALLOW  archived_projects/cook-loadcell/06_build/twin/twin_bottom.png: not permitted by archived_projects/cook-loadcell/06_build/contracts.md
FAIL C-ALLOW  archived_projects/cook-loadcell/06_build/twin/twin_edge_east.png: not permitted by archived_projects/cook-loadcell/06_build/contracts.md
FAIL C-ALLOW  archived_projects/cook-loadcell/06_build/twin/twin_edge_west.png: not permitted by archived_projects/cook-loadcell/06_build/contracts.md
FAIL C-ALLOW  archived_projects/cook-loadcell/06_build/twin/twin_iso_nw.png: not permitted by archived_projects/cook-loadcell/06_build/contracts.md
FAIL C-ALLOW  archived_projects/cook-loadcell/06_build/twin/twin_iso_se.png: not permitted by archived_projects/cook-loadcell/06_build/contracts.md
FAIL C-ALLOW  archived_projects/cook-loadcell/06_build/twin/twin_report.csv: not permitted by archived_projects/cook-loadcell/06_build/contracts.md
FAIL C-ALLOW  archived_projects/cook-loadcell/06_build/twin/twin_top.png: not permitted by archived_projects/cook-loadcell/06_build/contracts.md
FAIL C-ALLOW  archived_projects/cook-loadcell/07_releases/v1.0-2026-07-19/MANIFEST.txt: not permitted by archived_projects/cook-loadcell/07_releases/contracts.md
FAIL C-ALLOW  archived_projects/cook-loadcell/07_releases/v1.0-2026-07-19/ORDER_README.md: not permitted by archived_projects/cook-loadcell/07_releases/contracts.md
FAIL C-ALLOW  archived_projects/cook-loadcell/07_releases/v1.0-2026-07-19/bom.csv: not permitted by archived_projects/cook-loadcell/07_releases/contracts.md
FAIL C-ALLOW  archived_projects/cook-loadcell/07_releases/v1.0-2026-07-19/cook_loadcell_gerbers.zip: not permitted by archived_projects/cook-loadcell/07_releases/contracts.md
FAIL C-ALLOW  archived_projects/cook-loadcell/07_releases/v1.0-2026-07-19/cpl.csv: not permitted by archived_projects/cook-loadcell/07_releases/contracts.md
FAIL C-ALLOW  archived_projects/cook-loadcell/07_releases/v1.0-2026-07-19/pdf/assembly_top.pdf: not permitted by archived_projects/cook-loadcell/07_releases/contracts.md
FAIL C-ALLOW  archived_projects/cook-loadcell/07_releases/v1.0-2026-07-19/pdf/pcb_layers.pdf: not permitted by archived_projects/cook-loadcell/07_releases/contracts.md
FAIL C-ALLOW  archived_projects/cook-loadcell/07_releases/v1.0-2026-07-19/pdf/schematic.pdf: not permitted by archived_projects/cook-loadcell/07_releases/contracts.md
FAIL C-ALLOW  archived_projects/cook-loadcell/07_releases/v1.0-2026-07-19/verification/drc_gate.json: not permitted by archived_projects/cook-loadcell/07_releases/contracts.md
FAIL C-ALLOW  archived_projects/cook-loadcell/07_releases/v1.0-2026-07-19/verification/pin_review.md: not permitted by archived_projects/cook-loadcell/07_releases/contracts.md
FAIL C-ALLOW  archived_projects/cook-loadcell/07_releases/v1.0-2026-07-19/verification/twin_iso_nw.png: not permitted by archived_projects/cook-loadcell/07_releases/contracts.md
FAIL C-ALLOW  archived_projects/cook-loadcell/07_releases/v1.0-2026-07-19/verification/twin_report.csv: not permitted by archived_projects/cook-loadcell/07_releases/contracts.md
FAIL C-ALLOW  archived_projects/cook-loadcell/07_releases/v1.0-2026-07-19/verification/twin_top.png: not permitted by archived_projects/cook-loadcell/07_releases/contracts.md
FAIL C-ALLOW  archived_projects/crow-array-central/01_docs/decisions/0001-layer-count-4.md: not permitted by archived_projects/crow-array-central/01_docs/contracts.md
FAIL C-ALLOW  archived_projects/crow-array-central/01_docs/decisions/0002-input-protection.md: not permitted by archived_projects/crow-array-central/01_docs/contracts.md
FAIL C-ALLOW  archived_projects/crow-array-central/01_docs/decisions/0004-tq128-escape-feasibility.md: not permitted by archived_projects/crow-array-central/01_docs/contracts.md
FAIL C-ALLOW  archived_projects/crow-array-central/01_docs/decisions/0005-beeper-gate-edges.md: not permitted by archived_projects/crow-array-central/01_docs/contracts.md
FAIL C-ALLOW  archived_projects/crow-array-central/01_docs/decisions/0006-adc-shared-control.md: not permitted by archived_projects/crow-array-central/01_docs/contracts.md
FAIL C-ALLOW  archived_projects/crow-array-central/01_docs/decisions/0007-reverse-fet-orientation.md: not permitted by archived_projects/crow-array-central/01_docs/contracts.md
FAIL C-ALLOW  archived_projects/crow-array-central/01_docs/decisions/0008-six-layer-escalation.md: not permitted by archived_projects/crow-array-central/01_docs/contracts.md
FAIL C-ALLOW  archived_projects/crow-array-central/01_docs/decisions/0009-small-via-escape-tier.md: not permitted by archived_projects/crow-array-central/01_docs/contracts.md
FAIL C-ALLOW  archived_projects/crow-array-central/01_docs/decisions/0010-gnd-zone-sliver-waiver.md: not permitted by archived_projects/crow-array-central/01_docs/contracts.md
FAIL C-ALLOW  archived_projects/crow-array-central/01_docs/reference/xmos_mc_audio_notes.md: not permitted by archived_projects/crow-array-central/01_docs/contracts.md
FAIL C-ALLOW  archived_projects/crow-array-central/01_docs/xmos_mc_audio_hw_manual_1V1.pdf: not permitted by archived_projects/crow-array-central/01_docs/contracts.md
FAIL C-ALLOW  archived_projects/crow-array-central/03_src/add_silk_fn.py: not permitted by archived_projects/crow-array-central/03_src/contracts.md
FAIL C-ALLOW  archived_projects/crow-array-central/03_src/clearance_nudge.py: not permitted by archived_projects/crow-array-central/03_src/contracts.md
FAIL C-ALLOW  archived_projects/crow-array-central/03_src/close_gnd.py: not permitted by archived_projects/crow-array-central/03_src/contracts.md
FAIL C-ALLOW  archived_projects/crow-array-central/03_src/gnd_rescue.py: not permitted by archived_projects/crow-array-central/03_src/contracts.md
FAIL C-ALLOW  archived_projects/crow-array-central/03_src/lib/cac.kicad_sym: not permitted by archived_projects/crow-array-central/03_src/contracts.md
FAIL C-ALLOW  archived_projects/crow-array-central/03_src/lib/cac.pretty/BarrelJack_Horizontal.kicad_mod: not permitted by archived_projects/crow-array-central/03_src/contracts.md
FAIL C-ALLOW  archived_projects/crow-array-central/03_src/lib/cac.pretty/Sensirion_DFN-4_1.5x1.5mm_P0.8mm_SHT4x_NoCentralPad.kicad_mod: not permitted by archived_projects/crow-array-central/03_src/contracts.md
FAIL C-ALLOW  archived_projects/crow-array-central/03_src/lib/cac.pretty/TQFP-128_14x14mm_P0.4mm_EP4.7mm.kicad_mod: not permitted by archived_projects/crow-array-central/03_src/contracts.md
FAIL C-ALLOW  archived_projects/crow-array-central/03_src/make_lib.py: not permitted by archived_projects/crow-array-central/03_src/contracts.md
FAIL C-ALLOW  archived_projects/crow-array-central/03_src/neck_approaches.py: not permitted by archived_projects/crow-array-central/03_src/contracts.md
FAIL C-ALLOW  archived_projects/crow-array-central/03_src/route/final.kicad_pcb: not permitted by archived_projects/crow-array-central/03_src/contracts.md
FAIL C-ALLOW  archived_projects/crow-array-central/03_src/route_fixups.py: not permitted by archived_projects/crow-array-central/03_src/contracts.md
FAIL C-ALLOW  archived_projects/crow-array-central/03_src/route_prep.py: not permitted by archived_projects/crow-array-central/03_src/contracts.md
FAIL C-ALLOW  archived_projects/crow-array-central/03_src/route_reconcile.py: not permitted by archived_projects/crow-array-central/03_src/contracts.md
FAIL C-ALLOW  archived_projects/crow-array-central/03_src/route_waves.sh: not permitted by archived_projects/crow-array-central/03_src/contracts.md
FAIL C-ALLOW  archived_projects/crow-array-central/03_src/rules/nets.yaml: not permitted by archived_projects/crow-array-central/03_src/contracts.md
FAIL C-ALLOW  archived_projects/crow-array-central/03_src/rules/policy_audit.json: not permitted by archived_projects/crow-array-central/03_src/contracts.md
FAIL C-ALLOW  archived_projects/crow-array-central/03_src/rules/policy_waivers.yaml: not permitted by archived_projects/crow-array-central/03_src/contracts.md
FAIL C-ALLOW  archived_projects/crow-array-central/03_src/rules/twin_adjudications.yaml: not permitted by archived_projects/crow-array-central/03_src/contracts.md
FAIL C-ALLOW  archived_projects/crow-array-central/03_src/trim_dangling.py: not permitted by archived_projects/crow-array-central/03_src/contracts.md
FAIL C-ALLOW  archived_projects/crow-array-central/03_tscircuit/.gitignore: not permitted by archived_projects/crow-array-central/03_tscircuit/contracts.md
FAIL C-ALLOW  archived_projects/crow-array-central/04_kicad/crow_array_central.kicad_prl: not permitted by archived_projects/crow-array-central/04_kicad/contracts.md
FAIL C-ALLOW  archived_projects/crow-array-central/06_build/drc/erc.json: not permitted by archived_projects/crow-array-central/06_build/contracts.md
FAIL C-ALLOW  archived_projects/crow-array-central/06_build/drc/gate.json: not permitted by archived_projects/crow-array-central/06_build/contracts.md
FAIL C-ALLOW  archived_projects/crow-array-central/06_build/fab/bom_jlc.csv: not permitted by archived_projects/crow-array-central/06_build/contracts.md
FAIL C-ALLOW  archived_projects/crow-array-central/06_build/fab/cpl_jlc.csv: not permitted by archived_projects/crow-array-central/06_build/contracts.md
FAIL C-ALLOW  archived_projects/crow-array-central/06_build/fab/crow_array_central-B_Cu.gbl: not permitted by archived_projects/crow-array-central/06_build/contracts.md
FAIL C-ALLOW  archived_projects/crow-array-central/06_build/fab/crow_array_central-B_Mask.gbs: not permitted by archived_projects/crow-array-central/06_build/contracts.md
FAIL C-ALLOW  archived_projects/crow-array-central/06_build/fab/crow_array_central-B_Paste.gbp: not permitted by archived_projects/crow-array-central/06_build/contracts.md
FAIL C-ALLOW  archived_projects/crow-array-central/06_build/fab/crow_array_central-B_Silkscreen.gbo: not permitted by archived_projects/crow-array-central/06_build/contracts.md
FAIL C-ALLOW  archived_projects/crow-array-central/06_build/fab/crow_array_central-Edge_Cuts.gm1: not permitted by archived_projects/crow-array-central/06_build/contracts.md
FAIL C-ALLOW  archived_projects/crow-array-central/06_build/fab/crow_array_central-F_Cu.gtl: not permitted by archived_projects/crow-array-central/06_build/contracts.md
FAIL C-ALLOW  archived_projects/crow-array-central/06_build/fab/crow_array_central-F_Mask.gts: not permitted by archived_projects/crow-array-central/06_build/contracts.md
FAIL C-ALLOW  archived_projects/crow-array-central/06_build/fab/crow_array_central-F_Paste.gtp: not permitted by archived_projects/crow-array-central/06_build/contracts.md
FAIL C-ALLOW  archived_projects/crow-array-central/06_build/fab/crow_array_central-F_Silkscreen.gto: not permitted by archived_projects/crow-array-central/06_build/contracts.md
FAIL C-ALLOW  archived_projects/crow-array-central/06_build/fab/crow_array_central-In1_Cu.g1: not permitted by archived_projects/crow-array-central/06_build/contracts.md
FAIL C-ALLOW  archived_projects/crow-array-central/06_build/fab/crow_array_central-In2_Cu.g2: not permitted by archived_projects/crow-array-central/06_build/contracts.md
FAIL C-ALLOW  archived_projects/crow-array-central/06_build/fab/crow_array_central-In3_Cu.g3: not permitted by archived_projects/crow-array-central/06_build/contracts.md
FAIL C-ALLOW  archived_projects/crow-array-central/06_build/fab/crow_array_central-In4_Cu.g4: not permitted by archived_projects/crow-array-central/06_build/contracts.md
FAIL C-ALLOW  archived_projects/crow-array-central/06_build/fab/crow_array_central-NPTH.drl: not permitted by archived_projects/crow-array-central/06_build/contracts.md
FAIL C-ALLOW  archived_projects/crow-array-central/06_build/fab/crow_array_central-PTH.drl: not permitted by archived_projects/crow-array-central/06_build/contracts.md
FAIL C-ALLOW  archived_projects/crow-array-central/06_build/fab/crow_array_central_gerbers.zip: not permitted by archived_projects/crow-array-central/06_build/contracts.md
FAIL C-ALLOW  archived_projects/crow-array-central/06_build/fab/stock_check.txt: not permitted by archived_projects/crow-array-central/06_build/contracts.md
FAIL C-ALLOW  archived_projects/crow-array-central/06_build/full_review_2026-07-19.md: not permitted by archived_projects/crow-array-central/06_build/contracts.md
FAIL C-ALLOW  archived_projects/crow-array-central/06_build/netlists/crow_array_central.net: not permitted by archived_projects/crow-array-central/06_build/contracts.md
FAIL C-ALLOW  archived_projects/crow-array-central/06_build/pdf/assembly_top-1.png: not permitted by archived_projects/crow-array-central/06_build/contracts.md
FAIL C-ALLOW  archived_projects/crow-array-central/06_build/pdf/assembly_top.pdf: not permitted by archived_projects/crow-array-central/06_build/contracts.md
FAIL C-ALLOW  archived_projects/crow-array-central/06_build/pdf/pcb_layers-01.png: not permitted by archived_projects/crow-array-central/06_build/contracts.md
FAIL C-ALLOW  archived_projects/crow-array-central/06_build/pdf/pcb_layers-02.png: not permitted by archived_projects/crow-array-central/06_build/contracts.md
FAIL C-ALLOW  archived_projects/crow-array-central/06_build/pdf/pcb_layers-03.png: not permitted by archived_projects/crow-array-central/06_build/contracts.md
FAIL C-ALLOW  archived_projects/crow-array-central/06_build/pdf/pcb_layers-04.png: not permitted by archived_projects/crow-array-central/06_build/contracts.md
FAIL C-ALLOW  archived_projects/crow-array-central/06_build/pdf/pcb_layers-05.png: not permitted by archived_projects/crow-array-central/06_build/contracts.md
FAIL C-ALLOW  archived_projects/crow-array-central/06_build/pdf/pcb_layers-06.png: not permitted by archived_projects/crow-array-central/06_build/contracts.md
FAIL C-ALLOW  archived_projects/crow-array-central/06_build/pdf/pcb_layers-07.png: not permitted by archived_projects/crow-array-central/06_build/contracts.md
FAIL C-ALLOW  archived_projects/crow-array-central/06_build/pdf/pcb_layers-08.png: not permitted by archived_projects/crow-array-central/06_build/contracts.md
FAIL C-ALLOW  archived_projects/crow-array-central/06_build/pdf/pcb_layers-09.png: not permitted by archived_projects/crow-array-central/06_build/contracts.md
FAIL C-ALLOW  archived_projects/crow-array-central/06_build/pdf/pcb_layers-10.png: not permitted by archived_projects/crow-array-central/06_build/contracts.md
FAIL C-ALLOW  archived_projects/crow-array-central/06_build/pdf/pcb_layers.pdf: not permitted by archived_projects/crow-array-central/06_build/contracts.md
FAIL C-ALLOW  archived_projects/crow-array-central/06_build/pdf/schematic-1.png: not permitted by archived_projects/crow-array-central/06_build/contracts.md
FAIL C-ALLOW  archived_projects/crow-array-central/06_build/pdf/schematic.pdf: not permitted by archived_projects/crow-array-central/06_build/contracts.md
FAIL C-ALLOW  archived_projects/crow-array-central/06_build/pin_audit/J1.md: not permitted by archived_projects/crow-array-central/06_build/contracts.md
FAIL C-ALLOW  archived_projects/crow-array-central/06_build/pin_audit/J2.md: not permitted by archived_projects/crow-array-central/06_build/contracts.md
FAIL C-ALLOW  archived_projects/crow-array-central/06_build/pin_audit/J3.md: not permitted by archived_projects/crow-array-central/06_build/contracts.md
FAIL C-ALLOW  archived_projects/crow-array-central/06_build/pin_audit/J4.md: not permitted by archived_projects/crow-array-central/06_build/contracts.md
FAIL C-ALLOW  archived_projects/crow-array-central/06_build/pin_audit/J5.md: not permitted by archived_projects/crow-array-central/06_build/contracts.md
FAIL C-ALLOW  archived_projects/crow-array-central/06_build/pin_audit/J6.md: not permitted by archived_projects/crow-array-central/06_build/contracts.md
FAIL C-ALLOW  archived_projects/crow-array-central/06_build/pin_audit/U1.md: not permitted by archived_projects/crow-array-central/06_build/contracts.md
FAIL C-ALLOW  archived_projects/crow-array-central/06_build/pin_audit/U12.md: not permitted by archived_projects/crow-array-central/06_build/contracts.md
FAIL C-ALLOW  archived_projects/crow-array-central/06_build/pin_audit/U2.md: not permitted by archived_projects/crow-array-central/06_build/contracts.md
FAIL C-ALLOW  archived_projects/crow-array-central/06_build/pin_audit/U3.md: not permitted by archived_projects/crow-array-central/06_build/contracts.md
FAIL C-ALLOW  archived_projects/crow-array-central/06_build/pin_audit/Y1.md: not permitted by archived_projects/crow-array-central/06_build/contracts.md
FAIL C-ALLOW  archived_projects/crow-array-central/06_build/pin_audit_fresh_2026-07-19/Q9.md: not permitted by archived_projects/crow-array-central/06_build/contracts.md
FAIL C-ALLOW  archived_projects/crow-array-central/06_build/pin_audit_fresh_2026-07-19/U1.md: not permitted by archived_projects/crow-array-central/06_build/contracts.md
FAIL C-ALLOW  archived_projects/crow-array-central/06_build/pin_audit_fresh_2026-07-19/U2.md: not permitted by archived_projects/crow-array-central/06_build/contracts.md
FAIL C-ALLOW  archived_projects/crow-array-central/06_build/pin_review.md: not permitted by archived_projects/crow-array-central/06_build/contracts.md
FAIL C-ALLOW  archived_projects/crow-array-central/06_build/policy_audit.md: not permitted by archived_projects/crow-array-central/06_build/contracts.md
FAIL C-ALLOW  archived_projects/crow-array-central/06_build/policy_drc.json: not permitted by archived_projects/crow-array-central/06_build/contracts.md
FAIL C-ALLOW  archived_projects/crow-array-central/06_build/policy_erc.json: not permitted by archived_projects/crow-array-central/06_build/contracts.md
FAIL C-ALLOW  archived_projects/crow-array-central/06_build/refdes_waiver.json: not permitted by archived_projects/crow-array-central/06_build/contracts.md
FAIL C-ALLOW  archived_projects/crow-array-central/06_build/render_review.md: not permitted by archived_projects/crow-array-central/06_build/contracts.md
FAIL C-ALLOW  archived_projects/crow-array-central/06_build/route/_a.kicad_pro: not permitted by archived_projects/crow-array-central/06_build/contracts.md
FAIL C-ALLOW  archived_projects/crow-array-central/06_build/route/_bg.kicad_pro: not permitted by archived_projects/crow-array-central/06_build/contracts.md
FAIL C-ALLOW  archived_projects/crow-array-central/06_build/route/_i.kicad_pcb: not permitted by archived_projects/crow-array-central/06_build/contracts.md
FAIL C-ALLOW  archived_projects/crow-array-central/06_build/route/_i.kicad_pro: not permitted by archived_projects/crow-array-central/06_build/contracts.md
FAIL C-ALLOW  archived_projects/crow-array-central/06_build/route/_j.kicad_pcb: not permitted by archived_projects/crow-array-central/06_build/contracts.md
FAIL C-ALLOW  archived_projects/crow-array-central/06_build/route/_j.kicad_pro: not permitted by archived_projects/crow-array-central/06_build/contracts.md
FAIL C-ALLOW  archived_projects/crow-array-central/06_build/route/_m.kicad_pro: not permitted by archived_projects/crow-array-central/06_build/contracts.md
FAIL C-ALLOW  archived_projects/crow-array-central/06_build/route/_p.kicad_pcb: not permitted by archived_projects/crow-array-central/06_build/contracts.md
FAIL C-ALLOW  archived_projects/crow-array-central/06_build/route/_p.kicad_pro: not permitted by archived_projects/crow-array-central/06_build/contracts.md
FAIL C-ALLOW  archived_projects/crow-array-central/06_build/route/_pw.kicad_pro: not permitted by archived_projects/crow-array-central/06_build/contracts.md
FAIL C-ALLOW  archived_projects/crow-array-central/06_build/route/_rc_drc.json: not permitted by archived_projects/crow-array-central/06_build/contracts.md
FAIL C-ALLOW  archived_projects/crow-array-central/06_build/route/_rc_tmp.kicad_pcb: not permitted by archived_projects/crow-array-central/06_build/contracts.md
FAIL C-ALLOW  archived_projects/crow-array-central/06_build/route/_rc_tmp.kicad_pro: not permitted by archived_projects/crow-array-central/06_build/contracts.md
FAIL C-ALLOW  archived_projects/crow-array-central/06_build/route/_t.kicad_pro: not permitted by archived_projects/crow-array-central/06_build/contracts.md
FAIL C-ALLOW  archived_projects/crow-array-central/06_build/route/_t2.kicad_pro: not permitted by archived_projects/crow-array-central/06_build/contracts.md
FAIL C-ALLOW  archived_projects/crow-array-central/06_build/route/_x.kicad_pro: not permitted by archived_projects/crow-array-central/06_build/contracts.md
FAIL C-ALLOW  archived_projects/crow-array-central/06_build/route/final.kicad_pcb: not permitted by archived_projects/crow-array-central/06_build/contracts.md
FAIL C-ALLOW  archived_projects/crow-array-central/06_build/route/final.kicad_prl: not permitted by archived_projects/crow-array-central/06_build/contracts.md
FAIL C-ALLOW  archived_projects/crow-array-central/06_build/route/final.kicad_pro: not permitted by archived_projects/crow-array-central/06_build/contracts.md
FAIL C-ALLOW  archived_projects/crow-array-central/06_build/route/final_r.kicad_pro: not permitted by archived_projects/crow-array-central/06_build/contracts.md
FAIL C-ALLOW  archived_projects/crow-array-central/06_build/route/final_r2.kicad_pro: not permitted by archived_projects/crow-array-central/06_build/contracts.md
FAIL C-ALLOW  archived_projects/crow-array-central/06_build/route/r0.kicad_dru: not permitted by archived_projects/crow-array-central/06_build/contracts.md
FAIL C-ALLOW  archived_projects/crow-array-central/06_build/route/r0.kicad_pcb: not permitted by archived_projects/crow-array-central/06_build/contracts.md
FAIL C-ALLOW  archived_projects/crow-array-central/06_build/route/r0.kicad_pro: not permitted by archived_projects/crow-array-central/06_build/contracts.md
FAIL C-ALLOW  archived_projects/crow-array-central/06_build/route/r0f.kicad_pcb: not permitted by archived_projects/crow-array-central/06_build/contracts.md
FAIL C-ALLOW  archived_projects/crow-array-central/06_build/route/r0f.kicad_pro: not permitted by archived_projects/crow-array-central/06_build/contracts.md
FAIL C-ALLOW  archived_projects/crow-array-central/06_build/route/r0f.kicad_pro.bak: not permitted by archived_projects/crow-array-central/06_build/contracts.md
FAIL C-ALLOW  archived_projects/crow-array-central/06_build/route/r0fa.kicad_pcb: not permitted by archived_projects/crow-array-central/06_build/contracts.md
FAIL C-ALLOW  archived_projects/crow-array-central/06_build/route/r0fa.kicad_pro: not permitted by archived_projects/crow-array-central/06_build/contracts.md
FAIL C-ALLOW  archived_projects/crow-array-central/06_build/route/r0fb.kicad_pcb: not permitted by archived_projects/crow-array-central/06_build/contracts.md
FAIL C-ALLOW  archived_projects/crow-array-central/06_build/route/r0fb.kicad_pro: not permitted by archived_projects/crow-array-central/06_build/contracts.md
FAIL C-ALLOW  archived_projects/crow-array-central/06_build/route/r0fc.kicad_pcb: not permitted by archived_projects/crow-array-central/06_build/contracts.md
FAIL C-ALLOW  archived_projects/crow-array-central/06_build/route/r0fc.kicad_pro: not permitted by archived_projects/crow-array-central/06_build/contracts.md
FAIL C-ALLOW  archived_projects/crow-array-central/06_build/route/r1.kicad_pcb: not permitted by archived_projects/crow-array-central/06_build/contracts.md
FAIL C-ALLOW  archived_projects/crow-array-central/06_build/route/r1.kicad_pro: not permitted by archived_projects/crow-array-central/06_build/contracts.md
FAIL C-ALLOW  archived_projects/crow-array-central/06_build/route/r2.kicad_pcb: not permitted by archived_projects/crow-array-central/06_build/contracts.md
FAIL C-ALLOW  archived_projects/crow-array-central/06_build/route/r2.kicad_pro: not permitted by archived_projects/crow-array-central/06_build/contracts.md
FAIL C-ALLOW  archived_projects/crow-array-central/06_build/route/r3.kicad_pcb: not permitted by archived_projects/crow-array-central/06_build/contracts.md
FAIL C-ALLOW  archived_projects/crow-array-central/06_build/route/r3.kicad_pro: not permitted by archived_projects/crow-array-central/06_build/contracts.md
FAIL C-ALLOW  archived_projects/crow-array-central/06_build/route/r4.kicad_pcb: not permitted by archived_projects/crow-array-central/06_build/contracts.md
FAIL C-ALLOW  archived_projects/crow-array-central/06_build/route/r4.kicad_pro: not permitted by archived_projects/crow-array-central/06_build/contracts.md
FAIL C-ALLOW  archived_projects/crow-array-central/06_build/route/r5.kicad_pcb: not permitted by archived_projects/crow-array-central/06_build/contracts.md
FAIL C-ALLOW  archived_projects/crow-array-central/06_build/route/r5.kicad_pro: not permitted by archived_projects/crow-array-central/06_build/contracts.md
FAIL C-ALLOW  archived_projects/crow-array-central/06_build/route/r6.kicad_pcb: not permitted by archived_projects/crow-array-central/06_build/contracts.md
FAIL C-ALLOW  archived_projects/crow-array-central/06_build/route/r6.kicad_pro: not permitted by archived_projects/crow-array-central/06_build/contracts.md
FAIL C-ALLOW  archived_projects/crow-array-central/06_build/route/rc1.kicad_pro: not permitted by archived_projects/crow-array-central/06_build/contracts.md
FAIL C-ALLOW  archived_projects/crow-array-central/06_build/route/rc2.kicad_pro: not permitted by archived_projects/crow-array-central/06_build/contracts.md
FAIL C-ALLOW  archived_projects/crow-array-central/06_build/twin/easyeda/C107029/jlc.3dshapes/C0402_L1.0-W0.5-H0.5.step: not permitted by archived_projects/crow-array-central/06_build/contracts.md
FAIL C-ALLOW  archived_projects/crow-array-central/06_build/twin/easyeda/C107029/jlc.3dshapes/C0402_L1.0-W0.5-H0.5.wrl: not permitted by archived_projects/crow-array-central/06_build/contracts.md
FAIL C-ALLOW  archived_projects/crow-array-central/06_build/twin/easyeda/C107029/jlc.kicad_sym: not permitted by archived_projects/crow-array-central/06_build/contracts.md
FAIL C-ALLOW  archived_projects/crow-array-central/06_build/twin/easyeda/C107029/jlc.pretty/C0402.kicad_mod: not permitted by archived_projects/crow-array-central/06_build/contracts.md
FAIL C-ALLOW  archived_projects/crow-array-central/06_build/twin/easyeda/C113974/jlc.3dshapes/SMB_L4.6-W3.6-LS5.3-RD.step: not permitted by archived_projects/crow-array-central/06_build/contracts.md
FAIL C-ALLOW  archived_projects/crow-array-central/06_build/twin/easyeda/C113974/jlc.3dshapes/SMB_L4.6-W3.6-LS5.3-RD.wrl: not permitted by archived_projects/crow-array-central/06_build/contracts.md
FAIL C-ALLOW  archived_projects/crow-array-central/06_build/twin/easyeda/C113974/jlc.kicad_sym: not permitted by archived_projects/crow-array-central/06_build/contracts.md
FAIL C-ALLOW  archived_projects/crow-array-central/06_build/twin/easyeda/C113974/jlc.pretty/SMB_L4.6-W3.6-LS5.3-RD.kicad_mod: not permitted by archived_projects/crow-array-central/06_build/contracts.md
FAIL C-ALLOW  archived_projects/crow-array-central/06_build/twin/easyeda/C11702/jlc.3dshapes/R0402_L1.0-W0.5-H0.4.step: not permitted by archived_projects/crow-array-central/06_build/contracts.md
FAIL C-ALLOW  archived_projects/crow-array-central/06_build/twin/easyeda/C11702/jlc.3dshapes/R0402_L1.0-W0.5-H0.4.wrl: not permitted by archived_projects/crow-array-central/06_build/contracts.md
FAIL C-ALLOW  archived_projects/crow-array-central/06_build/twin/easyeda/C11702/jlc.kicad_sym: not permitted by archived_projects/crow-array-central/06_build/contracts.md
FAIL C-ALLOW  archived_projects/crow-array-central/06_build/twin/easyeda/C11702/jlc.pretty/R0402.kicad_mod: not permitted by archived_projects/crow-array-central/06_build/contracts.md
FAIL C-ALLOW  archived_projects/crow-array-central/06_build/twin/easyeda/C12530/jlc.3dshapes/C0402_L1.0-W0.5-H0.5.step: not permitted by archived_projects/crow-array-central/06_build/contracts.md
FAIL C-ALLOW  archived_projects/crow-array-central/06_build/twin/easyeda/C12530/jlc.3dshapes/C0402_L1.0-W0.5-H0.5.wrl: not permitted by archived_projects/crow-array-central/06_build/contracts.md
FAIL C-ALLOW  archived_projects/crow-array-central/06_build/twin/easyeda/C12530/jlc.kicad_sym: not permitted by archived_projects/crow-array-central/06_build/contracts.md
FAIL C-ALLOW  archived_projects/crow-array-central/06_build/twin/easyeda/C12530/jlc.pretty/C0402.kicad_mod: not permitted by archived_projects/crow-array-central/06_build/contracts.md
FAIL C-ALLOW  archived_projects/crow-array-central/06_build/twin/easyeda/C131025/jlc.3dshapes/SOIC-8_L5.3-W5.3-H1.9-LS7.9-P1.27.step: not permitted by archived_projects/crow-array-central/06_build/contracts.md
FAIL C-ALLOW  archived_projects/crow-array-central/06_build/twin/easyeda/C131025/jlc.3dshapes/SOIC-8_L5.3-W5.3-H1.9-LS7.9-P1.27.wrl: not permitted by archived_projects/crow-array-central/06_build/contracts.md
FAIL C-ALLOW  archived_projects/crow-array-central/06_build/twin/easyeda/C131025/jlc.kicad_sym: not permitted by archived_projects/crow-array-central/06_build/contracts.md
FAIL C-ALLOW  archived_projects/crow-array-central/06_build/twin/easyeda/C131025/jlc.pretty/SOIC-8_L5.3-W5.3-P1.27-LS8.0-BL.kicad_mod: not permitted by archived_projects/crow-array-central/06_build/contracts.md
FAIL C-ALLOW  archived_projects/crow-array-central/06_build/twin/easyeda/C137947/jlc.3dshapes/R0402_L1.0-W0.5-H0.4.step: not permitted by archived_projects/crow-array-central/06_build/contracts.md
FAIL C-ALLOW  archived_projects/crow-array-central/06_build/twin/easyeda/C137947/jlc.3dshapes/R0402_L1.0-W0.5-H0.4.wrl: not permitted by archived_projects/crow-array-central/06_build/contracts.md
FAIL C-ALLOW  archived_projects/crow-array-central/06_build/twin/easyeda/C137947/jlc.kicad_sym: not permitted by archived_projects/crow-array-central/06_build/contracts.md
FAIL C-ALLOW  archived_projects/crow-array-central/06_build/twin/easyeda/C137947/jlc.pretty/R0402.kicad_mod: not permitted by archived_projects/crow-array-central/06_build/contracts.md
FAIL C-ALLOW  archived_projects/crow-array-central/06_build/twin/easyeda/C137948/jlc.3dshapes/R0402_L1.0-W0.5-H0.4.step: not permitted by archived_projects/crow-array-central/06_build/contracts.md
FAIL C-ALLOW  archived_projects/crow-array-central/06_build/twin/easyeda/C137948/jlc.3dshapes/R0402_L1.0-W0.5-H0.4.wrl: not permitted by archived_projects/crow-array-central/06_build/contracts.md
FAIL C-ALLOW  archived_projects/crow-array-central/06_build/twin/easyeda/C137948/jlc.kicad_sym: not permitted by archived_projects/crow-array-central/06_build/contracts.md
FAIL C-ALLOW  archived_projects/crow-array-central/06_build/twin/easyeda/C137948/jlc.pretty/R0402.kicad_mod: not permitted by archived_projects/crow-array-central/06_build/contracts.md
FAIL C-ALLOW  archived_projects/crow-array-central/06_build/twin/easyeda/C138030/jlc.3dshapes/R0402_L1.0-W0.5-H0.4.step: not permitted by archived_projects/crow-array-central/06_build/contracts.md
FAIL C-ALLOW  archived_projects/crow-array-central/06_build/twin/easyeda/C138030/jlc.3dshapes/R0402_L1.0-W0.5-H0.4.wrl: not permitted by archived_projects/crow-array-central/06_build/contracts.md
FAIL C-ALLOW  archived_projects/crow-array-central/06_build/twin/easyeda/C138030/jlc.kicad_sym: not permitted by archived_projects/crow-array-central/06_build/contracts.md
FAIL C-ALLOW  archived_projects/crow-array-central/06_build/twin/easyeda/C138030/jlc.pretty/R0402.kicad_mod: not permitted by archived_projects/crow-array-central/06_build/contracts.md
FAIL C-ALLOW  archived_projects/crow-array-central/06_build/twin/easyeda/C15127/jlc.3dshapes/SOT-23-3P_L2.9-W1.3-H1.0-LS2.4-P0.95.step: not permitted by archived_projects/crow-array-central/06_build/contracts.md
FAIL C-ALLOW  archived_projects/crow-array-central/06_build/twin/easyeda/C15127/jlc.3dshapes/SOT-23-3P_L2.9-W1.3-H1.0-LS2.4-P0.95.wrl: not permitted by archived_projects/crow-array-central/06_build/contracts.md
FAIL C-ALLOW  archived_projects/crow-array-central/06_build/twin/easyeda/C15127/jlc.kicad_sym: not permitted by archived_projects/crow-array-central/06_build/contracts.md
FAIL C-ALLOW  archived_projects/crow-array-central/06_build/twin/easyeda/C15127/jlc.pretty/SOT-23_L2.9-W1.3-P1.90-LS2.4-BR.kicad_mod: not permitted by archived_projects/crow-array-central/06_build/contracts.md
FAIL C-ALLOW  archived_projects/crow-array-central/06_build/twin/easyeda/C15195/jlc.3dshapes/C0402_L1.0-W0.5-H0.5.step: not permitted by archived_projects/crow-array-central/06_build/contracts.md
FAIL C-ALLOW  archived_projects/crow-array-central/06_build/twin/easyeda/C15195/jlc.3dshapes/C0402_L1.0-W0.5-H0.5.wrl: not permitted by archived_projects/crow-array-central/06_build/contracts.md
FAIL C-ALLOW  archived_projects/crow-array-central/06_build/twin/easyeda/C15195/jlc.kicad_sym: not permitted by archived_projects/crow-array-central/06_build/contracts.md
FAIL C-ALLOW  archived_projects/crow-array-central/06_build/twin/easyeda/C15195/jlc.pretty/C0402.kicad_mod: not permitted by archived_projects/crow-array-central/06_build/contracts.md
FAIL C-ALLOW  archived_projects/crow-array-central/06_build/twin/easyeda/C1523/jlc.3dshapes/C0402_L1.0-W0.5-H0.5.step: not permitted by archived_projects/crow-array-central/06_build/contracts.md
FAIL C-ALLOW  archived_projects/crow-array-central/06_build/twin/easyeda/C1523/jlc.3dshapes/C0402_L1.0-W0.5-H0.5.wrl: not permitted by archived_projects/crow-array-central/06_build/contracts.md
FAIL C-ALLOW  archived_projects/crow-array-central/06_build/twin/easyeda/C1523/jlc.kicad_sym: not permitted by archived_projects/crow-array-central/06_build/contracts.md
FAIL C-ALLOW  archived_projects/crow-array-central/06_build/twin/easyeda/C1523/jlc.pretty/C0402.kicad_mod: not permitted by archived_projects/crow-array-central/06_build/contracts.md
FAIL C-ALLOW  archived_projects/crow-array-central/06_build/twin/easyeda/C1525/jlc.3dshapes/C0402_L1.0-W0.5-H0.5.step: not permitted by archived_projects/crow-array-central/06_build/contracts.md
FAIL C-ALLOW  archived_projects/crow-array-central/06_build/twin/easyeda/C1525/jlc.3dshapes/C0402_L1.0-W0.5-H0.5.wrl: not permitted by archived_projects/crow-array-central/06_build/contracts.md
FAIL C-ALLOW  archived_projects/crow-array-central/06_build/twin/easyeda/C1525/jlc.kicad_sym: not permitted by archived_projects/crow-array-central/06_build/contracts.md
FAIL C-ALLOW  archived_projects/crow-array-central/06_build/twin/easyeda/C1525/jlc.pretty/C0402.kicad_mod: not permitted by archived_projects/crow-array-central/06_build/contracts.md
FAIL C-ALLOW  archived_projects/crow-array-central/06_build/twin/easyeda/C1538/jlc.3dshapes/C0402_L1.0-W0.5-H0.5.step: not permitted by archived_projects/crow-array-central/06_build/contracts.md
FAIL C-ALLOW  archived_projects/crow-array-central/06_build/twin/easyeda/C1538/jlc.3dshapes/C0402_L1.0-W0.5-H0.5.wrl: not permitted by archived_projects/crow-array-central/06_build/contracts.md
FAIL C-ALLOW  archived_projects/crow-array-central/06_build/twin/easyeda/C1538/jlc.kicad_sym: not permitted by archived_projects/crow-array-central/06_build/contracts.md
FAIL C-ALLOW  archived_projects/crow-array-central/06_build/twin/easyeda/C1538/jlc.pretty/C0402.kicad_mod: not permitted by archived_projects/crow-array-central/06_build/contracts.md
FAIL C-ALLOW  archived_projects/crow-array-central/06_build/twin/easyeda/C1546/jlc.3dshapes/C0402_L1.0-W0.5-H0.5.step: not permitted by archived_projects/crow-array-central/06_build/contracts.md
FAIL C-ALLOW  archived_projects/crow-array-central/06_build/twin/easyeda/C1546/jlc.3dshapes/C0402_L1.0-W0.5-H0.5.wrl: not permitted by archived_projects/crow-array-central/06_build/contracts.md
FAIL C-ALLOW  archived_projects/crow-array-central/06_build/twin/easyeda/C1546/jlc.kicad_sym: not permitted by archived_projects/crow-array-central/06_build/contracts.md
FAIL C-ALLOW  archived_projects/crow-array-central/06_build/twin/easyeda/C1546/jlc.pretty/C0402.kicad_mod: not permitted by archived_projects/crow-array-central/06_build/contracts.md
FAIL C-ALLOW  archived_projects/crow-array-central/06_build/twin/easyeda/C1549/jlc.3dshapes/C0402_L1.0-W0.5-H0.5.step: not permitted by archived_projects/crow-array-central/06_build/contracts.md
FAIL C-ALLOW  archived_projects/crow-array-central/06_build/twin/easyeda/C1549/jlc.3dshapes/C0402_L1.0-W0.5-H0.5.wrl: not permitted by archived_projects/crow-array-central/06_build/contracts.md
FAIL C-ALLOW  archived_projects/crow-array-central/06_build/twin/easyeda/C1549/jlc.kicad_sym: not permitted by archived_projects/crow-array-central/06_build/contracts.md
FAIL C-ALLOW  archived_projects/crow-array-central/06_build/twin/easyeda/C1549/jlc.pretty/C0402.kicad_mod: not permitted by archived_projects/crow-array-central/06_build/contracts.md
FAIL C-ALLOW  archived_projects/crow-array-central/06_build/twin/easyeda/C15525/jlc.3dshapes/C0402_L1.0-W0.5-H0.5.step: not permitted by archived_projects/crow-array-central/06_build/contracts.md
FAIL C-ALLOW  archived_projects/crow-array-central/06_build/twin/easyeda/C15525/jlc.3dshapes/C0402_L1.0-W0.5-H0.5.wrl: not permitted by archived_projects/crow-array-central/06_build/contracts.md
FAIL C-ALLOW  archived_projects/crow-array-central/06_build/twin/easyeda/C15525/jlc.kicad_sym: not permitted by archived_projects/crow-array-central/06_build/contracts.md
FAIL C-ALLOW  archived_projects/crow-array-central/06_build/twin/easyeda/C15525/jlc.pretty/C0402.kicad_mod: not permitted by archived_projects/crow-array-central/06_build/contracts.md
FAIL C-ALLOW  archived_projects/crow-array-central/06_build/twin/easyeda/C181312/jlc.3dshapes/TSSOP-30_L7.8-W4.4-H1.0-LS6.4-P0.50.step: not permitted by archived_projects/crow-array-central/06_build/contracts.md
FAIL C-ALLOW  archived_projects/crow-array-central/06_build/twin/easyeda/C181312/jlc.3dshapes/TSSOP-30_L7.8-W4.4-H1.0-LS6.4-P0.50.wrl: not permitted by archived_projects/crow-array-central/06_build/contracts.md
FAIL C-ALLOW  archived_projects/crow-array-central/06_build/twin/easyeda/C181312/jlc.kicad_sym: not permitted by archived_projects/crow-array-central/06_build/contracts.md
FAIL C-ALLOW  archived_projects/crow-array-central/06_build/twin/easyeda/C181312/jlc.pretty/TSSOP-30_L7.8-W4.4-P0.50-LS6.4-BL.kicad_mod: not permitted by archived_projects/crow-array-central/06_build/contracts.md
FAIL C-ALLOW  archived_projects/crow-array-central/06_build/twin/easyeda/C1972959/jlc.3dshapes/SOT-553-5_L1.6-W1.2-P0.50-LS1.6-TL-1.step: not permitted by archived_projects/crow-array-central/06_build/contracts.md
FAIL C-ALLOW  archived_projects/crow-array-central/06_build/twin/easyeda/C1972959/jlc.3dshapes/SOT-553-5_L1.6-W1.2-P0.50-LS1.6-TL-1.wrl: not permitted by archived_projects/crow-array-central/06_build/contracts.md
FAIL C-ALLOW  archived_projects/crow-array-central/06_build/twin/easyeda/C1972959/jlc.kicad_sym: not permitted by archived_projects/crow-array-central/06_build/contracts.md
FAIL C-ALLOW  archived_projects/crow-array-central/06_build/twin/easyeda/C1972959/jlc.pretty/SOT-553-5_L1.6-W1.2-P0.50-LS1.6-TL-1.kicad_mod: not permitted by archived_projects/crow-array-central/06_build/contracts.md
FAIL C-ALLOW  archived_projects/crow-array-central/06_build/twin/easyeda/C20812/jlc.3dshapes/F1812_L4.5-W3.2-H1.0.step: not permitted by archived_projects/crow-array-central/06_build/contracts.md
FAIL C-ALLOW  archived_projects/crow-array-central/06_build/twin/easyeda/C20812/jlc.3dshapes/F1812_L4.5-W3.2-H1.0.wrl: not permitted by archived_projects/crow-array-central/06_build/contracts.md
FAIL C-ALLOW  archived_projects/crow-array-central/06_build/twin/easyeda/C20812/jlc.kicad_sym: not permitted by archived_projects/crow-array-central/06_build/contracts.md
FAIL C-ALLOW  archived_projects/crow-array-central/06_build/twin/easyeda/C20812/jlc.pretty/F1812.kicad_mod: not permitted by archived_projects/crow-array-central/06_build/contracts.md
FAIL C-ALLOW  archived_projects/crow-array-central/06_build/twin/easyeda/C20917/jlc.3dshapes/SOT-23-3P_L2.9-W1.3-H1.0-LS2.4-P0.95.step: not permitted by archived_projects/crow-array-central/06_build/contracts.md
FAIL C-ALLOW  archived_projects/crow-array-central/06_build/twin/easyeda/C20917/jlc.3dshapes/SOT-23-3P_L2.9-W1.3-H1.0-LS2.4-P0.95.wrl: not permitted by archived_projects/crow-array-central/06_build/contracts.md
FAIL C-ALLOW  archived_projects/crow-array-central/06_build/twin/easyeda/C20917/jlc.kicad_sym: not permitted by archived_projects/crow-array-central/06_build/contracts.md
FAIL C-ALLOW  archived_projects/crow-array-central/06_build/twin/easyeda/C20917/jlc.pretty/SOT-23-3_L2.9-W1.3-P1.90-LS2.4-BR.kicad_mod: not permitted by archived_projects/crow-array-central/06_build/contracts.md
FAIL C-ALLOW  archived_projects/crow-array-central/06_build/twin/easyeda/C232798/jlc.3dshapes/US-8_L2.0-W2.3-H0.9-P0.50.step: not permitted by archived_projects/crow-array-central/06_build/contracts.md
FAIL C-ALLOW  archived_projects/crow-array-central/06_build/twin/easyeda/C232798/jlc.3dshapes/US-8_L2.0-W2.3-H0.9-P0.50.wrl: not permitted by archived_projects/crow-array-central/06_build/contracts.md
FAIL C-ALLOW  archived_projects/crow-array-central/06_build/twin/easyeda/C232798/jlc.kicad_sym: not permitted by archived_projects/crow-array-central/06_build/contracts.md
FAIL C-ALLOW  archived_projects/crow-array-central/06_build/twin/easyeda/C232798/jlc.pretty/US-8_L2.1-W2.4-P0.50-LS3.2-BL.kicad_mod: not permitted by archived_projects/crow-array-central/06_build/contracts.md
FAIL C-ALLOW  archived_projects/crow-array-central/06_build/twin/easyeda/C23733/jlc.3dshapes/C0402_L1.0-W0.5-H0.5.step: not permitted by archived_projects/crow-array-central/06_build/contracts.md
FAIL C-ALLOW  archived_projects/crow-array-central/06_build/twin/easyeda/C23733/jlc.3dshapes/C0402_L1.0-W0.5-H0.5.wrl: not permitted by archived_projects/crow-array-central/06_build/contracts.md
FAIL C-ALLOW  archived_projects/crow-array-central/06_build/twin/easyeda/C23733/jlc.kicad_sym: not permitted by archived_projects/crow-array-central/06_build/contracts.md
FAIL C-ALLOW  archived_projects/crow-array-central/06_build/twin/easyeda/C23733/jlc.pretty/C0402.kicad_mod: not permitted by archived_projects/crow-array-central/06_build/contracts.md
FAIL C-ALLOW  archived_projects/crow-array-central/06_build/twin/easyeda/C25105/jlc.3dshapes/R0402_L1.0-W0.5-H0.4.step: not permitted by archived_projects/crow-array-central/06_build/contracts.md
FAIL C-ALLOW  archived_projects/crow-array-central/06_build/twin/easyeda/C25105/jlc.3dshapes/R0402_L1.0-W0.5-H0.4.wrl: not permitted by archived_projects/crow-array-central/06_build/contracts.md
FAIL C-ALLOW  archived_projects/crow-array-central/06_build/twin/easyeda/C25105/jlc.kicad_sym: not permitted by archived_projects/crow-array-central/06_build/contracts.md
FAIL C-ALLOW  archived_projects/crow-array-central/06_build/twin/easyeda/C25105/jlc.pretty/R0402.kicad_mod: not permitted by archived_projects/crow-array-central/06_build/contracts.md
FAIL C-ALLOW  archived_projects/crow-array-central/06_build/twin/easyeda/C25120/jlc.3dshapes/R0402_L1.0-W0.5-H0.4.step: not permitted by archived_projects/crow-array-central/06_build/contracts.md
FAIL C-ALLOW  archived_projects/crow-array-central/06_build/twin/easyeda/C25120/jlc.3dshapes/R0402_L1.0-W0.5-H0.4.wrl: not permitted by archived_projects/crow-array-central/06_build/contracts.md
FAIL C-ALLOW  archived_projects/crow-array-central/06_build/twin/easyeda/C25120/jlc.kicad_sym: not permitted by archived_projects/crow-array-central/06_build/contracts.md
FAIL C-ALLOW  archived_projects/crow-array-central/06_build/twin/easyeda/C25120/jlc.pretty/R0402.kicad_mod: not permitted by archived_projects/crow-array-central/06_build/contracts.md
FAIL C-ALLOW  archived_projects/crow-array-central/06_build/twin/easyeda/C25741/jlc.3dshapes/R0402_L1.0-W0.5-H0.4.step: not permitted by archived_projects/crow-array-central/06_build/contracts.md
FAIL C-ALLOW  archived_projects/crow-array-central/06_build/twin/easyeda/C25741/jlc.3dshapes/R0402_L1.0-W0.5-H0.4.wrl: not permitted by archived_projects/crow-array-central/06_build/contracts.md
FAIL C-ALLOW  archived_projects/crow-array-central/06_build/twin/easyeda/C25741/jlc.kicad_sym: not permitted by archived_projects/crow-array-central/06_build/contracts.md
FAIL C-ALLOW  archived_projects/crow-array-central/06_build/twin/easyeda/C25741/jlc.pretty/R0402.kicad_mod: not permitted by archived_projects/crow-array-central/06_build/contracts.md
FAIL C-ALLOW  archived_projects/crow-array-central/06_build/twin/easyeda/C25744/jlc.3dshapes/R0402_L1.0-W0.5-H0.4.step: not permitted by archived_projects/crow-array-central/06_build/contracts.md
FAIL C-ALLOW  archived_projects/crow-array-central/06_build/twin/easyeda/C25744/jlc.3dshapes/R0402_L1.0-W0.5-H0.4.wrl: not permitted by archived_projects/crow-array-central/06_build/contracts.md
FAIL C-ALLOW  archived_projects/crow-array-central/06_build/twin/easyeda/C25744/jlc.kicad_sym: not permitted by archived_projects/crow-array-central/06_build/contracts.md
FAIL C-ALLOW  archived_projects/crow-array-central/06_build/twin/easyeda/C25744/jlc.pretty/R0402.kicad_mod: not permitted by archived_projects/crow-array-central/06_build/contracts.md
FAIL C-ALLOW  archived_projects/crow-array-central/06_build/twin/easyeda/C25756/jlc.3dshapes/R0402_L1.0-W0.5-H0.4.step: not permitted by archived_projects/crow-array-central/06_build/contracts.md
FAIL C-ALLOW  archived_projects/crow-array-central/06_build/twin/easyeda/C25756/jlc.3dshapes/R0402_L1.0-W0.5-H0.4.wrl: not permitted by archived_projects/crow-array-central/06_build/contracts.md
FAIL C-ALLOW  archived_projects/crow-array-central/06_build/twin/easyeda/C25756/jlc.kicad_sym: not permitted by archived_projects/crow-array-central/06_build/contracts.md
FAIL C-ALLOW  archived_projects/crow-array-central/06_build/twin/easyeda/C25756/jlc.pretty/R0402.kicad_mod: not permitted by archived_projects/crow-array-central/06_build/contracts.md
FAIL C-ALLOW  archived_projects/crow-array-central/06_build/twin/easyeda/C25765/jlc.3dshapes/R0402_L1.0-W0.5-H0.4.step: not permitted by archived_projects/crow-array-central/06_build/contracts.md
FAIL C-ALLOW  archived_projects/crow-array-central/06_build/twin/easyeda/C25765/jlc.3dshapes/R0402_L1.0-W0.5-H0.4.wrl: not permitted by archived_projects/crow-array-central/06_build/contracts.md
FAIL C-ALLOW  archived_projects/crow-array-central/06_build/twin/easyeda/C25765/jlc.kicad_sym: not permitted by archived_projects/crow-array-central/06_build/contracts.md
FAIL C-ALLOW  archived_projects/crow-array-central/06_build/twin/easyeda/C25765/jlc.pretty/R0402.kicad_mod: not permitted by archived_projects/crow-array-central/06_build/contracts.md
FAIL C-ALLOW  archived_projects/crow-array-central/06_build/twin/easyeda/C25778/jlc.3dshapes/R0402_L1.0-W0.5-H0.4.step: not permitted by archived_projects/crow-array-central/06_build/contracts.md
FAIL C-ALLOW  archived_projects/crow-array-central/06_build/twin/easyeda/C25778/jlc.3dshapes/R0402_L1.0-W0.5-H0.4.wrl: not permitted by archived_projects/crow-array-central/06_build/contracts.md
FAIL C-ALLOW  archived_projects/crow-array-central/06_build/twin/easyeda/C25778/jlc.kicad_sym: not permitted by archived_projects/crow-array-central/06_build/contracts.md
FAIL C-ALLOW  archived_projects/crow-array-central/06_build/twin/easyeda/C25778/jlc.pretty/R0402.kicad_mod: not permitted by archived_projects/crow-array-central/06_build/contracts.md
FAIL C-ALLOW  archived_projects/crow-array-central/06_build/twin/easyeda/C25900/jlc.3dshapes/R0402_L1.0-W0.5-H0.4.step: not permitted by archived_projects/crow-array-central/06_build/contracts.md
FAIL C-ALLOW  archived_projects/crow-array-central/06_build/twin/easyeda/C25900/jlc.3dshapes/R0402_L1.0-W0.5-H0.4.wrl: not permitted by archived_projects/crow-array-central/06_build/contracts.md
FAIL C-ALLOW  archived_projects/crow-array-central/06_build/twin/easyeda/C25900/jlc.kicad_sym: not permitted by archived_projects/crow-array-central/06_build/contracts.md
FAIL C-ALLOW  archived_projects/crow-array-central/06_build/twin/easyeda/C25900/jlc.pretty/R0402.kicad_mod: not permitted by archived_projects/crow-array-central/06_build/contracts.md
FAIL C-ALLOW  archived_projects/crow-array-central/06_build/twin/easyeda/C25905/jlc.3dshapes/R0402_L1.0-W0.5-H0.4.step: not permitted by archived_projects/crow-array-central/06_build/contracts.md
FAIL C-ALLOW  archived_projects/crow-array-central/06_build/twin/easyeda/C25905/jlc.3dshapes/R0402_L1.0-W0.5-H0.4.wrl: not permitted by archived_projects/crow-array-central/06_build/contracts.md
FAIL C-ALLOW  archived_projects/crow-array-central/06_build/twin/easyeda/C25905/jlc.kicad_sym: not permitted by archived_projects/crow-array-central/06_build/contracts.md
FAIL C-ALLOW  archived_projects/crow-array-central/06_build/twin/easyeda/C25905/jlc.pretty/R0402.kicad_mod: not permitted by archived_projects/crow-array-central/06_build/contracts.md
FAIL C-ALLOW  archived_projects/crow-array-central/06_build/twin/easyeda/C26083/jlc.3dshapes/R0402_L1.0-W0.5-H0.4.step: not permitted by archived_projects/crow-array-central/06_build/contracts.md
FAIL C-ALLOW  archived_projects/crow-array-central/06_build/twin/easyeda/C26083/jlc.3dshapes/R0402_L1.0-W0.5-H0.4.wrl: not permitted by archived_projects/crow-array-central/06_build/contracts.md
FAIL C-ALLOW  archived_projects/crow-array-central/06_build/twin/easyeda/C26083/jlc.kicad_sym: not permitted by archived_projects/crow-array-central/06_build/contracts.md
FAIL C-ALLOW  archived_projects/crow-array-central/06_build/twin/easyeda/C26083/jlc.pretty/R0402.kicad_mod: not permitted by archived_projects/crow-array-central/06_build/contracts.md
FAIL C-ALLOW  archived_projects/crow-array-central/06_build/twin/easyeda/C2649901/jlc.3dshapes/F1812_L4.5-W3.2-H1.0.step: not permitted by archived_projects/crow-array-central/06_build/contracts.md
FAIL C-ALLOW  archived_projects/crow-array-central/06_build/twin/easyeda/C2649901/jlc.3dshapes/F1812_L4.5-W3.2-H1.0.wrl: not permitted by archived_projects/crow-array-central/06_build/contracts.md
FAIL C-ALLOW  archived_projects/crow-array-central/06_build/twin/easyeda/C2649901/jlc.kicad_sym: not permitted by archived_projects/crow-array-central/06_build/contracts.md
FAIL C-ALLOW  archived_projects/crow-array-central/06_build/twin/easyeda/C2649901/jlc.pretty/F1812.kicad_mod: not permitted by archived_projects/crow-array-central/06_build/contracts.md
FAIL C-ALLOW  archived_projects/crow-array-central/06_build/twin/easyeda/C2909890/jlc.3dshapes/DFN-4_L1.5-W1.5-P0.8.step: not permitted by archived_projects/crow-array-central/06_build/contracts.md
FAIL C-ALLOW  archived_projects/crow-array-central/06_build/twin/easyeda/C2909890/jlc.3dshapes/DFN-4_L1.5-W1.5-P0.8.wrl: not permitted by archived_projects/crow-array-central/06_build/contracts.md
FAIL C-ALLOW  archived_projects/crow-array-central/06_build/twin/easyeda/C2909890/jlc.kicad_sym: not permitted by archived_projects/crow-array-central/06_build/contracts.md
FAIL C-ALLOW  archived_projects/crow-array-central/06_build/twin/easyeda/C2909890/jlc.pretty/DFN-4_L1.5-W1.5-P0.8-TL-EP.kicad_mod: not permitted by archived_projects/crow-array-central/06_build/contracts.md
FAIL C-ALLOW  archived_projects/crow-array-central/06_build/twin/easyeda/C3020560/jlc.3dshapes/TYPE-C-SMD_SBC-160S1A-20-S412.step: not permitted by archived_projects/crow-array-central/06_build/contracts.md
FAIL C-ALLOW  archived_projects/crow-array-central/06_build/twin/easyeda/C3020560/jlc.3dshapes/TYPE-C-SMD_SBC-160S1A-20-S412.wrl: not permitted by archived_projects/crow-array-central/06_build/contracts.md
FAIL C-ALLOW  archived_projects/crow-array-central/06_build/twin/easyeda/C3020560/jlc.kicad_sym: not permitted by archived_projects/crow-array-central/06_build/contracts.md
FAIL C-ALLOW  archived_projects/crow-array-central/06_build/twin/easyeda/C3020560/jlc.pretty/TYPE-C-SMD_SBC-160S1A-20-S412.kicad_mod: not permitted by archived_projects/crow-array-central/06_build/contracts.md
FAIL C-ALLOW  archived_projects/crow-array-central/06_build/twin/easyeda/C385994/jlc.3dshapes/C0402_L1.0-W0.5-H0.5.step: not permitted by archived_projects/crow-array-central/06_build/contracts.md
FAIL C-ALLOW  archived_projects/crow-array-central/06_build/twin/easyeda/C385994/jlc.3dshapes/C0402_L1.0-W0.5-H0.5.wrl: not permitted by archived_projects/crow-array-central/06_build/contracts.md
FAIL C-ALLOW  archived_projects/crow-array-central/06_build/twin/easyeda/C385994/jlc.kicad_sym: not permitted by archived_projects/crow-array-central/06_build/contracts.md
FAIL C-ALLOW  archived_projects/crow-array-central/06_build/twin/easyeda/C385994/jlc.pretty/C0402.kicad_mod: not permitted by archived_projects/crow-array-central/06_build/contracts.md
FAIL C-ALLOW  archived_projects/crow-array-central/06_build/twin/easyeda/C408332/jlc.3dshapes/IND-SMD_L4.2-W4.4-H2.0.step: not permitted by archived_projects/crow-array-central/06_build/contracts.md
FAIL C-ALLOW  archived_projects/crow-array-central/06_build/twin/easyeda/C408332/jlc.3dshapes/IND-SMD_L4.2-W4.4-H2.0.wrl: not permitted by archived_projects/crow-array-central/06_build/contracts.md
FAIL C-ALLOW  archived_projects/crow-array-central/06_build/twin/easyeda/C408332/jlc.kicad_sym: not permitted by archived_projects/crow-array-central/06_build/contracts.md
FAIL C-ALLOW  archived_projects/crow-array-central/06_build/twin/easyeda/C408332/jlc.pretty/IND-SMD_L4.4-W4.2.kicad_mod: not permitted by archived_projects/crow-array-central/06_build/contracts.md
FAIL C-ALLOW  archived_projects/crow-array-central/06_build/twin/easyeda/C5224055/jlc.3dshapes/SOT-563-6_L1.6-W1.2-P0.50-LS1.6-BL.step: not permitted by archived_projects/crow-array-central/06_build/contracts.md
FAIL C-ALLOW  archived_projects/crow-array-central/06_build/twin/easyeda/C5224055/jlc.3dshapes/SOT-563-6_L1.6-W1.2-P0.50-LS1.6-BL.wrl: not permitted by archived_projects/crow-array-central/06_build/contracts.md
FAIL C-ALLOW  archived_projects/crow-array-central/06_build/twin/easyeda/C5224055/jlc.kicad_sym: not permitted by archived_projects/crow-array-central/06_build/contracts.md
FAIL C-ALLOW  archived_projects/crow-array-central/06_build/twin/easyeda/C5224055/jlc.pretty/SOT-563-6_L1.6-W1.2-P0.50-LS1.6-BL.kicad_mod: not permitted by archived_projects/crow-array-central/06_build/contracts.md
FAIL C-ALLOW  archived_projects/crow-array-central/06_build/twin/easyeda/C52923/jlc.3dshapes/C0402_L1.0-W0.5-H0.5.step: not permitted by archived_projects/crow-array-central/06_build/contracts.md
FAIL C-ALLOW  archived_projects/crow-array-central/06_build/twin/easyeda/C52923/jlc.3dshapes/C0402_L1.0-W0.5-H0.5.wrl: not permitted by archived_projects/crow-array-central/06_build/contracts.md
FAIL C-ALLOW  archived_projects/crow-array-central/06_build/twin/easyeda/C52923/jlc.kicad_sym: not permitted by archived_projects/crow-array-central/06_build/contracts.md
FAIL C-ALLOW  archived_projects/crow-array-central/06_build/twin/easyeda/C52923/jlc.pretty/C0402.kicad_mod: not permitted by archived_projects/crow-array-central/06_build/contracts.md
FAIL C-ALLOW  archived_projects/crow-array-central/06_build/twin/easyeda/C6035451/jlc.3dshapes/SOT-89-5_L4.5-W2.5-H1.5-LS4.1-P1.50.step: not permitted by archived_projects/crow-array-central/06_build/contracts.md
FAIL C-ALLOW  archived_projects/crow-array-central/06_build/twin/easyeda/C6035451/jlc.3dshapes/SOT-89-5_L4.5-W2.5-H1.5-LS4.1-P1.50.wrl: not permitted by archived_projects/crow-array-central/06_build/contracts.md
FAIL C-ALLOW  archived_projects/crow-array-central/06_build/twin/easyeda/C6035451/jlc.kicad_sym: not permitted by archived_projects/crow-array-central/06_build/contracts.md
FAIL C-ALLOW  archived_projects/crow-array-central/06_build/twin/easyeda/C6035451/jlc.pretty/SOT-89-5_L4.5-W2.5-P1.50-LS4.5-BR.kicad_mod: not permitted by archived_projects/crow-array-central/06_build/contracts.md
FAIL C-ALLOW  archived_projects/crow-array-central/06_build/twin/easyeda/C6938291/jlc.3dshapes/TQFP-128_L14.0-W14.0-P0.40-LS16.0-BL-EP4.7.step: not permitted by archived_projects/crow-array-central/06_build/contracts.md
FAIL C-ALLOW  archived_projects/crow-array-central/06_build/twin/easyeda/C6938291/jlc.3dshapes/TQFP-128_L14.0-W14.0-P0.40-LS16.0-BL-EP4.7.wrl: not permitted by archived_projects/crow-array-central/06_build/contracts.md
FAIL C-ALLOW  archived_projects/crow-array-central/06_build/twin/easyeda/C6938291/jlc.kicad_sym: not permitted by archived_projects/crow-array-central/06_build/contracts.md
FAIL C-ALLOW  archived_projects/crow-array-central/06_build/twin/easyeda/C6938291/jlc.pretty/TQFP-128_L14.0-W14.0-P0.40-LS16.0-BL-EP4.7.kicad_mod: not permitted by archived_projects/crow-array-central/06_build/contracts.md
FAIL C-ALLOW  archived_projects/crow-array-central/06_build/twin/easyeda/C70590/jlc.3dshapes/CRYSTAL-SMD_4P-L3.2-W2.5-BL.step: not permitted by archived_projects/crow-array-central/06_build/contracts.md
FAIL C-ALLOW  archived_projects/crow-array-central/06_build/twin/easyeda/C70590/jlc.3dshapes/CRYSTAL-SMD_4P-L3.2-W2.5-BL.wrl: not permitted by archived_projects/crow-array-central/06_build/contracts.md
FAIL C-ALLOW  archived_projects/crow-array-central/06_build/twin/easyeda/C70590/jlc.kicad_sym: not permitted by archived_projects/crow-array-central/06_build/contracts.md
FAIL C-ALLOW  archived_projects/crow-array-central/06_build/twin/easyeda/C70590/jlc.pretty/CRYSTAL-SMD_4P-L3.2-W2.5-BL.kicad_mod: not permitted by archived_projects/crow-array-central/06_build/contracts.md
FAIL C-ALLOW  archived_projects/crow-array-central/06_build/twin/easyeda/C76886/jlc.3dshapes/L0402_L1.0-W0.5-H0.5_BEAD.step: not permitted by archived_projects/crow-array-central/06_build/contracts.md
FAIL C-ALLOW  archived_projects/crow-array-central/06_build/twin/easyeda/C76886/jlc.3dshapes/L0402_L1.0-W0.5-H0.5_BEAD.wrl: not permitted by archived_projects/crow-array-central/06_build/contracts.md
FAIL C-ALLOW  archived_projects/crow-array-central/06_build/twin/easyeda/C76886/jlc.kicad_sym: not permitted by archived_projects/crow-array-central/06_build/contracts.md
FAIL C-ALLOW  archived_projects/crow-array-central/06_build/twin/easyeda/C76886/jlc.pretty/L0402.kicad_mod: not permitted by archived_projects/crow-array-central/06_build/contracts.md
FAIL C-ALLOW  archived_projects/crow-array-central/06_build/twin/easyeda/C79924/jlc.3dshapes/SOT-23-5_L2.9-W1.6-H1.1-LS2.8-P0.95.step: not permitted by archived_projects/crow-array-central/06_build/contracts.md
FAIL C-ALLOW  archived_projects/crow-array-central/06_build/twin/easyeda/C79924/jlc.3dshapes/SOT-23-5_L2.9-W1.6-H1.1-LS2.8-P0.95.wrl: not permitted by archived_projects/crow-array-central/06_build/contracts.md
FAIL C-ALLOW  archived_projects/crow-array-central/06_build/twin/easyeda/C79924/jlc.kicad_sym: not permitted by archived_projects/crow-array-central/06_build/contracts.md
FAIL C-ALLOW  archived_projects/crow-array-central/06_build/twin/easyeda/C79924/jlc.pretty/SOT-23-5_L3.0-W1.7-P0.95-LS2.8-BR.kicad_mod: not permitted by archived_projects/crow-array-central/06_build/contracts.md
FAIL C-ALLOW  archived_projects/crow-array-central/06_build/twin/easyeda/C90627/jlc.3dshapes/USON-10_L2.5-W1.0-H0.6-P0.50.step: not permitted by archived_projects/crow-array-central/06_build/contracts.md
FAIL C-ALLOW  archived_projects/crow-array-central/06_build/twin/easyeda/C90627/jlc.3dshapes/USON-10_L2.5-W1.0-H0.6-P0.50.wrl: not permitted by archived_projects/crow-array-central/06_build/contracts.md
FAIL C-ALLOW  archived_projects/crow-array-central/06_build/twin/easyeda/C90627/jlc.kicad_sym: not permitted by archived_projects/crow-array-central/06_build/contracts.md
FAIL C-ALLOW  archived_projects/crow-array-central/06_build/twin/easyeda/C90627/jlc.pretty/USON-10_L2.5-W1.0-P0.50-BL.kicad_mod: not permitted by archived_projects/crow-array-central/06_build/contracts.md
FAIL C-ALLOW  archived_projects/crow-array-central/06_build/twin/f1_crop.png: not permitted by archived_projects/crow-array-central/06_build/contracts.md
FAIL C-ALLOW  archived_projects/crow-array-central/06_build/twin/l10_crop.png: not permitted by archived_projects/crow-array-central/06_build/contracts.md
FAIL C-ALLOW  archived_projects/crow-array-central/06_build/twin/twin.kicad_pcb: not permitted by archived_projects/crow-array-central/06_build/contracts.md
FAIL C-ALLOW  archived_projects/crow-array-central/06_build/twin/twin.kicad_prl: not permitted by archived_projects/crow-array-central/06_build/contracts.md
FAIL C-ALLOW  archived_projects/crow-array-central/06_build/twin/twin.kicad_pro: not permitted by archived_projects/crow-array-central/06_build/contracts.md
FAIL C-ALLOW  archived_projects/crow-array-central/06_build/twin/twin_bottom.png: not permitted by archived_projects/crow-array-central/06_build/contracts.md
FAIL C-ALLOW  archived_projects/crow-array-central/06_build/twin/twin_edge_east.png: not permitted by archived_projects/crow-array-central/06_build/contracts.md
FAIL C-ALLOW  archived_projects/crow-array-central/06_build/twin/twin_edge_west.png: not permitted by archived_projects/crow-array-central/06_build/contracts.md
FAIL C-ALLOW  archived_projects/crow-array-central/06_build/twin/twin_iso_nw.png: not permitted by archived_projects/crow-array-central/06_build/contracts.md
FAIL C-ALLOW  archived_projects/crow-array-central/06_build/twin/twin_iso_se.png: not permitted by archived_projects/crow-array-central/06_build/contracts.md
FAIL C-ALLOW  archived_projects/crow-array-central/06_build/twin/twin_report.csv: not permitted by archived_projects/crow-array-central/06_build/contracts.md
FAIL C-ALLOW  archived_projects/crow-array-central/06_build/twin/twin_top.png: not permitted by archived_projects/crow-array-central/06_build/contracts.md
FAIL C-ALLOW  archived_projects/crow-array-central/07_releases/v1.0-2026-07-18/MANIFEST.txt: not permitted by archived_projects/crow-array-central/07_releases/contracts.md
FAIL C-ALLOW  archived_projects/crow-array-central/07_releases/v1.0-2026-07-18/ORDER_README.md: not permitted by archived_projects/crow-array-central/07_releases/contracts.md
FAIL C-ALLOW  archived_projects/crow-array-central/07_releases/v1.0-2026-07-18/bom.csv: not permitted by archived_projects/crow-array-central/07_releases/contracts.md
FAIL C-ALLOW  archived_projects/crow-array-central/07_releases/v1.0-2026-07-18/cpl.csv: not permitted by archived_projects/crow-array-central/07_releases/contracts.md
FAIL C-ALLOW  archived_projects/crow-array-central/07_releases/v1.0-2026-07-18/crow_array_central_gerbers.zip: not permitted by archived_projects/crow-array-central/07_releases/contracts.md
FAIL C-ALLOW  archived_projects/crow-array-central/07_releases/v1.0-2026-07-18/pdf/assembly_top.pdf: not permitted by archived_projects/crow-array-central/07_releases/contracts.md
FAIL C-ALLOW  archived_projects/crow-array-central/07_releases/v1.0-2026-07-18/pdf/pcb_layers.pdf: not permitted by archived_projects/crow-array-central/07_releases/contracts.md
FAIL C-ALLOW  archived_projects/crow-array-central/07_releases/v1.0-2026-07-18/pdf/schematic.pdf: not permitted by archived_projects/crow-array-central/07_releases/contracts.md
FAIL C-ALLOW  archived_projects/crow-array-central/07_releases/v1.0-2026-07-18/verification/audit.txt: not permitted by archived_projects/crow-array-central/07_releases/contracts.md
FAIL C-ALLOW  archived_projects/crow-array-central/07_releases/v1.0-2026-07-18/verification/drc.json: not permitted by archived_projects/crow-array-central/07_releases/contracts.md
FAIL C-ALLOW  archived_projects/crow-array-central/07_releases/v1.0-2026-07-18/verification/erc.json: not permitted by archived_projects/crow-array-central/07_releases/contracts.md
FAIL C-ALLOW  archived_projects/crow-array-central/07_releases/v1.0-2026-07-18/verification/pin_review.md: not permitted by archived_projects/crow-array-central/07_releases/contracts.md
FAIL C-ALLOW  archived_projects/crow-array-central/07_releases/v1.0-2026-07-18/verification/policy_audit.md: not permitted by archived_projects/crow-array-central/07_releases/contracts.md
FAIL C-ALLOW  archived_projects/crow-array-central/07_releases/v1.0-2026-07-18/verification/policy_waivers.yaml: not permitted by archived_projects/crow-array-central/07_releases/contracts.md
FAIL C-ALLOW  archived_projects/crow-array-central/07_releases/v1.0-2026-07-18/verification/render_review.md: not permitted by archived_projects/crow-array-central/07_releases/contracts.md
FAIL C-ALLOW  archived_projects/crow-array-central/07_releases/v1.0-2026-07-18/verification/stock_check.txt: not permitted by archived_projects/crow-array-central/07_releases/contracts.md
FAIL C-ALLOW  archived_projects/crow-array-central/07_releases/v1.0-2026-07-18/verification/twin_adjudications.yaml: not permitted by archived_projects/crow-array-central/07_releases/contracts.md
FAIL C-ALLOW  archived_projects/crow-array-central/07_releases/v1.0-2026-07-18/verification/twin_bottom.png: not permitted by archived_projects/crow-array-central/07_releases/contracts.md
FAIL C-ALLOW  archived_projects/crow-array-central/07_releases/v1.0-2026-07-18/verification/twin_edge_east.png: not permitted by archived_projects/crow-array-central/07_releases/contracts.md
FAIL C-ALLOW  archived_projects/crow-array-central/07_releases/v1.0-2026-07-18/verification/twin_edge_west.png: not permitted by archived_projects/crow-array-central/07_releases/contracts.md
FAIL C-ALLOW  archived_projects/crow-array-central/07_releases/v1.0-2026-07-18/verification/twin_iso_nw.png: not permitted by archived_projects/crow-array-central/07_releases/contracts.md
FAIL C-ALLOW  archived_projects/crow-array-central/07_releases/v1.0-2026-07-18/verification/twin_iso_se.png: not permitted by archived_projects/crow-array-central/07_releases/contracts.md
FAIL C-ALLOW  archived_projects/crow-array-central/07_releases/v1.0-2026-07-18/verification/twin_report.csv: not permitted by archived_projects/crow-array-central/07_releases/contracts.md
FAIL C-ALLOW  archived_projects/crow-array-central/07_releases/v1.0-2026-07-18/verification/twin_top.png: not permitted by archived_projects/crow-array-central/07_releases/contracts.md
FAIL C-ALLOW  archived_projects/crow-array-pod/.easyeda_cache/2950cebf873f4c86846c4e307a423e4d.obj: not permitted by archived_projects/contracts.md
FAIL C-ALLOW  archived_projects/crow-array-pod/.easyeda_cache/2950cebf873f4c86846c4e307a423e4d.step: not permitted by archived_projects/contracts.md
FAIL C-ALLOW  archived_projects/crow-array-pod/.easyeda_cache/2ad98c37c5614ad18681cbd22e4725e1.obj: not permitted by archived_projects/contracts.md
FAIL C-ALLOW  archived_projects/crow-array-pod/.easyeda_cache/2ad98c37c5614ad18681cbd22e4725e1.step: not permitted by archived_projects/contracts.md
FAIL C-ALLOW  archived_projects/crow-array-pod/.easyeda_cache/4098ac4942764b88998acce28312dfd8.obj: not permitted by archived_projects/contracts.md
FAIL C-ALLOW  archived_projects/crow-array-pod/.easyeda_cache/4098ac4942764b88998acce28312dfd8.step: not permitted by archived_projects/contracts.md
FAIL C-ALLOW  archived_projects/crow-array-pod/.easyeda_cache/7abc64c95a1a4a04a4ef38f9097c870b.obj: not permitted by archived_projects/contracts.md
FAIL C-ALLOW  archived_projects/crow-array-pod/.easyeda_cache/7abc64c95a1a4a04a4ef38f9097c870b.step: not permitted by archived_projects/contracts.md
FAIL C-ALLOW  archived_projects/crow-array-pod/.easyeda_cache/C149504.json: not permitted by archived_projects/contracts.md
FAIL C-ALLOW  archived_projects/crow-array-pod/.easyeda_cache/C15850.json: not permitted by archived_projects/contracts.md
FAIL C-ALLOW  archived_projects/crow-array-pod/.easyeda_cache/C17408.json: not permitted by archived_projects/contracts.md
FAIL C-ALLOW  archived_projects/crow-array-pod/.easyeda_cache/C17414.json: not permitted by archived_projects/contracts.md
FAIL C-ALLOW  archived_projects/crow-array-pod/.easyeda_cache/C17477.json: not permitted by archived_projects/contracts.md
FAIL C-ALLOW  archived_projects/crow-array-pod/.easyeda_cache/C17614.json: not permitted by archived_projects/contracts.md
FAIL C-ALLOW  archived_projects/crow-array-pod/.easyeda_cache/C17802.json: not permitted by archived_projects/contracts.md
FAIL C-ALLOW  archived_projects/crow-array-pod/.easyeda_cache/C192421.json: not permitted by archived_projects/contracts.md
FAIL C-ALLOW  archived_projects/crow-array-pod/.easyeda_cache/C1972959.json: not permitted by archived_projects/contracts.md
FAIL C-ALLOW  archived_projects/crow-array-pod/.easyeda_cache/C22359707.json: not permitted by archived_projects/contracts.md
FAIL C-ALLOW  archived_projects/crow-array-pod/.easyeda_cache/C2480.json: not permitted by archived_projects/contracts.md
FAIL C-ALLOW  archived_projects/crow-array-pod/.easyeda_cache/C28323.json: not permitted by archived_projects/contracts.md
FAIL C-ALLOW  archived_projects/crow-array-pod/.easyeda_cache/C2887276.json: not permitted by archived_projects/contracts.md
FAIL C-ALLOW  archived_projects/crow-array-pod/.easyeda_cache/C4328.json: not permitted by archived_projects/contracts.md
FAIL C-ALLOW  archived_projects/crow-array-pod/.easyeda_cache/C49678.json: not permitted by archived_projects/contracts.md
FAIL C-ALLOW  archived_projects/crow-array-pod/.easyeda_cache/b87ab0c5465a48b3a1c9a6dac8d30bc5.obj: not permitted by archived_projects/contracts.md
FAIL C-ALLOW  archived_projects/crow-array-pod/.easyeda_cache/b87ab0c5465a48b3a1c9a6dac8d30bc5.step: not permitted by archived_projects/contracts.md
FAIL C-ALLOW  archived_projects/crow-array-pod/.easyeda_cache/c7acac53bcbc44d68fbab8f60a747688.obj: not permitted by archived_projects/contracts.md
FAIL C-ALLOW  archived_projects/crow-array-pod/.easyeda_cache/c7acac53bcbc44d68fbab8f60a747688.step: not permitted by archived_projects/contracts.md
FAIL C-ALLOW  archived_projects/crow-array-pod/.easyeda_cache/ce682da4a06c4a098d062f74e6fe00c1.obj: not permitted by archived_projects/contracts.md
FAIL C-ALLOW  archived_projects/crow-array-pod/.easyeda_cache/ce682da4a06c4a098d062f74e6fe00c1.step: not permitted by archived_projects/contracts.md
FAIL C-ALLOW  archived_projects/crow-array-pod/01_docs/decisions/0001-input-protection.md: not permitted by archived_projects/crow-array-pod/01_docs/contracts.md
FAIL C-ALLOW  archived_projects/crow-array-pod/01_docs/decisions/0002-beeper-clamp.md: not permitted by archived_projects/crow-array-pod/01_docs/contracts.md
FAIL C-ALLOW  archived_projects/crow-array-pod/01_docs/decisions/0003-board-outline-and-terminal.md: not permitted by archived_projects/crow-array-pod/01_docs/contracts.md
FAIL C-ALLOW  archived_projects/crow-array-pod/01_docs/decisions/0004-rj45-termination.md: not permitted by archived_projects/crow-array-pod/01_docs/contracts.md
FAIL C-ALLOW  archived_projects/crow-array-pod/01_docs/hammond_1551wy_rev2023-08-31.pdf: not permitted by archived_projects/crow-array-pod/01_docs/contracts.md
FAIL C-ALLOW  archived_projects/crow-array-pod/03_src/floorplan.yaml: not permitted by archived_projects/crow-array-pod/03_src/contracts.md
FAIL C-ALLOW  archived_projects/crow-array-pod/03_src/lib/pod.kicad_sym: not permitted by archived_projects/crow-array-pod/03_src/contracts.md
FAIL C-ALLOW  archived_projects/crow-array-pod/03_src/lib/pod.pretty/CMT-8504.kicad_mod: not permitted by archived_projects/crow-array-pod/03_src/contracts.md
FAIL C-ALLOW  archived_projects/crow-array-pod/03_src/make_lib.py: not permitted by archived_projects/crow-array-pod/03_src/contracts.md
FAIL C-ALLOW  archived_projects/crow-array-pod/03_src/route.yaml: not permitted by archived_projects/crow-array-pod/03_src/contracts.md
FAIL C-ALLOW  archived_projects/crow-array-pod/03_src/route/r3.kicad_pcb: not permitted by archived_projects/crow-array-pod/03_src/contracts.md
FAIL C-ALLOW  archived_projects/crow-array-pod/03_src/route_prep.py: not permitted by archived_projects/crow-array-pod/03_src/contracts.md
FAIL C-ALLOW  archived_projects/crow-array-pod/03_src/route_waves.sh: not permitted by archived_projects/crow-array-pod/03_src/contracts.md
FAIL C-ALLOW  archived_projects/crow-array-pod/03_src/rules/nets.yaml: not permitted by archived_projects/crow-array-pod/03_src/contracts.md
FAIL C-ALLOW  archived_projects/crow-array-pod/03_src/rules/policy_audit.json: not permitted by archived_projects/crow-array-pod/03_src/contracts.md
FAIL C-ALLOW  archived_projects/crow-array-pod/03_src/rules/twin_adjudications.yaml: not permitted by archived_projects/crow-array-pod/03_src/contracts.md
FAIL C-ALLOW  archived_projects/crow-array-pod/03_tscircuit/.gitignore: not permitted by archived_projects/crow-array-pod/03_tscircuit/contracts.md
FAIL C-ALLOW  archived_projects/crow-array-pod/04_kicad/crow_array_pod.kicad_prl: not permitted by archived_projects/crow-array-pod/04_kicad/contracts.md
FAIL C-ALLOW  archived_projects/crow-array-pod/06_build/ORDER_README_v1.1.md: not permitted by archived_projects/crow-array-pod/06_build/contracts.md
FAIL C-ALLOW  archived_projects/crow-array-pod/06_build/audit.txt: not permitted by archived_projects/crow-array-pod/06_build/contracts.md
FAIL C-ALLOW  archived_projects/crow-array-pod/06_build/drc/erc.json: not permitted by archived_projects/crow-array-pod/06_build/contracts.md
FAIL C-ALLOW  archived_projects/crow-array-pod/06_build/drc/gate.json: not permitted by archived_projects/crow-array-pod/06_build/contracts.md
FAIL C-ALLOW  archived_projects/crow-array-pod/06_build/fab/bom_jlc.csv: not permitted by archived_projects/crow-array-pod/06_build/contracts.md
FAIL C-ALLOW  archived_projects/crow-array-pod/06_build/fab/cpl_jlc.csv: not permitted by archived_projects/crow-array-pod/06_build/contracts.md
FAIL C-ALLOW  archived_projects/crow-array-pod/06_build/fab/crow_array_pod-B_Cu.gbl: not permitted by archived_projects/crow-array-pod/06_build/contracts.md
FAIL C-ALLOW  archived_projects/crow-array-pod/06_build/fab/crow_array_pod-B_Mask.gbs: not permitted by archived_projects/crow-array-pod/06_build/contracts.md
FAIL C-ALLOW  archived_projects/crow-array-pod/06_build/fab/crow_array_pod-B_Paste.gbp: not permitted by archived_projects/crow-array-pod/06_build/contracts.md
FAIL C-ALLOW  archived_projects/crow-array-pod/06_build/fab/crow_array_pod-B_Silkscreen.gbo: not permitted by archived_projects/crow-array-pod/06_build/contracts.md
FAIL C-ALLOW  archived_projects/crow-array-pod/06_build/fab/crow_array_pod-Edge_Cuts.gm1: not permitted by archived_projects/crow-array-pod/06_build/contracts.md
FAIL C-ALLOW  archived_projects/crow-array-pod/06_build/fab/crow_array_pod-F_Cu.gtl: not permitted by archived_projects/crow-array-pod/06_build/contracts.md
FAIL C-ALLOW  archived_projects/crow-array-pod/06_build/fab/crow_array_pod-F_Mask.gts: not permitted by archived_projects/crow-array-pod/06_build/contracts.md
FAIL C-ALLOW  archived_projects/crow-array-pod/06_build/fab/crow_array_pod-F_Paste.gtp: not permitted by archived_projects/crow-array-pod/06_build/contracts.md
FAIL C-ALLOW  archived_projects/crow-array-pod/06_build/fab/crow_array_pod-F_Silkscreen.gto: not permitted by archived_projects/crow-array-pod/06_build/contracts.md
FAIL C-ALLOW  archived_projects/crow-array-pod/06_build/fab/crow_array_pod-NPTH.drl: not permitted by archived_projects/crow-array-pod/06_build/contracts.md
FAIL C-ALLOW  archived_projects/crow-array-pod/06_build/fab/crow_array_pod-PTH.drl: not permitted by archived_projects/crow-array-pod/06_build/contracts.md
FAIL C-ALLOW  archived_projects/crow-array-pod/06_build/fab/crow_array_pod_gerbers.zip: not permitted by archived_projects/crow-array-pod/06_build/contracts.md
FAIL C-ALLOW  archived_projects/crow-array-pod/06_build/fab/lcsc_mpn_map.csv: not permitted by archived_projects/crow-array-pod/06_build/contracts.md
FAIL C-ALLOW  archived_projects/crow-array-pod/06_build/fab/stock_check: not permitted by archived_projects/crow-array-pod/06_build/contracts.md
FAIL C-ALLOW  archived_projects/crow-array-pod/06_build/fab/stock_verify: not permitted by archived_projects/crow-array-pod/06_build/contracts.md
FAIL C-ALLOW  archived_projects/crow-array-pod/06_build/full_review_2026-07-19.md: not permitted by archived_projects/crow-array-pod/06_build/contracts.md
FAIL C-ALLOW  archived_projects/crow-array-pod/06_build/netlists/crow_array_pod.net: not permitted by archived_projects/crow-array-pod/06_build/contracts.md
FAIL C-ALLOW  archived_projects/crow-array-pod/06_build/pdf/assembly_top-1.png: not permitted by archived_projects/crow-array-pod/06_build/contracts.md
FAIL C-ALLOW  archived_projects/crow-array-pod/06_build/pdf/assembly_top.pdf: not permitted by archived_projects/crow-array-pod/06_build/contracts.md
FAIL C-ALLOW  archived_projects/crow-array-pod/06_build/pdf/pcb_layers-1.png: not permitted by archived_projects/crow-array-pod/06_build/contracts.md
FAIL C-ALLOW  archived_projects/crow-array-pod/06_build/pdf/pcb_layers-2.png: not permitted by archived_projects/crow-array-pod/06_build/contracts.md
FAIL C-ALLOW  archived_projects/crow-array-pod/06_build/pdf/pcb_layers-3.png: not permitted by archived_projects/crow-array-pod/06_build/contracts.md
FAIL C-ALLOW  archived_projects/crow-array-pod/06_build/pdf/pcb_layers-4.png: not permitted by archived_projects/crow-array-pod/06_build/contracts.md
FAIL C-ALLOW  archived_projects/crow-array-pod/06_build/pdf/pcb_layers-5.png: not permitted by archived_projects/crow-array-pod/06_build/contracts.md
FAIL C-ALLOW  archived_projects/crow-array-pod/06_build/pdf/pcb_layers-6.png: not permitted by archived_projects/crow-array-pod/06_build/contracts.md
FAIL C-ALLOW  archived_projects/crow-array-pod/06_build/pdf/pcb_layers.pdf: not permitted by archived_projects/crow-array-pod/06_build/contracts.md
FAIL C-ALLOW  archived_projects/crow-array-pod/06_build/pdf/render3d_iso.png: not permitted by archived_projects/crow-array-pod/06_build/contracts.md
FAIL C-ALLOW  archived_projects/crow-array-pod/06_build/pdf/render3d_top.png: not permitted by archived_projects/crow-array-pod/06_build/contracts.md
FAIL C-ALLOW  archived_projects/crow-array-pod/06_build/pdf/render3d_west.png: not permitted by archived_projects/crow-array-pod/06_build/contracts.md
FAIL C-ALLOW  archived_projects/crow-array-pod/06_build/pdf/schematic-1.png: not permitted by archived_projects/crow-array-pod/06_build/contracts.md
FAIL C-ALLOW  archived_projects/crow-array-pod/06_build/pdf/schematic.pdf: not permitted by archived_projects/crow-array-pod/06_build/contracts.md
FAIL C-ALLOW  archived_projects/crow-array-pod/06_build/pin_audit/BZ1.md: not permitted by archived_projects/crow-array-pod/06_build/contracts.md
FAIL C-ALLOW  archived_projects/crow-array-pod/06_build/pin_audit/C1.md: not permitted by archived_projects/crow-array-pod/06_build/contracts.md
FAIL C-ALLOW  archived_projects/crow-array-pod/06_build/pin_audit/D1.md: not permitted by archived_projects/crow-array-pod/06_build/contracts.md
FAIL C-ALLOW  archived_projects/crow-array-pod/06_build/pin_audit/D1_review.md: not permitted by archived_projects/crow-array-pod/06_build/contracts.md
FAIL C-ALLOW  archived_projects/crow-array-pod/06_build/pin_audit/D2.md: not permitted by archived_projects/crow-array-pod/06_build/contracts.md
FAIL C-ALLOW  archived_projects/crow-array-pod/06_build/pin_audit/J1.md: not permitted by archived_projects/crow-array-pod/06_build/contracts.md
FAIL C-ALLOW  archived_projects/crow-array-pod/06_build/pin_audit/J1_review.md: not permitted by archived_projects/crow-array-pod/06_build/contracts.md
FAIL C-ALLOW  archived_projects/crow-array-pod/06_build/pin_audit/U1.md: not permitted by archived_projects/crow-array-pod/06_build/contracts.md
FAIL C-ALLOW  archived_projects/crow-array-pod/06_build/policy_audit.md: not permitted by archived_projects/crow-array-pod/06_build/contracts.md
FAIL C-ALLOW  archived_projects/crow-array-pod/06_build/policy_drc.json: not permitted by archived_projects/crow-array-pod/06_build/contracts.md
FAIL C-ALLOW  archived_projects/crow-array-pod/06_build/policy_erc.json: not permitted by archived_projects/crow-array-pod/06_build/contracts.md
FAIL C-ALLOW  archived_projects/crow-array-pod/06_build/proof/crow_array_pod.kicad_pcb: not permitted by archived_projects/crow-array-pod/06_build/contracts.md
FAIL C-ALLOW  archived_projects/crow-array-pod/06_build/proof/crow_array_pod.kicad_prl: not permitted by archived_projects/crow-array-pod/06_build/contracts.md
FAIL C-ALLOW  archived_projects/crow-array-pod/06_build/proof/crow_array_pod.kicad_pro: not permitted by archived_projects/crow-array-pod/06_build/contracts.md
FAIL C-ALLOW  archived_projects/crow-array-pod/06_build/proof/refdes_waiver.json: not permitted by archived_projects/crow-array-pod/06_build/contracts.md
FAIL C-ALLOW  archived_projects/crow-array-pod/06_build/refdes_waiver.json: not permitted by archived_projects/crow-array-pod/06_build/contracts.md
FAIL C-ALLOW  archived_projects/crow-array-pod/06_build/render_review.md: not permitted by archived_projects/crow-array-pod/06_build/contracts.md
FAIL C-ALLOW  archived_projects/crow-array-pod/06_build/route/r0.kicad_dru: not permitted by archived_projects/crow-array-pod/06_build/contracts.md
FAIL C-ALLOW  archived_projects/crow-array-pod/06_build/route/r0.kicad_pcb: not permitted by archived_projects/crow-array-pod/06_build/contracts.md
FAIL C-ALLOW  archived_projects/crow-array-pod/06_build/route/r0.kicad_pro: not permitted by archived_projects/crow-array-pod/06_build/contracts.md
FAIL C-ALLOW  archived_projects/crow-array-pod/06_build/route/r1.kicad_pcb: not permitted by archived_projects/crow-array-pod/06_build/contracts.md
FAIL C-ALLOW  archived_projects/crow-array-pod/06_build/route/r1.kicad_pro: not permitted by archived_projects/crow-array-pod/06_build/contracts.md
FAIL C-ALLOW  archived_projects/crow-array-pod/06_build/route/r2.kicad_pcb: not permitted by archived_projects/crow-array-pod/06_build/contracts.md
FAIL C-ALLOW  archived_projects/crow-array-pod/06_build/route/r2.kicad_pro: not permitted by archived_projects/crow-array-pod/06_build/contracts.md
FAIL C-ALLOW  archived_projects/crow-array-pod/06_build/route/r3.kicad_pcb: not permitted by archived_projects/crow-array-pod/06_build/contracts.md
FAIL C-ALLOW  archived_projects/crow-array-pod/06_build/route/r3.kicad_pro: not permitted by archived_projects/crow-array-pod/06_build/contracts.md
FAIL C-ALLOW  archived_projects/crow-array-pod/06_build/route/waves.log: not permitted by archived_projects/crow-array-pod/06_build/contracts.md
FAIL C-ALLOW  archived_projects/crow-array-pod/06_build/twin/easyeda/C149504/jlc.3dshapes/R0805_L2.0-W1.3-H0.6.step: not permitted by archived_projects/crow-array-pod/06_build/contracts.md
FAIL C-ALLOW  archived_projects/crow-array-pod/06_build/twin/easyeda/C149504/jlc.3dshapes/R0805_L2.0-W1.3-H0.6.wrl: not permitted by archived_projects/crow-array-pod/06_build/contracts.md
FAIL C-ALLOW  archived_projects/crow-array-pod/06_build/twin/easyeda/C149504/jlc.kicad_sym: not permitted by archived_projects/crow-array-pod/06_build/contracts.md
FAIL C-ALLOW  archived_projects/crow-array-pod/06_build/twin/easyeda/C149504/jlc.pretty/R0805.kicad_mod: not permitted by archived_projects/crow-array-pod/06_build/contracts.md
FAIL C-ALLOW  archived_projects/crow-array-pod/06_build/twin/easyeda/C15850/jlc.3dshapes/C0805_L2.0-W1.3-H1.3.step: not permitted by archived_projects/crow-array-pod/06_build/contracts.md
FAIL C-ALLOW  archived_projects/crow-array-pod/06_build/twin/easyeda/C15850/jlc.3dshapes/C0805_L2.0-W1.3-H1.3.wrl: not permitted by archived_projects/crow-array-pod/06_build/contracts.md
FAIL C-ALLOW  archived_projects/crow-array-pod/06_build/twin/easyeda/C15850/jlc.kicad_sym: not permitted by archived_projects/crow-array-pod/06_build/contracts.md
FAIL C-ALLOW  archived_projects/crow-array-pod/06_build/twin/easyeda/C15850/jlc.pretty/C0805.kicad_mod: not permitted by archived_projects/crow-array-pod/06_build/contracts.md
FAIL C-ALLOW  archived_projects/crow-array-pod/06_build/twin/easyeda/C17408/jlc.3dshapes/R0805_L2.0-W1.3-H0.6.step: not permitted by archived_projects/crow-array-pod/06_build/contracts.md
FAIL C-ALLOW  archived_projects/crow-array-pod/06_build/twin/easyeda/C17408/jlc.3dshapes/R0805_L2.0-W1.3-H0.6.wrl: not permitted by archived_projects/crow-array-pod/06_build/contracts.md
FAIL C-ALLOW  archived_projects/crow-array-pod/06_build/twin/easyeda/C17408/jlc.kicad_sym: not permitted by archived_projects/crow-array-pod/06_build/contracts.md
FAIL C-ALLOW  archived_projects/crow-array-pod/06_build/twin/easyeda/C17408/jlc.pretty/R0805.kicad_mod: not permitted by archived_projects/crow-array-pod/06_build/contracts.md
FAIL C-ALLOW  archived_projects/crow-array-pod/06_build/twin/easyeda/C17414/jlc.3dshapes/R0805_L2.0-W1.3-H0.6.step: not permitted by archived_projects/crow-array-pod/06_build/contracts.md
FAIL C-ALLOW  archived_projects/crow-array-pod/06_build/twin/easyeda/C17414/jlc.3dshapes/R0805_L2.0-W1.3-H0.6.wrl: not permitted by archived_projects/crow-array-pod/06_build/contracts.md
FAIL C-ALLOW  archived_projects/crow-array-pod/06_build/twin/easyeda/C17414/jlc.kicad_sym: not permitted by archived_projects/crow-array-pod/06_build/contracts.md
FAIL C-ALLOW  archived_projects/crow-array-pod/06_build/twin/easyeda/C17414/jlc.pretty/R0805.kicad_mod: not permitted by archived_projects/crow-array-pod/06_build/contracts.md
FAIL C-ALLOW  archived_projects/crow-array-pod/06_build/twin/easyeda/C17477/jlc.3dshapes/R0805_L2.0-W1.3-H0.6.step: not permitted by archived_projects/crow-array-pod/06_build/contracts.md
FAIL C-ALLOW  archived_projects/crow-array-pod/06_build/twin/easyeda/C17477/jlc.3dshapes/R0805_L2.0-W1.3-H0.6.wrl: not permitted by archived_projects/crow-array-pod/06_build/contracts.md
FAIL C-ALLOW  archived_projects/crow-array-pod/06_build/twin/easyeda/C17477/jlc.kicad_sym: not permitted by archived_projects/crow-array-pod/06_build/contracts.md
FAIL C-ALLOW  archived_projects/crow-array-pod/06_build/twin/easyeda/C17477/jlc.pretty/R0805.kicad_mod: not permitted by archived_projects/crow-array-pod/06_build/contracts.md
FAIL C-ALLOW  archived_projects/crow-array-pod/06_build/twin/easyeda/C17614/jlc.3dshapes/R0805_L2.0-W1.3-H0.6.step: not permitted by archived_projects/crow-array-pod/06_build/contracts.md
FAIL C-ALLOW  archived_projects/crow-array-pod/06_build/twin/easyeda/C17614/jlc.3dshapes/R0805_L2.0-W1.3-H0.6.wrl: not permitted by archived_projects/crow-array-pod/06_build/contracts.md
FAIL C-ALLOW  archived_projects/crow-array-pod/06_build/twin/easyeda/C17614/jlc.kicad_sym: not permitted by archived_projects/crow-array-pod/06_build/contracts.md
FAIL C-ALLOW  archived_projects/crow-array-pod/06_build/twin/easyeda/C17614/jlc.pretty/R0805.kicad_mod: not permitted by archived_projects/crow-array-pod/06_build/contracts.md
FAIL C-ALLOW  archived_projects/crow-array-pod/06_build/twin/easyeda/C17802/jlc.3dshapes/R0805_L2.0-W1.3-H0.6.step: not permitted by archived_projects/crow-array-pod/06_build/contracts.md
FAIL C-ALLOW  archived_projects/crow-array-pod/06_build/twin/easyeda/C17802/jlc.3dshapes/R0805_L2.0-W1.3-H0.6.wrl: not permitted by archived_projects/crow-array-pod/06_build/contracts.md
FAIL C-ALLOW  archived_projects/crow-array-pod/06_build/twin/easyeda/C17802/jlc.kicad_sym: not permitted by archived_projects/crow-array-pod/06_build/contracts.md
FAIL C-ALLOW  archived_projects/crow-array-pod/06_build/twin/easyeda/C17802/jlc.pretty/R0805.kicad_mod: not permitted by archived_projects/crow-array-pod/06_build/contracts.md
FAIL C-ALLOW  archived_projects/crow-array-pod/06_build/twin/easyeda/C192421/jlc.3dshapes/SOIC-8_L5.0-W4.0-P1.27-LS6.0-BL.step: not permitted by archived_projects/crow-array-pod/06_build/contracts.md
FAIL C-ALLOW  archived_projects/crow-array-pod/06_build/twin/easyeda/C192421/jlc.3dshapes/SOIC-8_L5.0-W4.0-P1.27-LS6.0-BL.wrl: not permitted by archived_projects/crow-array-pod/06_build/contracts.md
FAIL C-ALLOW  archived_projects/crow-array-pod/06_build/twin/easyeda/C192421/jlc.kicad_sym: not permitted by archived_projects/crow-array-pod/06_build/contracts.md
FAIL C-ALLOW  archived_projects/crow-array-pod/06_build/twin/easyeda/C192421/jlc.pretty/SOIC-8_L5.0-W4.0-P1.27-LS6.0-BL.kicad_mod: not permitted by archived_projects/crow-array-pod/06_build/contracts.md
FAIL C-ALLOW  archived_projects/crow-array-pod/06_build/twin/easyeda/C1972959/jlc.3dshapes/SOT-553-5_L1.6-W1.2-P0.50-LS1.6-TL-1.step: not permitted by archived_projects/crow-array-pod/06_build/contracts.md
FAIL C-ALLOW  archived_projects/crow-array-pod/06_build/twin/easyeda/C1972959/jlc.3dshapes/SOT-553-5_L1.6-W1.2-P0.50-LS1.6-TL-1.wrl: not permitted by archived_projects/crow-array-pod/06_build/contracts.md
FAIL C-ALLOW  archived_projects/crow-array-pod/06_build/twin/easyeda/C1972959/jlc.kicad_sym: not permitted by archived_projects/crow-array-pod/06_build/contracts.md
FAIL C-ALLOW  archived_projects/crow-array-pod/06_build/twin/easyeda/C1972959/jlc.pretty/SOT-553-5_L1.6-W1.2-P0.50-LS1.6-TL-1.kicad_mod: not permitted by archived_projects/crow-array-pod/06_build/contracts.md
FAIL C-ALLOW  archived_projects/crow-array-pod/06_build/twin/easyeda/C22359707/jlc.3dshapes/BUZ-SMD_4P-L8.5-W8.5-P8.50-TL-A.step: not permitted by archived_projects/crow-array-pod/06_build/contracts.md
FAIL C-ALLOW  archived_projects/crow-array-pod/06_build/twin/easyeda/C22359707/jlc.3dshapes/BUZ-SMD_4P-L8.5-W8.5-P8.50-TL-A.wrl: not permitted by archived_projects/crow-array-pod/06_build/contracts.md
FAIL C-ALLOW  archived_projects/crow-array-pod/06_build/twin/easyeda/C22359707/jlc.kicad_sym: not permitted by archived_projects/crow-array-pod/06_build/contracts.md
FAIL C-ALLOW  archived_projects/crow-array-pod/06_build/twin/easyeda/C22359707/jlc.pretty/BUZ-SMD_4P-L8.5-W8.5-P8.50-TL-A.kicad_mod: not permitted by archived_projects/crow-array-pod/06_build/contracts.md
FAIL C-ALLOW  archived_projects/crow-array-pod/06_build/twin/easyeda/C2480/jlc.3dshapes/SMA_L4.2-W2.6-LS5.0-RD_1.step: not permitted by archived_projects/crow-array-pod/06_build/contracts.md
FAIL C-ALLOW  archived_projects/crow-array-pod/06_build/twin/easyeda/C2480/jlc.3dshapes/SMA_L4.2-W2.6-LS5.0-RD_1.wrl: not permitted by archived_projects/crow-array-pod/06_build/contracts.md
FAIL C-ALLOW  archived_projects/crow-array-pod/06_build/twin/easyeda/C2480/jlc.kicad_sym: not permitted by archived_projects/crow-array-pod/06_build/contracts.md
FAIL C-ALLOW  archived_projects/crow-array-pod/06_build/twin/easyeda/C2480/jlc.pretty/SMA_L4.2-W2.6-LS5.0-RD_1.kicad_mod: not permitted by archived_projects/crow-array-pod/06_build/contracts.md
FAIL C-ALLOW  archived_projects/crow-array-pod/06_build/twin/easyeda/C28323/jlc.3dshapes/C0805_L2.0-W1.3-H1.3.step: not permitted by archived_projects/crow-array-pod/06_build/contracts.md
FAIL C-ALLOW  archived_projects/crow-array-pod/06_build/twin/easyeda/C28323/jlc.3dshapes/C0805_L2.0-W1.3-H1.3.wrl: not permitted by archived_projects/crow-array-pod/06_build/contracts.md
FAIL C-ALLOW  archived_projects/crow-array-pod/06_build/twin/easyeda/C28323/jlc.kicad_sym: not permitted by archived_projects/crow-array-pod/06_build/contracts.md
FAIL C-ALLOW  archived_projects/crow-array-pod/06_build/twin/easyeda/C28323/jlc.pretty/C0805.kicad_mod: not permitted by archived_projects/crow-array-pod/06_build/contracts.md
FAIL C-ALLOW  archived_projects/crow-array-pod/06_build/twin/easyeda/C2887276/jlc.3dshapes/CAP-SMD_BD6.3-L6.6-W6.6-LS7.2-FD.step: not permitted by archived_projects/crow-array-pod/06_build/contracts.md
FAIL C-ALLOW  archived_projects/crow-array-pod/06_build/twin/easyeda/C2887276/jlc.3dshapes/CAP-SMD_BD6.3-L6.6-W6.6-LS7.2-FD.wrl: not permitted by archived_projects/crow-array-pod/06_build/contracts.md
FAIL C-ALLOW  archived_projects/crow-array-pod/06_build/twin/easyeda/C2887276/jlc.kicad_sym: not permitted by archived_projects/crow-array-pod/06_build/contracts.md
FAIL C-ALLOW  archived_projects/crow-array-pod/06_build/twin/easyeda/C2887276/jlc.pretty/CAP-SMD_BD6.3-L6.6-W6.6-LS7.2-FD.kicad_mod: not permitted by archived_projects/crow-array-pod/06_build/contracts.md
FAIL C-ALLOW  archived_projects/crow-array-pod/06_build/twin/easyeda/C4328/jlc.3dshapes/R0805_L2.0-W1.3-H0.6.step: not permitted by archived_projects/crow-array-pod/06_build/contracts.md
FAIL C-ALLOW  archived_projects/crow-array-pod/06_build/twin/easyeda/C4328/jlc.3dshapes/R0805_L2.0-W1.3-H0.6.wrl: not permitted by archived_projects/crow-array-pod/06_build/contracts.md
FAIL C-ALLOW  archived_projects/crow-array-pod/06_build/twin/easyeda/C4328/jlc.kicad_sym: not permitted by archived_projects/crow-array-pod/06_build/contracts.md
FAIL C-ALLOW  archived_projects/crow-array-pod/06_build/twin/easyeda/C4328/jlc.pretty/R0805.kicad_mod: not permitted by archived_projects/crow-array-pod/06_build/contracts.md
FAIL C-ALLOW  archived_projects/crow-array-pod/06_build/twin/easyeda/C49678/jlc.3dshapes/C0805_L2.0-W1.3-H1.3.step: not permitted by archived_projects/crow-array-pod/06_build/contracts.md
FAIL C-ALLOW  archived_projects/crow-array-pod/06_build/twin/easyeda/C49678/jlc.3dshapes/C0805_L2.0-W1.3-H1.3.wrl: not permitted by archived_projects/crow-array-pod/06_build/contracts.md
FAIL C-ALLOW  archived_projects/crow-array-pod/06_build/twin/easyeda/C49678/jlc.kicad_sym: not permitted by archived_projects/crow-array-pod/06_build/contracts.md
FAIL C-ALLOW  archived_projects/crow-array-pod/06_build/twin/easyeda/C49678/jlc.pretty/C0805.kicad_mod: not permitted by archived_projects/crow-array-pod/06_build/contracts.md
FAIL C-ALLOW  archived_projects/crow-array-pod/06_build/twin/j1_model/CONN-TH_P3.50_KF128L-3.5-2P.wrl: not permitted by archived_projects/crow-array-pod/06_build/contracts.md
FAIL C-ALLOW  archived_projects/crow-array-pod/06_build/twin/twin.kicad_pcb: not permitted by archived_projects/crow-array-pod/06_build/contracts.md
FAIL C-ALLOW  archived_projects/crow-array-pod/06_build/twin/twin.kicad_prl: not permitted by archived_projects/crow-array-pod/06_build/contracts.md
FAIL C-ALLOW  archived_projects/crow-array-pod/06_build/twin/twin.kicad_pro: not permitted by archived_projects/crow-array-pod/06_build/contracts.md
FAIL C-ALLOW  archived_projects/crow-array-pod/06_build/twin/twin_bottom.png: not permitted by archived_projects/crow-array-pod/06_build/contracts.md
FAIL C-ALLOW  archived_projects/crow-array-pod/06_build/twin/twin_edge_east.png: not permitted by archived_projects/crow-array-pod/06_build/contracts.md
FAIL C-ALLOW  archived_projects/crow-array-pod/06_build/twin/twin_edge_west.png: not permitted by archived_projects/crow-array-pod/06_build/contracts.md
FAIL C-ALLOW  archived_projects/crow-array-pod/06_build/twin/twin_iso_nw.png: not permitted by archived_projects/crow-array-pod/06_build/contracts.md
FAIL C-ALLOW  archived_projects/crow-array-pod/06_build/twin/twin_iso_se.png: not permitted by archived_projects/crow-array-pod/06_build/contracts.md
FAIL C-ALLOW  archived_projects/crow-array-pod/06_build/twin/twin_j1.kicad_pcb: not permitted by archived_projects/crow-array-pod/06_build/contracts.md
FAIL C-ALLOW  archived_projects/crow-array-pod/06_build/twin/twin_j1.kicad_prl: not permitted by archived_projects/crow-array-pod/06_build/contracts.md
FAIL C-ALLOW  archived_projects/crow-array-pod/06_build/twin/twin_j1.kicad_pro: not permitted by archived_projects/crow-array-pod/06_build/contracts.md
FAIL C-ALLOW  archived_projects/crow-array-pod/06_build/twin/twin_j1_edge_west.png: not permitted by archived_projects/crow-array-pod/06_build/contracts.md
FAIL C-ALLOW  archived_projects/crow-array-pod/06_build/twin/twin_j1_iso.png: not permitted by archived_projects/crow-array-pod/06_build/contracts.md
FAIL C-ALLOW  archived_projects/crow-array-pod/06_build/twin/twin_j1_top.png: not permitted by archived_projects/crow-array-pod/06_build/contracts.md
FAIL C-ALLOW  archived_projects/crow-array-pod/06_build/twin/twin_report.csv: not permitted by archived_projects/crow-array-pod/06_build/contracts.md
FAIL C-ALLOW  archived_projects/crow-array-pod/06_build/twin/twin_top.png: not permitted by archived_projects/crow-array-pod/06_build/contracts.md
FAIL C-ALLOW  archived_projects/crow-array-pod/07_releases/v1.0-2026-07-18/MANIFEST.txt: not permitted by archived_projects/crow-array-pod/07_releases/contracts.md
FAIL C-ALLOW  archived_projects/crow-array-pod/07_releases/v1.0-2026-07-18/ORDER_README.md: not permitted by archived_projects/crow-array-pod/07_releases/contracts.md
FAIL C-ALLOW  archived_projects/crow-array-pod/07_releases/v1.0-2026-07-18/SUPERSEDED.md: not permitted by archived_projects/crow-array-pod/07_releases/contracts.md
FAIL C-ALLOW  archived_projects/crow-array-pod/07_releases/v1.0-2026-07-18/bom.csv: not permitted by archived_projects/crow-array-pod/07_releases/contracts.md
FAIL C-ALLOW  archived_projects/crow-array-pod/07_releases/v1.0-2026-07-18/cpl.csv: not permitted by archived_projects/crow-array-pod/07_releases/contracts.md
FAIL C-ALLOW  archived_projects/crow-array-pod/07_releases/v1.0-2026-07-18/crow_array_pod_gerbers.zip: not permitted by archived_projects/crow-array-pod/07_releases/contracts.md
FAIL C-ALLOW  archived_projects/crow-array-pod/07_releases/v1.0-2026-07-18/pdf/assembly_top.pdf: not permitted by archived_projects/crow-array-pod/07_releases/contracts.md
FAIL C-ALLOW  archived_projects/crow-array-pod/07_releases/v1.0-2026-07-18/pdf/pcb_layers.pdf: not permitted by archived_projects/crow-array-pod/07_releases/contracts.md
FAIL C-ALLOW  archived_projects/crow-array-pod/07_releases/v1.0-2026-07-18/pdf/schematic.pdf: not permitted by archived_projects/crow-array-pod/07_releases/contracts.md
FAIL C-ALLOW  archived_projects/crow-array-pod/07_releases/v1.0-2026-07-18/verification/audit.txt: not permitted by archived_projects/crow-array-pod/07_releases/contracts.md
FAIL C-ALLOW  archived_projects/crow-array-pod/07_releases/v1.0-2026-07-18/verification/drc.json: not permitted by archived_projects/crow-array-pod/07_releases/contracts.md
FAIL C-ALLOW  archived_projects/crow-array-pod/07_releases/v1.0-2026-07-18/verification/erc.json: not permitted by archived_projects/crow-array-pod/07_releases/contracts.md
FAIL C-ALLOW  archived_projects/crow-array-pod/07_releases/v1.0-2026-07-18/verification/pin_review.md: not permitted by archived_projects/crow-array-pod/07_releases/contracts.md
FAIL C-ALLOW  archived_projects/crow-array-pod/07_releases/v1.0-2026-07-18/verification/policy_audit.md: not permitted by archived_projects/crow-array-pod/07_releases/contracts.md
FAIL C-ALLOW  archived_projects/crow-array-pod/07_releases/v1.0-2026-07-18/verification/render_review.md: not permitted by archived_projects/crow-array-pod/07_releases/contracts.md
FAIL C-ALLOW  archived_projects/crow-array-pod/07_releases/v1.0-2026-07-18/verification/stock_check.csv: not permitted by archived_projects/crow-array-pod/07_releases/contracts.md
FAIL C-ALLOW  archived_projects/crow-array-pod/07_releases/v1.0-2026-07-18/verification/twin_bottom.png: not permitted by archived_projects/crow-array-pod/07_releases/contracts.md
FAIL C-ALLOW  archived_projects/crow-array-pod/07_releases/v1.0-2026-07-18/verification/twin_edge_east.png: not permitted by archived_projects/crow-array-pod/07_releases/contracts.md
FAIL C-ALLOW  archived_projects/crow-array-pod/07_releases/v1.0-2026-07-18/verification/twin_edge_west.png: not permitted by archived_projects/crow-array-pod/07_releases/contracts.md
FAIL C-ALLOW  archived_projects/crow-array-pod/07_releases/v1.0-2026-07-18/verification/twin_iso_nw.png: not permitted by archived_projects/crow-array-pod/07_releases/contracts.md
FAIL C-ALLOW  archived_projects/crow-array-pod/07_releases/v1.0-2026-07-18/verification/twin_iso_se.png: not permitted by archived_projects/crow-array-pod/07_releases/contracts.md
FAIL C-ALLOW  archived_projects/crow-array-pod/07_releases/v1.0-2026-07-18/verification/twin_j1_edge_west.png: not permitted by archived_projects/crow-array-pod/07_releases/contracts.md
FAIL C-ALLOW  archived_projects/crow-array-pod/07_releases/v1.0-2026-07-18/verification/twin_j1_iso.png: not permitted by archived_projects/crow-array-pod/07_releases/contracts.md
FAIL C-ALLOW  archived_projects/crow-array-pod/07_releases/v1.0-2026-07-18/verification/twin_j1_top.png: not permitted by archived_projects/crow-array-pod/07_releases/contracts.md
FAIL C-ALLOW  archived_projects/crow-array-pod/07_releases/v1.0-2026-07-18/verification/twin_report.csv: not permitted by archived_projects/crow-array-pod/07_releases/contracts.md
FAIL C-ALLOW  archived_projects/crow-array-pod/07_releases/v1.0-2026-07-18/verification/twin_top.png: not permitted by archived_projects/crow-array-pod/07_releases/contracts.md
FAIL C-ALLOW  archived_projects/crow-array-pod/07_releases/v1.1-2026-07-19/MANIFEST.txt: not permitted by archived_projects/crow-array-pod/07_releases/contracts.md
FAIL C-ALLOW  archived_projects/crow-array-pod/07_releases/v1.1-2026-07-19/ORDER_README.md: not permitted by archived_projects/crow-array-pod/07_releases/contracts.md
FAIL C-ALLOW  archived_projects/crow-array-pod/07_releases/v1.1-2026-07-19/bom.csv: not permitted by archived_projects/crow-array-pod/07_releases/contracts.md
FAIL C-ALLOW  archived_projects/crow-array-pod/07_releases/v1.1-2026-07-19/cpl.csv: not permitted by archived_projects/crow-array-pod/07_releases/contracts.md
FAIL C-ALLOW  archived_projects/crow-array-pod/07_releases/v1.1-2026-07-19/crow_array_pod_gerbers.zip: not permitted by archived_projects/crow-array-pod/07_releases/contracts.md
FAIL C-ALLOW  archived_projects/crow-array-pod/07_releases/v1.1-2026-07-19/pdf/assembly_top.pdf: not permitted by archived_projects/crow-array-pod/07_releases/contracts.md
FAIL C-ALLOW  archived_projects/crow-array-pod/07_releases/v1.1-2026-07-19/pdf/pcb_layers.pdf: not permitted by archived_projects/crow-array-pod/07_releases/contracts.md
FAIL C-ALLOW  archived_projects/crow-array-pod/07_releases/v1.1-2026-07-19/pdf/schematic.pdf: not permitted by archived_projects/crow-array-pod/07_releases/contracts.md
FAIL C-ALLOW  archived_projects/crow-array-pod/07_releases/v1.1-2026-07-19/verification/audit.txt: not permitted by archived_projects/crow-array-pod/07_releases/contracts.md
FAIL C-ALLOW  archived_projects/crow-array-pod/07_releases/v1.1-2026-07-19/verification/drc.json: not permitted by archived_projects/crow-array-pod/07_releases/contracts.md
FAIL C-ALLOW  archived_projects/crow-array-pod/07_releases/v1.1-2026-07-19/verification/erc.json: not permitted by archived_projects/crow-array-pod/07_releases/contracts.md
FAIL C-ALLOW  archived_projects/crow-array-pod/07_releases/v1.1-2026-07-19/verification/pin_review.md: not permitted by archived_projects/crow-array-pod/07_releases/contracts.md
FAIL C-ALLOW  archived_projects/crow-array-pod/07_releases/v1.1-2026-07-19/verification/policy_audit.md: not permitted by archived_projects/crow-array-pod/07_releases/contracts.md
FAIL C-ALLOW  archived_projects/crow-array-pod/07_releases/v1.1-2026-07-19/verification/render_review.md: not permitted by archived_projects/crow-array-pod/07_releases/contracts.md
FAIL C-ALLOW  archived_projects/crow-array-pod/07_releases/v1.1-2026-07-19/verification/stock_check.txt: not permitted by archived_projects/crow-array-pod/07_releases/contracts.md
FAIL C-ALLOW  archived_projects/crow-array-pod/07_releases/v1.1-2026-07-19/verification/twin_bottom.png: not permitted by archived_projects/crow-array-pod/07_releases/contracts.md
FAIL C-ALLOW  archived_projects/crow-array-pod/07_releases/v1.1-2026-07-19/verification/twin_edge_east.png: not permitted by archived_projects/crow-array-pod/07_releases/contracts.md
FAIL C-ALLOW  archived_projects/crow-array-pod/07_releases/v1.1-2026-07-19/verification/twin_edge_west.png: not permitted by archived_projects/crow-array-pod/07_releases/contracts.md
FAIL C-ALLOW  archived_projects/crow-array-pod/07_releases/v1.1-2026-07-19/verification/twin_iso_nw.png: not permitted by archived_projects/crow-array-pod/07_releases/contracts.md
FAIL C-ALLOW  archived_projects/crow-array-pod/07_releases/v1.1-2026-07-19/verification/twin_iso_se.png: not permitted by archived_projects/crow-array-pod/07_releases/contracts.md
FAIL C-ALLOW  archived_projects/crow-array-pod/07_releases/v1.1-2026-07-19/verification/twin_report.csv: not permitted by archived_projects/crow-array-pod/07_releases/contracts.md
FAIL C-ALLOW  archived_projects/crow-array-pod/07_releases/v1.1-2026-07-19/verification/twin_top.png: not permitted by archived_projects/crow-array-pod/07_releases/contracts.md
FAIL C-ALLOW  archived_projects/crow-array-pod/README.md: not permitted by archived_projects/contracts.md
FAIL C-ALLOW  archived_projects/crow-array/01_docs/BRIEF_SOURCE.txt: not permitted by archived_projects/crow-array/01_docs/contracts.md
FAIL C-ALLOW  archived_projects/crow-mic-pod-v2/08_reviews/2026-07-26_independent-audit.md: not permitted by archived_projects/crow-mic-pod-v2/08_reviews/contracts.md
FAIL C-ALLOW  archived_projects/crow-recorder-central-v2/03_src/audit.json: not permitted by archived_projects/crow-recorder-central-v2/03_src/contracts.md
FAIL C-ALLOW  archived_projects/crow-recorder-central-v2/03_src/drc_baseline.json: not permitted by archived_projects/crow-recorder-central-v2/03_src/contracts.md
FAIL C-ALLOW  archived_projects/crow-recorder-central-v2/03_src/fab_overrides.txt: not permitted by archived_projects/crow-recorder-central-v2/03_src/contracts.md
FAIL C-ALLOW  archived_projects/crow-recorder-central-v2/08_reviews/2026-07-24_v1.1-staging_pin-review.md: not permitted by archived_projects/crow-recorder-central-v2/08_reviews/contracts.md
FAIL C-ALLOW  archived_projects/crow-recorder-central-v2/08_reviews/2026-07-24_v1.1-staging_render-review.md: not permitted by archived_projects/crow-recorder-central-v2/08_reviews/contracts.md
FAIL C-ALLOW  archived_projects/crow-recorder-central-v2/08_reviews/2026-07-24_v1.2-staging_pin-review.md: not permitted by archived_projects/crow-recorder-central-v2/08_reviews/contracts.md
FAIL C-ALLOW  archived_projects/crow-recorder-central-v2/08_reviews/2026-07-24_v1.2-staging_render-review.md: not permitted by archived_projects/crow-recorder-central-v2/08_reviews/contracts.md
FAIL C-ALLOW  archived_projects/crow-recorder-central-v2/08_reviews/2026-07-26_independent-audit.md: not permitted by archived_projects/crow-recorder-central-v2/08_reviews/contracts.md
FAIL C-ALLOW  archived_projects/crow-recorder-central-v2/crow_recorder_central_v2-drc.rpt: not permitted by archived_projects/crow-recorder-central-v2/contracts.md
FAIL C-ALLOW  archived_projects/crowsync-recorder/.easyeda_cache/02485e56ba8d4732a26526d2983fc729.obj: not permitted by archived_projects/crowsync-recorder/contracts.md
FAIL C-ALLOW  archived_projects/crowsync-recorder/.easyeda_cache/02485e56ba8d4732a26526d2983fc729.step: not permitted by archived_projects/crowsync-recorder/contracts.md
FAIL C-ALLOW  archived_projects/crowsync-recorder/.easyeda_cache/229b69761e2c45dba6a83d8866dec72d.obj: not permitted by archived_projects/crowsync-recorder/contracts.md
FAIL C-ALLOW  archived_projects/crowsync-recorder/.easyeda_cache/229b69761e2c45dba6a83d8866dec72d.step: not permitted by archived_projects/crowsync-recorder/contracts.md
FAIL C-ALLOW  archived_projects/crowsync-recorder/.easyeda_cache/695f4abe86624a1eb9bf94cea2804287.obj: not permitted by archived_projects/crowsync-recorder/contracts.md
FAIL C-ALLOW  archived_projects/crowsync-recorder/.easyeda_cache/695f4abe86624a1eb9bf94cea2804287.step: not permitted by archived_projects/crowsync-recorder/contracts.md
FAIL C-ALLOW  archived_projects/crowsync-recorder/.easyeda_cache/6bd5cd867e9542ebae21caaf5d2d4c4d.obj: not permitted by archived_projects/crowsync-recorder/contracts.md
FAIL C-ALLOW  archived_projects/crowsync-recorder/.easyeda_cache/6bd5cd867e9542ebae21caaf5d2d4c4d.step: not permitted by archived_projects/crowsync-recorder/contracts.md
FAIL C-ALLOW  archived_projects/crowsync-recorder/.easyeda_cache/7abc64c95a1a4a04a4ef38f9097c870b.obj: not permitted by archived_projects/crowsync-recorder/contracts.md
FAIL C-ALLOW  archived_projects/crowsync-recorder/.easyeda_cache/7abc64c95a1a4a04a4ef38f9097c870b.step: not permitted by archived_projects/crowsync-recorder/contracts.md
FAIL C-ALLOW  archived_projects/crowsync-recorder/.easyeda_cache/8605112561c3434fb8d485b55a1a811f.obj: not permitted by archived_projects/crowsync-recorder/contracts.md
FAIL C-ALLOW  archived_projects/crowsync-recorder/.easyeda_cache/8605112561c3434fb8d485b55a1a811f.step: not permitted by archived_projects/crowsync-recorder/contracts.md
FAIL C-ALLOW  archived_projects/crowsync-recorder/.easyeda_cache/8c971aea3af54c53b74baeb1f489d393.obj: not permitted by archived_projects/crowsync-recorder/contracts.md
FAIL C-ALLOW  archived_projects/crowsync-recorder/.easyeda_cache/8c971aea3af54c53b74baeb1f489d393.step: not permitted by archived_projects/crowsync-recorder/contracts.md
FAIL C-ALLOW  archived_projects/crowsync-recorder/.easyeda_cache/C1002.json: not permitted by archived_projects/crowsync-recorder/contracts.md
FAIL C-ALLOW  archived_projects/crowsync-recorder/.easyeda_cache/C14663.json: not permitted by archived_projects/crowsync-recorder/contracts.md
FAIL C-ALLOW  archived_projects/crowsync-recorder/.easyeda_cache/C15849.json: not permitted by archived_projects/crowsync-recorder/contracts.md
FAIL C-ALLOW  archived_projects/crowsync-recorder/.easyeda_cache/C1588.json: not permitted by archived_projects/crowsync-recorder/contracts.md
FAIL C-ALLOW  archived_projects/crowsync-recorder/.easyeda_cache/C1663.json: not permitted by archived_projects/crowsync-recorder/contracts.md
FAIL C-ALLOW  archived_projects/crowsync-recorder/.easyeda_cache/C180425.json: not permitted by archived_projects/crowsync-recorder/contracts.md
FAIL C-ALLOW  archived_projects/crowsync-recorder/.easyeda_cache/C189893.json: not permitted by archived_projects/crowsync-recorder/contracts.md
FAIL C-ALLOW  archived_projects/crowsync-recorder/.easyeda_cache/C19702.json: not permitted by archived_projects/crowsync-recorder/contracts.md
FAIL C-ALLOW  archived_projects/crowsync-recorder/.easyeda_cache/C21190.json: not permitted by archived_projects/crowsync-recorder/contracts.md
FAIL C-ALLOW  archived_projects/crowsync-recorder/.easyeda_cache/C22356360.json: not permitted by archived_projects/crowsync-recorder/contracts.md
FAIL C-ALLOW  archived_projects/crowsync-recorder/.easyeda_cache/C22775.json: not permitted by archived_projects/crowsync-recorder/contracts.md
FAIL C-ALLOW  archived_projects/crowsync-recorder/.easyeda_cache/C22843.json: not permitted by archived_projects/crowsync-recorder/contracts.md
FAIL C-ALLOW  archived_projects/crowsync-recorder/.easyeda_cache/C22935.json: not permitted by archived_projects/crowsync-recorder/contracts.md
FAIL C-ALLOW  archived_projects/crowsync-recorder/.easyeda_cache/C2297.json: not permitted by archived_projects/crowsync-recorder/contracts.md
FAIL C-ALLOW  archived_projects/crowsync-recorder/.easyeda_cache/C22991.json: not permitted by archived_projects/crowsync-recorder/contracts.md
FAIL C-ALLOW  archived_projects/crowsync-recorder/.easyeda_cache/C23186.json: not permitted by archived_projects/crowsync-recorder/contracts.md
FAIL C-ALLOW  archived_projects/crowsync-recorder/.easyeda_cache/C23345.json: not permitted by archived_projects/crowsync-recorder/contracts.md
FAIL C-ALLOW  archived_projects/crowsync-recorder/.easyeda_cache/C25803.json: not permitted by archived_projects/crowsync-recorder/contracts.md
FAIL C-ALLOW  archived_projects/crowsync-recorder/.easyeda_cache/C2687116.json: not permitted by archived_projects/crowsync-recorder/contracts.md
FAIL C-ALLOW  archived_projects/crowsync-recorder/.easyeda_cache/C2862740.json: not permitted by archived_projects/crowsync-recorder/contracts.md
FAIL C-ALLOW  archived_projects/crowsync-recorder/.easyeda_cache/C3020560.json: not permitted by archived_projects/crowsync-recorder/contracts.md
FAIL C-ALLOW  archived_projects/crowsync-recorder/.easyeda_cache/C31850.json: not permitted by archived_projects/crowsync-recorder/contracts.md
FAIL C-ALLOW  archived_projects/crowsync-recorder/.easyeda_cache/C398355.json: not permitted by archived_projects/crowsync-recorder/contracts.md
FAIL C-ALLOW  archived_projects/crowsync-recorder/.easyeda_cache/C4190.json: not permitted by archived_projects/crowsync-recorder/contracts.md
FAIL C-ALLOW  archived_projects/crowsync-recorder/.easyeda_cache/C514175.json: not permitted by archived_projects/crowsync-recorder/contracts.md
FAIL C-ALLOW  archived_projects/crowsync-recorder/.easyeda_cache/C9002.json: not permitted by archived_projects/crowsync-recorder/contracts.md
FAIL C-ALLOW  archived_projects/crowsync-recorder/.easyeda_cache/C98220.json: not permitted by archived_projects/crowsync-recorder/contracts.md
FAIL C-ALLOW  archived_projects/crowsync-recorder/.easyeda_cache/a7f84688c5004aa68dbcbddc99bd5473.obj: not permitted by archived_projects/crowsync-recorder/contracts.md
FAIL C-ALLOW  archived_projects/crowsync-recorder/.easyeda_cache/a7f84688c5004aa68dbcbddc99bd5473.step: not permitted by archived_projects/crowsync-recorder/contracts.md
FAIL C-ALLOW  archived_projects/crowsync-recorder/.easyeda_cache/ac9b32e974bc448eab36b1293f859dcb.obj: not permitted by archived_projects/crowsync-recorder/contracts.md
FAIL C-ALLOW  archived_projects/crowsync-recorder/.easyeda_cache/ac9b32e974bc448eab36b1293f859dcb.step: not permitted by archived_projects/crowsync-recorder/contracts.md
FAIL C-ALLOW  archived_projects/crowsync-recorder/.easyeda_cache/b568c80088e44e7787ac98e18b16aaa3.obj: not permitted by archived_projects/crowsync-recorder/contracts.md
FAIL C-ALLOW  archived_projects/crowsync-recorder/.easyeda_cache/b568c80088e44e7787ac98e18b16aaa3.step: not permitted by archived_projects/crowsync-recorder/contracts.md
FAIL C-ALLOW  archived_projects/crowsync-recorder/.easyeda_cache/ba81ba49d02c4afc8b60ad6f6ca61812.obj: not permitted by archived_projects/crowsync-recorder/contracts.md
FAIL C-ALLOW  archived_projects/crowsync-recorder/.easyeda_cache/ba81ba49d02c4afc8b60ad6f6ca61812.step: not permitted by archived_projects/crowsync-recorder/contracts.md
FAIL C-ALLOW  archived_projects/crowsync-recorder/.easyeda_cache/f6684975c608438e85ae4e120e588908.obj: not permitted by archived_projects/crowsync-recorder/contracts.md
FAIL C-ALLOW  archived_projects/crowsync-recorder/.easyeda_cache/f6684975c608438e85ae4e120e588908.step: not permitted by archived_projects/crowsync-recorder/contracts.md
FAIL C-ALLOW  archived_projects/crowsync-recorder/01_docs/ERRATA.md: not permitted by archived_projects/crowsync-recorder/01_docs/contracts.md
FAIL C-ALLOW  archived_projects/crowsync-recorder/01_docs/decisions/0001-input-protection.md: not permitted by archived_projects/crowsync-recorder/01_docs/decisions/contracts.md
FAIL C-ALLOW  archived_projects/crowsync-recorder/01_docs/decisions/0002-bus-powered-codec-3v3a-scope.md: not permitted by archived_projects/crowsync-recorder/01_docs/decisions/contracts.md
FAIL C-ALLOW  archived_projects/crowsync-recorder/01_docs/decisions/0003-dual-capsule-gain-plan.md: not permitted by archived_projects/crowsync-recorder/01_docs/decisions/contracts.md
FAIL C-ALLOW  archived_projects/crowsync-recorder/01_docs/decisions/0004-continuous-ground-plane.md: not permitted by archived_projects/crowsync-recorder/01_docs/decisions/contracts.md
FAIL C-ALLOW  archived_projects/crowsync-recorder/01_docs/decisions/0005-connectors-and-assembly.md: not permitted by archived_projects/crowsync-recorder/01_docs/decisions/contracts.md
FAIL C-ALLOW  archived_projects/crowsync-recorder/03_src/lib/csr.kicad_sym: not permitted by archived_projects/crowsync-recorder/03_src/lib/contracts.md
FAIL C-ALLOW  archived_projects/crowsync-recorder/03_src/route/r3.kicad_pcb: not permitted by archived_projects/crowsync-recorder/03_src/contracts.md
FAIL C-ALLOW  archived_projects/crowsync-recorder/03_src/route_prep.py: not permitted by archived_projects/crowsync-recorder/03_src/contracts.md
FAIL C-ALLOW  archived_projects/crowsync-recorder/03_src/route_waves.sh: not permitted by archived_projects/crowsync-recorder/03_src/contracts.md
FAIL C-ALLOW  archived_projects/crowsync-recorder/03_src/rules/policy_waivers.yaml: not permitted by archived_projects/crowsync-recorder/03_src/rules/contracts.md
FAIL C-ALLOW  archived_projects/crowsync-recorder/03_tscircuit/.gitignore: not permitted by archived_projects/crowsync-recorder/03_tscircuit/contracts.md
FAIL C-ALLOW  archived_projects/crowsync-recorder/06_build/full_review_2026-07-19.md: not permitted by archived_projects/crowsync-recorder/06_build/contracts.md
FAIL C-ALLOW  archived_projects/crowsync-recorder/07_releases/v1.0-2026-07-16/MANIFEST.txt: not permitted by archived_projects/crowsync-recorder/07_releases/contracts.md
FAIL C-ALLOW  archived_projects/crowsync-recorder/07_releases/v1.0-2026-07-16/ORDER_README.md: not permitted by archived_projects/crowsync-recorder/07_releases/contracts.md
FAIL C-ALLOW  archived_projects/crowsync-recorder/07_releases/v1.0-2026-07-16/SUPERSEDED.md: not permitted by archived_projects/crowsync-recorder/07_releases/contracts.md
FAIL C-ALLOW  archived_projects/crowsync-recorder/07_releases/v1.0-2026-07-16/bom.csv: not permitted by archived_projects/crowsync-recorder/07_releases/contracts.md
FAIL C-ALLOW  archived_projects/crowsync-recorder/07_releases/v1.0-2026-07-16/cpl.csv: not permitted by archived_projects/crowsync-recorder/07_releases/contracts.md
FAIL C-ALLOW  archived_projects/crowsync-recorder/07_releases/v1.0-2026-07-16/crowsync_recorder_gerbers.zip: not permitted by archived_projects/crowsync-recorder/07_releases/contracts.md
FAIL C-ALLOW  archived_projects/crowsync-recorder/07_releases/v1.0-2026-07-16/pdf/assembly_top.pdf: not permitted by archived_projects/crowsync-recorder/07_releases/contracts.md
FAIL C-ALLOW  archived_projects/crowsync-recorder/07_releases/v1.0-2026-07-16/pdf/pcb_layers.pdf: not permitted by archived_projects/crowsync-recorder/07_releases/contracts.md
FAIL C-ALLOW  archived_projects/crowsync-recorder/07_releases/v1.0-2026-07-16/pdf/schematic.pdf: not permitted by archived_projects/crowsync-recorder/07_releases/contracts.md
FAIL C-ALLOW  archived_projects/crowsync-recorder/07_releases/v1.0-2026-07-16/verification/audit.txt: not permitted by archived_projects/crowsync-recorder/07_releases/contracts.md
FAIL C-ALLOW  archived_projects/crowsync-recorder/07_releases/v1.0-2026-07-16/verification/drc.json: not permitted by archived_projects/crowsync-recorder/07_releases/contracts.md
FAIL C-ALLOW  archived_projects/crowsync-recorder/07_releases/v1.0-2026-07-16/verification/pin_review.md: not permitted by archived_projects/crowsync-recorder/07_releases/contracts.md
FAIL C-ALLOW  archived_projects/crowsync-recorder/07_releases/v1.0-2026-07-16/verification/render_review.md: not permitted by archived_projects/crowsync-recorder/07_releases/contracts.md
FAIL C-ALLOW  archived_projects/crowsync-recorder/07_releases/v1.0-2026-07-16/verification/spec_confirm_2026-07-16.txt: not permitted by archived_projects/crowsync-recorder/07_releases/contracts.md
FAIL C-ALLOW  archived_projects/crowsync-recorder/07_releases/v1.0-2026-07-16/verification/stock_check.txt: not permitted by archived_projects/crowsync-recorder/07_releases/contracts.md
FAIL C-ALLOW  archived_projects/crowsync-recorder/07_releases/v1.0-2026-07-16/verification/twin_bottom.png: not permitted by archived_projects/crowsync-recorder/07_releases/contracts.md
FAIL C-ALLOW  archived_projects/crowsync-recorder/07_releases/v1.0-2026-07-16/verification/twin_edge_east.png: not permitted by archived_projects/crowsync-recorder/07_releases/contracts.md
FAIL C-ALLOW  archived_projects/crowsync-recorder/07_releases/v1.0-2026-07-16/verification/twin_edge_west.png: not permitted by archived_projects/crowsync-recorder/07_releases/contracts.md
FAIL C-ALLOW  archived_projects/crowsync-recorder/07_releases/v1.0-2026-07-16/verification/twin_iso_nw.png: not permitted by archived_projects/crowsync-recorder/07_releases/contracts.md
FAIL C-ALLOW  archived_projects/crowsync-recorder/07_releases/v1.0-2026-07-16/verification/twin_iso_se.png: not permitted by archived_projects/crowsync-recorder/07_releases/contracts.md
FAIL C-ALLOW  archived_projects/crowsync-recorder/07_releases/v1.0-2026-07-16/verification/twin_report.csv: not permitted by archived_projects/crowsync-recorder/07_releases/contracts.md
FAIL C-ALLOW  archived_projects/crowsync-recorder/07_releases/v1.0-2026-07-16/verification/twin_top.png: not permitted by archived_projects/crowsync-recorder/07_releases/contracts.md
FAIL C-ALLOW  archived_projects/crowsync-recorder/07_releases/v1.1-2026-07-17/MANIFEST.txt: not permitted by archived_projects/crowsync-recorder/07_releases/contracts.md
FAIL C-ALLOW  archived_projects/crowsync-recorder/07_releases/v1.1-2026-07-17/ORDER_README.md: not permitted by archived_projects/crowsync-recorder/07_releases/contracts.md
FAIL C-ALLOW  archived_projects/crowsync-recorder/07_releases/v1.1-2026-07-17/SUPERSEDED.md: not permitted by archived_projects/crowsync-recorder/07_releases/contracts.md
FAIL C-ALLOW  archived_projects/crowsync-recorder/07_releases/v1.1-2026-07-17/bom.csv: not permitted by archived_projects/crowsync-recorder/07_releases/contracts.md
FAIL C-ALLOW  archived_projects/crowsync-recorder/07_releases/v1.1-2026-07-17/cpl.csv: not permitted by archived_projects/crowsync-recorder/07_releases/contracts.md
FAIL C-ALLOW  archived_projects/crowsync-recorder/07_releases/v1.1-2026-07-17/crowsync_recorder_gerbers.zip: not permitted by archived_projects/crowsync-recorder/07_releases/contracts.md
FAIL C-ALLOW  archived_projects/crowsync-recorder/07_releases/v1.1-2026-07-17/pdf/assembly_top.pdf: not permitted by archived_projects/crowsync-recorder/07_releases/contracts.md
FAIL C-ALLOW  archived_projects/crowsync-recorder/07_releases/v1.1-2026-07-17/pdf/pcb_layers.pdf: not permitted by archived_projects/crowsync-recorder/07_releases/contracts.md
FAIL C-ALLOW  archived_projects/crowsync-recorder/07_releases/v1.1-2026-07-17/pdf/schematic.pdf: not permitted by archived_projects/crowsync-recorder/07_releases/contracts.md
FAIL C-ALLOW  archived_projects/crowsync-recorder/07_releases/v1.1-2026-07-17/verification/audit.txt: not permitted by archived_projects/crowsync-recorder/07_releases/contracts.md
FAIL C-ALLOW  archived_projects/crowsync-recorder/07_releases/v1.1-2026-07-17/verification/drc.json: not permitted by archived_projects/crowsync-recorder/07_releases/contracts.md
FAIL C-ALLOW  archived_projects/crowsync-recorder/07_releases/v1.1-2026-07-17/verification/pin_review.md: not permitted by archived_projects/crowsync-recorder/07_releases/contracts.md
FAIL C-ALLOW  archived_projects/crowsync-recorder/07_releases/v1.1-2026-07-17/verification/policy_audit.md: not permitted by archived_projects/crowsync-recorder/07_releases/contracts.md
FAIL C-ALLOW  archived_projects/crowsync-recorder/07_releases/v1.1-2026-07-17/verification/render_review.md: not permitted by archived_projects/crowsync-recorder/07_releases/contracts.md
FAIL C-ALLOW  archived_projects/crowsync-recorder/07_releases/v1.1-2026-07-17/verification/spec_confirm_2026-07-16.txt: not permitted by archived_projects/crowsync-recorder/07_releases/contracts.md
FAIL C-ALLOW  archived_projects/crowsync-recorder/07_releases/v1.1-2026-07-17/verification/stock_check.txt: not permitted by archived_projects/crowsync-recorder/07_releases/contracts.md
FAIL C-ALLOW  archived_projects/crowsync-recorder/07_releases/v1.1-2026-07-17/verification/twin_bottom.png: not permitted by archived_projects/crowsync-recorder/07_releases/contracts.md
FAIL C-ALLOW  archived_projects/crowsync-recorder/07_releases/v1.1-2026-07-17/verification/twin_edge_east.png: not permitted by archived_projects/crowsync-recorder/07_releases/contracts.md
FAIL C-ALLOW  archived_projects/crowsync-recorder/07_releases/v1.1-2026-07-17/verification/twin_edge_west.png: not permitted by archived_projects/crowsync-recorder/07_releases/contracts.md
FAIL C-ALLOW  archived_projects/crowsync-recorder/07_releases/v1.1-2026-07-17/verification/twin_iso_nw.png: not permitted by archived_projects/crowsync-recorder/07_releases/contracts.md
FAIL C-ALLOW  archived_projects/crowsync-recorder/07_releases/v1.1-2026-07-17/verification/twin_iso_se.png: not permitted by archived_projects/crowsync-recorder/07_releases/contracts.md
FAIL C-ALLOW  archived_projects/crowsync-recorder/07_releases/v1.1-2026-07-17/verification/twin_report.csv: not permitted by archived_projects/crowsync-recorder/07_releases/contracts.md
FAIL C-ALLOW  archived_projects/crowsync-recorder/07_releases/v1.1-2026-07-17/verification/twin_top.png: not permitted by archived_projects/crowsync-recorder/07_releases/contracts.md
FAIL C-ALLOW  archived_projects/crowsync-recorder/07_releases/v1.2-2026-07-17/MANIFEST.txt: not permitted by archived_projects/crowsync-recorder/07_releases/contracts.md
FAIL C-ALLOW  archived_projects/crowsync-recorder/07_releases/v1.2-2026-07-17/ORDER_README.md: not permitted by archived_projects/crowsync-recorder/07_releases/contracts.md
FAIL C-ALLOW  archived_projects/crowsync-recorder/07_releases/v1.2-2026-07-17/bom.csv: not permitted by archived_projects/crowsync-recorder/07_releases/contracts.md
FAIL C-ALLOW  archived_projects/crowsync-recorder/07_releases/v1.2-2026-07-17/cpl.csv: not permitted by archived_projects/crowsync-recorder/07_releases/contracts.md
FAIL C-ALLOW  archived_projects/crowsync-recorder/07_releases/v1.2-2026-07-17/crowsync_recorder_gerbers.zip: not permitted by archived_projects/crowsync-recorder/07_releases/contracts.md
FAIL C-ALLOW  archived_projects/crowsync-recorder/07_releases/v1.2-2026-07-17/pdf/assembly_top.pdf: not permitted by archived_projects/crowsync-recorder/07_releases/contracts.md
FAIL C-ALLOW  archived_projects/crowsync-recorder/07_releases/v1.2-2026-07-17/pdf/pcb_layers.pdf: not permitted by archived_projects/crowsync-recorder/07_releases/contracts.md
FAIL C-ALLOW  archived_projects/crowsync-recorder/07_releases/v1.2-2026-07-17/pdf/schematic.pdf: not permitted by archived_projects/crowsync-recorder/07_releases/contracts.md
FAIL C-ALLOW  archived_projects/crowsync-recorder/07_releases/v1.2-2026-07-17/verification/audit.txt: not permitted by archived_projects/crowsync-recorder/07_releases/contracts.md
FAIL C-ALLOW  archived_projects/crowsync-recorder/07_releases/v1.2-2026-07-17/verification/drc.json: not permitted by archived_projects/crowsync-recorder/07_releases/contracts.md
FAIL C-ALLOW  archived_projects/crowsync-recorder/07_releases/v1.2-2026-07-17/verification/pin_review.md: not permitted by archived_projects/crowsync-recorder/07_releases/contracts.md
FAIL C-ALLOW  archived_projects/crowsync-recorder/07_releases/v1.2-2026-07-17/verification/policy_audit.md: not permitted by archived_projects/crowsync-recorder/07_releases/contracts.md
FAIL C-ALLOW  archived_projects/crowsync-recorder/07_releases/v1.2-2026-07-17/verification/render_review.md: not permitted by archived_projects/crowsync-recorder/07_releases/contracts.md
FAIL C-ALLOW  archived_projects/crowsync-recorder/07_releases/v1.2-2026-07-17/verification/spec_confirm_2026-07-16.txt: not permitted by archived_projects/crowsync-recorder/07_releases/contracts.md
FAIL C-ALLOW  archived_projects/crowsync-recorder/07_releases/v1.2-2026-07-17/verification/stock_check.txt: not permitted by archived_projects/crowsync-recorder/07_releases/contracts.md
FAIL C-ALLOW  archived_projects/crowsync-recorder/07_releases/v1.2-2026-07-17/verification/twin_bottom.png: not permitted by archived_projects/crowsync-recorder/07_releases/contracts.md
FAIL C-ALLOW  archived_projects/crowsync-recorder/07_releases/v1.2-2026-07-17/verification/twin_edge_east.png: not permitted by archived_projects/crowsync-recorder/07_releases/contracts.md
FAIL C-ALLOW  archived_projects/crowsync-recorder/07_releases/v1.2-2026-07-17/verification/twin_edge_west.png: not permitted by archived_projects/crowsync-recorder/07_releases/contracts.md
FAIL C-ALLOW  archived_projects/crowsync-recorder/07_releases/v1.2-2026-07-17/verification/twin_iso_nw.png: not permitted by archived_projects/crowsync-recorder/07_releases/contracts.md
FAIL C-ALLOW  archived_projects/crowsync-recorder/07_releases/v1.2-2026-07-17/verification/twin_iso_se.png: not permitted by archived_projects/crowsync-recorder/07_releases/contracts.md
FAIL C-ALLOW  archived_projects/crowsync-recorder/07_releases/v1.2-2026-07-17/verification/twin_report.csv: not permitted by archived_projects/crowsync-recorder/07_releases/contracts.md
FAIL C-ALLOW  archived_projects/crowsync-recorder/07_releases/v1.2-2026-07-17/verification/twin_top.png: not permitted by archived_projects/crowsync-recorder/07_releases/contracts.md
FAIL C-ALLOW  archived_projects/crowsync-recorder/PROGRESS.md: not permitted by archived_projects/crowsync-recorder/contracts.md
FAIL C-ALLOW  archived_projects/esp32-laser-timing/.easyeda_cache/126bbe8c141c4e4bac61498574e8671f.obj: not permitted by archived_projects/esp32-laser-timing/contracts.md
FAIL C-ALLOW  archived_projects/esp32-laser-timing/.easyeda_cache/126bbe8c141c4e4bac61498574e8671f.step: not permitted by archived_projects/esp32-laser-timing/contracts.md
FAIL C-ALLOW  archived_projects/esp32-laser-timing/.easyeda_cache/229b69761e2c45dba6a83d8866dec72d.obj: not permitted by archived_projects/esp32-laser-timing/contracts.md
FAIL C-ALLOW  archived_projects/esp32-laser-timing/.easyeda_cache/229b69761e2c45dba6a83d8866dec72d.step: not permitted by archived_projects/esp32-laser-timing/contracts.md
FAIL C-ALLOW  archived_projects/esp32-laser-timing/.easyeda_cache/265efcdb862f47cf9eef6843d570fde7.obj: not permitted by archived_projects/esp32-laser-timing/contracts.md
FAIL C-ALLOW  archived_projects/esp32-laser-timing/.easyeda_cache/265efcdb862f47cf9eef6843d570fde7.step: not permitted by archived_projects/esp32-laser-timing/contracts.md
FAIL C-ALLOW  archived_projects/esp32-laser-timing/.easyeda_cache/4098ac4942764b88998acce28312dfd8.obj: not permitted by archived_projects/esp32-laser-timing/contracts.md
FAIL C-ALLOW  archived_projects/esp32-laser-timing/.easyeda_cache/4098ac4942764b88998acce28312dfd8.step: not permitted by archived_projects/esp32-laser-timing/contracts.md
FAIL C-ALLOW  archived_projects/esp32-laser-timing/.easyeda_cache/617b05f9bba7410b96c001093d8189e4.obj: not permitted by archived_projects/esp32-laser-timing/contracts.md
FAIL C-ALLOW  archived_projects/esp32-laser-timing/.easyeda_cache/617b05f9bba7410b96c001093d8189e4.step: not permitted by archived_projects/esp32-laser-timing/contracts.md
FAIL C-ALLOW  archived_projects/esp32-laser-timing/.easyeda_cache/695f4abe86624a1eb9bf94cea2804287.obj: not permitted by archived_projects/esp32-laser-timing/contracts.md
FAIL C-ALLOW  archived_projects/esp32-laser-timing/.easyeda_cache/695f4abe86624a1eb9bf94cea2804287.step: not permitted by archived_projects/esp32-laser-timing/contracts.md
FAIL C-ALLOW  archived_projects/esp32-laser-timing/.easyeda_cache/91b67c1735f643ffb2e7226c23dd3492.obj: not permitted by archived_projects/esp32-laser-timing/contracts.md
FAIL C-ALLOW  archived_projects/esp32-laser-timing/.easyeda_cache/91b67c1735f643ffb2e7226c23dd3492.step: not permitted by archived_projects/esp32-laser-timing/contracts.md
FAIL C-ALLOW  archived_projects/esp32-laser-timing/.easyeda_cache/9c8fc198f976494c8af4733fd12c0e12.obj: not permitted by archived_projects/esp32-laser-timing/contracts.md
FAIL C-ALLOW  archived_projects/esp32-laser-timing/.easyeda_cache/9c8fc198f976494c8af4733fd12c0e12.step: not permitted by archived_projects/esp32-laser-timing/contracts.md
FAIL C-ALLOW  archived_projects/esp32-laser-timing/.easyeda_cache/C149504.json: not permitted by archived_projects/esp32-laser-timing/contracts.md
FAIL C-ALLOW  archived_projects/esp32-laser-timing/.easyeda_cache/C165948.json: not permitted by archived_projects/esp32-laser-timing/contracts.md
FAIL C-ALLOW  archived_projects/esp32-laser-timing/.easyeda_cache/C17408.json: not permitted by archived_projects/esp32-laser-timing/contracts.md
FAIL C-ALLOW  archived_projects/esp32-laser-timing/.easyeda_cache/C17414.json: not permitted by archived_projects/esp32-laser-timing/contracts.md
FAIL C-ALLOW  archived_projects/esp32-laser-timing/.easyeda_cache/C17513.json: not permitted by archived_projects/esp32-laser-timing/contracts.md
FAIL C-ALLOW  archived_projects/esp32-laser-timing/.easyeda_cache/C17530.json: not permitted by archived_projects/esp32-laser-timing/contracts.md
FAIL C-ALLOW  archived_projects/esp32-laser-timing/.easyeda_cache/C17633.json: not permitted by archived_projects/esp32-laser-timing/contracts.md
FAIL C-ALLOW  archived_projects/esp32-laser-timing/.easyeda_cache/C17673.json: not permitted by archived_projects/esp32-laser-timing/contracts.md
FAIL C-ALLOW  archived_projects/esp32-laser-timing/.easyeda_cache/C20917.json: not permitted by archived_projects/esp32-laser-timing/contracts.md
FAIL C-ALLOW  archived_projects/esp32-laser-timing/.easyeda_cache/C2297.json: not permitted by archived_projects/esp32-laser-timing/contracts.md
FAIL C-ALLOW  archived_projects/esp32-laser-timing/.easyeda_cache/C2687116.json: not permitted by archived_projects/esp32-laser-timing/contracts.md
FAIL C-ALLOW  archived_projects/esp32-laser-timing/.easyeda_cache/C2718488.json: not permitted by archived_projects/esp32-laser-timing/contracts.md
FAIL C-ALLOW  archived_projects/esp32-laser-timing/.easyeda_cache/C27834.json: not permitted by archived_projects/esp32-laser-timing/contracts.md
FAIL C-ALLOW  archived_projects/esp32-laser-timing/.easyeda_cache/C28323.json: not permitted by archived_projects/esp32-laser-timing/contracts.md
FAIL C-ALLOW  archived_projects/esp32-laser-timing/.easyeda_cache/C2887276.json: not permitted by archived_projects/esp32-laser-timing/contracts.md
FAIL C-ALLOW  archived_projects/esp32-laser-timing/.easyeda_cache/C2913204.json: not permitted by archived_projects/esp32-laser-timing/contracts.md
FAIL C-ALLOW  archived_projects/esp32-laser-timing/.easyeda_cache/C318884.json: not permitted by archived_projects/esp32-laser-timing/contracts.md
FAIL C-ALLOW  archived_projects/esp32-laser-timing/.easyeda_cache/C45783.json: not permitted by archived_projects/esp32-laser-timing/contracts.md
FAIL C-ALLOW  archived_projects/esp32-laser-timing/.easyeda_cache/C474930.json: not permitted by archived_projects/esp32-laser-timing/contracts.md
FAIL C-ALLOW  archived_projects/esp32-laser-timing/.easyeda_cache/C49678.json: not permitted by archived_projects/esp32-laser-timing/contracts.md
FAIL C-ALLOW  archived_projects/esp32-laser-timing/.easyeda_cache/C6186.json: not permitted by archived_projects/esp32-laser-timing/contracts.md
FAIL C-ALLOW  archived_projects/esp32-laser-timing/.easyeda_cache/C71036.json: not permitted by archived_projects/esp32-laser-timing/contracts.md
FAIL C-ALLOW  archived_projects/esp32-laser-timing/.easyeda_cache/b87ab0c5465a48b3a1c9a6dac8d30bc5.obj: not permitted by archived_projects/esp32-laser-timing/contracts.md
FAIL C-ALLOW  archived_projects/esp32-laser-timing/.easyeda_cache/b87ab0c5465a48b3a1c9a6dac8d30bc5.step: not permitted by archived_projects/esp32-laser-timing/contracts.md
FAIL C-ALLOW  archived_projects/esp32-laser-timing/.easyeda_cache/c7acac53bcbc44d68fbab8f60a747688.obj: not permitted by archived_projects/esp32-laser-timing/contracts.md
FAIL C-ALLOW  archived_projects/esp32-laser-timing/.easyeda_cache/c7acac53bcbc44d68fbab8f60a747688.step: not permitted by archived_projects/esp32-laser-timing/contracts.md
FAIL C-ALLOW  archived_projects/esp32-laser-timing/.easyeda_cache/d777607a152f4f3aac9bb0d0c14ed6fd.obj: not permitted by archived_projects/esp32-laser-timing/contracts.md
FAIL C-ALLOW  archived_projects/esp32-laser-timing/.easyeda_cache/d777607a152f4f3aac9bb0d0c14ed6fd.step: not permitted by archived_projects/esp32-laser-timing/contracts.md
FAIL C-ALLOW  archived_projects/esp32-laser-timing/.easyeda_cache/e80246a9471445bfb635be848806a22e.obj: not permitted by archived_projects/esp32-laser-timing/contracts.md
FAIL C-ALLOW  archived_projects/esp32-laser-timing/.easyeda_cache/e80246a9471445bfb635be848806a22e.step: not permitted by archived_projects/esp32-laser-timing/contracts.md
FAIL C-ALLOW  archived_projects/esp32-laser-timing/.easyeda_cache/ff306e3ed51d4ebc94ebabcd1b4d8906.obj: not permitted by archived_projects/esp32-laser-timing/contracts.md
FAIL C-ALLOW  archived_projects/esp32-laser-timing/.easyeda_cache/ff306e3ed51d4ebc94ebabcd1b4d8906.step: not permitted by archived_projects/esp32-laser-timing/contracts.md
FAIL C-ALLOW  archived_projects/esp32-laser-timing/01_docs/ERRATA.md: not permitted by archived_projects/esp32-laser-timing/01_docs/contracts.md
FAIL C-ALLOW  archived_projects/esp32-laser-timing/01_docs/decisions/0001-input-protection.md: not permitted by archived_projects/esp32-laser-timing/01_docs/decisions/contracts.md
FAIL C-ALLOW  archived_projects/esp32-laser-timing/01_docs/decisions/0002-comparator-and-rails.md: not permitted by archived_projects/esp32-laser-timing/01_docs/decisions/contracts.md
FAIL C-ALLOW  archived_projects/esp32-laser-timing/01_docs/decisions/0003-sourcing-extended-tally.md: not permitted by archived_projects/esp32-laser-timing/01_docs/decisions/contracts.md
FAIL C-ALLOW  archived_projects/esp32-laser-timing/01_docs/decisions/0004-pin-assignment.md: not permitted by archived_projects/esp32-laser-timing/01_docs/decisions/contracts.md
FAIL C-ALLOW  archived_projects/esp32-laser-timing/01_docs/decisions/0005-connectors-and-assembly.md: not permitted by archived_projects/esp32-laser-timing/01_docs/decisions/contracts.md
FAIL C-ALLOW  archived_projects/esp32-laser-timing/03_src/fix_usb_dive.py: not permitted by archived_projects/esp32-laser-timing/03_src/contracts.md
FAIL C-ALLOW  archived_projects/esp32-laser-timing/03_src/lib/elt.kicad_sym: not permitted by archived_projects/esp32-laser-timing/03_src/lib/contracts.md
FAIL C-ALLOW  archived_projects/esp32-laser-timing/03_src/lib/esp32_laser_timing.pretty/ESP32-S3-WROOM-1.kicad_mod: not permitted by archived_projects/esp32-laser-timing/03_src/lib/contracts.md
FAIL C-ALLOW  archived_projects/esp32-laser-timing/03_src/lib/esp32_laser_timing.pretty/TerminalBlock_3.5-2P_NoSilk.kicad_mod: not permitted by archived_projects/esp32-laser-timing/03_src/lib/contracts.md
FAIL C-ALLOW  archived_projects/esp32-laser-timing/03_src/make_lib.py: not permitted by archived_projects/esp32-laser-timing/03_src/contracts.md
FAIL C-ALLOW  archived_projects/esp32-laser-timing/03_src/repair_drc.py: not permitted by archived_projects/esp32-laser-timing/03_src/contracts.md
FAIL C-ALLOW  archived_projects/esp32-laser-timing/03_src/route/r3.kicad_pcb: not permitted by archived_projects/esp32-laser-timing/03_src/contracts.md
FAIL C-ALLOW  archived_projects/esp32-laser-timing/03_src/route_prep.py: not permitted by archived_projects/esp32-laser-timing/03_src/contracts.md
FAIL C-ALLOW  archived_projects/esp32-laser-timing/03_src/route_waves.sh: not permitted by archived_projects/esp32-laser-timing/03_src/contracts.md
FAIL C-ALLOW  archived_projects/esp32-laser-timing/03_src/rules/policy_waivers.yaml: not permitted by archived_projects/esp32-laser-timing/03_src/rules/contracts.md
FAIL C-ALLOW  archived_projects/esp32-laser-timing/03_tscircuit/.gitignore: not permitted by archived_projects/esp32-laser-timing/03_tscircuit/contracts.md
FAIL C-ALLOW  archived_projects/esp32-laser-timing/03_tscircuit/verification/erc.json: not permitted by archived_projects/esp32-laser-timing/03_tscircuit/contracts.md
FAIL C-ALLOW  archived_projects/esp32-laser-timing/03_tscircuit/verification/tsc_sch_netlist.net: not permitted by archived_projects/esp32-laser-timing/03_tscircuit/contracts.md
FAIL C-ALLOW  archived_projects/esp32-laser-timing/06_build/full_review_2026-07-19.md: not permitted by archived_projects/esp32-laser-timing/06_build/contracts.md
FAIL C-ALLOW  archived_projects/esp32-laser-timing/07_releases/v1.0-2026-07-17/MANIFEST.txt: not permitted by archived_projects/esp32-laser-timing/07_releases/contracts.md
FAIL C-ALLOW  archived_projects/esp32-laser-timing/07_releases/v1.0-2026-07-17/ORDER_README.md: not permitted by archived_projects/esp32-laser-timing/07_releases/contracts.md
FAIL C-ALLOW  archived_projects/esp32-laser-timing/07_releases/v1.0-2026-07-17/SUPERSEDED.md: not permitted by archived_projects/esp32-laser-timing/07_releases/contracts.md
FAIL C-ALLOW  archived_projects/esp32-laser-timing/07_releases/v1.0-2026-07-17/bom.csv: not permitted by archived_projects/esp32-laser-timing/07_releases/contracts.md
FAIL C-ALLOW  archived_projects/esp32-laser-timing/07_releases/v1.0-2026-07-17/cpl.csv: not permitted by archived_projects/esp32-laser-timing/07_releases/contracts.md
FAIL C-ALLOW  archived_projects/esp32-laser-timing/07_releases/v1.0-2026-07-17/esp32_laser_timing_gerbers.zip: not permitted by archived_projects/esp32-laser-timing/07_releases/contracts.md
FAIL C-ALLOW  archived_projects/esp32-laser-timing/07_releases/v1.0-2026-07-17/pdf/assembly_top.pdf: not permitted by archived_projects/esp32-laser-timing/07_releases/contracts.md
FAIL C-ALLOW  archived_projects/esp32-laser-timing/07_releases/v1.0-2026-07-17/pdf/pcb_layers.pdf: not permitted by archived_projects/esp32-laser-timing/07_releases/contracts.md
FAIL C-ALLOW  archived_projects/esp32-laser-timing/07_releases/v1.0-2026-07-17/pdf/schematic.pdf: not permitted by archived_projects/esp32-laser-timing/07_releases/contracts.md
FAIL C-ALLOW  archived_projects/esp32-laser-timing/07_releases/v1.0-2026-07-17/verification/audit.txt: not permitted by archived_projects/esp32-laser-timing/07_releases/contracts.md
FAIL C-ALLOW  archived_projects/esp32-laser-timing/07_releases/v1.0-2026-07-17/verification/drc.json: not permitted by archived_projects/esp32-laser-timing/07_releases/contracts.md
FAIL C-ALLOW  archived_projects/esp32-laser-timing/07_releases/v1.0-2026-07-17/verification/erc.json: not permitted by archived_projects/esp32-laser-timing/07_releases/contracts.md
FAIL C-ALLOW  archived_projects/esp32-laser-timing/07_releases/v1.0-2026-07-17/verification/pin_review.md: not permitted by archived_projects/esp32-laser-timing/07_releases/contracts.md
FAIL C-ALLOW  archived_projects/esp32-laser-timing/07_releases/v1.0-2026-07-17/verification/render_review.md: not permitted by archived_projects/esp32-laser-timing/07_releases/contracts.md
FAIL C-ALLOW  archived_projects/esp32-laser-timing/07_releases/v1.0-2026-07-17/verification/spec_confirm_2026-07-17.txt: not permitted by archived_projects/esp32-laser-timing/07_releases/contracts.md
FAIL C-ALLOW  archived_projects/esp32-laser-timing/07_releases/v1.0-2026-07-17/verification/stock_check.txt: not permitted by archived_projects/esp32-laser-timing/07_releases/contracts.md
FAIL C-ALLOW  archived_projects/esp32-laser-timing/07_releases/v1.0-2026-07-17/verification/twin_bottom.png: not permitted by archived_projects/esp32-laser-timing/07_releases/contracts.md
FAIL C-ALLOW  archived_projects/esp32-laser-timing/07_releases/v1.0-2026-07-17/verification/twin_edge_east.png: not permitted by archived_projects/esp32-laser-timing/07_releases/contracts.md
FAIL C-ALLOW  archived_projects/esp32-laser-timing/07_releases/v1.0-2026-07-17/verification/twin_edge_west.png: not permitted by archived_projects/esp32-laser-timing/07_releases/contracts.md
FAIL C-ALLOW  archived_projects/esp32-laser-timing/07_releases/v1.0-2026-07-17/verification/twin_iso_nw.png: not permitted by archived_projects/esp32-laser-timing/07_releases/contracts.md
FAIL C-ALLOW  archived_projects/esp32-laser-timing/07_releases/v1.0-2026-07-17/verification/twin_iso_se.png: not permitted by archived_projects/esp32-laser-timing/07_releases/contracts.md
FAIL C-ALLOW  archived_projects/esp32-laser-timing/07_releases/v1.0-2026-07-17/verification/twin_report.csv: not permitted by archived_projects/esp32-laser-timing/07_releases/contracts.md
FAIL C-ALLOW  archived_projects/esp32-laser-timing/07_releases/v1.0-2026-07-17/verification/twin_top.png: not permitted by archived_projects/esp32-laser-timing/07_releases/contracts.md
FAIL C-ALLOW  archived_projects/esp32-laser-timing/07_releases/v1.1-2026-07-17/MANIFEST.txt: not permitted by archived_projects/esp32-laser-timing/07_releases/contracts.md
FAIL C-ALLOW  archived_projects/esp32-laser-timing/07_releases/v1.1-2026-07-17/ORDER_README.md: not permitted by archived_projects/esp32-laser-timing/07_releases/contracts.md
FAIL C-ALLOW  archived_projects/esp32-laser-timing/07_releases/v1.1-2026-07-17/SUPERSEDED.md: not permitted by archived_projects/esp32-laser-timing/07_releases/contracts.md
FAIL C-ALLOW  archived_projects/esp32-laser-timing/07_releases/v1.1-2026-07-17/bom.csv: not permitted by archived_projects/esp32-laser-timing/07_releases/contracts.md
FAIL C-ALLOW  archived_projects/esp32-laser-timing/07_releases/v1.1-2026-07-17/cpl.csv: not permitted by archived_projects/esp32-laser-timing/07_releases/contracts.md
FAIL C-ALLOW  archived_projects/esp32-laser-timing/07_releases/v1.1-2026-07-17/esp32_laser_timing_gerbers.zip: not permitted by archived_projects/esp32-laser-timing/07_releases/contracts.md
FAIL C-ALLOW  archived_projects/esp32-laser-timing/07_releases/v1.1-2026-07-17/pdf/assembly_top.pdf: not permitted by archived_projects/esp32-laser-timing/07_releases/contracts.md
FAIL C-ALLOW  archived_projects/esp32-laser-timing/07_releases/v1.1-2026-07-17/pdf/pcb_layers.pdf: not permitted by archived_projects/esp32-laser-timing/07_releases/contracts.md
FAIL C-ALLOW  archived_projects/esp32-laser-timing/07_releases/v1.1-2026-07-17/pdf/schematic.pdf: not permitted by archived_projects/esp32-laser-timing/07_releases/contracts.md
FAIL C-ALLOW  archived_projects/esp32-laser-timing/07_releases/v1.1-2026-07-17/verification/audit.txt: not permitted by archived_projects/esp32-laser-timing/07_releases/contracts.md
FAIL C-ALLOW  archived_projects/esp32-laser-timing/07_releases/v1.1-2026-07-17/verification/drc.json: not permitted by archived_projects/esp32-laser-timing/07_releases/contracts.md
FAIL C-ALLOW  archived_projects/esp32-laser-timing/07_releases/v1.1-2026-07-17/verification/pin_review.md: not permitted by archived_projects/esp32-laser-timing/07_releases/contracts.md
FAIL C-ALLOW  archived_projects/esp32-laser-timing/07_releases/v1.1-2026-07-17/verification/render_review.md: not permitted by archived_projects/esp32-laser-timing/07_releases/contracts.md
FAIL C-ALLOW  archived_projects/esp32-laser-timing/07_releases/v1.1-2026-07-17/verification/twin_bottom.png: not permitted by archived_projects/esp32-laser-timing/07_releases/contracts.md
FAIL C-ALLOW  archived_projects/esp32-laser-timing/07_releases/v1.1-2026-07-17/verification/twin_edge_east.png: not permitted by archived_projects/esp32-laser-timing/07_releases/contracts.md
FAIL C-ALLOW  archived_projects/esp32-laser-timing/07_releases/v1.1-2026-07-17/verification/twin_edge_west.png: not permitted by archived_projects/esp32-laser-timing/07_releases/contracts.md
FAIL C-ALLOW  archived_projects/esp32-laser-timing/07_releases/v1.1-2026-07-17/verification/twin_iso_nw.png: not permitted by archived_projects/esp32-laser-timing/07_releases/contracts.md
FAIL C-ALLOW  archived_projects/esp32-laser-timing/07_releases/v1.1-2026-07-17/verification/twin_iso_se.png: not permitted by archived_projects/esp32-laser-timing/07_releases/contracts.md
FAIL C-ALLOW  archived_projects/esp32-laser-timing/07_releases/v1.1-2026-07-17/verification/twin_report.csv: not permitted by archived_projects/esp32-laser-timing/07_releases/contracts.md
FAIL C-ALLOW  archived_projects/esp32-laser-timing/07_releases/v1.1-2026-07-17/verification/twin_top.png: not permitted by archived_projects/esp32-laser-timing/07_releases/contracts.md
FAIL C-ALLOW  archived_projects/esp32-laser-timing/07_releases/v1.2-2026-07-17/MANIFEST.txt: not permitted by archived_projects/esp32-laser-timing/07_releases/contracts.md
FAIL C-ALLOW  archived_projects/esp32-laser-timing/07_releases/v1.2-2026-07-17/ORDER_README.md: not permitted by archived_projects/esp32-laser-timing/07_releases/contracts.md
FAIL C-ALLOW  archived_projects/esp32-laser-timing/07_releases/v1.2-2026-07-17/SUPERSEDED.md: not permitted by archived_projects/esp32-laser-timing/07_releases/contracts.md
FAIL C-ALLOW  archived_projects/esp32-laser-timing/07_releases/v1.2-2026-07-17/bom.csv: not permitted by archived_projects/esp32-laser-timing/07_releases/contracts.md
FAIL C-ALLOW  archived_projects/esp32-laser-timing/07_releases/v1.2-2026-07-17/cpl.csv: not permitted by archived_projects/esp32-laser-timing/07_releases/contracts.md
FAIL C-ALLOW  archived_projects/esp32-laser-timing/07_releases/v1.2-2026-07-17/esp32_laser_timing_gerbers.zip: not permitted by archived_projects/esp32-laser-timing/07_releases/contracts.md
FAIL C-ALLOW  archived_projects/esp32-laser-timing/07_releases/v1.2-2026-07-17/pdf/assembly_top.pdf: not permitted by archived_projects/esp32-laser-timing/07_releases/contracts.md
FAIL C-ALLOW  archived_projects/esp32-laser-timing/07_releases/v1.2-2026-07-17/pdf/pcb_layers.pdf: not permitted by archived_projects/esp32-laser-timing/07_releases/contracts.md
FAIL C-ALLOW  archived_projects/esp32-laser-timing/07_releases/v1.2-2026-07-17/pdf/schematic.pdf: not permitted by archived_projects/esp32-laser-timing/07_releases/contracts.md
FAIL C-ALLOW  archived_projects/esp32-laser-timing/07_releases/v1.2-2026-07-17/verification/audit.txt: not permitted by archived_projects/esp32-laser-timing/07_releases/contracts.md
FAIL C-ALLOW  archived_projects/esp32-laser-timing/07_releases/v1.2-2026-07-17/verification/drc.json: not permitted by archived_projects/esp32-laser-timing/07_releases/contracts.md
FAIL C-ALLOW  archived_projects/esp32-laser-timing/07_releases/v1.2-2026-07-17/verification/pin_review.md: not permitted by archived_projects/esp32-laser-timing/07_releases/contracts.md
FAIL C-ALLOW  archived_projects/esp32-laser-timing/07_releases/v1.2-2026-07-17/verification/render_review.md: not permitted by archived_projects/esp32-laser-timing/07_releases/contracts.md
FAIL C-ALLOW  archived_projects/esp32-laser-timing/07_releases/v1.2-2026-07-17/verification/twin_bottom.png: not permitted by archived_projects/esp32-laser-timing/07_releases/contracts.md
FAIL C-ALLOW  archived_projects/esp32-laser-timing/07_releases/v1.2-2026-07-17/verification/twin_edge_east.png: not permitted by archived_projects/esp32-laser-timing/07_releases/contracts.md
FAIL C-ALLOW  archived_projects/esp32-laser-timing/07_releases/v1.2-2026-07-17/verification/twin_edge_west.png: not permitted by archived_projects/esp32-laser-timing/07_releases/contracts.md
FAIL C-ALLOW  archived_projects/esp32-laser-timing/07_releases/v1.2-2026-07-17/verification/twin_iso_nw.png: not permitted by archived_projects/esp32-laser-timing/07_releases/contracts.md
FAIL C-ALLOW  archived_projects/esp32-laser-timing/07_releases/v1.2-2026-07-17/verification/twin_iso_se.png: not permitted by archived_projects/esp32-laser-timing/07_releases/contracts.md
FAIL C-ALLOW  archived_projects/esp32-laser-timing/07_releases/v1.2-2026-07-17/verification/twin_report.csv: not permitted by archived_projects/esp32-laser-timing/07_releases/contracts.md
FAIL C-ALLOW  archived_projects/esp32-laser-timing/07_releases/v1.2-2026-07-17/verification/twin_top.png: not permitted by archived_projects/esp32-laser-timing/07_releases/contracts.md
FAIL C-ALLOW  archived_projects/esp32-laser-timing/07_releases/v1.3-2026-07-17/MANIFEST.txt: not permitted by archived_projects/esp32-laser-timing/07_releases/contracts.md
FAIL C-ALLOW  archived_projects/esp32-laser-timing/07_releases/v1.3-2026-07-17/ORDER_README.md: not permitted by archived_projects/esp32-laser-timing/07_releases/contracts.md
FAIL C-ALLOW  archived_projects/esp32-laser-timing/07_releases/v1.3-2026-07-17/SUPERSEDED.md: not permitted by archived_projects/esp32-laser-timing/07_releases/contracts.md
FAIL C-ALLOW  archived_projects/esp32-laser-timing/07_releases/v1.3-2026-07-17/bom.csv: not permitted by archived_projects/esp32-laser-timing/07_releases/contracts.md
FAIL C-ALLOW  archived_projects/esp32-laser-timing/07_releases/v1.3-2026-07-17/cpl.csv: not permitted by archived_projects/esp32-laser-timing/07_releases/contracts.md
FAIL C-ALLOW  archived_projects/esp32-laser-timing/07_releases/v1.3-2026-07-17/esp32_laser_timing_gerbers.zip: not permitted by archived_projects/esp32-laser-timing/07_releases/contracts.md
FAIL C-ALLOW  archived_projects/esp32-laser-timing/07_releases/v1.3-2026-07-17/pdf/assembly_top.pdf: not permitted by archived_projects/esp32-laser-timing/07_releases/contracts.md
FAIL C-ALLOW  archived_projects/esp32-laser-timing/07_releases/v1.3-2026-07-17/pdf/pcb_layers.pdf: not permitted by archived_projects/esp32-laser-timing/07_releases/contracts.md
FAIL C-ALLOW  archived_projects/esp32-laser-timing/07_releases/v1.3-2026-07-17/pdf/schematic.pdf: not permitted by archived_projects/esp32-laser-timing/07_releases/contracts.md
FAIL C-ALLOW  archived_projects/esp32-laser-timing/07_releases/v1.3-2026-07-17/verification/audit.txt: not permitted by archived_projects/esp32-laser-timing/07_releases/contracts.md
FAIL C-ALLOW  archived_projects/esp32-laser-timing/07_releases/v1.3-2026-07-17/verification/drc.json: not permitted by archived_projects/esp32-laser-timing/07_releases/contracts.md
FAIL C-ALLOW  archived_projects/esp32-laser-timing/07_releases/v1.3-2026-07-17/verification/pin_review.md: not permitted by archived_projects/esp32-laser-timing/07_releases/contracts.md
FAIL C-ALLOW  archived_projects/esp32-laser-timing/07_releases/v1.3-2026-07-17/verification/render_review.md: not permitted by archived_projects/esp32-laser-timing/07_releases/contracts.md
FAIL C-ALLOW  archived_projects/esp32-laser-timing/07_releases/v1.3-2026-07-17/verification/twin_bottom.png: not permitted by archived_projects/esp32-laser-timing/07_releases/contracts.md
FAIL C-ALLOW  archived_projects/esp32-laser-timing/07_releases/v1.3-2026-07-17/verification/twin_edge_east.png: not permitted by archived_projects/esp32-laser-timing/07_releases/contracts.md
FAIL C-ALLOW  archived_projects/esp32-laser-timing/07_releases/v1.3-2026-07-17/verification/twin_edge_west.png: not permitted by archived_projects/esp32-laser-timing/07_releases/contracts.md
FAIL C-ALLOW  archived_projects/esp32-laser-timing/07_releases/v1.3-2026-07-17/verification/twin_iso_nw.png: not permitted by archived_projects/esp32-laser-timing/07_releases/contracts.md
FAIL C-ALLOW  archived_projects/esp32-laser-timing/07_releases/v1.3-2026-07-17/verification/twin_iso_se.png: not permitted by archived_projects/esp32-laser-timing/07_releases/contracts.md
FAIL C-ALLOW  archived_projects/esp32-laser-timing/07_releases/v1.3-2026-07-17/verification/twin_report.csv: not permitted by archived_projects/esp32-laser-timing/07_releases/contracts.md
FAIL C-ALLOW  archived_projects/esp32-laser-timing/07_releases/v1.3-2026-07-17/verification/twin_top.png: not permitted by archived_projects/esp32-laser-timing/07_releases/contracts.md
FAIL C-ALLOW  archived_projects/esp32-laser-timing/07_releases/v1.4-2026-07-17/MANIFEST.txt: not permitted by archived_projects/esp32-laser-timing/07_releases/contracts.md
FAIL C-ALLOW  archived_projects/esp32-laser-timing/07_releases/v1.4-2026-07-17/ORDER_README.md: not permitted by archived_projects/esp32-laser-timing/07_releases/contracts.md
FAIL C-ALLOW  archived_projects/esp32-laser-timing/07_releases/v1.4-2026-07-17/SUPERSEDED.md: not permitted by archived_projects/esp32-laser-timing/07_releases/contracts.md
FAIL C-ALLOW  archived_projects/esp32-laser-timing/07_releases/v1.4-2026-07-17/bom.csv: not permitted by archived_projects/esp32-laser-timing/07_releases/contracts.md
FAIL C-ALLOW  archived_projects/esp32-laser-timing/07_releases/v1.4-2026-07-17/cpl.csv: not permitted by archived_projects/esp32-laser-timing/07_releases/contracts.md
FAIL C-ALLOW  archived_projects/esp32-laser-timing/07_releases/v1.4-2026-07-17/esp32_laser_timing_gerbers.zip: not permitted by archived_projects/esp32-laser-timing/07_releases/contracts.md
FAIL C-ALLOW  archived_projects/esp32-laser-timing/07_releases/v1.4-2026-07-17/pdf/assembly_top.pdf: not permitted by archived_projects/esp32-laser-timing/07_releases/contracts.md
FAIL C-ALLOW  archived_projects/esp32-laser-timing/07_releases/v1.4-2026-07-17/pdf/pcb_layers.pdf: not permitted by archived_projects/esp32-laser-timing/07_releases/contracts.md
FAIL C-ALLOW  archived_projects/esp32-laser-timing/07_releases/v1.4-2026-07-17/pdf/schematic.pdf: not permitted by archived_projects/esp32-laser-timing/07_releases/contracts.md
FAIL C-ALLOW  archived_projects/esp32-laser-timing/07_releases/v1.4-2026-07-17/verification/audit.txt: not permitted by archived_projects/esp32-laser-timing/07_releases/contracts.md
FAIL C-ALLOW  archived_projects/esp32-laser-timing/07_releases/v1.4-2026-07-17/verification/drc.json: not permitted by archived_projects/esp32-laser-timing/07_releases/contracts.md
FAIL C-ALLOW  archived_projects/esp32-laser-timing/07_releases/v1.4-2026-07-17/verification/pin_review.md: not permitted by archived_projects/esp32-laser-timing/07_releases/contracts.md
FAIL C-ALLOW  archived_projects/esp32-laser-timing/07_releases/v1.4-2026-07-17/verification/policy_audit.md: not permitted by archived_projects/esp32-laser-timing/07_releases/contracts.md
FAIL C-ALLOW  archived_projects/esp32-laser-timing/07_releases/v1.4-2026-07-17/verification/render_review.md: not permitted by archived_projects/esp32-laser-timing/07_releases/contracts.md
FAIL C-ALLOW  archived_projects/esp32-laser-timing/07_releases/v1.4-2026-07-17/verification/twin_bottom.png: not permitted by archived_projects/esp32-laser-timing/07_releases/contracts.md
FAIL C-ALLOW  archived_projects/esp32-laser-timing/07_releases/v1.4-2026-07-17/verification/twin_edge_east.png: not permitted by archived_projects/esp32-laser-timing/07_releases/contracts.md
FAIL C-ALLOW  archived_projects/esp32-laser-timing/07_releases/v1.4-2026-07-17/verification/twin_edge_west.png: not permitted by archived_projects/esp32-laser-timing/07_releases/contracts.md
FAIL C-ALLOW  archived_projects/esp32-laser-timing/07_releases/v1.4-2026-07-17/verification/twin_iso_nw.png: not permitted by archived_projects/esp32-laser-timing/07_releases/contracts.md
FAIL C-ALLOW  archived_projects/esp32-laser-timing/07_releases/v1.4-2026-07-17/verification/twin_iso_se.png: not permitted by archived_projects/esp32-laser-timing/07_releases/contracts.md
FAIL C-ALLOW  archived_projects/esp32-laser-timing/07_releases/v1.4-2026-07-17/verification/twin_report.csv: not permitted by archived_projects/esp32-laser-timing/07_releases/contracts.md
FAIL C-ALLOW  archived_projects/esp32-laser-timing/07_releases/v1.4-2026-07-17/verification/twin_top.png: not permitted by archived_projects/esp32-laser-timing/07_releases/contracts.md
FAIL C-ALLOW  archived_projects/esp32-laser-timing/07_releases/v1.5-2026-07-17/MANIFEST.txt: not permitted by archived_projects/esp32-laser-timing/07_releases/contracts.md
FAIL C-ALLOW  archived_projects/esp32-laser-timing/07_releases/v1.5-2026-07-17/ORDER_README.md: not permitted by archived_projects/esp32-laser-timing/07_releases/contracts.md
FAIL C-ALLOW  archived_projects/esp32-laser-timing/07_releases/v1.5-2026-07-17/SUPERSEDED.md: not permitted by archived_projects/esp32-laser-timing/07_releases/contracts.md
FAIL C-ALLOW  archived_projects/esp32-laser-timing/07_releases/v1.5-2026-07-17/bom.csv: not permitted by archived_projects/esp32-laser-timing/07_releases/contracts.md
FAIL C-ALLOW  archived_projects/esp32-laser-timing/07_releases/v1.5-2026-07-17/cpl.csv: not permitted by archived_projects/esp32-laser-timing/07_releases/contracts.md
FAIL C-ALLOW  archived_projects/esp32-laser-timing/07_releases/v1.5-2026-07-17/esp32_laser_timing_gerbers.zip: not permitted by archived_projects/esp32-laser-timing/07_releases/contracts.md
FAIL C-ALLOW  archived_projects/esp32-laser-timing/07_releases/v1.5-2026-07-17/pdf/assembly_top.pdf: not permitted by archived_projects/esp32-laser-timing/07_releases/contracts.md
FAIL C-ALLOW  archived_projects/esp32-laser-timing/07_releases/v1.5-2026-07-17/pdf/pcb_layers.pdf: not permitted by archived_projects/esp32-laser-timing/07_releases/contracts.md
FAIL C-ALLOW  archived_projects/esp32-laser-timing/07_releases/v1.5-2026-07-17/pdf/schematic.pdf: not permitted by archived_projects/esp32-laser-timing/07_releases/contracts.md
FAIL C-ALLOW  archived_projects/esp32-laser-timing/07_releases/v1.5-2026-07-17/verification/audit.txt: not permitted by archived_projects/esp32-laser-timing/07_releases/contracts.md
FAIL C-ALLOW  archived_projects/esp32-laser-timing/07_releases/v1.5-2026-07-17/verification/drc.json: not permitted by archived_projects/esp32-laser-timing/07_releases/contracts.md
FAIL C-ALLOW  archived_projects/esp32-laser-timing/07_releases/v1.5-2026-07-17/verification/pin_review.md: not permitted by archived_projects/esp32-laser-timing/07_releases/contracts.md
FAIL C-ALLOW  archived_projects/esp32-laser-timing/07_releases/v1.5-2026-07-17/verification/policy_audit.md: not permitted by archived_projects/esp32-laser-timing/07_releases/contracts.md
FAIL C-ALLOW  archived_projects/esp32-laser-timing/07_releases/v1.5-2026-07-17/verification/render_review.md: not permitted by archived_projects/esp32-laser-timing/07_releases/contracts.md
FAIL C-ALLOW  archived_projects/esp32-laser-timing/07_releases/v1.5-2026-07-17/verification/twin_bottom.png: not permitted by archived_projects/esp32-laser-timing/07_releases/contracts.md
FAIL C-ALLOW  archived_projects/esp32-laser-timing/07_releases/v1.5-2026-07-17/verification/twin_edge_east.png: not permitted by archived_projects/esp32-laser-timing/07_releases/contracts.md
FAIL C-ALLOW  archived_projects/esp32-laser-timing/07_releases/v1.5-2026-07-17/verification/twin_edge_west.png: not permitted by archived_projects/esp32-laser-timing/07_releases/contracts.md
FAIL C-ALLOW  archived_projects/esp32-laser-timing/07_releases/v1.5-2026-07-17/verification/twin_iso_nw.png: not permitted by archived_projects/esp32-laser-timing/07_releases/contracts.md
FAIL C-ALLOW  archived_projects/esp32-laser-timing/07_releases/v1.5-2026-07-17/verification/twin_iso_se.png: not permitted by archived_projects/esp32-laser-timing/07_releases/contracts.md
FAIL C-ALLOW  archived_projects/esp32-laser-timing/07_releases/v1.5-2026-07-17/verification/twin_report.csv: not permitted by archived_projects/esp32-laser-timing/07_releases/contracts.md
FAIL C-ALLOW  archived_projects/esp32-laser-timing/07_releases/v1.5-2026-07-17/verification/twin_top.png: not permitted by archived_projects/esp32-laser-timing/07_releases/contracts.md
FAIL C-ALLOW  archived_projects/esp32-laser-timing/07_releases/v1.6-2026-07-17/MANIFEST.txt: not permitted by archived_projects/esp32-laser-timing/07_releases/contracts.md
FAIL C-ALLOW  archived_projects/esp32-laser-timing/07_releases/v1.6-2026-07-17/ORDER_README.md: not permitted by archived_projects/esp32-laser-timing/07_releases/contracts.md
FAIL C-ALLOW  archived_projects/esp32-laser-timing/07_releases/v1.6-2026-07-17/SUPERSEDED.md: not permitted by archived_projects/esp32-laser-timing/07_releases/contracts.md
FAIL C-ALLOW  archived_projects/esp32-laser-timing/07_releases/v1.6-2026-07-17/bom.csv: not permitted by archived_projects/esp32-laser-timing/07_releases/contracts.md
FAIL C-ALLOW  archived_projects/esp32-laser-timing/07_releases/v1.6-2026-07-17/cpl.csv: not permitted by archived_projects/esp32-laser-timing/07_releases/contracts.md
FAIL C-ALLOW  archived_projects/esp32-laser-timing/07_releases/v1.6-2026-07-17/esp32_laser_timing_gerbers.zip: not permitted by archived_projects/esp32-laser-timing/07_releases/contracts.md
FAIL C-ALLOW  archived_projects/esp32-laser-timing/07_releases/v1.6-2026-07-17/pdf/assembly_top.pdf: not permitted by archived_projects/esp32-laser-timing/07_releases/contracts.md
FAIL C-ALLOW  archived_projects/esp32-laser-timing/07_releases/v1.6-2026-07-17/pdf/pcb_layers.pdf: not permitted by archived_projects/esp32-laser-timing/07_releases/contracts.md
FAIL C-ALLOW  archived_projects/esp32-laser-timing/07_releases/v1.6-2026-07-17/pdf/schematic.pdf: not permitted by archived_projects/esp32-laser-timing/07_releases/contracts.md
FAIL C-ALLOW  archived_projects/esp32-laser-timing/07_releases/v1.6-2026-07-17/verification/audit.txt: not permitted by archived_projects/esp32-laser-timing/07_releases/contracts.md
FAIL C-ALLOW  archived_projects/esp32-laser-timing/07_releases/v1.6-2026-07-17/verification/drc.json: not permitted by archived_projects/esp32-laser-timing/07_releases/contracts.md
FAIL C-ALLOW  archived_projects/esp32-laser-timing/07_releases/v1.6-2026-07-17/verification/pin_review.md: not permitted by archived_projects/esp32-laser-timing/07_releases/contracts.md
FAIL C-ALLOW  archived_projects/esp32-laser-timing/07_releases/v1.6-2026-07-17/verification/policy_audit.md: not permitted by archived_projects/esp32-laser-timing/07_releases/contracts.md
FAIL C-ALLOW  archived_projects/esp32-laser-timing/07_releases/v1.6-2026-07-17/verification/render_review.md: not permitted by archived_projects/esp32-laser-timing/07_releases/contracts.md
FAIL C-ALLOW  archived_projects/esp32-laser-timing/07_releases/v1.6-2026-07-17/verification/twin_bottom.png: not permitted by archived_projects/esp32-laser-timing/07_releases/contracts.md
FAIL C-ALLOW  archived_projects/esp32-laser-timing/07_releases/v1.6-2026-07-17/verification/twin_edge_east.png: not permitted by archived_projects/esp32-laser-timing/07_releases/contracts.md
FAIL C-ALLOW  archived_projects/esp32-laser-timing/07_releases/v1.6-2026-07-17/verification/twin_edge_west.png: not permitted by archived_projects/esp32-laser-timing/07_releases/contracts.md
FAIL C-ALLOW  archived_projects/esp32-laser-timing/07_releases/v1.6-2026-07-17/verification/twin_iso_nw.png: not permitted by archived_projects/esp32-laser-timing/07_releases/contracts.md
FAIL C-ALLOW  archived_projects/esp32-laser-timing/07_releases/v1.6-2026-07-17/verification/twin_iso_se.png: not permitted by archived_projects/esp32-laser-timing/07_releases/contracts.md
FAIL C-ALLOW  archived_projects/esp32-laser-timing/07_releases/v1.6-2026-07-17/verification/twin_report.csv: not permitted by archived_projects/esp32-laser-timing/07_releases/contracts.md
FAIL C-ALLOW  archived_projects/esp32-laser-timing/07_releases/v1.6-2026-07-17/verification/twin_top.png: not permitted by archived_projects/esp32-laser-timing/07_releases/contracts.md
FAIL C-ALLOW  archived_projects/esp32-laser-timing/07_releases/v1.7-2026-07-17/MANIFEST.txt: not permitted by archived_projects/esp32-laser-timing/07_releases/contracts.md
FAIL C-ALLOW  archived_projects/esp32-laser-timing/07_releases/v1.7-2026-07-17/ORDER_README.md: not permitted by archived_projects/esp32-laser-timing/07_releases/contracts.md
FAIL C-ALLOW  archived_projects/esp32-laser-timing/07_releases/v1.7-2026-07-17/bom.csv: not permitted by archived_projects/esp32-laser-timing/07_releases/contracts.md
FAIL C-ALLOW  archived_projects/esp32-laser-timing/07_releases/v1.7-2026-07-17/cpl.csv: not permitted by archived_projects/esp32-laser-timing/07_releases/contracts.md
FAIL C-ALLOW  archived_projects/esp32-laser-timing/07_releases/v1.7-2026-07-17/esp32_laser_timing_gerbers.zip: not permitted by archived_projects/esp32-laser-timing/07_releases/contracts.md
FAIL C-ALLOW  archived_projects/esp32-laser-timing/07_releases/v1.7-2026-07-17/pdf/assembly_top.pdf: not permitted by archived_projects/esp32-laser-timing/07_releases/contracts.md
FAIL C-ALLOW  archived_projects/esp32-laser-timing/07_releases/v1.7-2026-07-17/pdf/pcb_layers.pdf: not permitted by archived_projects/esp32-laser-timing/07_releases/contracts.md
FAIL C-ALLOW  archived_projects/esp32-laser-timing/07_releases/v1.7-2026-07-17/pdf/schematic.pdf: not permitted by archived_projects/esp32-laser-timing/07_releases/contracts.md
FAIL C-ALLOW  archived_projects/esp32-laser-timing/07_releases/v1.7-2026-07-17/verification/audit.txt: not permitted by archived_projects/esp32-laser-timing/07_releases/contracts.md
FAIL C-ALLOW  archived_projects/esp32-laser-timing/07_releases/v1.7-2026-07-17/verification/drc.json: not permitted by archived_projects/esp32-laser-timing/07_releases/contracts.md
FAIL C-ALLOW  archived_projects/esp32-laser-timing/07_releases/v1.7-2026-07-17/verification/pin_review.md: not permitted by archived_projects/esp32-laser-timing/07_releases/contracts.md
FAIL C-ALLOW  archived_projects/esp32-laser-timing/07_releases/v1.7-2026-07-17/verification/policy_audit.md: not permitted by archived_projects/esp32-laser-timing/07_releases/contracts.md
FAIL C-ALLOW  archived_projects/esp32-laser-timing/07_releases/v1.7-2026-07-17/verification/render_review.md: not permitted by archived_projects/esp32-laser-timing/07_releases/contracts.md
FAIL C-ALLOW  archived_projects/esp32-laser-timing/07_releases/v1.7-2026-07-17/verification/twin_bottom.png: not permitted by archived_projects/esp32-laser-timing/07_releases/contracts.md
FAIL C-ALLOW  archived_projects/esp32-laser-timing/07_releases/v1.7-2026-07-17/verification/twin_edge_east.png: not permitted by archived_projects/esp32-laser-timing/07_releases/contracts.md
FAIL C-ALLOW  archived_projects/esp32-laser-timing/07_releases/v1.7-2026-07-17/verification/twin_edge_west.png: not permitted by archived_projects/esp32-laser-timing/07_releases/contracts.md
FAIL C-ALLOW  archived_projects/esp32-laser-timing/07_releases/v1.7-2026-07-17/verification/twin_iso_nw.png: not permitted by archived_projects/esp32-laser-timing/07_releases/contracts.md
FAIL C-ALLOW  archived_projects/esp32-laser-timing/07_releases/v1.7-2026-07-17/verification/twin_iso_se.png: not permitted by archived_projects/esp32-laser-timing/07_releases/contracts.md
FAIL C-ALLOW  archived_projects/esp32-laser-timing/07_releases/v1.7-2026-07-17/verification/twin_report.csv: not permitted by archived_projects/esp32-laser-timing/07_releases/contracts.md
FAIL C-ALLOW  archived_projects/esp32-laser-timing/07_releases/v1.7-2026-07-17/verification/twin_top.png: not permitted by archived_projects/esp32-laser-timing/07_releases/contracts.md
FAIL C-ALLOW  archived_projects/esp32-laser-timing/PROGRESS.md: not permitted by archived_projects/esp32-laser-timing/contracts.md
FAIL C-ALLOW  archived_projects/lipo3s-tsc/.gitignore: not permitted by archived_projects/contracts.md
FAIL C-ALLOW  archived_projects/lipo3s-tsc/03_src/lib/pwr.kicad_sym: not permitted by archived_projects/lipo3s-tsc/03_src/lib/contracts.md
FAIL C-ALLOW  archived_projects/lipo3s-tsc/03_src/lib/usb_power_3s.pretty/FuseHolder_ATO_FLR_EdgeTrim.kicad_mod: not permitted by archived_projects/lipo3s-tsc/03_src/lib/contracts.md
FAIL C-ALLOW  archived_projects/lipo3s-tsc/03_src/lib/usb_power_3s.pretty/VQFN-20_3.5x4.5_P0.5_LM5145RGY.kicad_mod: not permitted by archived_projects/lipo3s-tsc/03_src/lib/contracts.md
FAIL C-ALLOW  archived_projects/lipo3s-tsc/03_src/lib/usb_power_3s.pretty/WSON-12_3x3_P0.5_LM74800DRR.kicad_mod: not permitted by archived_projects/lipo3s-tsc/03_src/lib/contracts.md
FAIL C-ALLOW  archived_projects/lipo3s-tsc/03_src/lib/usb_power_3s.pretty/XT60PW-M_EdgeTrim.kicad_mod: not permitted by archived_projects/lipo3s-tsc/03_src/lib/contracts.md
FAIL C-ALLOW  archived_projects/lipo3s-tsc/03_src/route/r5.kicad_pcb: not permitted by archived_projects/lipo3s-tsc/03_src/contracts.md
FAIL C-ALLOW  archived_projects/lipo3s-tsc/03_src/route_prep.py: not permitted by archived_projects/lipo3s-tsc/03_src/contracts.md
FAIL C-ALLOW  archived_projects/lipo3s-tsc/03_src/rules/erc_warning_baseline.yaml: not permitted by archived_projects/lipo3s-tsc/03_src/rules/contracts.md
FAIL C-ALLOW  archived_projects/lipo3s-tsc/03_src/rules/policy_waivers.yaml: not permitted by archived_projects/lipo3s-tsc/03_src/rules/contracts.md
FAIL C-ALLOW  archived_projects/lipo3s-tsc/03_tscircuit/.gitignore: not permitted by archived_projects/lipo3s-tsc/03_tscircuit/contracts.md
FAIL C-ALLOW  archived_projects/lipo3s-tsc/03_tscircuit/build_backend.sh: not permitted by archived_projects/lipo3s-tsc/03_tscircuit/contracts.md
FAIL C-ALLOW  archived_projects/lipo3s-tsc/03_tscircuit/verification/erc.json: not permitted by archived_projects/lipo3s-tsc/03_tscircuit/contracts.md
FAIL C-ALLOW  archived_projects/lipo3s-tsc/03_tscircuit/verification/lipo3s_tsc.net: not permitted by archived_projects/lipo3s-tsc/03_tscircuit/contracts.md
FAIL C-ALLOW  archived_projects/lipo3s-tsc/07_releases/v1.0-2026-07-20/MANIFEST.txt: not permitted by archived_projects/lipo3s-tsc/07_releases/contracts.md
FAIL C-ALLOW  archived_projects/lipo3s-tsc/07_releases/v1.0-2026-07-20/ORDER_README.md: not permitted by archived_projects/lipo3s-tsc/07_releases/contracts.md
FAIL C-ALLOW  archived_projects/lipo3s-tsc/07_releases/v1.0-2026-07-20/bom.csv: not permitted by archived_projects/lipo3s-tsc/07_releases/contracts.md
FAIL C-ALLOW  archived_projects/lipo3s-tsc/07_releases/v1.0-2026-07-20/cpl.csv: not permitted by archived_projects/lipo3s-tsc/07_releases/contracts.md
FAIL C-ALLOW  archived_projects/lipo3s-tsc/07_releases/v1.0-2026-07-20/pdf/assembly_top.pdf: not permitted by archived_projects/lipo3s-tsc/07_releases/contracts.md
FAIL C-ALLOW  archived_projects/lipo3s-tsc/07_releases/v1.0-2026-07-20/pdf/pcb_layers.pdf: not permitted by archived_projects/lipo3s-tsc/07_releases/contracts.md
FAIL C-ALLOW  archived_projects/lipo3s-tsc/07_releases/v1.0-2026-07-20/pdf/schematic.pdf: not permitted by archived_projects/lipo3s-tsc/07_releases/contracts.md
FAIL C-ALLOW  archived_projects/lipo3s-tsc/07_releases/v1.0-2026-07-20/usb_power_3s_gerbers.zip: not permitted by archived_projects/lipo3s-tsc/07_releases/contracts.md
FAIL C-ALLOW  archived_projects/lipo3s-tsc/07_releases/v1.0-2026-07-20/verification/audit.txt: not permitted by archived_projects/lipo3s-tsc/07_releases/contracts.md
FAIL C-ALLOW  archived_projects/lipo3s-tsc/07_releases/v1.0-2026-07-20/verification/drc.json: not permitted by archived_projects/lipo3s-tsc/07_releases/contracts.md
FAIL C-ALLOW  archived_projects/lipo3s-tsc/07_releases/v1.0-2026-07-20/verification/gate1_parity.txt: not permitted by archived_projects/lipo3s-tsc/07_releases/contracts.md
FAIL C-ALLOW  archived_projects/lipo3s-tsc/07_releases/v1.0-2026-07-20/verification/gate2_board_parity.txt: not permitted by archived_projects/lipo3s-tsc/07_releases/contracts.md
FAIL C-ALLOW  archived_projects/lipo3s-tsc/07_releases/v1.0-2026-07-20/verification/policy_audit.md: not permitted by archived_projects/lipo3s-tsc/07_releases/contracts.md
FAIL C-ALLOW  archived_projects/lipo3s-tsc/07_releases/v1.0-2026-07-20/verification/stock_check.csv: not permitted by archived_projects/lipo3s-tsc/07_releases/contracts.md
FAIL C-ALLOW  archived_projects/lipo3s-tsc/07_releases/v1.0-2026-07-20/verification/twin_bottom.png: not permitted by archived_projects/lipo3s-tsc/07_releases/contracts.md
FAIL C-ALLOW  archived_projects/lipo3s-tsc/07_releases/v1.0-2026-07-20/verification/twin_edge_east.png: not permitted by archived_projects/lipo3s-tsc/07_releases/contracts.md
FAIL C-ALLOW  archived_projects/lipo3s-tsc/07_releases/v1.0-2026-07-20/verification/twin_edge_west.png: not permitted by archived_projects/lipo3s-tsc/07_releases/contracts.md
FAIL C-ALLOW  archived_projects/lipo3s-tsc/07_releases/v1.0-2026-07-20/verification/twin_iso_nw.png: not permitted by archived_projects/lipo3s-tsc/07_releases/contracts.md
FAIL C-ALLOW  archived_projects/lipo3s-tsc/07_releases/v1.0-2026-07-20/verification/twin_iso_se.png: not permitted by archived_projects/lipo3s-tsc/07_releases/contracts.md
FAIL C-ALLOW  archived_projects/lipo3s-tsc/07_releases/v1.0-2026-07-20/verification/twin_report.csv: not permitted by archived_projects/lipo3s-tsc/07_releases/contracts.md
FAIL C-ALLOW  archived_projects/lipo3s-tsc/07_releases/v1.0-2026-07-20/verification/twin_top.png: not permitted by archived_projects/lipo3s-tsc/07_releases/contracts.md
FAIL C-ALLOW  archived_projects/lipo3s-usb-hub/.gitignore: not permitted by archived_projects/contracts.md
FAIL C-ALLOW  archived_projects/lipo3s-usb-hub/01_docs/decisions/0001-regulation-topology.md: not permitted by archived_projects/lipo3s-usb-hub/01_docs/contracts.md
FAIL C-ALLOW  archived_projects/lipo3s-usb-hub/01_docs/decisions/0002-input-protection.md: not permitted by archived_projects/lipo3s-usb-hub/01_docs/contracts.md
FAIL C-ALLOW  archived_projects/lipo3s-usb-hub/01_docs/decisions/0003-usbc-3a-advertise-6a-copper.md: not permitted by archived_projects/lipo3s-usb-hub/01_docs/contracts.md
FAIL C-ALLOW  archived_projects/lipo3s-usb-hub/01_docs/decisions/0004-per-port-current-limit-dcp.md: not permitted by archived_projects/lipo3s-usb-hub/01_docs/contracts.md
FAIL C-ALLOW  archived_projects/lipo3s-usb-hub/01_docs/decisions/0005-connector-selection.md: not permitted by archived_projects/lipo3s-usb-hub/01_docs/contracts.md
FAIL C-ALLOW  archived_projects/lipo3s-usb-hub/01_docs/decisions/0006-board-frame-reuse-and-ab-note.md: not permitted by archived_projects/lipo3s-usb-hub/01_docs/contracts.md
FAIL C-ALLOW  archived_projects/lipo3s-usb-hub/03_src/lib/lipo3s_usb_hub.pretty/FuseHolder_ATO_FLR_EdgeTrim.kicad_mod: not permitted by archived_projects/lipo3s-usb-hub/03_src/lib/contracts.md
FAIL C-ALLOW  archived_projects/lipo3s-usb-hub/03_src/lib/lipo3s_usb_hub.pretty/VQFN-20_3.5x4.5_P0.5_LM5145RGY.kicad_mod: not permitted by archived_projects/lipo3s-usb-hub/03_src/lib/contracts.md
FAIL C-ALLOW  archived_projects/lipo3s-usb-hub/03_src/lib/lipo3s_usb_hub.pretty/WSON-12_3x3_P0.5_LM74800DRR.kicad_mod: not permitted by archived_projects/lipo3s-usb-hub/03_src/lib/contracts.md
FAIL C-ALLOW  archived_projects/lipo3s-usb-hub/03_src/lib/lipo3s_usb_hub.pretty/XT60PW-M_EdgeTrim.kicad_mod: not permitted by archived_projects/lipo3s-usb-hub/03_src/lib/contracts.md
FAIL C-ALLOW  archived_projects/lipo3s-usb-hub/03_src/lib/pwr.kicad_sym: not permitted by archived_projects/lipo3s-usb-hub/03_src/lib/contracts.md
FAIL C-ALLOW  archived_projects/lipo3s-usb-hub/03_src/route/r5.kicad_pcb: not permitted by archived_projects/lipo3s-usb-hub/03_src/contracts.md
FAIL C-ALLOW  archived_projects/lipo3s-usb-hub/03_src/route_prep.py: not permitted by archived_projects/lipo3s-usb-hub/03_src/contracts.md
FAIL C-ALLOW  archived_projects/lipo3s-usb-hub/03_src/rules/erc_warning_baseline.yaml: not permitted by archived_projects/lipo3s-usb-hub/03_src/rules/contracts.md
FAIL C-ALLOW  archived_projects/lipo3s-usb-hub/03_src/rules/policy_waivers.yaml: not permitted by archived_projects/lipo3s-usb-hub/03_src/rules/contracts.md
FAIL C-ALLOW  archived_projects/lipo3s-usb-hub/03_tscircuit/.gitignore: not permitted by archived_projects/lipo3s-usb-hub/03_tscircuit/contracts.md
FAIL C-ALLOW  archived_projects/lipo3s-usb-hub/04_kicad/lipo3s_usb_hub.kicad_prl: not permitted by archived_projects/lipo3s-usb-hub/04_kicad/contracts.md
FAIL C-ALLOW  archived_projects/lipo3s-usb-hub/07_releases/v1.0-2026-07-20/MANIFEST.txt: not permitted by archived_projects/lipo3s-usb-hub/07_releases/contracts.md
FAIL C-ALLOW  archived_projects/lipo3s-usb-hub/07_releases/v1.0-2026-07-20/ORDER_README.md: not permitted by archived_projects/lipo3s-usb-hub/07_releases/contracts.md
FAIL C-ALLOW  archived_projects/lipo3s-usb-hub/07_releases/v1.0-2026-07-20/bom.csv: not permitted by archived_projects/lipo3s-usb-hub/07_releases/contracts.md
FAIL C-ALLOW  archived_projects/lipo3s-usb-hub/07_releases/v1.0-2026-07-20/cpl.csv: not permitted by archived_projects/lipo3s-usb-hub/07_releases/contracts.md
FAIL C-ALLOW  archived_projects/lipo3s-usb-hub/07_releases/v1.0-2026-07-20/lipo3s_usb_hub_gerbers.zip: not permitted by archived_projects/lipo3s-usb-hub/07_releases/contracts.md
FAIL C-ALLOW  archived_projects/lipo3s-usb-hub/07_releases/v1.0-2026-07-20/pdf/assembly_top.pdf: not permitted by archived_projects/lipo3s-usb-hub/07_releases/contracts.md
FAIL C-ALLOW  archived_projects/lipo3s-usb-hub/07_releases/v1.0-2026-07-20/pdf/pcb_layers.pdf: not permitted by archived_projects/lipo3s-usb-hub/07_releases/contracts.md
FAIL C-ALLOW  archived_projects/lipo3s-usb-hub/07_releases/v1.0-2026-07-20/pdf/schematic.pdf: not permitted by archived_projects/lipo3s-usb-hub/07_releases/contracts.md
FAIL C-ALLOW  archived_projects/lipo3s-usb-hub/07_releases/v1.0-2026-07-20/verification/assembly_top.png: not permitted by archived_projects/lipo3s-usb-hub/07_releases/contracts.md
FAIL C-ALLOW  archived_projects/lipo3s-usb-hub/07_releases/v1.0-2026-07-20/verification/drc.json: not permitted by archived_projects/lipo3s-usb-hub/07_releases/contracts.md
FAIL C-ALLOW  archived_projects/lipo3s-usb-hub/07_releases/v1.0-2026-07-20/verification/notes.md: not permitted by archived_projects/lipo3s-usb-hub/07_releases/contracts.md
FAIL C-ALLOW  archived_projects/lipo3s-usb-hub/07_releases/v1.0-2026-07-20/verification/pin_review.md: not permitted by archived_projects/lipo3s-usb-hub/07_releases/contracts.md
FAIL C-ALLOW  archived_projects/lipo3s-usb-hub/07_releases/v1.0-2026-07-20/verification/policy_audit.md: not permitted by archived_projects/lipo3s-usb-hub/07_releases/contracts.md
FAIL C-ALLOW  archived_projects/lipo3s-usb-hub/07_releases/v1.0-2026-07-20/verification/policy_audit.txt: not permitted by archived_projects/lipo3s-usb-hub/07_releases/contracts.md
FAIL C-ALLOW  archived_projects/lipo3s-usb-hub/07_releases/v1.0-2026-07-20/verification/render_review.md: not permitted by archived_projects/lipo3s-usb-hub/07_releases/contracts.md
FAIL C-ALLOW  archived_projects/lipo3s-usb-hub/07_releases/v1.0-2026-07-20/verification/schematic_render.png: not permitted by archived_projects/lipo3s-usb-hub/07_releases/contracts.md
FAIL C-ALLOW  archived_projects/lipo3s-usb-hub/07_releases/v1.0-2026-07-20/verification/stock_check.txt: not permitted by archived_projects/lipo3s-usb-hub/07_releases/contracts.md
FAIL C-ALLOW  archived_projects/lipo3s-usb-hub/07_releases/v1.0-2026-07-20/verification/tsx_to_board_gates.txt: not permitted by archived_projects/lipo3s-usb-hub/07_releases/contracts.md
FAIL C-ALLOW  archived_projects/lipo3s-usb-hub/07_releases/v1.0-2026-07-20/verification/twin_bottom.png: not permitted by archived_projects/lipo3s-usb-hub/07_releases/contracts.md
FAIL C-ALLOW  archived_projects/lipo3s-usb-hub/07_releases/v1.0-2026-07-20/verification/twin_edge_east.png: not permitted by archived_projects/lipo3s-usb-hub/07_releases/contracts.md
FAIL C-ALLOW  archived_projects/lipo3s-usb-hub/07_releases/v1.0-2026-07-20/verification/twin_edge_west.png: not permitted by archived_projects/lipo3s-usb-hub/07_releases/contracts.md
FAIL C-ALLOW  archived_projects/lipo3s-usb-hub/07_releases/v1.0-2026-07-20/verification/twin_iso_nw.png: not permitted by archived_projects/lipo3s-usb-hub/07_releases/contracts.md
FAIL C-ALLOW  archived_projects/lipo3s-usb-hub/07_releases/v1.0-2026-07-20/verification/twin_iso_se.png: not permitted by archived_projects/lipo3s-usb-hub/07_releases/contracts.md
FAIL C-ALLOW  archived_projects/lipo3s-usb-hub/07_releases/v1.0-2026-07-20/verification/twin_report.txt: not permitted by archived_projects/lipo3s-usb-hub/07_releases/contracts.md
FAIL C-ALLOW  archived_projects/lipo3s-usb-hub/07_releases/v1.0-2026-07-20/verification/twin_top.png: not permitted by archived_projects/lipo3s-usb-hub/07_releases/contracts.md
FAIL C-ALLOW  archived_projects/lipo3s-usb-hub/README.md: not permitted by archived_projects/contracts.md
FAIL C-ALLOW  archived_projects/pi-usb-port-switch/01_docs/DESIGN_MATH.md: not permitted by archived_projects/pi-usb-port-switch/01_docs/contracts.md
FAIL C-ALLOW  archived_projects/pi-usb-port-switch/03_src/lib/pi_usb_port_switch.3dshapes/J_Wurth_WR-USB_692121030100.step: not permitted by archived_projects/pi-usb-port-switch/03_src/lib/contracts.md
FAIL C-ALLOW  archived_projects/pi-usb-port-switch/03_src/lib/pi_usb_port_switch.3dshapes/J_Wurth_WR-USB_692221030100.step: not permitted by archived_projects/pi-usb-port-switch/03_src/lib/contracts.md
FAIL C-ALLOW  archived_projects/pi-usb-port-switch/03_src/lib/pi_usb_port_switch.3dshapes/PowerDI5060-8.step: not permitted by archived_projects/pi-usb-port-switch/03_src/lib/contracts.md
FAIL C-ALLOW  archived_projects/pi-usb-port-switch/03_src/lib/pi_usb_port_switch.3dshapes/TPS2557_DRB.step: not permitted by archived_projects/pi-usb-port-switch/03_src/lib/contracts.md
FAIL C-ALLOW  archived_projects/pi-usb-port-switch/03_src/lib/pi_usb_port_switch.3dshapes/TS3USB221E_RSE10.step: not permitted by archived_projects/pi-usb-port-switch/03_src/lib/contracts.md
FAIL C-ALLOW  archived_projects/pi-usb-port-switch/07_releases/v0.1.1-2026-08-15/source/exact/03_src/lib/pi_usb_port_switch.3dshapes/J_Wurth_WR-USB_692121030100.step: not permitted by archived_projects/pi-usb-port-switch/07_releases/v0.1.1-2026-08-15/source/exact/03_src/lib/contracts.md
FAIL C-ALLOW  archived_projects/pi-usb-port-switch/07_releases/v0.1.1-2026-08-15/source/exact/03_src/lib/pi_usb_port_switch.3dshapes/J_Wurth_WR-USB_692221030100.step: not permitted by archived_projects/pi-usb-port-switch/07_releases/v0.1.1-2026-08-15/source/exact/03_src/lib/contracts.md
FAIL C-ALLOW  archived_projects/pi-usb-port-switch/07_releases/v0.1.1-2026-08-15/source/exact/03_src/lib/pi_usb_port_switch.3dshapes/PowerDI5060-8.step: not permitted by archived_projects/pi-usb-port-switch/07_releases/v0.1.1-2026-08-15/source/exact/03_src/lib/contracts.md
FAIL C-ALLOW  archived_projects/pi-usb-port-switch/07_releases/v0.1.1-2026-08-15/source/exact/03_src/lib/pi_usb_port_switch.3dshapes/TPS2557_DRB.step: not permitted by archived_projects/pi-usb-port-switch/07_releases/v0.1.1-2026-08-15/source/exact/03_src/lib/contracts.md
FAIL C-ALLOW  archived_projects/pi-usb-port-switch/07_releases/v0.1.1-2026-08-15/source/exact/03_src/lib/pi_usb_port_switch.3dshapes/TS3USB221E_RSE10.step: not permitted by archived_projects/pi-usb-port-switch/07_releases/v0.1.1-2026-08-15/source/exact/03_src/lib/contracts.md
FAIL C-ALLOW  archived_projects/pluto-rx2-8way-v2/02_parts/RP2040-Zero/RP2040-Zero-details-7.jpg: not permitted by archived_projects/pluto-rx2-8way-v2/02_parts/contracts.md
FAIL C-ALLOW  archived_projects/pluto-rx2-8way-v2/02_parts/RP2040-Zero/RP2040-Zero-details-size.jpg: not permitted by archived_projects/pluto-rx2-8way-v2/02_parts/contracts.md
FAIL C-ALLOW  archived_projects/programmable-usb2-hub/01_docs/sourcing/rejected_part_dossiers/1935161-kangnex-near-match/KANGNEX-WJ126V-drawing-revA.pdf: not permitted by archived_projects/programmable-usb2-hub/01_docs/sourcing/contracts.md
FAIL C-ALLOW  archived_projects/programmable-usb2-hub/01_docs/sourcing/rejected_part_dossiers/CSD18533Q5AT/CSD18533Q5A.pdf: not permitted by archived_projects/programmable-usb2-hub/01_docs/sourcing/contracts.md
FAIL C-ALLOW  archived_projects/programmable-usb2-hub/01_docs/sourcing/rejected_part_dossiers/CSD18533Q5AT/part.yaml: not permitted by archived_projects/programmable-usb2-hub/01_docs/sourcing/contracts.md
FAIL C-ALLOW  archived_projects/programmable-usb2-hub/01_docs/sourcing/rejected_part_dossiers/LMR36510FADDAR/lmr36510.pdf: not permitted by archived_projects/programmable-usb2-hub/01_docs/sourcing/contracts.md
FAIL C-ALLOW  archived_projects/programmable-usb2-hub/01_docs/sourcing/rejected_part_dossiers/LMR36510FADDAR/part.yaml: not permitted by archived_projects/programmable-usb2-hub/01_docs/sourcing/contracts.md
FAIL C-ALLOW  archived_projects/programmable-usb2-hub/01_docs/sourcing/rejected_part_dossiers/LTC3889IUKG-PBF/ltc3889.pdf: not permitted by archived_projects/programmable-usb2-hub/01_docs/sourcing/contracts.md
FAIL C-ALLOW  archived_projects/programmable-usb2-hub/01_docs/sourcing/rejected_part_dossiers/LTC3889IUKG-PBF/part.yaml: not permitted by archived_projects/programmable-usb2-hub/01_docs/sourcing/contracts.md
FAIL C-ALLOW  archived_projects/programmable-usb2-hub/01_docs/sourcing/rejected_part_dossiers/TPSM63606RDLR/TPSM63606-envelope.wrl: not permitted by archived_projects/programmable-usb2-hub/01_docs/sourcing/contracts.md
FAIL C-ALLOW  archived_projects/programmable-usb2-hub/01_docs/sourcing/rejected_part_dossiers/TPSM63606RDLR/TPSM63606.pdf: not permitted by archived_projects/programmable-usb2-hub/01_docs/sourcing/contracts.md
FAIL C-ALLOW  archived_projects/programmable-usb2-hub/01_docs/sourcing/rejected_part_dossiers/TPSM63606RDLR/part.yaml: not permitted by archived_projects/programmable-usb2-hub/01_docs/sourcing/contracts.md
FAIL C-ALLOW  archived_projects/programmable-usb2-hub/01_docs/sourcing/rejected_part_dossiers/superseded-live/LM5116MHX-NOPB/SNVS499I.pdf: not permitted by archived_projects/programmable-usb2-hub/01_docs/sourcing/contracts.md
FAIL C-ALLOW  archived_projects/programmable-usb2-hub/01_docs/sourcing/rejected_part_dossiers/superseded-live/LM5116MHX-NOPB/part.yaml: not permitted by archived_projects/programmable-usb2-hub/01_docs/sourcing/contracts.md
FAIL C-ALLOW  archived_projects/programmable-usb2-hub/01_docs/sourcing/rejected_part_dossiers/superseded-live/LMR36510FADDAR/lmr36510.pdf: not permitted by archived_projects/programmable-usb2-hub/01_docs/sourcing/contracts.md
FAIL C-ALLOW  archived_projects/programmable-usb2-hub/01_docs/sourcing/rejected_part_dossiers/superseded-live/LMR36510FADDAR/part.yaml: not permitted by archived_projects/programmable-usb2-hub/01_docs/sourcing/contracts.md
FAIL C-ALLOW  archived_projects/programmable-usb2-hub/01_docs/sourcing/rejected_part_dossiers/superseded-live/LTC3889IUKG-PBF/ltc3889.pdf: not permitted by archived_projects/programmable-usb2-hub/01_docs/sourcing/contracts.md
FAIL C-ALLOW  archived_projects/programmable-usb2-hub/01_docs/sourcing/rejected_part_dossiers/superseded-live/LTC3889IUKG-PBF/part.yaml: not permitted by archived_projects/programmable-usb2-hub/01_docs/sourcing/contracts.md
FAIL C-ALLOW  archived_projects/programmable-usb2-hub/02_parts/1935161/C3819953-1935161.wrl: not permitted by archived_projects/programmable-usb2-hub/02_parts/contracts.md
FAIL C-ALLOW  archived_projects/programmable-usb2-hub/02_parts/CSD18533Q5AT/CSD18533Q5A-envelope.wrl: not permitted by archived_projects/programmable-usb2-hub/02_parts/contracts.md
FAIL C-ALLOW  archived_projects/programmable-usb2-hub/02_parts/LTC3889IUKG-PBF/LTC3889-UKG52-envelope.wrl: not permitted by archived_projects/programmable-usb2-hub/02_parts/contracts.md
FAIL C-ALLOW  archived_projects/programmable-usb2-hub/02_parts/USB1130-15-A/USB1130-15-A-envelope.wrl: not permitted by archived_projects/programmable-usb2-hub/02_parts/contracts.md
FAIL C-ALLOW  archived_projects/programmable-usb2-hub/03_src/rules/integration.yaml: not permitted by archived_projects/programmable-usb2-hub/03_src/rules/contracts.md
FAIL C-ALLOW  archived_projects/programmable-usb2-hub/04_kicad/erc.json: not permitted by archived_projects/programmable-usb2-hub/04_kicad/contracts.md
FAIL C-ALLOW  archived_projects/programmable-usb2-hub/04_kicad/programmable_usb2_hub.net: not permitted by archived_projects/programmable-usb2-hub/04_kicad/contracts.md
FAIL C-ALLOW  archived_projects/programmable-usb2-hub/08_reviews/2026-08-01_pre-route-c4b42a9f_independent-layout.md: not permitted by archived_projects/programmable-usb2-hub/08_reviews/contracts.md
FAIL C-ALLOW  archived_projects/programmable-usb2-hub/08_reviews/2026-08-01_pre-route-c4b42a9f_independent-pin.md: not permitted by archived_projects/programmable-usb2-hub/08_reviews/contracts.md
FAIL C-ALLOW  archived_projects/programmable-usb2-hub/08_reviews/2026-08-01_pre-route-c4b42a9f_independent-render.md: not permitted by archived_projects/programmable-usb2-hub/08_reviews/contracts.md
FAIL C-ALLOW  archived_projects/programmable-usb2-hub/08_reviews/2026-08-01_v1.0-staging_pin-review.md: not permitted by archived_projects/programmable-usb2-hub/08_reviews/contracts.md
FAIL C-ALLOW  archived_projects/programmable-usb2-hub/08_reviews/2026-08-01_v1.0-staging_redteam-layout.md: not permitted by archived_projects/programmable-usb2-hub/08_reviews/contracts.md
FAIL C-ALLOW  archived_projects/programmable-usb2-hub/08_reviews/2026-08-01_v1.0-staging_redteam-topology.md: not permitted by archived_projects/programmable-usb2-hub/08_reviews/contracts.md
FAIL C-ALLOW  archived_projects/programmable-usb2-hub/08_reviews/2026-08-01_v1.0-staging_render-review.md: not permitted by archived_projects/programmable-usb2-hub/08_reviews/contracts.md
FAIL C-ALLOW  archived_projects/programmable-usb2-hub/08_reviews/pre-route_layout.md: not permitted by archived_projects/programmable-usb2-hub/08_reviews/contracts.md
FAIL C-ALLOW  archived_projects/programmable-usb2-hub/08_reviews/pre-route_pin.md: not permitted by archived_projects/programmable-usb2-hub/08_reviews/contracts.md
FAIL C-ALLOW  archived_projects/programmable-usb2-hub/08_reviews/pre-route_render.md: not permitted by archived_projects/programmable-usb2-hub/08_reviews/contracts.md
FAIL C-ALLOW  archived_projects/programmable-usb2-hub/08_reviews/pre-route_topology.md: not permitted by archived_projects/programmable-usb2-hub/08_reviews/contracts.md
FAIL C-ALLOW  archived_projects/programmable-usb2-hub/rudy.png: not permitted by archived_projects/programmable-usb2-hub/contracts.md
FAIL C-ALLOW  archived_projects/shitty-kitty/01_docs/COST_ESTIMATE.md: not permitted by archived_projects/shitty-kitty/01_docs/contracts.md
FAIL C-ALLOW  archived_projects/shitty-kitty/01_docs/decisions/0001-input-protection.md: not permitted by archived_projects/shitty-kitty/01_docs/contracts.md
FAIL C-ALLOW  archived_projects/shitty-kitty/01_docs/decisions/0002-motor-driver.md: not permitted by archived_projects/shitty-kitty/01_docs/contracts.md
FAIL C-ALLOW  archived_projects/shitty-kitty/01_docs/decisions/0003-layer-count.md: not permitted by archived_projects/shitty-kitty/01_docs/contracts.md
FAIL C-ALLOW  archived_projects/shitty-kitty/01_docs/decisions/0004-sensors-and-compute.md: not permitted by archived_projects/shitty-kitty/01_docs/contracts.md
FAIL C-ALLOW  archived_projects/shitty-kitty/01_docs/decisions/0005-sourcing-and-connectors.md: not permitted by archived_projects/shitty-kitty/01_docs/contracts.md
FAIL C-ALLOW  archived_projects/shitty-kitty/03_src/floorplan.yaml: not permitted by archived_projects/shitty-kitty/03_src/contracts.md
FAIL C-ALLOW  archived_projects/shitty-kitty/03_src/lib/shitty_kitty.pretty/DCJack_DC005_Horizontal.kicad_mod: not permitted by archived_projects/shitty-kitty/03_src/contracts.md
FAIL C-ALLOW  archived_projects/shitty-kitty/03_src/lib/shitty_kitty.pretty/ESP32-S3-WROOM-1.kicad_mod: not permitted by archived_projects/shitty-kitty/03_src/contracts.md
FAIL C-ALLOW  archived_projects/shitty-kitty/03_src/lib/shitty_kitty.pretty/TerminalBlock_3.5-2P_NoSilk.kicad_mod: not permitted by archived_projects/shitty-kitty/03_src/contracts.md
FAIL C-ALLOW  archived_projects/shitty-kitty/03_src/lib/sk.kicad_sym: not permitted by archived_projects/shitty-kitty/03_src/contracts.md
FAIL C-ALLOW  archived_projects/shitty-kitty/03_src/lift_floors.py: not permitted by archived_projects/shitty-kitty/03_src/contracts.md
FAIL C-ALLOW  archived_projects/shitty-kitty/03_src/make_lib.py: not permitted by archived_projects/shitty-kitty/03_src/contracts.md
FAIL C-ALLOW  archived_projects/shitty-kitty/03_src/repair_drc.py: not permitted by archived_projects/shitty-kitty/03_src/contracts.md
FAIL C-ALLOW  archived_projects/shitty-kitty/03_src/route/r0.kicad_dru: not permitted by archived_projects/shitty-kitty/03_src/contracts.md
FAIL C-ALLOW  archived_projects/shitty-kitty/03_src/route/r0.kicad_pro: not permitted by archived_projects/shitty-kitty/03_src/contracts.md
FAIL C-ALLOW  archived_projects/shitty-kitty/03_src/route/r5.kicad_pcb: not permitted by archived_projects/shitty-kitty/03_src/contracts.md
FAIL C-ALLOW  archived_projects/shitty-kitty/03_src/route/r5.kicad_prl: not permitted by archived_projects/shitty-kitty/03_src/contracts.md
FAIL C-ALLOW  archived_projects/shitty-kitty/03_src/route/r5.kicad_pro: not permitted by archived_projects/shitty-kitty/03_src/contracts.md
FAIL C-ALLOW  archived_projects/shitty-kitty/03_src/route_prep.py: not permitted by archived_projects/shitty-kitty/03_src/contracts.md
FAIL C-ALLOW  archived_projects/shitty-kitty/03_src/route_surgery.py: not permitted by archived_projects/shitty-kitty/03_src/contracts.md
FAIL C-ALLOW  archived_projects/shitty-kitty/03_src/route_unlock.py: not permitted by archived_projects/shitty-kitty/03_src/contracts.md
FAIL C-ALLOW  archived_projects/shitty-kitty/03_src/route_waves.sh: not permitted by archived_projects/shitty-kitty/03_src/contracts.md
FAIL C-ALLOW  archived_projects/shitty-kitty/03_src/rules/fab_overrides.txt: not permitted by archived_projects/shitty-kitty/03_src/contracts.md
FAIL C-ALLOW  archived_projects/shitty-kitty/03_src/rules/nets.yaml: not permitted by archived_projects/shitty-kitty/03_src/contracts.md
FAIL C-ALLOW  archived_projects/shitty-kitty/03_src/rules/policy_audit.json: not permitted by archived_projects/shitty-kitty/03_src/contracts.md
FAIL C-ALLOW  archived_projects/shitty-kitty/03_src/rules/policy_waivers.yaml: not permitted by archived_projects/shitty-kitty/03_src/contracts.md
FAIL C-ALLOW  archived_projects/shitty-kitty/03_src/rules/twin_adjudications.yaml: not permitted by archived_projects/shitty-kitty/03_src/contracts.md
FAIL C-ALLOW  archived_projects/shitty-kitty/03_tscircuit/.gitignore: not permitted by archived_projects/shitty-kitty/03_tscircuit/contracts.md
FAIL C-ALLOW  archived_projects/shitty-kitty/04_kicad/shitty_kitty.kicad_prl: not permitted by archived_projects/shitty-kitty/04_kicad/contracts.md
FAIL C-ALLOW  archived_projects/shitty-kitty/06_build/audit_2026-07-19/drc_fresh.json: not permitted by archived_projects/shitty-kitty/06_build/contracts.md
FAIL C-ALLOW  archived_projects/shitty-kitty/06_build/audit_2026-07-19/erc_fresh.json: not permitted by archived_projects/shitty-kitty/06_build/contracts.md
FAIL C-ALLOW  archived_projects/shitty-kitty/06_build/audit_2026-07-19/pin_dossiers/Q1.md: not permitted by archived_projects/shitty-kitty/06_build/contracts.md
FAIL C-ALLOW  archived_projects/shitty-kitty/06_build/audit_2026-07-19/pin_dossiers/U1.md: not permitted by archived_projects/shitty-kitty/06_build/contracts.md
FAIL C-ALLOW  archived_projects/shitty-kitty/06_build/audit_2026-07-19/pin_dossiers/U2.md: not permitted by archived_projects/shitty-kitty/06_build/contracts.md
FAIL C-ALLOW  archived_projects/shitty-kitty/06_build/audit_2026-07-19/pin_dossiers/U3.md: not permitted by archived_projects/shitty-kitty/06_build/contracts.md
FAIL C-ALLOW  archived_projects/shitty-kitty/06_build/audit_2026-07-19/pin_dossiers/U4.md: not permitted by archived_projects/shitty-kitty/06_build/contracts.md
FAIL C-ALLOW  archived_projects/shitty-kitty/06_build/audit_2026-07-19/pin_dossiers/U5.md: not permitted by archived_projects/shitty-kitty/06_build/contracts.md
FAIL C-ALLOW  archived_projects/shitty-kitty/06_build/audit_2026-07-19/pin_dossiers/U6.md: not permitted by archived_projects/shitty-kitty/06_build/contracts.md
FAIL C-ALLOW  archived_projects/shitty-kitty/06_build/audit_2026-07-19/renders/board_bottom.png: not permitted by archived_projects/shitty-kitty/06_build/contracts.md
FAIL C-ALLOW  archived_projects/shitty-kitty/06_build/audit_2026-07-19/renders/board_top.png: not permitted by archived_projects/shitty-kitty/06_build/contracts.md
FAIL C-ALLOW  archived_projects/shitty-kitty/06_build/audit_2026-07-19/renders/sch-1.png: not permitted by archived_projects/shitty-kitty/06_build/contracts.md
FAIL C-ALLOW  archived_projects/shitty-kitty/06_build/audit_2026-07-19/renders/sch.pdf: not permitted by archived_projects/shitty-kitty/06_build/contracts.md
FAIL C-ALLOW  archived_projects/shitty-kitty/06_build/audit_2026-07-19/renders/top_silk.svg: not permitted by archived_projects/shitty-kitty/06_build/contracts.md
FAIL C-ALLOW  archived_projects/shitty-kitty/06_build/audit_2026-07-19/stock_recheck.txt: not permitted by archived_projects/shitty-kitty/06_build/contracts.md
FAIL C-ALLOW  archived_projects/shitty-kitty/06_build/cache/adr_query.py: not permitted by archived_projects/shitty-kitty/06_build/contracts.md
FAIL C-ALLOW  archived_projects/shitty-kitty/06_build/cache/adr_query2.py: not permitted by archived_projects/shitty-kitty/06_build/contracts.md
FAIL C-ALLOW  archived_projects/shitty-kitty/06_build/cache/adr_query3.py: not permitted by archived_projects/shitty-kitty/06_build/contracts.md
FAIL C-ALLOW  archived_projects/shitty-kitty/06_build/cache/adr_stock2_2026-07-17.json: not permitted by archived_projects/shitty-kitty/06_build/contracts.md
FAIL C-ALLOW  archived_projects/shitty-kitty/06_build/cache/adr_stock_2026-07-17.json: not permitted by archived_projects/shitty-kitty/06_build/contracts.md
FAIL C-ALLOW  archived_projects/shitty-kitty/06_build/cache/stock_priced.json: not permitted by archived_projects/shitty-kitty/06_build/contracts.md
FAIL C-ALLOW  archived_projects/shitty-kitty/06_build/drc/erc.json: not permitted by archived_projects/shitty-kitty/06_build/contracts.md
FAIL C-ALLOW  archived_projects/shitty-kitty/06_build/drc/gate.json: not permitted by archived_projects/shitty-kitty/06_build/contracts.md
FAIL C-ALLOW  archived_projects/shitty-kitty/06_build/drc/pre_repair.json: not permitted by archived_projects/shitty-kitty/06_build/contracts.md
FAIL C-ALLOW  archived_projects/shitty-kitty/06_build/fab/bom_jlc.csv: not permitted by archived_projects/shitty-kitty/06_build/contracts.md
FAIL C-ALLOW  archived_projects/shitty-kitty/06_build/fab/cpl_jlc.csv: not permitted by archived_projects/shitty-kitty/06_build/contracts.md
FAIL C-ALLOW  archived_projects/shitty-kitty/06_build/fab/shitty_kitty-B_Cu.gbl: not permitted by archived_projects/shitty-kitty/06_build/contracts.md
FAIL C-ALLOW  archived_projects/shitty-kitty/06_build/fab/shitty_kitty-B_Mask.gbs: not permitted by archived_projects/shitty-kitty/06_build/contracts.md
FAIL C-ALLOW  archived_projects/shitty-kitty/06_build/fab/shitty_kitty-B_Paste.gbp: not permitted by archived_projects/shitty-kitty/06_build/contracts.md
FAIL C-ALLOW  archived_projects/shitty-kitty/06_build/fab/shitty_kitty-B_Silkscreen.gbo: not permitted by archived_projects/shitty-kitty/06_build/contracts.md
FAIL C-ALLOW  archived_projects/shitty-kitty/06_build/fab/shitty_kitty-Edge_Cuts.gm1: not permitted by archived_projects/shitty-kitty/06_build/contracts.md
FAIL C-ALLOW  archived_projects/shitty-kitty/06_build/fab/shitty_kitty-F_Cu.gtl: not permitted by archived_projects/shitty-kitty/06_build/contracts.md
FAIL C-ALLOW  archived_projects/shitty-kitty/06_build/fab/shitty_kitty-F_Mask.gts: not permitted by archived_projects/shitty-kitty/06_build/contracts.md
FAIL C-ALLOW  archived_projects/shitty-kitty/06_build/fab/shitty_kitty-F_Paste.gtp: not permitted by archived_projects/shitty-kitty/06_build/contracts.md
FAIL C-ALLOW  archived_projects/shitty-kitty/06_build/fab/shitty_kitty-F_Silkscreen.gto: not permitted by archived_projects/shitty-kitty/06_build/contracts.md
FAIL C-ALLOW  archived_projects/shitty-kitty/06_build/fab/shitty_kitty-In1_Cu.g1: not permitted by archived_projects/shitty-kitty/06_build/contracts.md
FAIL C-ALLOW  archived_projects/shitty-kitty/06_build/fab/shitty_kitty-In2_Cu.g2: not permitted by archived_projects/shitty-kitty/06_build/contracts.md
FAIL C-ALLOW  archived_projects/shitty-kitty/06_build/fab/shitty_kitty-NPTH.drl: not permitted by archived_projects/shitty-kitty/06_build/contracts.md
FAIL C-ALLOW  archived_projects/shitty-kitty/06_build/fab/shitty_kitty-PTH.drl: not permitted by archived_projects/shitty-kitty/06_build/contracts.md
FAIL C-ALLOW  archived_projects/shitty-kitty/06_build/fab/shitty_kitty_gerbers.zip: not permitted by archived_projects/shitty-kitty/06_build/contracts.md
FAIL C-ALLOW  archived_projects/shitty-kitty/06_build/full_review_2026-07-19.md: not permitted by archived_projects/shitty-kitty/06_build/contracts.md
FAIL C-ALLOW  archived_projects/shitty-kitty/06_build/netlists/shitty_kitty.net: not permitted by archived_projects/shitty-kitty/06_build/contracts.md
FAIL C-ALLOW  archived_projects/shitty-kitty/06_build/pdf/assembly_top-1.png: not permitted by archived_projects/shitty-kitty/06_build/contracts.md
FAIL C-ALLOW  archived_projects/shitty-kitty/06_build/pdf/assembly_top.pdf: not permitted by archived_projects/shitty-kitty/06_build/contracts.md
FAIL C-ALLOW  archived_projects/shitty-kitty/06_build/pdf/pcb_layers-1.png: not permitted by archived_projects/shitty-kitty/06_build/contracts.md
FAIL C-ALLOW  archived_projects/shitty-kitty/06_build/pdf/pcb_layers-2.png: not permitted by archived_projects/shitty-kitty/06_build/contracts.md
FAIL C-ALLOW  archived_projects/shitty-kitty/06_build/pdf/pcb_layers-3.png: not permitted by archived_projects/shitty-kitty/06_build/contracts.md
FAIL C-ALLOW  archived_projects/shitty-kitty/06_build/pdf/pcb_layers-4.png: not permitted by archived_projects/shitty-kitty/06_build/contracts.md
FAIL C-ALLOW  archived_projects/shitty-kitty/06_build/pdf/pcb_layers-5.png: not permitted by archived_projects/shitty-kitty/06_build/contracts.md
FAIL C-ALLOW  archived_projects/shitty-kitty/06_build/pdf/pcb_layers-6.png: not permitted by archived_projects/shitty-kitty/06_build/contracts.md
FAIL C-ALLOW  archived_projects/shitty-kitty/06_build/pdf/pcb_layers.pdf: not permitted by archived_projects/shitty-kitty/06_build/contracts.md
FAIL C-ALLOW  archived_projects/shitty-kitty/06_build/pdf/schematic-1.png: not permitted by archived_projects/shitty-kitty/06_build/contracts.md
FAIL C-ALLOW  archived_projects/shitty-kitty/06_build/pdf/schematic.pdf: not permitted by archived_projects/shitty-kitty/06_build/contracts.md
FAIL C-ALLOW  archived_projects/shitty-kitty/06_build/pin_review/D1.md: not permitted by archived_projects/shitty-kitty/06_build/contracts.md
FAIL C-ALLOW  archived_projects/shitty-kitty/06_build/pin_review/J2.md: not permitted by archived_projects/shitty-kitty/06_build/contracts.md
FAIL C-ALLOW  archived_projects/shitty-kitty/06_build/pin_review/J3.md: not permitted by archived_projects/shitty-kitty/06_build/contracts.md
FAIL C-ALLOW  archived_projects/shitty-kitty/06_build/pin_review/J4.md: not permitted by archived_projects/shitty-kitty/06_build/contracts.md
FAIL C-ALLOW  archived_projects/shitty-kitty/06_build/pin_review/J5.md: not permitted by archived_projects/shitty-kitty/06_build/contracts.md
FAIL C-ALLOW  archived_projects/shitty-kitty/06_build/pin_review/J8.md: not permitted by archived_projects/shitty-kitty/06_build/contracts.md
FAIL C-ALLOW  archived_projects/shitty-kitty/06_build/pin_review/SW1.md: not permitted by archived_projects/shitty-kitty/06_build/contracts.md
FAIL C-ALLOW  archived_projects/shitty-kitty/06_build/pin_review/SW2.md: not permitted by archived_projects/shitty-kitty/06_build/contracts.md
FAIL C-ALLOW  archived_projects/shitty-kitty/06_build/pin_review/U1.md: not permitted by archived_projects/shitty-kitty/06_build/contracts.md
FAIL C-ALLOW  archived_projects/shitty-kitty/06_build/pin_review/U2.md: not permitted by archived_projects/shitty-kitty/06_build/contracts.md
FAIL C-ALLOW  archived_projects/shitty-kitty/06_build/pin_review/U3.md: not permitted by archived_projects/shitty-kitty/06_build/contracts.md
FAIL C-ALLOW  archived_projects/shitty-kitty/06_build/pin_review/U4.md: not permitted by archived_projects/shitty-kitty/06_build/contracts.md
FAIL C-ALLOW  archived_projects/shitty-kitty/06_build/pin_review/U5.md: not permitted by archived_projects/shitty-kitty/06_build/contracts.md
FAIL C-ALLOW  archived_projects/shitty-kitty/06_build/pin_review/U6.md: not permitted by archived_projects/shitty-kitty/06_build/contracts.md
FAIL C-ALLOW  archived_projects/shitty-kitty/06_build/pin_review/U7.md: not permitted by archived_projects/shitty-kitty/06_build/contracts.md
FAIL C-ALLOW  archived_projects/shitty-kitty/06_build/pin_review/U8.md: not permitted by archived_projects/shitty-kitty/06_build/contracts.md
FAIL C-ALLOW  archived_projects/shitty-kitty/06_build/pin_review/U9.md: not permitted by archived_projects/shitty-kitty/06_build/contracts.md
FAIL C-ALLOW  archived_projects/shitty-kitty/06_build/policy_audit.md: not permitted by archived_projects/shitty-kitty/06_build/contracts.md
FAIL C-ALLOW  archived_projects/shitty-kitty/06_build/policy_drc.json: not permitted by archived_projects/shitty-kitty/06_build/contracts.md
FAIL C-ALLOW  archived_projects/shitty-kitty/06_build/policy_erc.json: not permitted by archived_projects/shitty-kitty/06_build/contracts.md
FAIL C-ALLOW  archived_projects/shitty-kitty/06_build/proof/refdes_waiver.json: not permitted by archived_projects/shitty-kitty/06_build/contracts.md
FAIL C-ALLOW  archived_projects/shitty-kitty/06_build/proof/shitty_kitty.kicad_pcb: not permitted by archived_projects/shitty-kitty/06_build/contracts.md
FAIL C-ALLOW  archived_projects/shitty-kitty/06_build/proof/shitty_kitty.kicad_prl: not permitted by archived_projects/shitty-kitty/06_build/contracts.md
FAIL C-ALLOW  archived_projects/shitty-kitty/06_build/proof/shitty_kitty.kicad_pro: not permitted by archived_projects/shitty-kitty/06_build/contracts.md
FAIL C-ALLOW  archived_projects/shitty-kitty/06_build/refdes_waiver.json: not permitted by archived_projects/shitty-kitty/06_build/contracts.md
FAIL C-ALLOW  archived_projects/shitty-kitty/06_build/route/r0.kicad_dru: not permitted by archived_projects/shitty-kitty/06_build/contracts.md
FAIL C-ALLOW  archived_projects/shitty-kitty/06_build/route/r0.kicad_pcb: not permitted by archived_projects/shitty-kitty/06_build/contracts.md
FAIL C-ALLOW  archived_projects/shitty-kitty/06_build/route/r0.kicad_pro: not permitted by archived_projects/shitty-kitty/06_build/contracts.md
FAIL C-ALLOW  archived_projects/shitty-kitty/06_build/route/r1.kicad_pcb: not permitted by archived_projects/shitty-kitty/06_build/contracts.md
FAIL C-ALLOW  archived_projects/shitty-kitty/06_build/route/r1.kicad_pro: not permitted by archived_projects/shitty-kitty/06_build/contracts.md
FAIL C-ALLOW  archived_projects/shitty-kitty/06_build/route/r1b.kicad_pcb: not permitted by archived_projects/shitty-kitty/06_build/contracts.md
FAIL C-ALLOW  archived_projects/shitty-kitty/06_build/route/r1b.kicad_pro: not permitted by archived_projects/shitty-kitty/06_build/contracts.md
FAIL C-ALLOW  archived_projects/shitty-kitty/06_build/route/r2.kicad_pcb: not permitted by archived_projects/shitty-kitty/06_build/contracts.md
FAIL C-ALLOW  archived_projects/shitty-kitty/06_build/route/r2.kicad_pro: not permitted by archived_projects/shitty-kitty/06_build/contracts.md
FAIL C-ALLOW  archived_projects/shitty-kitty/06_build/route/r3.kicad_pcb: not permitted by archived_projects/shitty-kitty/06_build/contracts.md
FAIL C-ALLOW  archived_projects/shitty-kitty/06_build/route/r3.kicad_pro: not permitted by archived_projects/shitty-kitty/06_build/contracts.md
FAIL C-ALLOW  archived_projects/shitty-kitty/06_build/route/r4.kicad_pcb: not permitted by archived_projects/shitty-kitty/06_build/contracts.md
FAIL C-ALLOW  archived_projects/shitty-kitty/06_build/route/r4.kicad_pro: not permitted by archived_projects/shitty-kitty/06_build/contracts.md
FAIL C-ALLOW  archived_projects/shitty-kitty/06_build/route/r4a.kicad_pcb: not permitted by archived_projects/shitty-kitty/06_build/contracts.md
FAIL C-ALLOW  archived_projects/shitty-kitty/06_build/route/r4a.kicad_pro: not permitted by archived_projects/shitty-kitty/06_build/contracts.md
FAIL C-ALLOW  archived_projects/shitty-kitty/06_build/route/r4b.kicad_pcb: not permitted by archived_projects/shitty-kitty/06_build/contracts.md
FAIL C-ALLOW  archived_projects/shitty-kitty/06_build/route/r4b.kicad_pro: not permitted by archived_projects/shitty-kitty/06_build/contracts.md
FAIL C-ALLOW  archived_projects/shitty-kitty/06_build/route/r5.kicad_pcb: not permitted by archived_projects/shitty-kitty/06_build/contracts.md
FAIL C-ALLOW  archived_projects/shitty-kitty/06_build/route/r5.kicad_pro: not permitted by archived_projects/shitty-kitty/06_build/contracts.md
FAIL C-ALLOW  archived_projects/shitty-kitty/06_build/route/r5f.kicad_pcb: not permitted by archived_projects/shitty-kitty/06_build/contracts.md
FAIL C-ALLOW  archived_projects/shitty-kitty/06_build/route/r5f.kicad_pro: not permitted by archived_projects/shitty-kitty/06_build/contracts.md
FAIL C-ALLOW  archived_projects/shitty-kitty/06_build/route/r5g.kicad_pcb: not permitted by archived_projects/shitty-kitty/06_build/contracts.md
FAIL C-ALLOW  archived_projects/shitty-kitty/06_build/route/r5g.kicad_pro: not permitted by archived_projects/shitty-kitty/06_build/contracts.md
FAIL C-ALLOW  archived_projects/shitty-kitty/06_build/route/r5h.kicad_pcb: not permitted by archived_projects/shitty-kitty/06_build/contracts.md
FAIL C-ALLOW  archived_projects/shitty-kitty/06_build/route/r5h.kicad_pro: not permitted by archived_projects/shitty-kitty/06_build/contracts.md
FAIL C-ALLOW  archived_projects/shitty-kitty/06_build/route/r5s.kicad_pcb: not permitted by archived_projects/shitty-kitty/06_build/contracts.md
FAIL C-ALLOW  archived_projects/shitty-kitty/06_build/route/r5s.kicad_prl: not permitted by archived_projects/shitty-kitty/06_build/contracts.md
FAIL C-ALLOW  archived_projects/shitty-kitty/06_build/route/r5s.kicad_pro: not permitted by archived_projects/shitty-kitty/06_build/contracts.md
FAIL C-ALLOW  archived_projects/shitty-kitty/06_build/route/r5u.kicad_pcb: not permitted by archived_projects/shitty-kitty/06_build/contracts.md
FAIL C-ALLOW  archived_projects/shitty-kitty/06_build/route/r5u.kicad_prl: not permitted by archived_projects/shitty-kitty/06_build/contracts.md
FAIL C-ALLOW  archived_projects/shitty-kitty/06_build/route/r5u.kicad_pro: not permitted by archived_projects/shitty-kitty/06_build/contracts.md
FAIL C-ALLOW  archived_projects/shitty-kitty/06_build/route/r6.kicad_pcb: not permitted by archived_projects/shitty-kitty/06_build/contracts.md
FAIL C-ALLOW  archived_projects/shitty-kitty/06_build/route/r6.kicad_pro: not permitted by archived_projects/shitty-kitty/06_build/contracts.md
FAIL C-ALLOW  archived_projects/shitty-kitty/06_build/route/w1.kicad_pcb: not permitted by archived_projects/shitty-kitty/06_build/contracts.md
FAIL C-ALLOW  archived_projects/shitty-kitty/06_build/route/w1.kicad_pro: not permitted by archived_projects/shitty-kitty/06_build/contracts.md
FAIL C-ALLOW  archived_projects/shitty-kitty/06_build/route/w1b.kicad_pcb: not permitted by archived_projects/shitty-kitty/06_build/contracts.md
FAIL C-ALLOW  archived_projects/shitty-kitty/06_build/route/w1b.kicad_pro: not permitted by archived_projects/shitty-kitty/06_build/contracts.md
FAIL C-ALLOW  archived_projects/shitty-kitty/06_build/route/w1b1.kicad_pcb: not permitted by archived_projects/shitty-kitty/06_build/contracts.md
FAIL C-ALLOW  archived_projects/shitty-kitty/06_build/route/w1b1.kicad_pro: not permitted by archived_projects/shitty-kitty/06_build/contracts.md
FAIL C-ALLOW  archived_projects/shitty-kitty/06_build/route/w1b2.kicad_pcb: not permitted by archived_projects/shitty-kitty/06_build/contracts.md
FAIL C-ALLOW  archived_projects/shitty-kitty/06_build/route/w1b2.kicad_pro: not permitted by archived_projects/shitty-kitty/06_build/contracts.md
FAIL C-ALLOW  archived_projects/shitty-kitty/06_build/route/w1b3.kicad_pcb: not permitted by archived_projects/shitty-kitty/06_build/contracts.md
FAIL C-ALLOW  archived_projects/shitty-kitty/06_build/route/w1b3.kicad_pro: not permitted by archived_projects/shitty-kitty/06_build/contracts.md
FAIL C-ALLOW  archived_projects/shitty-kitty/06_build/route/w2.kicad_pcb: not permitted by archived_projects/shitty-kitty/06_build/contracts.md
FAIL C-ALLOW  archived_projects/shitty-kitty/06_build/route/w2.kicad_pro: not permitted by archived_projects/shitty-kitty/06_build/contracts.md
FAIL C-ALLOW  archived_projects/shitty-kitty/06_build/route/w2b.kicad_pcb: not permitted by archived_projects/shitty-kitty/06_build/contracts.md
FAIL C-ALLOW  archived_projects/shitty-kitty/06_build/route/w2b.kicad_pro: not permitted by archived_projects/shitty-kitty/06_build/contracts.md
FAIL C-ALLOW  archived_projects/shitty-kitty/06_build/route/w2b1.kicad_pcb: not permitted by archived_projects/shitty-kitty/06_build/contracts.md
FAIL C-ALLOW  archived_projects/shitty-kitty/06_build/route/w2b1.kicad_pro: not permitted by archived_projects/shitty-kitty/06_build/contracts.md
FAIL C-ALLOW  archived_projects/shitty-kitty/06_build/route/w2b2.kicad_pcb: not permitted by archived_projects/shitty-kitty/06_build/contracts.md
FAIL C-ALLOW  archived_projects/shitty-kitty/06_build/route/w2b2.kicad_pro: not permitted by archived_projects/shitty-kitty/06_build/contracts.md
FAIL C-ALLOW  archived_projects/shitty-kitty/06_build/route/w2b3.kicad_pcb: not permitted by archived_projects/shitty-kitty/06_build/contracts.md
FAIL C-ALLOW  archived_projects/shitty-kitty/06_build/route/w2b3.kicad_pro: not permitted by archived_projects/shitty-kitty/06_build/contracts.md
FAIL C-ALLOW  archived_projects/shitty-kitty/06_build/route/w3.kicad_pcb: not permitted by archived_projects/shitty-kitty/06_build/contracts.md
FAIL C-ALLOW  archived_projects/shitty-kitty/06_build/route/w3.kicad_pro: not permitted by archived_projects/shitty-kitty/06_build/contracts.md
FAIL C-ALLOW  archived_projects/shitty-kitty/06_build/route/w4.kicad_pcb: not permitted by archived_projects/shitty-kitty/06_build/contracts.md
FAIL C-ALLOW  archived_projects/shitty-kitty/06_build/route/w4.kicad_pro: not permitted by archived_projects/shitty-kitty/06_build/contracts.md
FAIL C-ALLOW  archived_projects/shitty-kitty/06_build/route/w5.kicad_pcb: not permitted by archived_projects/shitty-kitty/06_build/contracts.md
FAIL C-ALLOW  archived_projects/shitty-kitty/06_build/route/w5.kicad_pro: not permitted by archived_projects/shitty-kitty/06_build/contracts.md
FAIL C-ALLOW  archived_projects/shitty-kitty/06_build/route/w6.kicad_pcb: not permitted by archived_projects/shitty-kitty/06_build/contracts.md
FAIL C-ALLOW  archived_projects/shitty-kitty/06_build/route/w6.kicad_pro: not permitted by archived_projects/shitty-kitty/06_build/contracts.md
FAIL C-ALLOW  archived_projects/shitty-kitty/06_build/route/w7.kicad_pcb: not permitted by archived_projects/shitty-kitty/06_build/contracts.md
FAIL C-ALLOW  archived_projects/shitty-kitty/06_build/route/w7.kicad_pro: not permitted by archived_projects/shitty-kitty/06_build/contracts.md
FAIL C-ALLOW  archived_projects/shitty-kitty/06_build/twin/easyeda/C10211/jlc.3dshapes/SMB_L4.6-W3.6-LS5.3-RD.step: not permitted by archived_projects/shitty-kitty/06_build/contracts.md
FAIL C-ALLOW  archived_projects/shitty-kitty/06_build/twin/easyeda/C10211/jlc.3dshapes/SMB_L4.6-W3.6-LS5.3-RD.wrl: not permitted by archived_projects/shitty-kitty/06_build/contracts.md
FAIL C-ALLOW  archived_projects/shitty-kitty/06_build/twin/easyeda/C10211/jlc.kicad_sym: not permitted by archived_projects/shitty-kitty/06_build/contracts.md
FAIL C-ALLOW  archived_projects/shitty-kitty/06_build/twin/easyeda/C10211/jlc.pretty/SMB_L4.6-W3.6-LS5.3-RD.kicad_mod: not permitted by archived_projects/shitty-kitty/06_build/contracts.md
FAIL C-ALLOW  archived_projects/shitty-kitty/06_build/twin/easyeda/C110926/jlc.3dshapes/LGA-12_L2.0-W2.0-H1.0-P0.50.step: not permitted by archived_projects/shitty-kitty/06_build/contracts.md
FAIL C-ALLOW  archived_projects/shitty-kitty/06_build/twin/easyeda/C110926/jlc.3dshapes/LGA-12_L2.0-W2.0-H1.0-P0.50.wrl: not permitted by archived_projects/shitty-kitty/06_build/contracts.md
FAIL C-ALLOW  archived_projects/shitty-kitty/06_build/twin/easyeda/C110926/jlc.kicad_sym: not permitted by archived_projects/shitty-kitty/06_build/contracts.md
FAIL C-ALLOW  archived_projects/shitty-kitty/06_build/twin/easyeda/C110926/jlc.pretty/LGA-12_L2.0-W2.0-P0.50-BL.kicad_mod: not permitted by archived_projects/shitty-kitty/06_build/contracts.md
FAIL C-ALLOW  archived_projects/shitty-kitty/06_build/twin/easyeda/C144395/jlc.3dshapes/XH2.5-4A.step: not permitted by archived_projects/shitty-kitty/06_build/contracts.md
FAIL C-ALLOW  archived_projects/shitty-kitty/06_build/twin/easyeda/C144395/jlc.3dshapes/XH2.5-4A.wrl: not permitted by archived_projects/shitty-kitty/06_build/contracts.md
FAIL C-ALLOW  archived_projects/shitty-kitty/06_build/twin/easyeda/C144395/jlc.kicad_sym: not permitted by archived_projects/shitty-kitty/06_build/contracts.md
FAIL C-ALLOW  archived_projects/shitty-kitty/06_build/twin/easyeda/C144395/jlc.pretty/CONN-TH_B4B-XH-A-LF-SN.kicad_mod: not permitted by archived_projects/shitty-kitty/06_build/contracts.md
FAIL C-ALLOW  archived_projects/shitty-kitty/06_build/twin/easyeda/C149504/jlc.3dshapes/R0805_L2.0-W1.3-H0.6.step: not permitted by archived_projects/shitty-kitty/06_build/contracts.md
FAIL C-ALLOW  archived_projects/shitty-kitty/06_build/twin/easyeda/C149504/jlc.3dshapes/R0805_L2.0-W1.3-H0.6.wrl: not permitted by archived_projects/shitty-kitty/06_build/contracts.md
FAIL C-ALLOW  archived_projects/shitty-kitty/06_build/twin/easyeda/C149504/jlc.kicad_sym: not permitted by archived_projects/shitty-kitty/06_build/contracts.md
FAIL C-ALLOW  archived_projects/shitty-kitty/06_build/twin/easyeda/C149504/jlc.pretty/R0805.kicad_mod: not permitted by archived_projects/shitty-kitty/06_build/contracts.md
FAIL C-ALLOW  archived_projects/shitty-kitty/06_build/twin/easyeda/C165948/jlc.3dshapes/USB-C_SMD-TYPE-C-31-M-12_1.step: not permitted by archived_projects/shitty-kitty/06_build/contracts.md
FAIL C-ALLOW  archived_projects/shitty-kitty/06_build/twin/easyeda/C165948/jlc.3dshapes/USB-C_SMD-TYPE-C-31-M-12_1.wrl: not permitted by archived_projects/shitty-kitty/06_build/contracts.md
FAIL C-ALLOW  archived_projects/shitty-kitty/06_build/twin/easyeda/C165948/jlc.kicad_sym: not permitted by archived_projects/shitty-kitty/06_build/contracts.md
FAIL C-ALLOW  archived_projects/shitty-kitty/06_build/twin/easyeda/C165948/jlc.pretty/USB-C_SMD-TYPE-C-31-M-12_1.kicad_mod: not permitted by archived_projects/shitty-kitty/06_build/contracts.md
FAIL C-ALLOW  archived_projects/shitty-kitty/06_build/twin/easyeda/C1729/jlc.3dshapes/C0805_L2.0-W1.3-H1.3.step: not permitted by archived_projects/shitty-kitty/06_build/contracts.md
FAIL C-ALLOW  archived_projects/shitty-kitty/06_build/twin/easyeda/C1729/jlc.3dshapes/C0805_L2.0-W1.3-H1.3.wrl: not permitted by archived_projects/shitty-kitty/06_build/contracts.md
FAIL C-ALLOW  archived_projects/shitty-kitty/06_build/twin/easyeda/C1729/jlc.kicad_sym: not permitted by archived_projects/shitty-kitty/06_build/contracts.md
FAIL C-ALLOW  archived_projects/shitty-kitty/06_build/twin/easyeda/C1729/jlc.pretty/C0805.kicad_mod: not permitted by archived_projects/shitty-kitty/06_build/contracts.md
FAIL C-ALLOW  archived_projects/shitty-kitty/06_build/twin/easyeda/C17414/jlc.3dshapes/R0805_L2.0-W1.3-H0.6.step: not permitted by archived_projects/shitty-kitty/06_build/contracts.md
FAIL C-ALLOW  archived_projects/shitty-kitty/06_build/twin/easyeda/C17414/jlc.3dshapes/R0805_L2.0-W1.3-H0.6.wrl: not permitted by archived_projects/shitty-kitty/06_build/contracts.md
FAIL C-ALLOW  archived_projects/shitty-kitty/06_build/twin/easyeda/C17414/jlc.kicad_sym: not permitted by archived_projects/shitty-kitty/06_build/contracts.md
FAIL C-ALLOW  archived_projects/shitty-kitty/06_build/twin/easyeda/C17414/jlc.pretty/R0805.kicad_mod: not permitted by archived_projects/shitty-kitty/06_build/contracts.md
FAIL C-ALLOW  archived_projects/shitty-kitty/06_build/twin/easyeda/C17513/jlc.3dshapes/R0805_L2.0-W1.3-H0.6.step: not permitted by archived_projects/shitty-kitty/06_build/contracts.md
FAIL C-ALLOW  archived_projects/shitty-kitty/06_build/twin/easyeda/C17513/jlc.3dshapes/R0805_L2.0-W1.3-H0.6.wrl: not permitted by archived_projects/shitty-kitty/06_build/contracts.md
FAIL C-ALLOW  archived_projects/shitty-kitty/06_build/twin/easyeda/C17513/jlc.kicad_sym: not permitted by archived_projects/shitty-kitty/06_build/contracts.md
FAIL C-ALLOW  archived_projects/shitty-kitty/06_build/twin/easyeda/C17513/jlc.pretty/R0805.kicad_mod: not permitted by archived_projects/shitty-kitty/06_build/contracts.md
FAIL C-ALLOW  archived_projects/shitty-kitty/06_build/twin/easyeda/C17673/jlc.3dshapes/R0805_L2.0-W1.3-H0.6.step: not permitted by archived_projects/shitty-kitty/06_build/contracts.md
FAIL C-ALLOW  archived_projects/shitty-kitty/06_build/twin/easyeda/C17673/jlc.3dshapes/R0805_L2.0-W1.3-H0.6.wrl: not permitted by archived_projects/shitty-kitty/06_build/contracts.md
FAIL C-ALLOW  archived_projects/shitty-kitty/06_build/twin/easyeda/C17673/jlc.kicad_sym: not permitted by archived_projects/shitty-kitty/06_build/contracts.md
FAIL C-ALLOW  archived_projects/shitty-kitty/06_build/twin/easyeda/C17673/jlc.pretty/R0805.kicad_mod: not permitted by archived_projects/shitty-kitty/06_build/contracts.md
FAIL C-ALLOW  archived_projects/shitty-kitty/06_build/twin/easyeda/C1779/jlc.3dshapes/C0805_L2.0-W1.3-H1.3.step: not permitted by archived_projects/shitty-kitty/06_build/contracts.md
FAIL C-ALLOW  archived_projects/shitty-kitty/06_build/twin/easyeda/C1779/jlc.3dshapes/C0805_L2.0-W1.3-H1.3.wrl: not permitted by archived_projects/shitty-kitty/06_build/contracts.md
FAIL C-ALLOW  archived_projects/shitty-kitty/06_build/twin/easyeda/C1779/jlc.kicad_sym: not permitted by archived_projects/shitty-kitty/06_build/contracts.md
FAIL C-ALLOW  archived_projects/shitty-kitty/06_build/twin/easyeda/C1779/jlc.pretty/C0805.kicad_mod: not permitted by archived_projects/shitty-kitty/06_build/contracts.md
FAIL C-ALLOW  archived_projects/shitty-kitty/06_build/twin/easyeda/C17819/jlc.3dshapes/R0805_L2.0-W1.3-H0.6.step: not permitted by archived_projects/shitty-kitty/06_build/contracts.md
FAIL C-ALLOW  archived_projects/shitty-kitty/06_build/twin/easyeda/C17819/jlc.3dshapes/R0805_L2.0-W1.3-H0.6.wrl: not permitted by archived_projects/shitty-kitty/06_build/contracts.md
FAIL C-ALLOW  archived_projects/shitty-kitty/06_build/twin/easyeda/C17819/jlc.kicad_sym: not permitted by archived_projects/shitty-kitty/06_build/contracts.md
FAIL C-ALLOW  archived_projects/shitty-kitty/06_build/twin/easyeda/C17819/jlc.pretty/R0805.kicad_mod: not permitted by archived_projects/shitty-kitty/06_build/contracts.md
FAIL C-ALLOW  archived_projects/shitty-kitty/06_build/twin/easyeda/C2071056/jlc.3dshapes/TSOT-23-6_L2.9-W1.6-H1.1-LS2.8-P0.95.step: not permitted by archived_projects/shitty-kitty/06_build/contracts.md
FAIL C-ALLOW  archived_projects/shitty-kitty/06_build/twin/easyeda/C2071056/jlc.3dshapes/TSOT-23-6_L2.9-W1.6-H1.1-LS2.8-P0.95.wrl: not permitted by archived_projects/shitty-kitty/06_build/contracts.md
FAIL C-ALLOW  archived_projects/shitty-kitty/06_build/twin/easyeda/C2071056/jlc.kicad_sym: not permitted by archived_projects/shitty-kitty/06_build/contracts.md
FAIL C-ALLOW  archived_projects/shitty-kitty/06_build/twin/easyeda/C2071056/jlc.pretty/TSOT-23-6_L2.9-W1.6-P0.95-LS2.8-BL.kicad_mod: not permitted by archived_projects/shitty-kitty/06_build/contracts.md
FAIL C-ALLOW  archived_projects/shitty-kitty/06_build/twin/easyeda/C20812/jlc.3dshapes/F1812_L4.5-W3.2-H1.0.step: not permitted by archived_projects/shitty-kitty/06_build/contracts.md
FAIL C-ALLOW  archived_projects/shitty-kitty/06_build/twin/easyeda/C20812/jlc.3dshapes/F1812_L4.5-W3.2-H1.0.wrl: not permitted by archived_projects/shitty-kitty/06_build/contracts.md
FAIL C-ALLOW  archived_projects/shitty-kitty/06_build/twin/easyeda/C20812/jlc.kicad_sym: not permitted by archived_projects/shitty-kitty/06_build/contracts.md
FAIL C-ALLOW  archived_projects/shitty-kitty/06_build/twin/easyeda/C20812/jlc.pretty/F1812.kicad_mod: not permitted by archived_projects/shitty-kitty/06_build/contracts.md
FAIL C-ALLOW  archived_projects/shitty-kitty/06_build/twin/easyeda/C2150710/jlc.3dshapes/TQFN-28_L5.0-W5.0-H0.8-P0.50.step: not permitted by archived_projects/shitty-kitty/06_build/contracts.md
FAIL C-ALLOW  archived_projects/shitty-kitty/06_build/twin/easyeda/C2150710/jlc.3dshapes/TQFN-28_L5.0-W5.0-H0.8-P0.50.wrl: not permitted by archived_projects/shitty-kitty/06_build/contracts.md
FAIL C-ALLOW  archived_projects/shitty-kitty/06_build/twin/easyeda/C2150710/jlc.kicad_sym: not permitted by archived_projects/shitty-kitty/06_build/contracts.md
FAIL C-ALLOW  archived_projects/shitty-kitty/06_build/twin/easyeda/C2150710/jlc.pretty/QFN-28_L5.0-W5.0-P0.50-BL-EP.kicad_mod: not permitted by archived_projects/shitty-kitty/06_build/contracts.md
FAIL C-ALLOW  archived_projects/shitty-kitty/06_build/twin/easyeda/C2297/jlc.3dshapes/LED0805-RD.step: not permitted by archived_projects/shitty-kitty/06_build/contracts.md
FAIL C-ALLOW  archived_projects/shitty-kitty/06_build/twin/easyeda/C2297/jlc.3dshapes/LED0805-RD.wrl: not permitted by archived_projects/shitty-kitty/06_build/contracts.md
FAIL C-ALLOW  archived_projects/shitty-kitty/06_build/twin/easyeda/C2297/jlc.kicad_sym: not permitted by archived_projects/shitty-kitty/06_build/contracts.md
FAIL C-ALLOW  archived_projects/shitty-kitty/06_build/twin/easyeda/C2297/jlc.pretty/LED0805-R-RD.kicad_mod: not permitted by archived_projects/shitty-kitty/06_build/contracts.md
FAIL C-ALLOW  archived_projects/shitty-kitty/06_build/twin/easyeda/C2687116/jlc.3dshapes/SOT-23-6_L2.9-W1.6-H1.5-LS2.8-P0.95.step: not permitted by archived_projects/shitty-kitty/06_build/contracts.md
FAIL C-ALLOW  archived_projects/shitty-kitty/06_build/twin/easyeda/C2687116/jlc.3dshapes/SOT-23-6_L2.9-W1.6-H1.5-LS2.8-P0.95.wrl: not permitted by archived_projects/shitty-kitty/06_build/contracts.md
FAIL C-ALLOW  archived_projects/shitty-kitty/06_build/twin/easyeda/C2687116/jlc.kicad_sym: not permitted by archived_projects/shitty-kitty/06_build/contracts.md
FAIL C-ALLOW  archived_projects/shitty-kitty/06_build/twin/easyeda/C2687116/jlc.pretty/SOT-23-6_L2.9-W1.6-P0.95-LS2.8-BL.kicad_mod: not permitted by archived_projects/shitty-kitty/06_build/contracts.md
FAIL C-ALLOW  archived_projects/shitty-kitty/06_build/twin/easyeda/C27834/jlc.3dshapes/R0805_L2.0-W1.3-H0.6.step: not permitted by archived_projects/shitty-kitty/06_build/contracts.md
FAIL C-ALLOW  archived_projects/shitty-kitty/06_build/twin/easyeda/C27834/jlc.3dshapes/R0805_L2.0-W1.3-H0.6.wrl: not permitted by archived_projects/shitty-kitty/06_build/contracts.md
FAIL C-ALLOW  archived_projects/shitty-kitty/06_build/twin/easyeda/C27834/jlc.kicad_sym: not permitted by archived_projects/shitty-kitty/06_build/contracts.md
FAIL C-ALLOW  archived_projects/shitty-kitty/06_build/twin/easyeda/C27834/jlc.pretty/R0805.kicad_mod: not permitted by archived_projects/shitty-kitty/06_build/contracts.md
FAIL C-ALLOW  archived_projects/shitty-kitty/06_build/twin/easyeda/C28323/jlc.3dshapes/C0805_L2.0-W1.3-H1.3.step: not permitted by archived_projects/shitty-kitty/06_build/contracts.md
FAIL C-ALLOW  archived_projects/shitty-kitty/06_build/twin/easyeda/C28323/jlc.3dshapes/C0805_L2.0-W1.3-H1.3.wrl: not permitted by archived_projects/shitty-kitty/06_build/contracts.md
FAIL C-ALLOW  archived_projects/shitty-kitty/06_build/twin/easyeda/C28323/jlc.kicad_sym: not permitted by archived_projects/shitty-kitty/06_build/contracts.md
FAIL C-ALLOW  archived_projects/shitty-kitty/06_build/twin/easyeda/C28323/jlc.pretty/C0805.kicad_mod: not permitted by archived_projects/shitty-kitty/06_build/contracts.md
FAIL C-ALLOW  archived_projects/shitty-kitty/06_build/twin/easyeda/C2836443/jlc.3dshapes/CAP-SMD_BD6.3-L6.6-W6.6-LS7.2-FD.step: not permitted by archived_projects/shitty-kitty/06_build/contracts.md
FAIL C-ALLOW  archived_projects/shitty-kitty/06_build/twin/easyeda/C2836443/jlc.3dshapes/CAP-SMD_BD6.3-L6.6-W6.6-LS7.2-FD.wrl: not permitted by archived_projects/shitty-kitty/06_build/contracts.md
FAIL C-ALLOW  archived_projects/shitty-kitty/06_build/twin/easyeda/C2836443/jlc.kicad_sym: not permitted by archived_projects/shitty-kitty/06_build/contracts.md
FAIL C-ALLOW  archived_projects/shitty-kitty/06_build/twin/easyeda/C2836443/jlc.pretty/CAP-SMD_BD6.3-L6.6-W6.6-LS7.2-FD.kicad_mod: not permitted by archived_projects/shitty-kitty/06_build/contracts.md
FAIL C-ALLOW  archived_projects/shitty-kitty/06_build/twin/easyeda/C2913204/jlc.3dshapes/WIRELM-SMD_ESP32-S3-WROOM-1.step: not permitted by archived_projects/shitty-kitty/06_build/contracts.md
FAIL C-ALLOW  archived_projects/shitty-kitty/06_build/twin/easyeda/C2913204/jlc.3dshapes/WIRELM-SMD_ESP32-S3-WROOM-1.wrl: not permitted by archived_projects/shitty-kitty/06_build/contracts.md
FAIL C-ALLOW  archived_projects/shitty-kitty/06_build/twin/easyeda/C2913204/jlc.kicad_sym: not permitted by archived_projects/shitty-kitty/06_build/contracts.md
FAIL C-ALLOW  archived_projects/shitty-kitty/06_build/twin/easyeda/C2913204/jlc.pretty/WIRELM-SMD_ESP32-S3-WROOM-1.kicad_mod: not permitted by archived_projects/shitty-kitty/06_build/contracts.md
FAIL C-ALLOW  archived_projects/shitty-kitty/06_build/twin/easyeda/C2932703/jlc.3dshapes/HDR-TH_13P-P2.54-M-LI-1X13P.step: not permitted by archived_projects/shitty-kitty/06_build/contracts.md
FAIL C-ALLOW  archived_projects/shitty-kitty/06_build/twin/easyeda/C2932703/jlc.3dshapes/HDR-TH_13P-P2.54-M-LI-1X13P.wrl: not permitted by archived_projects/shitty-kitty/06_build/contracts.md
FAIL C-ALLOW  archived_projects/shitty-kitty/06_build/twin/easyeda/C2932703/jlc.kicad_sym: not permitted by archived_projects/shitty-kitty/06_build/contracts.md
FAIL C-ALLOW  archived_projects/shitty-kitty/06_build/twin/easyeda/C2932703/jlc.pretty/HDR-TH_13P-P2.54-V-M.kicad_mod: not permitted by archived_projects/shitty-kitty/06_build/contracts.md
FAIL C-ALLOW  archived_projects/shitty-kitty/06_build/twin/easyeda/C318884/jlc.3dshapes/SW-SMD_4P-L5.1-W5.1-P3.70-LS6.5-TL_H1.5.step: not permitted by archived_projects/shitty-kitty/06_build/contracts.md
FAIL C-ALLOW  archived_projects/shitty-kitty/06_build/twin/easyeda/C318884/jlc.3dshapes/SW-SMD_4P-L5.1-W5.1-P3.70-LS6.5-TL_H1.5.wrl: not permitted by archived_projects/shitty-kitty/06_build/contracts.md
FAIL C-ALLOW  archived_projects/shitty-kitty/06_build/twin/easyeda/C318884/jlc.kicad_sym: not permitted by archived_projects/shitty-kitty/06_build/contracts.md
FAIL C-ALLOW  archived_projects/shitty-kitty/06_build/twin/easyeda/C318884/jlc.pretty/SW-SMD_4P-L5.1-W5.1-P3.70-LS6.5-TL_H1.5.kicad_mod: not permitted by archived_projects/shitty-kitty/06_build/contracts.md
FAIL C-ALLOW  archived_projects/shitty-kitty/06_build/twin/easyeda/C37936/jlc.3dshapes/R1206_L3.2-W1.6-H0.6.step: not permitted by archived_projects/shitty-kitty/06_build/contracts.md
FAIL C-ALLOW  archived_projects/shitty-kitty/06_build/twin/easyeda/C37936/jlc.3dshapes/R1206_L3.2-W1.6-H0.6.wrl: not permitted by archived_projects/shitty-kitty/06_build/contracts.md
FAIL C-ALLOW  archived_projects/shitty-kitty/06_build/twin/easyeda/C37936/jlc.kicad_sym: not permitted by archived_projects/shitty-kitty/06_build/contracts.md
FAIL C-ALLOW  archived_projects/shitty-kitty/06_build/twin/easyeda/C37936/jlc.pretty/R1206.kicad_mod: not permitted by archived_projects/shitty-kitty/06_build/contracts.md
FAIL C-ALLOW  archived_projects/shitty-kitty/06_build/twin/easyeda/C400894/jlc.3dshapes/TO-252-3_L6.6-W6.1-P4.57-LS9.9-BR-CW.step: not permitted by archived_projects/shitty-kitty/06_build/contracts.md
FAIL C-ALLOW  archived_projects/shitty-kitty/06_build/twin/easyeda/C400894/jlc.3dshapes/TO-252-3_L6.6-W6.1-P4.57-LS9.9-BR-CW.wrl: not permitted by archived_projects/shitty-kitty/06_build/contracts.md
FAIL C-ALLOW  archived_projects/shitty-kitty/06_build/twin/easyeda/C400894/jlc.kicad_sym: not permitted by archived_projects/shitty-kitty/06_build/contracts.md
FAIL C-ALLOW  archived_projects/shitty-kitty/06_build/twin/easyeda/C400894/jlc.pretty/TO-252-3_L6.6-W6.1-P4.57-LS9.9-BR-CW.kicad_mod: not permitted by archived_projects/shitty-kitty/06_build/contracts.md
FAIL C-ALLOW  archived_projects/shitty-kitty/06_build/twin/easyeda/C45783/jlc.3dshapes/C0805_L2.0-W1.3-H1.3.step: not permitted by archived_projects/shitty-kitty/06_build/contracts.md
FAIL C-ALLOW  archived_projects/shitty-kitty/06_build/twin/easyeda/C45783/jlc.3dshapes/C0805_L2.0-W1.3-H1.3.wrl: not permitted by archived_projects/shitty-kitty/06_build/contracts.md
FAIL C-ALLOW  archived_projects/shitty-kitty/06_build/twin/easyeda/C45783/jlc.kicad_sym: not permitted by archived_projects/shitty-kitty/06_build/contracts.md
FAIL C-ALLOW  archived_projects/shitty-kitty/06_build/twin/easyeda/C45783/jlc.pretty/C0805.kicad_mod: not permitted by archived_projects/shitty-kitty/06_build/contracts.md
FAIL C-ALLOW  archived_projects/shitty-kitty/06_build/twin/easyeda/C49678/jlc.3dshapes/C0805_L2.0-W1.3-H1.3.step: not permitted by archived_projects/shitty-kitty/06_build/contracts.md
FAIL C-ALLOW  archived_projects/shitty-kitty/06_build/twin/easyeda/C49678/jlc.3dshapes/C0805_L2.0-W1.3-H1.3.wrl: not permitted by archived_projects/shitty-kitty/06_build/contracts.md
FAIL C-ALLOW  archived_projects/shitty-kitty/06_build/twin/easyeda/C49678/jlc.kicad_sym: not permitted by archived_projects/shitty-kitty/06_build/contracts.md
FAIL C-ALLOW  archived_projects/shitty-kitty/06_build/twin/easyeda/C49678/jlc.pretty/C0805.kicad_mod: not permitted by archived_projects/shitty-kitty/06_build/contracts.md
FAIL C-ALLOW  archived_projects/shitty-kitty/06_build/twin/easyeda/C6186/jlc.3dshapes/SOT-223-4P_L6.5-W3.5-H1.6-LS7.0-P2.30.step: not permitted by archived_projects/shitty-kitty/06_build/contracts.md
FAIL C-ALLOW  archived_projects/shitty-kitty/06_build/twin/easyeda/C6186/jlc.3dshapes/SOT-223-4P_L6.5-W3.5-H1.6-LS7.0-P2.30.wrl: not permitted by archived_projects/shitty-kitty/06_build/contracts.md
FAIL C-ALLOW  archived_projects/shitty-kitty/06_build/twin/easyeda/C6186/jlc.kicad_sym: not permitted by archived_projects/shitty-kitty/06_build/contracts.md
FAIL C-ALLOW  archived_projects/shitty-kitty/06_build/twin/easyeda/C6186/jlc.pretty/SOT-223-3_L6.5-W3.4-P2.30-LS7.0-BR.kicad_mod: not permitted by archived_projects/shitty-kitty/06_build/contracts.md
FAIL C-ALLOW  archived_projects/shitty-kitty/06_build/twin/easyeda/C79272/jlc.3dshapes/IND-SMD_L6.0-W6.0-H4.5.step: not permitted by archived_projects/shitty-kitty/06_build/contracts.md
FAIL C-ALLOW  archived_projects/shitty-kitty/06_build/twin/easyeda/C79272/jlc.3dshapes/IND-SMD_L6.0-W6.0-H4.5.wrl: not permitted by archived_projects/shitty-kitty/06_build/contracts.md
FAIL C-ALLOW  archived_projects/shitty-kitty/06_build/twin/easyeda/C79272/jlc.kicad_sym: not permitted by archived_projects/shitty-kitty/06_build/contracts.md
FAIL C-ALLOW  archived_projects/shitty-kitty/06_build/twin/easyeda/C79272/jlc.pretty/IND-SMD_L6.0-W6.0_SWPA6045S.kicad_mod: not permitted by archived_projects/shitty-kitty/06_build/contracts.md
FAIL C-ALLOW  archived_projects/shitty-kitty/06_build/twin/easyeda/C84007/jlc.3dshapes/DC-IN-TH_DC-005C-20A.step: not permitted by archived_projects/shitty-kitty/06_build/contracts.md
FAIL C-ALLOW  archived_projects/shitty-kitty/06_build/twin/easyeda/C84007/jlc.3dshapes/DC-IN-TH_DC-005C-20A.wrl: not permitted by archived_projects/shitty-kitty/06_build/contracts.md
FAIL C-ALLOW  archived_projects/shitty-kitty/06_build/twin/easyeda/C84007/jlc.kicad_sym: not permitted by archived_projects/shitty-kitty/06_build/contracts.md
FAIL C-ALLOW  archived_projects/shitty-kitty/06_build/twin/easyeda/C84007/jlc.pretty/DC-IN-TH_DC-005C-20A.kicad_mod: not permitted by archived_projects/shitty-kitty/06_build/contracts.md
FAIL C-ALLOW  archived_projects/shitty-kitty/06_build/twin/easyeda/C91322/jlc.3dshapes/QFN-20_L3.0-W3.0-H0.6-P0.40-BL.step: not permitted by archived_projects/shitty-kitty/06_build/contracts.md
FAIL C-ALLOW  archived_projects/shitty-kitty/06_build/twin/easyeda/C91322/jlc.3dshapes/QFN-20_L3.0-W3.0-H0.6-P0.40-BL.wrl: not permitted by archived_projects/shitty-kitty/06_build/contracts.md
FAIL C-ALLOW  archived_projects/shitty-kitty/06_build/twin/easyeda/C91322/jlc.kicad_sym: not permitted by archived_projects/shitty-kitty/06_build/contracts.md
FAIL C-ALLOW  archived_projects/shitty-kitty/06_build/twin/easyeda/C91322/jlc.pretty/QFN-20_L3.0-W3.0-P0.40-BL.kicad_mod: not permitted by archived_projects/shitty-kitty/06_build/contracts.md
FAIL C-ALLOW  archived_projects/shitty-kitty/06_build/twin/easyeda/C98221/jlc.3dshapes/LED0805-RD.step: not permitted by archived_projects/shitty-kitty/06_build/contracts.md
FAIL C-ALLOW  archived_projects/shitty-kitty/06_build/twin/easyeda/C98221/jlc.3dshapes/LED0805-RD.wrl: not permitted by archived_projects/shitty-kitty/06_build/contracts.md
FAIL C-ALLOW  archived_projects/shitty-kitty/06_build/twin/easyeda/C98221/jlc.kicad_sym: not permitted by archived_projects/shitty-kitty/06_build/contracts.md
FAIL C-ALLOW  archived_projects/shitty-kitty/06_build/twin/easyeda/C98221/jlc.pretty/LED0805-R-RD.kicad_mod: not permitted by archived_projects/shitty-kitty/06_build/contracts.md
FAIL C-ALLOW  archived_projects/shitty-kitty/06_build/twin/twin.kicad_pcb: not permitted by archived_projects/shitty-kitty/06_build/contracts.md
FAIL C-ALLOW  archived_projects/shitty-kitty/06_build/twin/twin.kicad_prl: not permitted by archived_projects/shitty-kitty/06_build/contracts.md
FAIL C-ALLOW  archived_projects/shitty-kitty/06_build/twin/twin.kicad_pro: not permitted by archived_projects/shitty-kitty/06_build/contracts.md
FAIL C-ALLOW  archived_projects/shitty-kitty/06_build/twin/twin_bottom.png: not permitted by archived_projects/shitty-kitty/06_build/contracts.md
FAIL C-ALLOW  archived_projects/shitty-kitty/06_build/twin/twin_edge_east.png: not permitted by archived_projects/shitty-kitty/06_build/contracts.md
FAIL C-ALLOW  archived_projects/shitty-kitty/06_build/twin/twin_edge_west.png: not permitted by archived_projects/shitty-kitty/06_build/contracts.md
FAIL C-ALLOW  archived_projects/shitty-kitty/06_build/twin/twin_iso_nw.png: not permitted by archived_projects/shitty-kitty/06_build/contracts.md
FAIL C-ALLOW  archived_projects/shitty-kitty/06_build/twin/twin_iso_se.png: not permitted by archived_projects/shitty-kitty/06_build/contracts.md
FAIL C-ALLOW  archived_projects/shitty-kitty/06_build/twin/twin_report.csv: not permitted by archived_projects/shitty-kitty/06_build/contracts.md
FAIL C-ALLOW  archived_projects/shitty-kitty/06_build/twin/twin_top.png: not permitted by archived_projects/shitty-kitty/06_build/contracts.md
FAIL C-ALLOW  archived_projects/shitty-kitty/06_build/verification/pin_review.md: not permitted by archived_projects/shitty-kitty/06_build/contracts.md
FAIL C-ALLOW  archived_projects/shitty-kitty/07_releases/v1.0-2026-07-18/MANIFEST.txt: not permitted by archived_projects/shitty-kitty/07_releases/contracts.md
FAIL C-ALLOW  archived_projects/shitty-kitty/07_releases/v1.0-2026-07-18/ORDER_README.md: not permitted by archived_projects/shitty-kitty/07_releases/contracts.md
FAIL C-ALLOW  archived_projects/shitty-kitty/07_releases/v1.0-2026-07-18/bom.csv: not permitted by archived_projects/shitty-kitty/07_releases/contracts.md
FAIL C-ALLOW  archived_projects/shitty-kitty/07_releases/v1.0-2026-07-18/cpl.csv: not permitted by archived_projects/shitty-kitty/07_releases/contracts.md
FAIL C-ALLOW  archived_projects/shitty-kitty/07_releases/v1.0-2026-07-18/pdf/assembly_top.pdf: not permitted by archived_projects/shitty-kitty/07_releases/contracts.md
FAIL C-ALLOW  archived_projects/shitty-kitty/07_releases/v1.0-2026-07-18/pdf/pcb_layers.pdf: not permitted by archived_projects/shitty-kitty/07_releases/contracts.md
FAIL C-ALLOW  archived_projects/shitty-kitty/07_releases/v1.0-2026-07-18/pdf/schematic.pdf: not permitted by archived_projects/shitty-kitty/07_releases/contracts.md
FAIL C-ALLOW  archived_projects/shitty-kitty/07_releases/v1.0-2026-07-18/shitty_kitty_gerbers.zip: not permitted by archived_projects/shitty-kitty/07_releases/contracts.md
FAIL C-ALLOW  archived_projects/shitty-kitty/07_releases/v1.0-2026-07-18/verification/audit.txt: not permitted by archived_projects/shitty-kitty/07_releases/contracts.md
FAIL C-ALLOW  archived_projects/shitty-kitty/07_releases/v1.0-2026-07-18/verification/drc.json: not permitted by archived_projects/shitty-kitty/07_releases/contracts.md
FAIL C-ALLOW  archived_projects/shitty-kitty/07_releases/v1.0-2026-07-18/verification/erc.json: not permitted by archived_projects/shitty-kitty/07_releases/contracts.md
FAIL C-ALLOW  archived_projects/shitty-kitty/07_releases/v1.0-2026-07-18/verification/pin_review.md: not permitted by archived_projects/shitty-kitty/07_releases/contracts.md
FAIL C-ALLOW  archived_projects/shitty-kitty/07_releases/v1.0-2026-07-18/verification/policy_audit.md: not permitted by archived_projects/shitty-kitty/07_releases/contracts.md
FAIL C-ALLOW  archived_projects/shitty-kitty/07_releases/v1.0-2026-07-18/verification/render_review.md: not permitted by archived_projects/shitty-kitty/07_releases/contracts.md
FAIL C-ALLOW  archived_projects/shitty-kitty/07_releases/v1.0-2026-07-18/verification/stock_check.csv: not permitted by archived_projects/shitty-kitty/07_releases/contracts.md
FAIL C-ALLOW  archived_projects/shitty-kitty/07_releases/v1.0-2026-07-18/verification/twin_adjudications.yaml: not permitted by archived_projects/shitty-kitty/07_releases/contracts.md
FAIL C-ALLOW  archived_projects/shitty-kitty/07_releases/v1.0-2026-07-18/verification/twin_bottom.png: not permitted by archived_projects/shitty-kitty/07_releases/contracts.md
FAIL C-ALLOW  archived_projects/shitty-kitty/07_releases/v1.0-2026-07-18/verification/twin_edge_east.png: not permitted by archived_projects/shitty-kitty/07_releases/contracts.md
FAIL C-ALLOW  archived_projects/shitty-kitty/07_releases/v1.0-2026-07-18/verification/twin_edge_west.png: not permitted by archived_projects/shitty-kitty/07_releases/contracts.md
FAIL C-ALLOW  archived_projects/shitty-kitty/07_releases/v1.0-2026-07-18/verification/twin_iso_nw.png: not permitted by archived_projects/shitty-kitty/07_releases/contracts.md
FAIL C-ALLOW  archived_projects/shitty-kitty/07_releases/v1.0-2026-07-18/verification/twin_iso_se.png: not permitted by archived_projects/shitty-kitty/07_releases/contracts.md
FAIL C-ALLOW  archived_projects/shitty-kitty/07_releases/v1.0-2026-07-18/verification/twin_report.csv: not permitted by archived_projects/shitty-kitty/07_releases/contracts.md
FAIL C-ALLOW  archived_projects/shitty-kitty/07_releases/v1.0-2026-07-18/verification/twin_top.png: not permitted by archived_projects/shitty-kitty/07_releases/contracts.md
FAIL C-ALLOW  archived_projects/shitty-kitty/PROGRESS.md: not permitted by archived_projects/contracts.md
FAIL C-ALLOW  archived_projects/smc0985-cook/01_docs/BRIEF_SOURCE.txt: not permitted by archived_projects/smc0985-cook/01_docs/contracts.md
FAIL C-ALLOW  archived_projects/smc0985-cooksense/.gitignore: not permitted by archived_projects/contracts.md
FAIL C-ALLOW  archived_projects/smc0985-cooksense/01_docs/STATUS-cooksense.md: not permitted by archived_projects/smc0985-cooksense/01_docs/contracts.md
FAIL C-ALLOW  archived_projects/smc0985-cooksense/01_docs/STATUS-interposer.md: not permitted by archived_projects/smc0985-cooksense/01_docs/contracts.md
FAIL C-ALLOW  archived_projects/smc0985-cooksense/01_docs/learnings/label_ownership_se_corner.md: not permitted by archived_projects/smc0985-cooksense/01_docs/contracts.md
FAIL C-ALLOW  archived_projects/smc0985-cooksense/01_docs/learnings/placement_cooksense_v11.md: not permitted by archived_projects/smc0985-cooksense/01_docs/contracts.md
FAIL C-ALLOW  archived_projects/smc0985-cooksense/01_docs/learnings/routing_cooksense.md: not permitted by archived_projects/smc0985-cooksense/01_docs/contracts.md
FAIL C-ALLOW  archived_projects/smc0985-cooksense/01_docs/learnings/routing_cooksense_v11.md: not permitted by archived_projects/smc0985-cooksense/01_docs/contracts.md
FAIL C-ALLOW  archived_projects/smc0985-cooksense/01_docs/learnings/verify_interposer_v11.md: not permitted by archived_projects/smc0985-cooksense/01_docs/contracts.md
FAIL C-ALLOW  archived_projects/smc0985-cooksense/01_docs/pin_map.md: not permitted by archived_projects/smc0985-cooksense/01_docs/contracts.md
FAIL C-ALLOW  archived_projects/smc0985-cooksense/03_src/cooksense/apply_drc_policy.py: not permitted by archived_projects/smc0985-cooksense/03_src/contracts.md
FAIL C-ALLOW  archived_projects/smc0985-cooksense/03_src/cooksense/audit_board.py: not permitted by archived_projects/smc0985-cooksense/03_src/contracts.md
FAIL C-ALLOW  archived_projects/smc0985-cooksense/03_src/cooksense/fix_silk_placement.py: not permitted by archived_projects/smc0985-cooksense/03_src/contracts.md
FAIL C-ALLOW  archived_projects/smc0985-cooksense/03_src/cooksense/floorplan.yaml: not permitted by archived_projects/smc0985-cooksense/03_src/contracts.md
FAIL C-ALLOW  archived_projects/smc0985-cooksense/03_src/cooksense/rebuild_all.sh: not permitted by archived_projects/smc0985-cooksense/03_src/contracts.md
FAIL C-ALLOW  archived_projects/smc0985-cooksense/03_src/cooksense/rebuild_schematic.sh: not permitted by archived_projects/smc0985-cooksense/03_src/contracts.md
FAIL C-ALLOW  archived_projects/smc0985-cooksense/03_src/cooksense/route.yaml: not permitted by archived_projects/smc0985-cooksense/03_src/contracts.md
FAIL C-ALLOW  archived_projects/smc0985-cooksense/03_src/cooksense/route/final_chain.kicad_pcb: not permitted by archived_projects/smc0985-cooksense/03_src/contracts.md
FAIL C-ALLOW  archived_projects/smc0985-cooksense/03_src/cooksense/rules/assembly.yaml: not permitted by archived_projects/smc0985-cooksense/03_src/contracts.md
FAIL C-ALLOW  archived_projects/smc0985-cooksense/03_src/cooksense/rules/electrical_invariants.yaml: not permitted by archived_projects/smc0985-cooksense/03_src/contracts.md
FAIL C-ALLOW  archived_projects/smc0985-cooksense/03_src/cooksense/rules/nets.yaml: not permitted by archived_projects/smc0985-cooksense/03_src/contracts.md
FAIL C-ALLOW  archived_projects/smc0985-cooksense/03_src/cooksense/rules/policy_waivers.yaml: not permitted by archived_projects/smc0985-cooksense/03_src/contracts.md
FAIL C-ALLOW  archived_projects/smc0985-cooksense/03_src/cooksense/rules/power_tree.yaml: not permitted by archived_projects/smc0985-cooksense/03_src/contracts.md
FAIL C-ALLOW  archived_projects/smc0985-cooksense/03_src/cooksense/rules/twin_adjudications.yaml: not permitted by archived_projects/smc0985-cooksense/03_src/contracts.md
FAIL C-ALLOW  archived_projects/smc0985-cooksense/03_src/cooksense/scan_bond_sites.py: not permitted by archived_projects/smc0985-cooksense/03_src/contracts.md
FAIL C-ALLOW  archived_projects/smc0985-cooksense/03_src/cooksense/tie_efuse_ep.py: not permitted by archived_projects/smc0985-cooksense/03_src/contracts.md
FAIL C-ALLOW  archived_projects/smc0985-cooksense/03_src/interposer/audit_board.py: not permitted by archived_projects/smc0985-cooksense/03_src/contracts.md
FAIL C-ALLOW  archived_projects/smc0985-cooksense/03_src/interposer/floorplan.yaml: not permitted by archived_projects/smc0985-cooksense/03_src/contracts.md
FAIL C-ALLOW  archived_projects/smc0985-cooksense/03_src/interposer/rebuild_all.sh: not permitted by archived_projects/smc0985-cooksense/03_src/contracts.md
FAIL C-ALLOW  archived_projects/smc0985-cooksense/03_src/interposer/route.yaml: not permitted by archived_projects/smc0985-cooksense/03_src/contracts.md
FAIL C-ALLOW  archived_projects/smc0985-cooksense/03_src/interposer/route/final_chain.kicad_pcb: not permitted by archived_projects/smc0985-cooksense/03_src/contracts.md
FAIL C-ALLOW  archived_projects/smc0985-cooksense/03_src/interposer/rules/assembly.yaml: not permitted by archived_projects/smc0985-cooksense/03_src/contracts.md
FAIL C-ALLOW  archived_projects/smc0985-cooksense/03_src/interposer/rules/electrical_invariants.yaml: not permitted by archived_projects/smc0985-cooksense/03_src/contracts.md
FAIL C-ALLOW  archived_projects/smc0985-cooksense/03_src/interposer/rules/nets.yaml: not permitted by archived_projects/smc0985-cooksense/03_src/contracts.md
FAIL C-ALLOW  archived_projects/smc0985-cooksense/03_src/interposer/rules/policy_waivers.yaml: not permitted by archived_projects/smc0985-cooksense/03_src/contracts.md
FAIL C-ALLOW  archived_projects/smc0985-cooksense/03_src/interposer/rules/power_tree.yaml: not permitted by archived_projects/smc0985-cooksense/03_src/contracts.md
FAIL C-ALLOW  archived_projects/smc0985-cooksense/03_src/lib/cooksense.pretty/JST_10FDZ-BT_1x10_P2.54mm_Vertical_ZIF.kicad_mod: not permitted by archived_projects/smc0985-cooksense/03_src/lib/contracts.md
FAIL C-ALLOW  archived_projects/smc0985-cooksense/03_src/lib/cooksense.pretty/Omega_PCC-SMP-K_TypeK_PCpin.kicad_mod: not permitted by archived_projects/smc0985-cooksense/03_src/lib/contracts.md
FAIL C-ALLOW  archived_projects/smc0985-cooksense/03_src/lib/cooksense.pretty/Relay_StandexDIP_1A_pinout13.kicad_mod: not permitted by archived_projects/smc0985-cooksense/03_src/lib/contracts.md
FAIL C-ALLOW  archived_projects/smc0985-cooksense/03_src/lib/cooksense.pretty/TerminalBlock_KF350_2P.kicad_mod: not permitted by archived_projects/smc0985-cooksense/03_src/lib/contracts.md
FAIL C-ALLOW  archived_projects/smc0985-cooksense/03_src/lib/cooksense.pretty/TerminalBlock_KF350_4P.kicad_mod: not permitted by archived_projects/smc0985-cooksense/03_src/lib/contracts.md
FAIL C-ALLOW  archived_projects/smc0985-cooksense/03_tscircuit/build/interposer.circuit.json: not permitted by archived_projects/smc0985-cooksense/03_tscircuit/contracts.md
FAIL C-ALLOW  archived_projects/smc0985-cooksense/03_tscircuit/build/interposer.schematic.pdf: not permitted by archived_projects/smc0985-cooksense/03_tscircuit/contracts.md
FAIL C-ALLOW  archived_projects/smc0985-cooksense/03_tscircuit/build/interposer.schematic.svg: not permitted by archived_projects/smc0985-cooksense/03_tscircuit/contracts.md
FAIL C-ALLOW  archived_projects/smc0985-cooksense/03_tscircuit/manifest_interposer.yaml: not permitted by archived_projects/smc0985-cooksense/03_tscircuit/contracts.md
FAIL C-ALLOW  archived_projects/smc0985-cooksense/03_tscircuit/verification/einv_red_verification_adr0024.txt: not permitted by archived_projects/smc0985-cooksense/03_tscircuit/contracts.md
FAIL C-ALLOW  archived_projects/smc0985-cooksense/03_tscircuit/verification/erc.json: not permitted by archived_projects/smc0985-cooksense/03_tscircuit/contracts.md
FAIL C-ALLOW  archived_projects/smc0985-cooksense/03_tscircuit/verification/ghost_net_census.md: not permitted by archived_projects/smc0985-cooksense/03_tscircuit/contracts.md
FAIL C-ALLOW  archived_projects/smc0985-cooksense/03_tscircuit/verification/interposer.converter_netlist.net: not permitted by archived_projects/smc0985-cooksense/03_tscircuit/contracts.md
FAIL C-ALLOW  archived_projects/smc0985-cooksense/03_tscircuit/verification/interposer.erc.json: not permitted by archived_projects/smc0985-cooksense/03_tscircuit/contracts.md
FAIL C-ALLOW  archived_projects/smc0985-cooksense/03_tscircuit/verification/interposer.erc.rpt: not permitted by archived_projects/smc0985-cooksense/03_tscircuit/contracts.md
FAIL C-ALLOW  archived_projects/smc0985-cooksense/03_tscircuit/verification/interposer.tsc_netlist.txt: not permitted by archived_projects/smc0985-cooksense/03_tscircuit/contracts.md
FAIL C-ALLOW  archived_projects/smc0985-cooksense/06_build/verification/INDEX.md: not permitted by archived_projects/smc0985-cooksense/06_build/contracts.md
FAIL C-ALLOW  archived_projects/smc0985-cooksense/06_build/verification/ORDER_README.md: not permitted by archived_projects/smc0985-cooksense/06_build/contracts.md
FAIL C-ALLOW  archived_projects/smc0985-cooksense/06_build/verification/assembly_coverage.txt: not permitted by archived_projects/smc0985-cooksense/06_build/contracts.md
FAIL C-ALLOW  archived_projects/smc0985-cooksense/06_build/verification/audit.txt: not permitted by archived_projects/smc0985-cooksense/06_build/contracts.md
FAIL C-ALLOW  archived_projects/smc0985-cooksense/06_build/verification/bom_source_check.txt: not permitted by archived_projects/smc0985-cooksense/06_build/contracts.md
FAIL C-ALLOW  archived_projects/smc0985-cooksense/06_build/verification/build_gates.md: not permitted by archived_projects/smc0985-cooksense/06_build/contracts.md
FAIL C-ALLOW  archived_projects/smc0985-cooksense/06_build/verification/circuit_value_check.txt: not permitted by archived_projects/smc0985-cooksense/06_build/contracts.md
FAIL C-ALLOW  archived_projects/smc0985-cooksense/06_build/verification/dispositions.md: not permitted by archived_projects/smc0985-cooksense/06_build/contracts.md
FAIL C-ALLOW  archived_projects/smc0985-cooksense/06_build/verification/dispositions_v10_carried.md: not permitted by archived_projects/smc0985-cooksense/06_build/contracts.md
FAIL C-ALLOW  archived_projects/smc0985-cooksense/06_build/verification/einv.txt: not permitted by archived_projects/smc0985-cooksense/06_build/contracts.md
FAIL C-ALLOW  archived_projects/smc0985-cooksense/06_build/verification/einv_red_verification.md: not permitted by archived_projects/smc0985-cooksense/06_build/contracts.md
FAIL C-ALLOW  archived_projects/smc0985-cooksense/06_build/verification/missing_models.txt: not permitted by archived_projects/smc0985-cooksense/06_build/contracts.md
FAIL C-ALLOW  archived_projects/smc0985-cooksense/06_build/verification/mrepro.md: not permitted by archived_projects/smc0985-cooksense/06_build/contracts.md
FAIL C-ALLOW  archived_projects/smc0985-cooksense/06_build/verification/parity.md: not permitted by archived_projects/smc0985-cooksense/06_build/contracts.md
FAIL C-ALLOW  archived_projects/smc0985-cooksense/06_build/verification/part_facts.txt: not permitted by archived_projects/smc0985-cooksense/06_build/contracts.md
FAIL C-ALLOW  archived_projects/smc0985-cooksense/06_build/verification/pin_review.md: not permitted by archived_projects/smc0985-cooksense/06_build/contracts.md
FAIL C-ALLOW  archived_projects/smc0985-cooksense/06_build/verification/policy_audit.md: not permitted by archived_projects/smc0985-cooksense/06_build/contracts.md
FAIL C-ALLOW  archived_projects/smc0985-cooksense/06_build/verification/redteam_layout.md: not permitted by archived_projects/smc0985-cooksense/06_build/contracts.md
FAIL C-ALLOW  archived_projects/smc0985-cooksense/06_build/verification/redteam_topology.md: not permitted by archived_projects/smc0985-cooksense/06_build/contracts.md
FAIL C-ALLOW  archived_projects/smc0985-cooksense/06_build/verification/render_review.md: not permitted by archived_projects/smc0985-cooksense/06_build/contracts.md
FAIL C-ALLOW  archived_projects/smc0985-cooksense/06_build/verification/rotation_C22046_measurement.md: not permitted by archived_projects/smc0985-cooksense/06_build/contracts.md
FAIL C-ALLOW  archived_projects/smc0985-cooksense/06_build/verification/rotation_audit.txt: not permitted by archived_projects/smc0985-cooksense/06_build/contracts.md
FAIL C-ALLOW  archived_projects/smc0985-cooksense/06_build/verification/rotation_human_gate.txt: not permitted by archived_projects/smc0985-cooksense/06_build/contracts.md
FAIL C-ALLOW  archived_projects/smc0985-cooksense/06_build/verification/rotation_measurements_v13.txt: not permitted by archived_projects/smc0985-cooksense/06_build/contracts.md
FAIL C-ALLOW  archived_projects/smc0985-cooksense/06_build/verification/semantic_battery.txt: not permitted by archived_projects/smc0985-cooksense/06_build/contracts.md
FAIL C-ALLOW  archived_projects/smc0985-cooksense/06_build/verification/stock_check.txt: not permitted by archived_projects/smc0985-cooksense/06_build/contracts.md
FAIL C-ALLOW  archived_projects/smc0985-cooksense/06_build/verification/stranded_islands.md: not permitted by archived_projects/smc0985-cooksense/06_build/contracts.md
FAIL C-ALLOW  archived_projects/smc0985-cooksense/RESUME.md: not permitted by archived_projects/contracts.md
FAIL C-ALLOW  archived_projects/usb-controlled-debug-hub-v1/01_docs/pause_state.json: not permitted by archived_projects/usb-controlled-debug-hub-v1/01_docs/contracts.md
FAIL C-ALLOW  archived_projects/usb-controlled-debug-hub-v1/02_parts/KH-AF90DIP-112/pin_authority.md: not permitted by archived_projects/usb-controlled-debug-hub-v1/02_parts/contracts.md
FAIL C-ALLOW  archived_projects/usb-controlled-debug-hub-v1/03_src/fab_overrides.txt: not permitted by archived_projects/usb-controlled-debug-hub-v1/03_src/contracts.md
FAIL C-ALLOW  archived_projects/usb-controlled-debug-hub-v1/03_src/lib/3d/2N7002K_SOT23.step: not permitted by archived_projects/usb-controlled-debug-hub-v1/03_src/lib/contracts.md
FAIL C-ALLOW  archived_projects/usb-controlled-debug-hub-v1/03_src/lib/3d/DMP3007_PowerDI5060.step: not permitted by archived_projects/usb-controlled-debug-hub-v1/03_src/lib/contracts.md
FAIL C-ALLOW  archived_projects/usb-controlled-debug-hub-v1/03_src/lib/3d/JLC_C86462_USB-B_TH_BF90.step: not permitted by archived_projects/usb-controlled-debug-hub-v1/03_src/lib/contracts.md
FAIL C-ALLOW  archived_projects/usb-controlled-debug-hub-v1/03_src/lib/3d/KH-AF90DIP-112.step: not permitted by archived_projects/usb-controlled-debug-hub-v1/03_src/lib/contracts.md
FAIL C-ALLOW  archived_projects/usb-controlled-debug-hub-v1/03_src/lib/3d/Phoenix_1935161.step: not permitted by archived_projects/usb-controlled-debug-hub-v1/03_src/lib/contracts.md
FAIL C-ALLOW  archived_projects/usb-controlled-debug-hub-v1/03_src/lib/3d/SWPA4030S.step: not permitted by archived_projects/usb-controlled-debug-hub-v1/03_src/lib/contracts.md
FAIL C-ALLOW  archived_projects/usb-controlled-debug-hub-v1/03_src/lib/3d/TE_292304-1.step: not permitted by archived_projects/usb-controlled-debug-hub-v1/03_src/lib/contracts.md
FAIL C-ALLOW  archived_projects/usb-controlled-debug-hub-v1/03_src/lib/3d/TPS2557_SON8.step: not permitted by archived_projects/usb-controlled-debug-hub-v1/03_src/lib/contracts.md
FAIL C-ALLOW  archived_projects/usb-controlled-debug-hub-v1/03_src/lib/3d/TPS259474LRPWR_VQFN-HR-10.step: not permitted by archived_projects/usb-controlled-debug-hub-v1/03_src/lib/contracts.md
FAIL C-ALLOW  archived_projects/usb-controlled-debug-hub-v1/03_src/lib/3d/USB2517I_QFN64.step: not permitted by archived_projects/usb-controlled-debug-hub-v1/03_src/lib/contracts.md
FAIL C-ALLOW  archived_projects/usb-controlled-debug-hub-v1/03_src/rules/capability-profile.json: not permitted by archived_projects/usb-controlled-debug-hub-v1/03_src/rules/contracts.md
FAIL C-ALLOW  archived_projects/usb-controlled-debug-hub-v1/06_build/sourcing/v014-candidate/README.md: not permitted by archived_projects/usb-controlled-debug-hub-v1/06_build/contracts.md
FAIL C-ALLOW  archived_projects/usb-controlled-debug-hub-v1/06_build/sourcing/v014-candidate/bom.csv: not permitted by archived_projects/usb-controlled-debug-hub-v1/06_build/contracts.md
FAIL C-ALLOW  archived_projects/usb-controlled-debug-hub-v1/06_build/sourcing/v014-candidate/catalog_advisory.csv: not permitted by archived_projects/usb-controlled-debug-hub-v1/06_build/contracts.md
FAIL C-ALLOW  archived_projects/usb-controlled-debug-hub-v1/06_build/sourcing/v014-candidate/catalog_advisory.json: not permitted by archived_projects/usb-controlled-debug-hub-v1/06_build/contracts.md
FAIL C-ALLOW  archived_projects/usb-controlled-debug-hub-v1/06_build/sourcing/v014-candidate/catalog_advisory.txt: not permitted by archived_projects/usb-controlled-debug-hub-v1/06_build/contracts.md
FAIL C-ALLOW  archived_projects/usb-controlled-debug-hub-v1/06_build/sourcing/v014-candidate/prelayout_request.json: not permitted by archived_projects/usb-controlled-debug-hub-v1/06_build/contracts.md
FAIL C-ALLOW  archived_projects/usb-controlled-debug-hub-v1/06_build/sourcing/v014-candidate/prelayout_response.csv: not permitted by archived_projects/usb-controlled-debug-hub-v1/06_build/contracts.md
FAIL C-ALLOW  archived_projects/usb-controlled-debug-hub-v1/07_releases/v0.1.2-2026-08-17/03_src/lib/3d/2N7002K_SOT23.step: not permitted by archived_projects/usb-controlled-debug-hub-v1/07_releases/v0.1.2-2026-08-17/03_src/lib/contracts.md
FAIL C-ALLOW  archived_projects/usb-controlled-debug-hub-v1/07_releases/v0.1.2-2026-08-17/03_src/lib/3d/DMP3007_PowerDI5060.step: not permitted by archived_projects/usb-controlled-debug-hub-v1/07_releases/v0.1.2-2026-08-17/03_src/lib/contracts.md
FAIL C-ALLOW  archived_projects/usb-controlled-debug-hub-v1/07_releases/v0.1.2-2026-08-17/03_src/lib/3d/JLC_C86462_USB-B_TH_BF90.step: not permitted by archived_projects/usb-controlled-debug-hub-v1/07_releases/v0.1.2-2026-08-17/03_src/lib/contracts.md
FAIL C-ALLOW  archived_projects/usb-controlled-debug-hub-v1/07_releases/v0.1.2-2026-08-17/03_src/lib/3d/KH-AF90DIP-112.step: not permitted by archived_projects/usb-controlled-debug-hub-v1/07_releases/v0.1.2-2026-08-17/03_src/lib/contracts.md
FAIL C-ALLOW  archived_projects/usb-controlled-debug-hub-v1/07_releases/v0.1.2-2026-08-17/03_src/lib/3d/Phoenix_1935161.step: not permitted by archived_projects/usb-controlled-debug-hub-v1/07_releases/v0.1.2-2026-08-17/03_src/lib/contracts.md
FAIL C-ALLOW  archived_projects/usb-controlled-debug-hub-v1/07_releases/v0.1.2-2026-08-17/03_src/lib/3d/SWPA4030S.step: not permitted by archived_projects/usb-controlled-debug-hub-v1/07_releases/v0.1.2-2026-08-17/03_src/lib/contracts.md
FAIL C-ALLOW  archived_projects/usb-controlled-debug-hub-v1/07_releases/v0.1.2-2026-08-17/03_src/lib/3d/TE_292304-1.step: not permitted by archived_projects/usb-controlled-debug-hub-v1/07_releases/v0.1.2-2026-08-17/03_src/lib/contracts.md
FAIL C-ALLOW  archived_projects/usb-controlled-debug-hub-v1/07_releases/v0.1.2-2026-08-17/03_src/lib/3d/TPS2557_SON8.step: not permitted by archived_projects/usb-controlled-debug-hub-v1/07_releases/v0.1.2-2026-08-17/03_src/lib/contracts.md
FAIL C-ALLOW  archived_projects/usb-controlled-debug-hub-v1/07_releases/v0.1.2-2026-08-17/03_src/lib/3d/TPS259474LRPWR_VQFN-HR-10.step: not permitted by archived_projects/usb-controlled-debug-hub-v1/07_releases/v0.1.2-2026-08-17/03_src/lib/contracts.md
FAIL C-ALLOW  archived_projects/usb-controlled-debug-hub-v1/07_releases/v0.1.2-2026-08-17/03_src/lib/3d/USB2517I_QFN64.step: not permitted by archived_projects/usb-controlled-debug-hub-v1/07_releases/v0.1.2-2026-08-17/03_src/lib/contracts.md
FAIL C-ALLOW  archived_projects/usb-controlled-debug-hub-v1/07_releases/v0.1.2-2026-08-17/source/03_src/lib/3d/2N7002K_SOT23.step: not permitted by archived_projects/usb-controlled-debug-hub-v1/07_releases/v0.1.2-2026-08-17/source/03_src/lib/contracts.md
FAIL C-ALLOW  archived_projects/usb-controlled-debug-hub-v1/07_releases/v0.1.2-2026-08-17/source/03_src/lib/3d/DMP3007_PowerDI5060.step: not permitted by archived_projects/usb-controlled-debug-hub-v1/07_releases/v0.1.2-2026-08-17/source/03_src/lib/contracts.md
FAIL C-ALLOW  archived_projects/usb-controlled-debug-hub-v1/07_releases/v0.1.2-2026-08-17/source/03_src/lib/3d/JLC_C86462_USB-B_TH_BF90.step: not permitted by archived_projects/usb-controlled-debug-hub-v1/07_releases/v0.1.2-2026-08-17/source/03_src/lib/contracts.md
FAIL C-ALLOW  archived_projects/usb-controlled-debug-hub-v1/07_releases/v0.1.2-2026-08-17/source/03_src/lib/3d/KH-AF90DIP-112.step: not permitted by archived_projects/usb-controlled-debug-hub-v1/07_releases/v0.1.2-2026-08-17/source/03_src/lib/contracts.md
FAIL C-ALLOW  archived_projects/usb-controlled-debug-hub-v1/07_releases/v0.1.2-2026-08-17/source/03_src/lib/3d/Phoenix_1935161.step: not permitted by archived_projects/usb-controlled-debug-hub-v1/07_releases/v0.1.2-2026-08-17/source/03_src/lib/contracts.md
FAIL C-ALLOW  archived_projects/usb-controlled-debug-hub-v1/07_releases/v0.1.2-2026-08-17/source/03_src/lib/3d/SWPA4030S.step: not permitted by archived_projects/usb-controlled-debug-hub-v1/07_releases/v0.1.2-2026-08-17/source/03_src/lib/contracts.md
FAIL C-ALLOW  archived_projects/usb-controlled-debug-hub-v1/07_releases/v0.1.2-2026-08-17/source/03_src/lib/3d/TE_292304-1.step: not permitted by archived_projects/usb-controlled-debug-hub-v1/07_releases/v0.1.2-2026-08-17/source/03_src/lib/contracts.md
FAIL C-ALLOW  archived_projects/usb-controlled-debug-hub-v1/07_releases/v0.1.2-2026-08-17/source/03_src/lib/3d/TPS2557_SON8.step: not permitted by archived_projects/usb-controlled-debug-hub-v1/07_releases/v0.1.2-2026-08-17/source/03_src/lib/contracts.md
FAIL C-ALLOW  archived_projects/usb-controlled-debug-hub-v1/07_releases/v0.1.2-2026-08-17/source/03_src/lib/3d/TPS259474LRPWR_VQFN-HR-10.step: not permitted by archived_projects/usb-controlled-debug-hub-v1/07_releases/v0.1.2-2026-08-17/source/03_src/lib/contracts.md
FAIL C-ALLOW  archived_projects/usb-controlled-debug-hub-v1/07_releases/v0.1.2-2026-08-17/source/03_src/lib/3d/USB2517I_QFN64.step: not permitted by archived_projects/usb-controlled-debug-hub-v1/07_releases/v0.1.2-2026-08-17/source/03_src/lib/contracts.md
FAIL C-ALLOW  archived_projects/usb-controlled-debug-hub-v1/07_releases/v0.1.3-2026-08-18/source/03_src/lib/3d/2N7002K_SOT23.step: not permitted by archived_projects/usb-controlled-debug-hub-v1/07_releases/v0.1.3-2026-08-18/source/03_src/lib/contracts.md
FAIL C-ALLOW  archived_projects/usb-controlled-debug-hub-v1/07_releases/v0.1.3-2026-08-18/source/03_src/lib/3d/DMP3007_PowerDI5060.step: not permitted by archived_projects/usb-controlled-debug-hub-v1/07_releases/v0.1.3-2026-08-18/source/03_src/lib/contracts.md
FAIL C-ALLOW  archived_projects/usb-controlled-debug-hub-v1/07_releases/v0.1.3-2026-08-18/source/03_src/lib/3d/JLC_C86462_USB-B_TH_BF90.step: not permitted by archived_projects/usb-controlled-debug-hub-v1/07_releases/v0.1.3-2026-08-18/source/03_src/lib/contracts.md
FAIL C-ALLOW  archived_projects/usb-controlled-debug-hub-v1/07_releases/v0.1.3-2026-08-18/source/03_src/lib/3d/KH-AF90DIP-112.step: not permitted by archived_projects/usb-controlled-debug-hub-v1/07_releases/v0.1.3-2026-08-18/source/03_src/lib/contracts.md
FAIL C-ALLOW  archived_projects/usb-controlled-debug-hub-v1/07_releases/v0.1.3-2026-08-18/source/03_src/lib/3d/Phoenix_1935161.step: not permitted by archived_projects/usb-controlled-debug-hub-v1/07_releases/v0.1.3-2026-08-18/source/03_src/lib/contracts.md
FAIL C-ALLOW  archived_projects/usb-controlled-debug-hub-v1/07_releases/v0.1.3-2026-08-18/source/03_src/lib/3d/SWPA4030S.step: not permitted by archived_projects/usb-controlled-debug-hub-v1/07_releases/v0.1.3-2026-08-18/source/03_src/lib/contracts.md
FAIL C-ALLOW  archived_projects/usb-controlled-debug-hub-v1/07_releases/v0.1.3-2026-08-18/source/03_src/lib/3d/TE_292304-1.step: not permitted by archived_projects/usb-controlled-debug-hub-v1/07_releases/v0.1.3-2026-08-18/source/03_src/lib/contracts.md
FAIL C-ALLOW  archived_projects/usb-controlled-debug-hub-v1/07_releases/v0.1.3-2026-08-18/source/03_src/lib/3d/TPS2557_SON8.step: not permitted by archived_projects/usb-controlled-debug-hub-v1/07_releases/v0.1.3-2026-08-18/source/03_src/lib/contracts.md
FAIL C-ALLOW  archived_projects/usb-controlled-debug-hub-v1/07_releases/v0.1.3-2026-08-18/source/03_src/lib/3d/TPS259474LRPWR_VQFN-HR-10.step: not permitted by archived_projects/usb-controlled-debug-hub-v1/07_releases/v0.1.3-2026-08-18/source/03_src/lib/contracts.md
FAIL C-ALLOW  archived_projects/usb-controlled-debug-hub-v1/07_releases/v0.1.3-2026-08-18/source/03_src/lib/3d/USB2517I_QFN64.step: not permitted by archived_projects/usb-controlled-debug-hub-v1/07_releases/v0.1.3-2026-08-18/source/03_src/lib/contracts.md
FAIL C-ALLOW  archived_projects/usb-controlled-debug-hub-v1/07_releases/v0.1.4-2026-08-18/source/03_src/lib/3d/2N7002K_SOT23.step: not permitted by archived_projects/usb-controlled-debug-hub-v1/07_releases/v0.1.4-2026-08-18/source/03_src/lib/contracts.md
FAIL C-ALLOW  archived_projects/usb-controlled-debug-hub-v1/07_releases/v0.1.4-2026-08-18/source/03_src/lib/3d/DMP3007_PowerDI5060.step: not permitted by archived_projects/usb-controlled-debug-hub-v1/07_releases/v0.1.4-2026-08-18/source/03_src/lib/contracts.md
FAIL C-ALLOW  archived_projects/usb-controlled-debug-hub-v1/07_releases/v0.1.4-2026-08-18/source/03_src/lib/3d/JLC_C86462_USB-B_TH_BF90.step: not permitted by archived_projects/usb-controlled-debug-hub-v1/07_releases/v0.1.4-2026-08-18/source/03_src/lib/contracts.md
FAIL C-ALLOW  archived_projects/usb-controlled-debug-hub-v1/07_releases/v0.1.4-2026-08-18/source/03_src/lib/3d/KH-AF90DIP-112.step: not permitted by archived_projects/usb-controlled-debug-hub-v1/07_releases/v0.1.4-2026-08-18/source/03_src/lib/contracts.md
FAIL C-ALLOW  archived_projects/usb-controlled-debug-hub-v1/07_releases/v0.1.4-2026-08-18/source/03_src/lib/3d/Phoenix_1935161.step: not permitted by archived_projects/usb-controlled-debug-hub-v1/07_releases/v0.1.4-2026-08-18/source/03_src/lib/contracts.md
FAIL C-ALLOW  archived_projects/usb-controlled-debug-hub-v1/07_releases/v0.1.4-2026-08-18/source/03_src/lib/3d/SWPA4030S.step: not permitted by archived_projects/usb-controlled-debug-hub-v1/07_releases/v0.1.4-2026-08-18/source/03_src/lib/contracts.md
FAIL C-ALLOW  archived_projects/usb-controlled-debug-hub-v1/07_releases/v0.1.4-2026-08-18/source/03_src/lib/3d/TE_292304-1.step: not permitted by archived_projects/usb-controlled-debug-hub-v1/07_releases/v0.1.4-2026-08-18/source/03_src/lib/contracts.md
FAIL C-ALLOW  archived_projects/usb-controlled-debug-hub-v1/07_releases/v0.1.4-2026-08-18/source/03_src/lib/3d/TPS2557_SON8.step: not permitted by archived_projects/usb-controlled-debug-hub-v1/07_releases/v0.1.4-2026-08-18/source/03_src/lib/contracts.md
FAIL C-ALLOW  archived_projects/usb-controlled-debug-hub-v1/07_releases/v0.1.4-2026-08-18/source/03_src/lib/3d/TPS259474LRPWR_VQFN-HR-10.step: not permitted by archived_projects/usb-controlled-debug-hub-v1/07_releases/v0.1.4-2026-08-18/source/03_src/lib/contracts.md
FAIL C-ALLOW  archived_projects/usb-controlled-debug-hub-v1/07_releases/v0.1.4-2026-08-18/source/03_src/lib/3d/USB2517I_QFN64.step: not permitted by archived_projects/usb-controlled-debug-hub-v1/07_releases/v0.1.4-2026-08-18/source/03_src/lib/contracts.md
FAIL C-ALLOW  archived_projects/usb-controlled-debug-hub-v2/.gitignore: not permitted by archived_projects/contracts.md
FAIL C-ALLOW  archived_projects/usb-controlled-debug-hub-v2/01_docs/capability_profile.json: not permitted by archived_projects/usb-controlled-debug-hub-v2/01_docs/contracts.md
FAIL C-ALLOW  archived_projects/usb-controlled-debug-hub-v2/01_docs/sourcing/prelayout-fallbacks.md: not permitted by archived_projects/usb-controlled-debug-hub-v2/01_docs/sourcing/contracts.md
FAIL C-ALLOW  archived_projects/usb-controlled-debug-hub-v2/02_parts/KH-AF90DIP-112/pin_authority.md: not permitted by archived_projects/usb-controlled-debug-hub-v2/02_parts/contracts.md
FAIL C-ALLOW  archived_projects/usb-controlled-debug-hub-v2/03_src/fab_overrides.txt: not permitted by archived_projects/usb-controlled-debug-hub-v2/03_src/contracts.md
FAIL C-ALLOW  archived_projects/usb-controlled-debug-hub-v2/03_src/lib/3d/2N7002K_SOT23.step: not permitted by archived_projects/usb-controlled-debug-hub-v2/03_src/lib/contracts.md
FAIL C-ALLOW  archived_projects/usb-controlled-debug-hub-v2/03_src/lib/3d/CH224K_ESSOP10.step: not permitted by archived_projects/usb-controlled-debug-hub-v2/03_src/lib/contracts.md
FAIL C-ALLOW  archived_projects/usb-controlled-debug-hub-v2/03_src/lib/3d/DMP3007_PowerDI5060.step: not permitted by archived_projects/usb-controlled-debug-hub-v2/03_src/lib/contracts.md
FAIL C-ALLOW  archived_projects/usb-controlled-debug-hub-v2/03_src/lib/3d/JLC_C86462_USB-B_TH_BF90.step: not permitted by archived_projects/usb-controlled-debug-hub-v2/03_src/lib/contracts.md
FAIL C-ALLOW  archived_projects/usb-controlled-debug-hub-v2/03_src/lib/3d/KH-AF90DIP-112.step: not permitted by archived_projects/usb-controlled-debug-hub-v2/03_src/lib/contracts.md
FAIL C-ALLOW  archived_projects/usb-controlled-debug-hub-v2/03_src/lib/3d/MWSA0804S.step: not permitted by archived_projects/usb-controlled-debug-hub-v2/03_src/lib/contracts.md
FAIL C-ALLOW  archived_projects/usb-controlled-debug-hub-v2/03_src/lib/3d/Phoenix_1935161.step: not permitted by archived_projects/usb-controlled-debug-hub-v2/03_src/lib/contracts.md
FAIL C-ALLOW  archived_projects/usb-controlled-debug-hub-v2/03_src/lib/3d/SWPA4030S.step: not permitted by archived_projects/usb-controlled-debug-hub-v2/03_src/lib/contracts.md
FAIL C-ALLOW  archived_projects/usb-controlled-debug-hub-v2/03_src/lib/3d/TE_292304-1.step: not permitted by archived_projects/usb-controlled-debug-hub-v2/03_src/lib/contracts.md
FAIL C-ALLOW  archived_projects/usb-controlled-debug-hub-v2/03_src/lib/3d/TPS2557_SON8.step: not permitted by archived_projects/usb-controlled-debug-hub-v2/03_src/lib/contracts.md
FAIL C-ALLOW  archived_projects/usb-controlled-debug-hub-v2/03_src/lib/3d/TPS259474LRPWR_VQFN-HR-10.step: not permitted by archived_projects/usb-controlled-debug-hub-v2/03_src/lib/contracts.md
FAIL C-ALLOW  archived_projects/usb-controlled-debug-hub-v2/03_src/lib/3d/TPS259804ONRGER_RGE0024M.step: not permitted by archived_projects/usb-controlled-debug-hub-v2/03_src/lib/contracts.md
FAIL C-ALLOW  archived_projects/usb-controlled-debug-hub-v2/03_src/lib/3d/TPS56637_RPA0010A.step: not permitted by archived_projects/usb-controlled-debug-hub-v2/03_src/lib/contracts.md
FAIL C-ALLOW  archived_projects/usb-controlled-debug-hub-v2/03_src/lib/3d/TVS1800DRVR_WSON6.step: not permitted by archived_projects/usb-controlled-debug-hub-v2/03_src/lib/contracts.md
FAIL C-ALLOW  archived_projects/usb-controlled-debug-hub-v2/03_src/lib/3d/TYPE-C-31-M-12.step: not permitted by archived_projects/usb-controlled-debug-hub-v2/03_src/lib/contracts.md
FAIL C-ALLOW  archived_projects/usb-controlled-debug-hub-v2/03_src/lib/3d/USB2517I_QFN64.step: not permitted by archived_projects/usb-controlled-debug-hub-v2/03_src/lib/contracts.md
FAIL C-ALLOW  archived_projects/usb-controlled-debug-hub-v2/03_src/resume_after_public_sourcing.sh: not permitted by archived_projects/usb-controlled-debug-hub-v2/03_src/contracts.md
FAIL C-ALLOW  archived_projects/usb-controlled-debug-hub-v2/03_src/route_usb_v2.yaml: not permitted by archived_projects/usb-controlled-debug-hub-v2/03_src/contracts.md
FAIL C-ALLOW  archived_projects/usb-controlled-debug-hub-v2/03_src/rules/capability-profile.json: not permitted by archived_projects/usb-controlled-debug-hub-v2/03_src/rules/contracts.md
FAIL C-ALLOW  archived_projects/usb-controlled-debug-hub-v2/03_src/stitch_v2.yaml: not permitted by archived_projects/usb-controlled-debug-hub-v2/03_src/contracts.md
FAIL C-ALLOW  archived_projects/usb-controlled-debug-hub-v2/06_build/checkpoints/schematic.json: not permitted by archived_projects/contracts.md
FAIL C-ALLOW  archived_projects/usb-controlled-debug-hub-v2/07_releases/v0.1.0-2026-08-18/source/03_src/lib/3d/2N7002K_SOT23.step: not permitted by archived_projects/usb-controlled-debug-hub-v2/07_releases/v0.1.0-2026-08-18/source/03_src/lib/contracts.md
FAIL C-ALLOW  archived_projects/usb-controlled-debug-hub-v2/07_releases/v0.1.0-2026-08-18/source/03_src/lib/3d/CH224K_ESSOP10.step: not permitted by archived_projects/usb-controlled-debug-hub-v2/07_releases/v0.1.0-2026-08-18/source/03_src/lib/contracts.md
FAIL C-ALLOW  archived_projects/usb-controlled-debug-hub-v2/07_releases/v0.1.0-2026-08-18/source/03_src/lib/3d/DMP3007_PowerDI5060.step: not permitted by archived_projects/usb-controlled-debug-hub-v2/07_releases/v0.1.0-2026-08-18/source/03_src/lib/contracts.md
FAIL C-ALLOW  archived_projects/usb-controlled-debug-hub-v2/07_releases/v0.1.0-2026-08-18/source/03_src/lib/3d/JLC_C86462_USB-B_TH_BF90.step: not permitted by archived_projects/usb-controlled-debug-hub-v2/07_releases/v0.1.0-2026-08-18/source/03_src/lib/contracts.md
FAIL C-ALLOW  archived_projects/usb-controlled-debug-hub-v2/07_releases/v0.1.0-2026-08-18/source/03_src/lib/3d/KH-AF90DIP-112.step: not permitted by archived_projects/usb-controlled-debug-hub-v2/07_releases/v0.1.0-2026-08-18/source/03_src/lib/contracts.md
FAIL C-ALLOW  archived_projects/usb-controlled-debug-hub-v2/07_releases/v0.1.0-2026-08-18/source/03_src/lib/3d/MWSA0804S.step: not permitted by archived_projects/usb-controlled-debug-hub-v2/07_releases/v0.1.0-2026-08-18/source/03_src/lib/contracts.md
FAIL C-ALLOW  archived_projects/usb-controlled-debug-hub-v2/07_releases/v0.1.0-2026-08-18/source/03_src/lib/3d/Phoenix_1935161.step: not permitted by archived_projects/usb-controlled-debug-hub-v2/07_releases/v0.1.0-2026-08-18/source/03_src/lib/contracts.md
FAIL C-ALLOW  archived_projects/usb-controlled-debug-hub-v2/07_releases/v0.1.0-2026-08-18/source/03_src/lib/3d/SWPA4030S.step: not permitted by archived_projects/usb-controlled-debug-hub-v2/07_releases/v0.1.0-2026-08-18/source/03_src/lib/contracts.md
FAIL C-ALLOW  archived_projects/usb-controlled-debug-hub-v2/07_releases/v0.1.0-2026-08-18/source/03_src/lib/3d/TE_292304-1.step: not permitted by archived_projects/usb-controlled-debug-hub-v2/07_releases/v0.1.0-2026-08-18/source/03_src/lib/contracts.md
FAIL C-ALLOW  archived_projects/usb-controlled-debug-hub-v2/07_releases/v0.1.0-2026-08-18/source/03_src/lib/3d/TPS2557_SON8.step: not permitted by archived_projects/usb-controlled-debug-hub-v2/07_releases/v0.1.0-2026-08-18/source/03_src/lib/contracts.md
FAIL C-ALLOW  archived_projects/usb-controlled-debug-hub-v2/07_releases/v0.1.0-2026-08-18/source/03_src/lib/3d/TPS259474LRPWR_VQFN-HR-10.step: not permitted by archived_projects/usb-controlled-debug-hub-v2/07_releases/v0.1.0-2026-08-18/source/03_src/lib/contracts.md
FAIL C-ALLOW  archived_projects/usb-controlled-debug-hub-v2/07_releases/v0.1.0-2026-08-18/source/03_src/lib/3d/TPS56637_RPA0010A.step: not permitted by archived_projects/usb-controlled-debug-hub-v2/07_releases/v0.1.0-2026-08-18/source/03_src/lib/contracts.md
FAIL C-ALLOW  archived_projects/usb-controlled-debug-hub-v2/07_releases/v0.1.0-2026-08-18/source/03_src/lib/3d/TYPE-C-31-M-12.step: not permitted by archived_projects/usb-controlled-debug-hub-v2/07_releases/v0.1.0-2026-08-18/source/03_src/lib/contracts.md
FAIL C-ALLOW  archived_projects/usb-controlled-debug-hub-v2/07_releases/v0.1.0-2026-08-18/source/03_src/lib/3d/USB2517I_QFN64.step: not permitted by archived_projects/usb-controlled-debug-hub-v2/07_releases/v0.1.0-2026-08-18/source/03_src/lib/contracts.md
FAIL C-ALLOW  archived_projects/usb-controlled-debug-hub-v2/07_releases/v0.1.0-2026-08-18/source/03_src/rules/capability-profile.json: not permitted by archived_projects/usb-controlled-debug-hub-v2/07_releases/v0.1.0-2026-08-18/source/03_src/rules/contracts.md
FAIL C-ALLOW  archived_projects/usb-controlled-debug-hub-v2/07_releases/v0.1.1-2026-08-18/source/03_src/lib/3d/2N7002K_SOT23.step: not permitted by archived_projects/usb-controlled-debug-hub-v2/07_releases/v0.1.1-2026-08-18/source/03_src/lib/contracts.md
FAIL C-ALLOW  archived_projects/usb-controlled-debug-hub-v2/07_releases/v0.1.1-2026-08-18/source/03_src/lib/3d/CH224K_ESSOP10.step: not permitted by archived_projects/usb-controlled-debug-hub-v2/07_releases/v0.1.1-2026-08-18/source/03_src/lib/contracts.md
FAIL C-ALLOW  archived_projects/usb-controlled-debug-hub-v2/07_releases/v0.1.1-2026-08-18/source/03_src/lib/3d/DMP3007_PowerDI5060.step: not permitted by archived_projects/usb-controlled-debug-hub-v2/07_releases/v0.1.1-2026-08-18/source/03_src/lib/contracts.md
FAIL C-ALLOW  archived_projects/usb-controlled-debug-hub-v2/07_releases/v0.1.1-2026-08-18/source/03_src/lib/3d/JLC_C86462_USB-B_TH_BF90.step: not permitted by archived_projects/usb-controlled-debug-hub-v2/07_releases/v0.1.1-2026-08-18/source/03_src/lib/contracts.md
FAIL C-ALLOW  archived_projects/usb-controlled-debug-hub-v2/07_releases/v0.1.1-2026-08-18/source/03_src/lib/3d/KH-AF90DIP-112.step: not permitted by archived_projects/usb-controlled-debug-hub-v2/07_releases/v0.1.1-2026-08-18/source/03_src/lib/contracts.md
FAIL C-ALLOW  archived_projects/usb-controlled-debug-hub-v2/07_releases/v0.1.1-2026-08-18/source/03_src/lib/3d/MWSA0804S.step: not permitted by archived_projects/usb-controlled-debug-hub-v2/07_releases/v0.1.1-2026-08-18/source/03_src/lib/contracts.md
FAIL C-ALLOW  archived_projects/usb-controlled-debug-hub-v2/07_releases/v0.1.1-2026-08-18/source/03_src/lib/3d/Phoenix_1935161.step: not permitted by archived_projects/usb-controlled-debug-hub-v2/07_releases/v0.1.1-2026-08-18/source/03_src/lib/contracts.md
FAIL C-ALLOW  archived_projects/usb-controlled-debug-hub-v2/07_releases/v0.1.1-2026-08-18/source/03_src/lib/3d/SWPA4030S.step: not permitted by archived_projects/usb-controlled-debug-hub-v2/07_releases/v0.1.1-2026-08-18/source/03_src/lib/contracts.md
FAIL C-ALLOW  archived_projects/usb-controlled-debug-hub-v2/07_releases/v0.1.1-2026-08-18/source/03_src/lib/3d/TE_292304-1.step: not permitted by archived_projects/usb-controlled-debug-hub-v2/07_releases/v0.1.1-2026-08-18/source/03_src/lib/contracts.md
FAIL C-ALLOW  archived_projects/usb-controlled-debug-hub-v2/07_releases/v0.1.1-2026-08-18/source/03_src/lib/3d/TPS2557_SON8.step: not permitted by archived_projects/usb-controlled-debug-hub-v2/07_releases/v0.1.1-2026-08-18/source/03_src/lib/contracts.md
FAIL C-ALLOW  archived_projects/usb-controlled-debug-hub-v2/07_releases/v0.1.1-2026-08-18/source/03_src/lib/3d/TPS259474LRPWR_VQFN-HR-10.step: not permitted by archived_projects/usb-controlled-debug-hub-v2/07_releases/v0.1.1-2026-08-18/source/03_src/lib/contracts.md
FAIL C-ALLOW  archived_projects/usb-controlled-debug-hub-v2/07_releases/v0.1.1-2026-08-18/source/03_src/lib/3d/TPS56637_RPA0010A.step: not permitted by archived_projects/usb-controlled-debug-hub-v2/07_releases/v0.1.1-2026-08-18/source/03_src/lib/contracts.md
FAIL C-ALLOW  archived_projects/usb-controlled-debug-hub-v2/07_releases/v0.1.1-2026-08-18/source/03_src/lib/3d/TYPE-C-31-M-12.step: not permitted by archived_projects/usb-controlled-debug-hub-v2/07_releases/v0.1.1-2026-08-18/source/03_src/lib/contracts.md
FAIL C-ALLOW  archived_projects/usb-controlled-debug-hub-v2/07_releases/v0.1.1-2026-08-18/source/03_src/lib/3d/USB2517I_QFN64.step: not permitted by archived_projects/usb-controlled-debug-hub-v2/07_releases/v0.1.1-2026-08-18/source/03_src/lib/contracts.md
FAIL C-ALLOW  archived_projects/usb-controlled-debug-hub-v2/07_releases/v0.1.1-2026-08-18/source/03_src/rules/capability-profile.json: not permitted by archived_projects/usb-controlled-debug-hub-v2/07_releases/v0.1.1-2026-08-18/source/03_src/rules/contracts.md
FAIL C-ALLOW  archived_projects/usb-controlled-debug-hub-v2/07_releases/v0.1.2-2026-08-19/source/03_src/lib/3d/2N7002K_SOT23.step: not permitted by archived_projects/usb-controlled-debug-hub-v2/07_releases/v0.1.2-2026-08-19/source/03_src/lib/contracts.md
FAIL C-ALLOW  archived_projects/usb-controlled-debug-hub-v2/07_releases/v0.1.2-2026-08-19/source/03_src/lib/3d/CH224K_ESSOP10.step: not permitted by archived_projects/usb-controlled-debug-hub-v2/07_releases/v0.1.2-2026-08-19/source/03_src/lib/contracts.md
FAIL C-ALLOW  archived_projects/usb-controlled-debug-hub-v2/07_releases/v0.1.2-2026-08-19/source/03_src/lib/3d/DMP3007_PowerDI5060.step: not permitted by archived_projects/usb-controlled-debug-hub-v2/07_releases/v0.1.2-2026-08-19/source/03_src/lib/contracts.md
FAIL C-ALLOW  archived_projects/usb-controlled-debug-hub-v2/07_releases/v0.1.2-2026-08-19/source/03_src/lib/3d/JLC_C86462_USB-B_TH_BF90.step: not permitted by archived_projects/usb-controlled-debug-hub-v2/07_releases/v0.1.2-2026-08-19/source/03_src/lib/contracts.md
FAIL C-ALLOW  archived_projects/usb-controlled-debug-hub-v2/07_releases/v0.1.2-2026-08-19/source/03_src/lib/3d/KH-AF90DIP-112.step: not permitted by archived_projects/usb-controlled-debug-hub-v2/07_releases/v0.1.2-2026-08-19/source/03_src/lib/contracts.md
FAIL C-ALLOW  archived_projects/usb-controlled-debug-hub-v2/07_releases/v0.1.2-2026-08-19/source/03_src/lib/3d/MWSA0804S.step: not permitted by archived_projects/usb-controlled-debug-hub-v2/07_releases/v0.1.2-2026-08-19/source/03_src/lib/contracts.md
FAIL C-ALLOW  archived_projects/usb-controlled-debug-hub-v2/07_releases/v0.1.2-2026-08-19/source/03_src/lib/3d/Phoenix_1935161.step: not permitted by archived_projects/usb-controlled-debug-hub-v2/07_releases/v0.1.2-2026-08-19/source/03_src/lib/contracts.md
FAIL C-ALLOW  archived_projects/usb-controlled-debug-hub-v2/07_releases/v0.1.2-2026-08-19/source/03_src/lib/3d/SWPA4030S.step: not permitted by archived_projects/usb-controlled-debug-hub-v2/07_releases/v0.1.2-2026-08-19/source/03_src/lib/contracts.md
FAIL C-ALLOW  archived_projects/usb-controlled-debug-hub-v2/07_releases/v0.1.2-2026-08-19/source/03_src/lib/3d/TE_292304-1.step: not permitted by archived_projects/usb-controlled-debug-hub-v2/07_releases/v0.1.2-2026-08-19/source/03_src/lib/contracts.md
FAIL C-ALLOW  archived_projects/usb-controlled-debug-hub-v2/07_releases/v0.1.2-2026-08-19/source/03_src/lib/3d/TPS2557_SON8.step: not permitted by archived_projects/usb-controlled-debug-hub-v2/07_releases/v0.1.2-2026-08-19/source/03_src/lib/contracts.md
FAIL C-ALLOW  archived_projects/usb-controlled-debug-hub-v2/07_releases/v0.1.2-2026-08-19/source/03_src/lib/3d/TPS259474LRPWR_VQFN-HR-10.step: not permitted by archived_projects/usb-controlled-debug-hub-v2/07_releases/v0.1.2-2026-08-19/source/03_src/lib/contracts.md
FAIL C-ALLOW  archived_projects/usb-controlled-debug-hub-v2/07_releases/v0.1.2-2026-08-19/source/03_src/lib/3d/TPS56637_RPA0010A.step: not permitted by archived_projects/usb-controlled-debug-hub-v2/07_releases/v0.1.2-2026-08-19/source/03_src/lib/contracts.md
FAIL C-ALLOW  archived_projects/usb-controlled-debug-hub-v2/07_releases/v0.1.2-2026-08-19/source/03_src/lib/3d/TYPE-C-31-M-12.step: not permitted by archived_projects/usb-controlled-debug-hub-v2/07_releases/v0.1.2-2026-08-19/source/03_src/lib/contracts.md
FAIL C-ALLOW  archived_projects/usb-controlled-debug-hub-v2/07_releases/v0.1.2-2026-08-19/source/03_src/lib/3d/USB2517I_QFN64.step: not permitted by archived_projects/usb-controlled-debug-hub-v2/07_releases/v0.1.2-2026-08-19/source/03_src/lib/contracts.md
FAIL C-ALLOW  archived_projects/usb-controlled-debug-hub-v2/07_releases/v0.1.2-2026-08-19/source/03_src/rules/capability-profile.json: not permitted by archived_projects/usb-controlled-debug-hub-v2/07_releases/v0.1.2-2026-08-19/source/03_src/rules/contracts.md
FAIL C-ALLOW  archived_projects/usb-controlled-debug-hub-v2/08_reviews/connector_orientation.yaml: not permitted by archived_projects/contracts.md
FAIL C-ALLOW  archived_projects/usb-controlled-debug-hub-v2/08_reviews/pre-route_layout.md: not permitted by archived_projects/contracts.md
FAIL C-ALLOW  archived_projects/usb-controlled-debug-hub-v2/08_reviews/pre-route_pin.md: not permitted by archived_projects/contracts.md
FAIL C-ALLOW  archived_projects/usb-controlled-debug-hub-v2/08_reviews/pre-route_render.md: not permitted by archived_projects/contracts.md
FAIL C-ALLOW  archived_projects/usb-controlled-debug-hub-v2/08_reviews/pre-route_schematic_render.md: not permitted by archived_projects/contracts.md
FAIL C-ALLOW  archived_projects/usb-controlled-debug-hub-v2/08_reviews/pre-route_topology.md: not permitted by archived_projects/contracts.md
FAIL C-ALLOW  archived_projects/usb-controlled-debug-hub-v2/08_reviews/release_v0.1.0/pin_review.md: not permitted by archived_projects/contracts.md
FAIL C-ALLOW  archived_projects/usb-controlled-debug-hub-v2/08_reviews/release_v0.1.0/redteam_layout.md: not permitted by archived_projects/contracts.md
FAIL C-ALLOW  archived_projects/usb-controlled-debug-hub-v2/08_reviews/release_v0.1.0/redteam_topology.md: not permitted by archived_projects/contracts.md
FAIL C-ALLOW  archived_projects/usb-controlled-debug-hub-v2/08_reviews/release_v0.1.0/render_review.md: not permitted by archived_projects/contracts.md
FAIL C-ALLOW  archived_projects/usb-controlled-debug-hub-v2/08_reviews/release_v0.1.1/pin_review.md: not permitted by archived_projects/contracts.md
FAIL C-ALLOW  archived_projects/usb-controlled-debug-hub-v2/08_reviews/release_v0.1.1/redteam_layout.md: not permitted by archived_projects/contracts.md
FAIL C-ALLOW  archived_projects/usb-controlled-debug-hub-v2/08_reviews/release_v0.1.1/redteam_topology.md: not permitted by archived_projects/contracts.md
FAIL C-ALLOW  archived_projects/usb-controlled-debug-hub-v2/08_reviews/release_v0.1.1/render_review.md: not permitted by archived_projects/contracts.md
FAIL C-ALLOW  archived_projects/usb-controlled-debug-hub-v2/08_reviews/release_v0.1.2/pin_review.md: not permitted by archived_projects/contracts.md
FAIL C-ALLOW  archived_projects/usb-controlled-debug-hub-v2/08_reviews/release_v0.1.2/redteam_layout.md: not permitted by archived_projects/contracts.md
FAIL C-ALLOW  archived_projects/usb-controlled-debug-hub-v2/08_reviews/release_v0.1.2/redteam_topology.md: not permitted by archived_projects/contracts.md
FAIL C-ALLOW  archived_projects/usb-controlled-debug-hub-v2/08_reviews/release_v0.1.2/render_review.md: not permitted by archived_projects/contracts.md
FAIL C-ALLOW  archived_projects/usb-controlled-debug-hub-v2/08_reviews/release_v0.1.3/pin_review.md: not permitted by archived_projects/contracts.md
FAIL C-ALLOW  archived_projects/usb-controlled-debug-hub-v2/08_reviews/release_v0.1.3/redteam_layout.md: not permitted by archived_projects/contracts.md
FAIL C-ALLOW  archived_projects/usb-controlled-debug-hub-v2/08_reviews/release_v0.1.3/redteam_topology.md: not permitted by archived_projects/contracts.md
FAIL C-ALLOW  archived_projects/usb-controlled-debug-hub-v2/08_reviews/release_v0.1.3/render_review.md: not permitted by archived_projects/contracts.md
FAIL C-ALLOW  archived_projects/usb-hub-3s-v2/03_src/rebuild_fast.sh: not permitted by archived_projects/usb-hub-3s-v2/03_src/contracts.md
FAIL C-ALLOW  archived_projects/usb-hub-3s/03_src/lib/usb_hub_3s.pretty/KH-AF90DIP-112_Horizontal.kicad_mod: not permitted by archived_projects/usb-hub-3s/03_src/lib/contracts.md
FAIL C-ALLOW  archived_projects/usb-hub-3s/03_src/lib/usb_hub_3s.pretty/L_YJYCOIN_YSPI1770Y.kicad_mod: not permitted by archived_projects/usb-hub-3s/03_src/lib/contracts.md
FAIL C-ALLOW  archived_projects/usb-hub-3s/03_src/lib/usb_hub_3s.pretty/TYPE-C-31-M-12_EdgeTrim.kicad_mod: not permitted by archived_projects/usb-hub-3s/03_src/lib/contracts.md
FAIL C-ALLOW  archived_projects/usb-hub-3s/03_src/lib/usb_hub_3s.pretty/XT60PW-M_EdgeTrim.kicad_mod: not permitted by archived_projects/usb-hub-3s/03_src/lib/contracts.md
FAIL C-ALLOW  archived_projects/usb-hub-3s/03_src/route/final_chain.kicad_pcb: not permitted by archived_projects/usb-hub-3s/03_src/contracts.md
FAIL C-ALLOW  archived_projects/usb-hub-3s/03_src/seed_stubs.yaml: not permitted by archived_projects/usb-hub-3s/03_src/contracts.md
FAIL C-ALLOW  archived_projects/usb-hub-3s/03_src/via_farms.yaml: not permitted by archived_projects/usb-hub-3s/03_src/contracts.md
FAIL C-ALLOW  archived_projects/usb-hub-3s/04_kicad/refdes_waiver.json: not permitted by archived_projects/usb-hub-3s/04_kicad/contracts.md
FAIL C-ALLOW  archived_projects/usb-hub-3s/07_releases/v1.0-2026-07-21/3d/usb_hub_3s.step: not permitted by archived_projects/usb-hub-3s/07_releases/contracts.md
FAIL C-ALLOW  archived_projects/usb-hub-3s/07_releases/v1.0-2026-07-21/MANIFEST.txt: not permitted by archived_projects/usb-hub-3s/07_releases/contracts.md
FAIL C-ALLOW  archived_projects/usb-hub-3s/07_releases/v1.0-2026-07-21/ORDER_README.md: not permitted by archived_projects/usb-hub-3s/07_releases/contracts.md
FAIL C-ALLOW  archived_projects/usb-hub-3s/07_releases/v1.0-2026-07-21/fab/bom.csv: not permitted by archived_projects/usb-hub-3s/07_releases/contracts.md
FAIL C-ALLOW  archived_projects/usb-hub-3s/07_releases/v1.0-2026-07-21/fab/cpl.csv: not permitted by archived_projects/usb-hub-3s/07_releases/contracts.md
FAIL C-ALLOW  archived_projects/usb-hub-3s/07_releases/v1.0-2026-07-21/fab/gerbers_usb_hub_3s.zip: not permitted by archived_projects/usb-hub-3s/07_releases/contracts.md
FAIL C-ALLOW  archived_projects/usb-hub-3s/07_releases/v1.0-2026-07-21/fab/usb_hub_3s-NPTH.drl: not permitted by archived_projects/usb-hub-3s/07_releases/contracts.md
FAIL C-ALLOW  archived_projects/usb-hub-3s/07_releases/v1.0-2026-07-21/fab/usb_hub_3s-PTH.drl: not permitted by archived_projects/usb-hub-3s/07_releases/contracts.md
FAIL C-ALLOW  archived_projects/usb-hub-3s/07_releases/v1.0-2026-07-21/pdf/assembly_bottom.pdf: not permitted by archived_projects/usb-hub-3s/07_releases/contracts.md
FAIL C-ALLOW  archived_projects/usb-hub-3s/07_releases/v1.0-2026-07-21/pdf/assembly_top.pdf: not permitted by archived_projects/usb-hub-3s/07_releases/contracts.md
FAIL C-ALLOW  archived_projects/usb-hub-3s/07_releases/v1.0-2026-07-21/pdf/pcb_layers.pdf: not permitted by archived_projects/usb-hub-3s/07_releases/contracts.md
FAIL C-ALLOW  archived_projects/usb-hub-3s/07_releases/v1.0-2026-07-21/pdf/schematic.pdf: not permitted by archived_projects/usb-hub-3s/07_releases/contracts.md
FAIL C-ALLOW  archived_projects/usb-hub-3s/07_releases/v1.0-2026-07-21/source/usb_hub_3s.kicad_dru: not permitted by archived_projects/usb-hub-3s/07_releases/contracts.md
FAIL C-ALLOW  archived_projects/usb-hub-3s/07_releases/v1.0-2026-07-21/source/usb_hub_3s.kicad_pcb: not permitted by archived_projects/usb-hub-3s/07_releases/contracts.md
FAIL C-ALLOW  archived_projects/usb-hub-3s/07_releases/v1.0-2026-07-21/source/usb_hub_3s.kicad_pro: not permitted by archived_projects/usb-hub-3s/07_releases/contracts.md
FAIL C-ALLOW  archived_projects/usb-hub-3s/07_releases/v1.0-2026-07-21/source/usb_hub_3s.kicad_sch: not permitted by archived_projects/usb-hub-3s/07_releases/contracts.md
FAIL C-ALLOW  archived_projects/usb-hub-3s/07_releases/v1.0-2026-07-21/source/usb_hub_3s.net: not permitted by archived_projects/usb-hub-3s/07_releases/contracts.md
FAIL C-ALLOW  archived_projects/usb-hub-3s/07_releases/v1.0-2026-07-21/source/usb_hub_3s.tsx: not permitted by archived_projects/usb-hub-3s/07_releases/contracts.md
FAIL C-ALLOW  archived_projects/usb-hub-3s/07_releases/v1.0-2026-07-21/verification/drc_gate.json: not permitted by archived_projects/usb-hub-3s/07_releases/contracts.md
FAIL C-ALLOW  archived_projects/usb-hub-3s/07_releases/v1.0-2026-07-21/verification/erc.rpt: not permitted by archived_projects/usb-hub-3s/07_releases/contracts.md
FAIL C-ALLOW  archived_projects/usb-hub-3s/07_releases/v1.0-2026-07-21/verification/pin_review/F1.md: not permitted by archived_projects/usb-hub-3s/07_releases/contracts.md
FAIL C-ALLOW  archived_projects/usb-hub-3s/07_releases/v1.0-2026-07-21/verification/pin_review/J2.md: not permitted by archived_projects/usb-hub-3s/07_releases/contracts.md
FAIL C-ALLOW  archived_projects/usb-hub-3s/07_releases/v1.0-2026-07-21/verification/pin_review/J3.md: not permitted by archived_projects/usb-hub-3s/07_releases/contracts.md
FAIL C-ALLOW  archived_projects/usb-hub-3s/07_releases/v1.0-2026-07-21/verification/pin_review/J4.md: not permitted by archived_projects/usb-hub-3s/07_releases/contracts.md
FAIL C-ALLOW  archived_projects/usb-hub-3s/07_releases/v1.0-2026-07-21/verification/pin_review/J5.md: not permitted by archived_projects/usb-hub-3s/07_releases/contracts.md
FAIL C-ALLOW  archived_projects/usb-hub-3s/07_releases/v1.0-2026-07-21/verification/pin_review/Q1.md: not permitted by archived_projects/usb-hub-3s/07_releases/contracts.md
FAIL C-ALLOW  archived_projects/usb-hub-3s/07_releases/v1.0-2026-07-21/verification/pin_review/Q2.md: not permitted by archived_projects/usb-hub-3s/07_releases/contracts.md
FAIL C-ALLOW  archived_projects/usb-hub-3s/07_releases/v1.0-2026-07-21/verification/pin_review/Q3.md: not permitted by archived_projects/usb-hub-3s/07_releases/contracts.md
FAIL C-ALLOW  archived_projects/usb-hub-3s/07_releases/v1.0-2026-07-21/verification/pin_review/Q4.md: not permitted by archived_projects/usb-hub-3s/07_releases/contracts.md
FAIL C-ALLOW  archived_projects/usb-hub-3s/07_releases/v1.0-2026-07-21/verification/pin_review/Q5.md: not permitted by archived_projects/usb-hub-3s/07_releases/contracts.md
FAIL C-ALLOW  archived_projects/usb-hub-3s/07_releases/v1.0-2026-07-21/verification/pin_review/Q6.md: not permitted by archived_projects/usb-hub-3s/07_releases/contracts.md
FAIL C-ALLOW  archived_projects/usb-hub-3s/07_releases/v1.0-2026-07-21/verification/pin_review/Q7.md: not permitted by archived_projects/usb-hub-3s/07_releases/contracts.md
FAIL C-ALLOW  archived_projects/usb-hub-3s/07_releases/v1.0-2026-07-21/verification/pin_review/Q8.md: not permitted by archived_projects/usb-hub-3s/07_releases/contracts.md
FAIL C-ALLOW  archived_projects/usb-hub-3s/07_releases/v1.0-2026-07-21/verification/pin_review/U1.md: not permitted by archived_projects/usb-hub-3s/07_releases/contracts.md
FAIL C-ALLOW  archived_projects/usb-hub-3s/07_releases/v1.0-2026-07-21/verification/pin_review/U10.md: not permitted by archived_projects/usb-hub-3s/07_releases/contracts.md
FAIL C-ALLOW  archived_projects/usb-hub-3s/07_releases/v1.0-2026-07-21/verification/pin_review/U2.md: not permitted by archived_projects/usb-hub-3s/07_releases/contracts.md
FAIL C-ALLOW  archived_projects/usb-hub-3s/07_releases/v1.0-2026-07-21/verification/pin_review/U3.md: not permitted by archived_projects/usb-hub-3s/07_releases/contracts.md
FAIL C-ALLOW  archived_projects/usb-hub-3s/07_releases/v1.0-2026-07-21/verification/pin_review/U4.md: not permitted by archived_projects/usb-hub-3s/07_releases/contracts.md
FAIL C-ALLOW  archived_projects/usb-hub-3s/07_releases/v1.0-2026-07-21/verification/pin_review/U5.md: not permitted by archived_projects/usb-hub-3s/07_releases/contracts.md
FAIL C-ALLOW  archived_projects/usb-hub-3s/07_releases/v1.0-2026-07-21/verification/pin_review/U6.md: not permitted by archived_projects/usb-hub-3s/07_releases/contracts.md
FAIL C-ALLOW  archived_projects/usb-hub-3s/07_releases/v1.0-2026-07-21/verification/pin_review/U7.md: not permitted by archived_projects/usb-hub-3s/07_releases/contracts.md
FAIL C-ALLOW  archived_projects/usb-hub-3s/07_releases/v1.0-2026-07-21/verification/pin_review/U8.md: not permitted by archived_projects/usb-hub-3s/07_releases/contracts.md
FAIL C-ALLOW  archived_projects/usb-hub-3s/07_releases/v1.0-2026-07-21/verification/pin_review/U9.md: not permitted by archived_projects/usb-hub-3s/07_releases/contracts.md
FAIL C-ALLOW  archived_projects/usb-hub-3s/07_releases/v1.0-2026-07-21/verification/policy_audit.md: not permitted by archived_projects/usb-hub-3s/07_releases/contracts.md
FAIL C-ALLOW  archived_projects/usb-hub-3s/07_releases/v1.0-2026-07-21/verification/stock_report.csv: not permitted by archived_projects/usb-hub-3s/07_releases/contracts.md
FAIL C-ALLOW  archived_projects/usb-hub-3s/07_releases/v1.0-2026-07-21/verification/twin_adjudications.yaml: not permitted by archived_projects/usb-hub-3s/07_releases/contracts.md
FAIL C-ALLOW  archived_projects/usb-hub-3s/07_releases/v1.0-2026-07-21/verification/twin_bottom.png: not permitted by archived_projects/usb-hub-3s/07_releases/contracts.md
FAIL C-ALLOW  archived_projects/usb-hub-3s/07_releases/v1.0-2026-07-21/verification/twin_bottom_bare.png: not permitted by archived_projects/usb-hub-3s/07_releases/contracts.md
FAIL C-ALLOW  archived_projects/usb-hub-3s/07_releases/v1.0-2026-07-21/verification/twin_edge_east.png: not permitted by archived_projects/usb-hub-3s/07_releases/contracts.md
FAIL C-ALLOW  archived_projects/usb-hub-3s/07_releases/v1.0-2026-07-21/verification/twin_edge_west.png: not permitted by archived_projects/usb-hub-3s/07_releases/contracts.md
FAIL C-ALLOW  archived_projects/usb-hub-3s/07_releases/v1.0-2026-07-21/verification/twin_iso_nw.png: not permitted by archived_projects/usb-hub-3s/07_releases/contracts.md
FAIL C-ALLOW  archived_projects/usb-hub-3s/07_releases/v1.0-2026-07-21/verification/twin_iso_se.png: not permitted by archived_projects/usb-hub-3s/07_releases/contracts.md
FAIL C-ALLOW  archived_projects/usb-hub-3s/07_releases/v1.0-2026-07-21/verification/twin_report.csv: not permitted by archived_projects/usb-hub-3s/07_releases/contracts.md
FAIL C-ALLOW  archived_projects/usb-hub-3s/07_releases/v1.0-2026-07-21/verification/twin_top.png: not permitted by archived_projects/usb-hub-3s/07_releases/contracts.md
FAIL C-ALLOW  archived_projects/usb-hub-3s/07_releases/v1.0-2026-07-21/verification/twin_top_bare.png: not permitted by archived_projects/usb-hub-3s/07_releases/contracts.md
FAIL C-ALLOW  archived_projects/usb-hub-3s/07_releases/v1.0-2026-07-21/verification/verification_report.md: not permitted by archived_projects/usb-hub-3s/07_releases/contracts.md
FAIL C-ALLOW  archived_projects/usb-hub-3s/usb_hub_3s-drc.rpt: not permitted by archived_projects/usb-hub-3s/contracts.md
FAIL C-ALLOW  archived_projects/usb-power-3s/.easyeda_cache/01098ffd9c434898b42b970a0704b855.obj: not permitted by archived_projects/usb-power-3s/contracts.md
FAIL C-ALLOW  archived_projects/usb-power-3s/.easyeda_cache/01098ffd9c434898b42b970a0704b855.step: not permitted by archived_projects/usb-power-3s/contracts.md
FAIL C-ALLOW  archived_projects/usb-power-3s/.easyeda_cache/026a4a15ab5c4a92ac0e421d6d013717.obj: not permitted by archived_projects/usb-power-3s/contracts.md
FAIL C-ALLOW  archived_projects/usb-power-3s/.easyeda_cache/026a4a15ab5c4a92ac0e421d6d013717.step: not permitted by archived_projects/usb-power-3s/contracts.md
FAIL C-ALLOW  archived_projects/usb-power-3s/.easyeda_cache/0f62590f50b54fa48364a4157b2b6286.obj: not permitted by archived_projects/usb-power-3s/contracts.md
FAIL C-ALLOW  archived_projects/usb-power-3s/.easyeda_cache/0f62590f50b54fa48364a4157b2b6286.step: not permitted by archived_projects/usb-power-3s/contracts.md
FAIL C-ALLOW  archived_projects/usb-power-3s/.easyeda_cache/12b78187a42141ac89934d9161ebc70d.obj: not permitted by archived_projects/usb-power-3s/contracts.md
FAIL C-ALLOW  archived_projects/usb-power-3s/.easyeda_cache/12b78187a42141ac89934d9161ebc70d.step: not permitted by archived_projects/usb-power-3s/contracts.md
FAIL C-ALLOW  archived_projects/usb-power-3s/.easyeda_cache/1854c2b24ae24774bee7204e908f999c.obj: not permitted by archived_projects/usb-power-3s/contracts.md
FAIL C-ALLOW  archived_projects/usb-power-3s/.easyeda_cache/1854c2b24ae24774bee7204e908f999c.step: not permitted by archived_projects/usb-power-3s/contracts.md
FAIL C-ALLOW  archived_projects/usb-power-3s/.easyeda_cache/234c17f3a08c448488809e801a5b896a.obj: not permitted by archived_projects/usb-power-3s/contracts.md
FAIL C-ALLOW  archived_projects/usb-power-3s/.easyeda_cache/234c17f3a08c448488809e801a5b896a.step: not permitted by archived_projects/usb-power-3s/contracts.md
FAIL C-ALLOW  archived_projects/usb-power-3s/.easyeda_cache/32fe2cf9314f444ca2785a33c2db7189.obj: not permitted by archived_projects/usb-power-3s/contracts.md
FAIL C-ALLOW  archived_projects/usb-power-3s/.easyeda_cache/32fe2cf9314f444ca2785a33c2db7189.step: not permitted by archived_projects/usb-power-3s/contracts.md
FAIL C-ALLOW  archived_projects/usb-power-3s/.easyeda_cache/695f4abe86624a1eb9bf94cea2804287.obj: not permitted by archived_projects/usb-power-3s/contracts.md
FAIL C-ALLOW  archived_projects/usb-power-3s/.easyeda_cache/695f4abe86624a1eb9bf94cea2804287.step: not permitted by archived_projects/usb-power-3s/contracts.md
FAIL C-ALLOW  archived_projects/usb-power-3s/.easyeda_cache/6cb1ec5759f6404189e20b90556867d6.obj: not permitted by archived_projects/usb-power-3s/contracts.md
FAIL C-ALLOW  archived_projects/usb-power-3s/.easyeda_cache/6cb1ec5759f6404189e20b90556867d6.step: not permitted by archived_projects/usb-power-3s/contracts.md
FAIL C-ALLOW  archived_projects/usb-power-3s/.easyeda_cache/7f0750037cb84f1ca3520e50fc4f3091.obj: not permitted by archived_projects/usb-power-3s/contracts.md
FAIL C-ALLOW  archived_projects/usb-power-3s/.easyeda_cache/7f0750037cb84f1ca3520e50fc4f3091.step: not permitted by archived_projects/usb-power-3s/contracts.md
FAIL C-ALLOW  archived_projects/usb-power-3s/.easyeda_cache/892cc756ed79448ab4afad0e5bfcdfa6.obj: not permitted by archived_projects/usb-power-3s/contracts.md
FAIL C-ALLOW  archived_projects/usb-power-3s/.easyeda_cache/892cc756ed79448ab4afad0e5bfcdfa6.step: not permitted by archived_projects/usb-power-3s/contracts.md
FAIL C-ALLOW  archived_projects/usb-power-3s/.easyeda_cache/C106223.json: not permitted by archived_projects/usb-power-3s/contracts.md
FAIL C-ALLOW  archived_projects/usb-power-3s/.easyeda_cache/C107021.json: not permitted by archived_projects/usb-power-3s/contracts.md
FAIL C-ALLOW  archived_projects/usb-power-3s/.easyeda_cache/C113974.json: not permitted by archived_projects/usb-power-3s/contracts.md
FAIL C-ALLOW  archived_projects/usb-power-3s/.easyeda_cache/C11702.json: not permitted by archived_projects/usb-power-3s/contracts.md
FAIL C-ALLOW  archived_projects/usb-power-3s/.easyeda_cache/C128504.json: not permitted by archived_projects/usb-power-3s/contracts.md
FAIL C-ALLOW  archived_projects/usb-power-3s/.easyeda_cache/C12891.json: not permitted by archived_projects/usb-power-3s/contracts.md
FAIL C-ALLOW  archived_projects/usb-power-3s/.easyeda_cache/C130056.json: not permitted by archived_projects/usb-power-3s/contracts.md
FAIL C-ALLOW  archived_projects/usb-power-3s/.easyeda_cache/C131394.json: not permitted by archived_projects/usb-power-3s/contracts.md
FAIL C-ALLOW  archived_projects/usb-power-3s/.easyeda_cache/C137981.json: not permitted by archived_projects/usb-power-3s/contracts.md
FAIL C-ALLOW  archived_projects/usb-power-3s/.easyeda_cache/C15172.json: not permitted by archived_projects/usb-power-3s/contracts.md
FAIL C-ALLOW  archived_projects/usb-power-3s/.easyeda_cache/C1549.json: not permitted by archived_projects/usb-power-3s/contracts.md
FAIL C-ALLOW  archived_projects/usb-power-3s/.easyeda_cache/C207061.json: not permitted by archived_projects/usb-power-3s/contracts.md
FAIL C-ALLOW  archived_projects/usb-power-3s/.easyeda_cache/C226807.json: not permitted by archived_projects/usb-power-3s/contracts.md
FAIL C-ALLOW  archived_projects/usb-power-3s/.easyeda_cache/C2297.json: not permitted by archived_projects/usb-power-3s/contracts.md
FAIL C-ALLOW  archived_projects/usb-power-3s/.easyeda_cache/C23630.json: not permitted by archived_projects/usb-power-3s/contracts.md
FAIL C-ALLOW  archived_projects/usb-power-3s/.easyeda_cache/C25741.json: not permitted by archived_projects/usb-power-3s/contracts.md
FAIL C-ALLOW  archived_projects/usb-power-3s/.easyeda_cache/C25754.json: not permitted by archived_projects/usb-power-3s/contracts.md
FAIL C-ALLOW  archived_projects/usb-power-3s/.easyeda_cache/C25765.json: not permitted by archived_projects/usb-power-3s/contracts.md
FAIL C-ALLOW  archived_projects/usb-power-3s/.easyeda_cache/C26982.json: not permitted by archived_projects/usb-power-3s/contracts.md
FAIL C-ALLOW  archived_projects/usb-power-3s/.easyeda_cache/C276264.json: not permitted by archived_projects/usb-power-3s/contracts.md
FAIL C-ALLOW  archived_projects/usb-power-3s/.easyeda_cache/C3020560.json: not permitted by archived_projects/usb-power-3s/contracts.md
FAIL C-ALLOW  archived_projects/usb-power-3s/.easyeda_cache/C3215600.json: not permitted by archived_projects/usb-power-3s/contracts.md
FAIL C-ALLOW  archived_projects/usb-power-3s/.easyeda_cache/C353386.json: not permitted by archived_projects/usb-power-3s/contracts.md
FAIL C-ALLOW  archived_projects/usb-power-3s/.easyeda_cache/C409935.json: not permitted by archived_projects/usb-power-3s/contracts.md
FAIL C-ALLOW  archived_projects/usb-power-3s/.easyeda_cache/C45186.json: not permitted by archived_projects/usb-power-3s/contracts.md
FAIL C-ALLOW  archived_projects/usb-power-3s/.easyeda_cache/C453769.json: not permitted by archived_projects/usb-power-3s/contracts.md
FAIL C-ALLOW  archived_projects/usb-power-3s/.easyeda_cache/C454289.json: not permitted by archived_projects/usb-power-3s/contracts.md
FAIL C-ALLOW  archived_projects/usb-power-3s/.easyeda_cache/C485912.json: not permitted by archived_projects/usb-power-3s/contracts.md
FAIL C-ALLOW  archived_projects/usb-power-3s/.easyeda_cache/C60154.json: not permitted by archived_projects/usb-power-3s/contracts.md
FAIL C-ALLOW  archived_projects/usb-power-3s/.easyeda_cache/C60490.json: not permitted by archived_projects/usb-power-3s/contracts.md
FAIL C-ALLOW  archived_projects/usb-power-3s/.easyeda_cache/C77102.json: not permitted by archived_projects/usb-power-3s/contracts.md
FAIL C-ALLOW  archived_projects/usb-power-3s/.easyeda_cache/C82219.json: not permitted by archived_projects/usb-power-3s/contracts.md
FAIL C-ALLOW  archived_projects/usb-power-3s/.easyeda_cache/C840100.json: not permitted by archived_projects/usb-power-3s/contracts.md
FAIL C-ALLOW  archived_projects/usb-power-3s/.easyeda_cache/C84494.json: not permitted by archived_projects/usb-power-3s/contracts.md
FAIL C-ALLOW  archived_projects/usb-power-3s/.easyeda_cache/C852731.json: not permitted by archived_projects/usb-power-3s/contracts.md
FAIL C-ALLOW  archived_projects/usb-power-3s/.easyeda_cache/C98732.json: not permitted by archived_projects/usb-power-3s/contracts.md
FAIL C-ALLOW  archived_projects/usb-power-3s/.easyeda_cache/ac9b32e974bc448eab36b1293f859dcb.obj: not permitted by archived_projects/usb-power-3s/contracts.md
FAIL C-ALLOW  archived_projects/usb-power-3s/.easyeda_cache/ac9b32e974bc448eab36b1293f859dcb.step: not permitted by archived_projects/usb-power-3s/contracts.md
FAIL C-ALLOW  archived_projects/usb-power-3s/.easyeda_cache/b21ed2de59664afc86d4c28de9c58071.obj: not permitted by archived_projects/usb-power-3s/contracts.md
FAIL C-ALLOW  archived_projects/usb-power-3s/.easyeda_cache/b21ed2de59664afc86d4c28de9c58071.step: not permitted by archived_projects/usb-power-3s/contracts.md
FAIL C-ALLOW  archived_projects/usb-power-3s/.easyeda_cache/b568c80088e44e7787ac98e18b16aaa3.obj: not permitted by archived_projects/usb-power-3s/contracts.md
FAIL C-ALLOW  archived_projects/usb-power-3s/.easyeda_cache/b568c80088e44e7787ac98e18b16aaa3.step: not permitted by archived_projects/usb-power-3s/contracts.md
FAIL C-ALLOW  archived_projects/usb-power-3s/.easyeda_cache/c6790e9475e1483991d2c64340b24e96.obj: not permitted by archived_projects/usb-power-3s/contracts.md
FAIL C-ALLOW  archived_projects/usb-power-3s/.easyeda_cache/c6790e9475e1483991d2c64340b24e96.step: not permitted by archived_projects/usb-power-3s/contracts.md
FAIL C-ALLOW  archived_projects/usb-power-3s/.easyeda_cache/d22c67b9ac914fc88e11c9408076081e.obj: not permitted by archived_projects/usb-power-3s/contracts.md
FAIL C-ALLOW  archived_projects/usb-power-3s/.easyeda_cache/d22c67b9ac914fc88e11c9408076081e.step: not permitted by archived_projects/usb-power-3s/contracts.md
FAIL C-ALLOW  archived_projects/usb-power-3s/01_docs/decisions/0001-two-buck-topology.md: not permitted by archived_projects/usb-power-3s/01_docs/decisions/contracts.md
FAIL C-ALLOW  archived_projects/usb-power-3s/01_docs/decisions/0002-usbc-3a-advertisement-6a-copper.md: not permitted by archived_projects/usb-power-3s/01_docs/decisions/contracts.md
FAIL C-ALLOW  archived_projects/usb-power-3s/01_docs/decisions/0003-power-only-dcp-no-data-esd.md: not permitted by archived_projects/usb-power-3s/01_docs/decisions/contracts.md
FAIL C-ALLOW  archived_projects/usb-power-3s/01_docs/decisions/0004-front-end-lm74800-uvlo.md: not permitted by archived_projects/usb-power-3s/01_docs/decisions/contracts.md
FAIL C-ALLOW  archived_projects/usb-power-3s/01_docs/decisions/0005-reuse-verified-parts-set.md: not permitted by archived_projects/usb-power-3s/01_docs/decisions/contracts.md
FAIL C-ALLOW  archived_projects/usb-power-3s/03_src/lib/pwr.kicad_sym: not permitted by archived_projects/usb-power-3s/03_src/lib/contracts.md
FAIL C-ALLOW  archived_projects/usb-power-3s/03_src/lib/usb_power_3s.pretty/FuseHolder_ATO_FLR_EdgeTrim.kicad_mod: not permitted by archived_projects/usb-power-3s/03_src/lib/contracts.md
FAIL C-ALLOW  archived_projects/usb-power-3s/03_src/lib/usb_power_3s.pretty/VQFN-20_3.5x4.5_P0.5_LM5145RGY.kicad_mod: not permitted by archived_projects/usb-power-3s/03_src/lib/contracts.md
FAIL C-ALLOW  archived_projects/usb-power-3s/03_src/lib/usb_power_3s.pretty/WSON-12_3x3_P0.5_LM74800DRR.kicad_mod: not permitted by archived_projects/usb-power-3s/03_src/lib/contracts.md
FAIL C-ALLOW  archived_projects/usb-power-3s/03_src/lib/usb_power_3s.pretty/XT60PW-M_EdgeTrim.kicad_mod: not permitted by archived_projects/usb-power-3s/03_src/lib/contracts.md
FAIL C-ALLOW  archived_projects/usb-power-3s/03_src/route/r5.kicad_pcb: not permitted by archived_projects/usb-power-3s/03_src/contracts.md
FAIL C-ALLOW  archived_projects/usb-power-3s/03_src/route_prep.py: not permitted by archived_projects/usb-power-3s/03_src/contracts.md
FAIL C-ALLOW  archived_projects/usb-power-3s/03_src/rules/erc_warning_baseline.yaml: not permitted by archived_projects/usb-power-3s/03_src/rules/contracts.md
FAIL C-ALLOW  archived_projects/usb-power-3s/03_src/rules/policy_waivers.yaml: not permitted by archived_projects/usb-power-3s/03_src/rules/contracts.md
FAIL C-ALLOW  archived_projects/usb-power-3s/03_tscircuit/.gitignore: not permitted by archived_projects/usb-power-3s/03_tscircuit/contracts.md
FAIL C-ALLOW  archived_projects/usb-power-3s/06_build/full_review_2026-07-19.md: not permitted by archived_projects/usb-power-3s/06_build/contracts.md
FAIL C-ALLOW  archived_projects/usb-power-3s/07_releases/v1.0-2026-07-16/MANIFEST.txt: not permitted by archived_projects/usb-power-3s/07_releases/contracts.md
FAIL C-ALLOW  archived_projects/usb-power-3s/07_releases/v1.0-2026-07-16/ORDER_README.md: not permitted by archived_projects/usb-power-3s/07_releases/contracts.md
FAIL C-ALLOW  archived_projects/usb-power-3s/07_releases/v1.0-2026-07-16/SUPERSEDED.md: not permitted by archived_projects/usb-power-3s/07_releases/contracts.md
FAIL C-ALLOW  archived_projects/usb-power-3s/07_releases/v1.0-2026-07-16/bom.csv: not permitted by archived_projects/usb-power-3s/07_releases/contracts.md
FAIL C-ALLOW  archived_projects/usb-power-3s/07_releases/v1.0-2026-07-16/cpl.csv: not permitted by archived_projects/usb-power-3s/07_releases/contracts.md
FAIL C-ALLOW  archived_projects/usb-power-3s/07_releases/v1.0-2026-07-16/pdf/assembly_top.pdf: not permitted by archived_projects/usb-power-3s/07_releases/contracts.md
FAIL C-ALLOW  archived_projects/usb-power-3s/07_releases/v1.0-2026-07-16/pdf/pcb_layers.pdf: not permitted by archived_projects/usb-power-3s/07_releases/contracts.md
FAIL C-ALLOW  archived_projects/usb-power-3s/07_releases/v1.0-2026-07-16/pdf/schematic.pdf: not permitted by archived_projects/usb-power-3s/07_releases/contracts.md
FAIL C-ALLOW  archived_projects/usb-power-3s/07_releases/v1.0-2026-07-16/usb_power_3s_gerbers.zip: not permitted by archived_projects/usb-power-3s/07_releases/contracts.md
FAIL C-ALLOW  archived_projects/usb-power-3s/07_releases/v1.0-2026-07-16/verification/audit.txt: not permitted by archived_projects/usb-power-3s/07_releases/contracts.md
FAIL C-ALLOW  archived_projects/usb-power-3s/07_releases/v1.0-2026-07-16/verification/drc.json: not permitted by archived_projects/usb-power-3s/07_releases/contracts.md
FAIL C-ALLOW  archived_projects/usb-power-3s/07_releases/v1.0-2026-07-16/verification/stock_check.csv: not permitted by archived_projects/usb-power-3s/07_releases/contracts.md
FAIL C-ALLOW  archived_projects/usb-power-3s/07_releases/v1.1-2026-07-16/MANIFEST.txt: not permitted by archived_projects/usb-power-3s/07_releases/contracts.md
FAIL C-ALLOW  archived_projects/usb-power-3s/07_releases/v1.1-2026-07-16/ORDER_README.md: not permitted by archived_projects/usb-power-3s/07_releases/contracts.md
FAIL C-ALLOW  archived_projects/usb-power-3s/07_releases/v1.1-2026-07-16/SUPERSEDED.md: not permitted by archived_projects/usb-power-3s/07_releases/contracts.md
FAIL C-ALLOW  archived_projects/usb-power-3s/07_releases/v1.1-2026-07-16/bom.csv: not permitted by archived_projects/usb-power-3s/07_releases/contracts.md
FAIL C-ALLOW  archived_projects/usb-power-3s/07_releases/v1.1-2026-07-16/cpl.csv: not permitted by archived_projects/usb-power-3s/07_releases/contracts.md
FAIL C-ALLOW  archived_projects/usb-power-3s/07_releases/v1.1-2026-07-16/pdf/assembly_top.pdf: not permitted by archived_projects/usb-power-3s/07_releases/contracts.md
FAIL C-ALLOW  archived_projects/usb-power-3s/07_releases/v1.1-2026-07-16/pdf/pcb_layers.pdf: not permitted by archived_projects/usb-power-3s/07_releases/contracts.md
FAIL C-ALLOW  archived_projects/usb-power-3s/07_releases/v1.1-2026-07-16/pdf/schematic.pdf: not permitted by archived_projects/usb-power-3s/07_releases/contracts.md
FAIL C-ALLOW  archived_projects/usb-power-3s/07_releases/v1.1-2026-07-16/usb_power_3s_gerbers.zip: not permitted by archived_projects/usb-power-3s/07_releases/contracts.md
FAIL C-ALLOW  archived_projects/usb-power-3s/07_releases/v1.1-2026-07-16/verification/audit.txt: not permitted by archived_projects/usb-power-3s/07_releases/contracts.md
FAIL C-ALLOW  archived_projects/usb-power-3s/07_releases/v1.1-2026-07-16/verification/drc.json: not permitted by archived_projects/usb-power-3s/07_releases/contracts.md
FAIL C-ALLOW  archived_projects/usb-power-3s/07_releases/v1.1-2026-07-16/verification/pin_review.md: not permitted by archived_projects/usb-power-3s/07_releases/contracts.md
FAIL C-ALLOW  archived_projects/usb-power-3s/07_releases/v1.1-2026-07-16/verification/stock_check.csv: not permitted by archived_projects/usb-power-3s/07_releases/contracts.md
FAIL C-ALLOW  archived_projects/usb-power-3s/07_releases/v1.1-2026-07-16/verification/twin_bottom.png: not permitted by archived_projects/usb-power-3s/07_releases/contracts.md
FAIL C-ALLOW  archived_projects/usb-power-3s/07_releases/v1.1-2026-07-16/verification/twin_edge_east.png: not permitted by archived_projects/usb-power-3s/07_releases/contracts.md
FAIL C-ALLOW  archived_projects/usb-power-3s/07_releases/v1.1-2026-07-16/verification/twin_edge_west.png: not permitted by archived_projects/usb-power-3s/07_releases/contracts.md
FAIL C-ALLOW  archived_projects/usb-power-3s/07_releases/v1.1-2026-07-16/verification/twin_iso_nw.png: not permitted by archived_projects/usb-power-3s/07_releases/contracts.md
FAIL C-ALLOW  archived_projects/usb-power-3s/07_releases/v1.1-2026-07-16/verification/twin_iso_se.png: not permitted by archived_projects/usb-power-3s/07_releases/contracts.md
FAIL C-ALLOW  archived_projects/usb-power-3s/07_releases/v1.1-2026-07-16/verification/twin_report.csv: not permitted by archived_projects/usb-power-3s/07_releases/contracts.md
FAIL C-ALLOW  archived_projects/usb-power-3s/07_releases/v1.1-2026-07-16/verification/twin_top.png: not permitted by archived_projects/usb-power-3s/07_releases/contracts.md
FAIL C-ALLOW  archived_projects/usb-power-3s/07_releases/v1.2-2026-07-17/MANIFEST.txt: not permitted by archived_projects/usb-power-3s/07_releases/contracts.md
FAIL C-ALLOW  archived_projects/usb-power-3s/07_releases/v1.2-2026-07-17/ORDER_README.md: not permitted by archived_projects/usb-power-3s/07_releases/contracts.md
FAIL C-ALLOW  archived_projects/usb-power-3s/07_releases/v1.2-2026-07-17/SUPERSEDED.md: not permitted by archived_projects/usb-power-3s/07_releases/contracts.md
FAIL C-ALLOW  archived_projects/usb-power-3s/07_releases/v1.2-2026-07-17/bom.csv: not permitted by archived_projects/usb-power-3s/07_releases/contracts.md
FAIL C-ALLOW  archived_projects/usb-power-3s/07_releases/v1.2-2026-07-17/cpl.csv: not permitted by archived_projects/usb-power-3s/07_releases/contracts.md
FAIL C-ALLOW  archived_projects/usb-power-3s/07_releases/v1.2-2026-07-17/pdf/assembly_top.pdf: not permitted by archived_projects/usb-power-3s/07_releases/contracts.md
FAIL C-ALLOW  archived_projects/usb-power-3s/07_releases/v1.2-2026-07-17/pdf/pcb_layers.pdf: not permitted by archived_projects/usb-power-3s/07_releases/contracts.md
FAIL C-ALLOW  archived_projects/usb-power-3s/07_releases/v1.2-2026-07-17/pdf/schematic.pdf: not permitted by archived_projects/usb-power-3s/07_releases/contracts.md
FAIL C-ALLOW  archived_projects/usb-power-3s/07_releases/v1.2-2026-07-17/usb_power_3s_gerbers.zip: not permitted by archived_projects/usb-power-3s/07_releases/contracts.md
FAIL C-ALLOW  archived_projects/usb-power-3s/07_releases/v1.2-2026-07-17/verification/audit.txt: not permitted by archived_projects/usb-power-3s/07_releases/contracts.md
FAIL C-ALLOW  archived_projects/usb-power-3s/07_releases/v1.2-2026-07-17/verification/drc.json: not permitted by archived_projects/usb-power-3s/07_releases/contracts.md
FAIL C-ALLOW  archived_projects/usb-power-3s/07_releases/v1.2-2026-07-17/verification/pin_review.md: not permitted by archived_projects/usb-power-3s/07_releases/contracts.md
FAIL C-ALLOW  archived_projects/usb-power-3s/07_releases/v1.2-2026-07-17/verification/policy_audit.md: not permitted by archived_projects/usb-power-3s/07_releases/contracts.md
FAIL C-ALLOW  archived_projects/usb-power-3s/07_releases/v1.2-2026-07-17/verification/render_review.md: not permitted by archived_projects/usb-power-3s/07_releases/contracts.md
FAIL C-ALLOW  archived_projects/usb-power-3s/07_releases/v1.2-2026-07-17/verification/stock_check.csv: not permitted by archived_projects/usb-power-3s/07_releases/contracts.md
FAIL C-ALLOW  archived_projects/usb-power-3s/07_releases/v1.2-2026-07-17/verification/twin_bottom.png: not permitted by archived_projects/usb-power-3s/07_releases/contracts.md
FAIL C-ALLOW  archived_projects/usb-power-3s/07_releases/v1.2-2026-07-17/verification/twin_edge_east.png: not permitted by archived_projects/usb-power-3s/07_releases/contracts.md
FAIL C-ALLOW  archived_projects/usb-power-3s/07_releases/v1.2-2026-07-17/verification/twin_edge_west.png: not permitted by archived_projects/usb-power-3s/07_releases/contracts.md
FAIL C-ALLOW  archived_projects/usb-power-3s/07_releases/v1.2-2026-07-17/verification/twin_iso_nw.png: not permitted by archived_projects/usb-power-3s/07_releases/contracts.md
FAIL C-ALLOW  archived_projects/usb-power-3s/07_releases/v1.2-2026-07-17/verification/twin_iso_se.png: not permitted by archived_projects/usb-power-3s/07_releases/contracts.md
FAIL C-ALLOW  archived_projects/usb-power-3s/07_releases/v1.2-2026-07-17/verification/twin_report.csv: not permitted by archived_projects/usb-power-3s/07_releases/contracts.md
FAIL C-ALLOW  archived_projects/usb-power-3s/07_releases/v1.2-2026-07-17/verification/twin_top.png: not permitted by archived_projects/usb-power-3s/07_releases/contracts.md
FAIL C-ALLOW  archived_projects/usb-power-3s/07_releases/v1.3-2026-07-17/MANIFEST.txt: not permitted by archived_projects/usb-power-3s/07_releases/contracts.md
FAIL C-ALLOW  archived_projects/usb-power-3s/07_releases/v1.3-2026-07-17/ORDER_README.md: not permitted by archived_projects/usb-power-3s/07_releases/contracts.md
FAIL C-ALLOW  archived_projects/usb-power-3s/07_releases/v1.3-2026-07-17/bom.csv: not permitted by archived_projects/usb-power-3s/07_releases/contracts.md
FAIL C-ALLOW  archived_projects/usb-power-3s/07_releases/v1.3-2026-07-17/cpl.csv: not permitted by archived_projects/usb-power-3s/07_releases/contracts.md
FAIL C-ALLOW  archived_projects/usb-power-3s/07_releases/v1.3-2026-07-17/pdf/assembly_top.pdf: not permitted by archived_projects/usb-power-3s/07_releases/contracts.md
FAIL C-ALLOW  archived_projects/usb-power-3s/07_releases/v1.3-2026-07-17/pdf/pcb_layers.pdf: not permitted by archived_projects/usb-power-3s/07_releases/contracts.md
FAIL C-ALLOW  archived_projects/usb-power-3s/07_releases/v1.3-2026-07-17/pdf/schematic.pdf: not permitted by archived_projects/usb-power-3s/07_releases/contracts.md
FAIL C-ALLOW  archived_projects/usb-power-3s/07_releases/v1.3-2026-07-17/usb_power_3s_gerbers.zip: not permitted by archived_projects/usb-power-3s/07_releases/contracts.md
FAIL C-ALLOW  archived_projects/usb-power-3s/07_releases/v1.3-2026-07-17/verification/audit.txt: not permitted by archived_projects/usb-power-3s/07_releases/contracts.md
FAIL C-ALLOW  archived_projects/usb-power-3s/07_releases/v1.3-2026-07-17/verification/drc.json: not permitted by archived_projects/usb-power-3s/07_releases/contracts.md
FAIL C-ALLOW  archived_projects/usb-power-3s/07_releases/v1.3-2026-07-17/verification/pin_review.md: not permitted by archived_projects/usb-power-3s/07_releases/contracts.md
FAIL C-ALLOW  archived_projects/usb-power-3s/07_releases/v1.3-2026-07-17/verification/policy_audit.md: not permitted by archived_projects/usb-power-3s/07_releases/contracts.md
FAIL C-ALLOW  archived_projects/usb-power-3s/07_releases/v1.3-2026-07-17/verification/render_review.md: not permitted by archived_projects/usb-power-3s/07_releases/contracts.md
FAIL C-ALLOW  archived_projects/usb-power-3s/07_releases/v1.3-2026-07-17/verification/stock_check.csv: not permitted by archived_projects/usb-power-3s/07_releases/contracts.md
FAIL C-ALLOW  archived_projects/usb-power-3s/07_releases/v1.3-2026-07-17/verification/twin_bottom.png: not permitted by archived_projects/usb-power-3s/07_releases/contracts.md
FAIL C-ALLOW  archived_projects/usb-power-3s/07_releases/v1.3-2026-07-17/verification/twin_edge_east.png: not permitted by archived_projects/usb-power-3s/07_releases/contracts.md
FAIL C-ALLOW  archived_projects/usb-power-3s/07_releases/v1.3-2026-07-17/verification/twin_edge_west.png: not permitted by archived_projects/usb-power-3s/07_releases/contracts.md
FAIL C-ALLOW  archived_projects/usb-power-3s/07_releases/v1.3-2026-07-17/verification/twin_iso_nw.png: not permitted by archived_projects/usb-power-3s/07_releases/contracts.md
FAIL C-ALLOW  archived_projects/usb-power-3s/07_releases/v1.3-2026-07-17/verification/twin_iso_se.png: not permitted by archived_projects/usb-power-3s/07_releases/contracts.md
FAIL C-ALLOW  archived_projects/usb-power-3s/07_releases/v1.3-2026-07-17/verification/twin_report.csv: not permitted by archived_projects/usb-power-3s/07_releases/contracts.md
FAIL C-ALLOW  archived_projects/usb-power-3s/07_releases/v1.3-2026-07-17/verification/twin_top.png: not permitted by archived_projects/usb-power-3s/07_releases/contracts.md
FAIL C-ALLOW  archived_projects/xt60-usb-supply-rerun/.easyeda_cache/0cd93a8a020043018b876f47573d4285.obj: not permitted by archived_projects/xt60-usb-supply-rerun/contracts.md
FAIL C-ALLOW  archived_projects/xt60-usb-supply-rerun/.easyeda_cache/0cd93a8a020043018b876f47573d4285.step: not permitted by archived_projects/xt60-usb-supply-rerun/contracts.md
FAIL C-ALLOW  archived_projects/xt60-usb-supply-rerun/.easyeda_cache/0f62590f50b54fa48364a4157b2b6286.obj: not permitted by archived_projects/xt60-usb-supply-rerun/contracts.md
FAIL C-ALLOW  archived_projects/xt60-usb-supply-rerun/.easyeda_cache/0f62590f50b54fa48364a4157b2b6286.step: not permitted by archived_projects/xt60-usb-supply-rerun/contracts.md
FAIL C-ALLOW  archived_projects/xt60-usb-supply-rerun/.easyeda_cache/229b69761e2c45dba6a83d8866dec72d.obj: not permitted by archived_projects/xt60-usb-supply-rerun/contracts.md
FAIL C-ALLOW  archived_projects/xt60-usb-supply-rerun/.easyeda_cache/229b69761e2c45dba6a83d8866dec72d.step: not permitted by archived_projects/xt60-usb-supply-rerun/contracts.md
FAIL C-ALLOW  archived_projects/xt60-usb-supply-rerun/.easyeda_cache/23093642268545519703b953fc993978.obj: not permitted by archived_projects/xt60-usb-supply-rerun/contracts.md
FAIL C-ALLOW  archived_projects/xt60-usb-supply-rerun/.easyeda_cache/23093642268545519703b953fc993978.step: not permitted by archived_projects/xt60-usb-supply-rerun/contracts.md
FAIL C-ALLOW  archived_projects/xt60-usb-supply-rerun/.easyeda_cache/695f4abe86624a1eb9bf94cea2804287.obj: not permitted by archived_projects/xt60-usb-supply-rerun/contracts.md
FAIL C-ALLOW  archived_projects/xt60-usb-supply-rerun/.easyeda_cache/695f4abe86624a1eb9bf94cea2804287.step: not permitted by archived_projects/xt60-usb-supply-rerun/contracts.md
FAIL C-ALLOW  archived_projects/xt60-usb-supply-rerun/.easyeda_cache/6bd5cd867e9542ebae21caaf5d2d4c4d.obj: not permitted by archived_projects/xt60-usb-supply-rerun/contracts.md
FAIL C-ALLOW  archived_projects/xt60-usb-supply-rerun/.easyeda_cache/6bd5cd867e9542ebae21caaf5d2d4c4d.step: not permitted by archived_projects/xt60-usb-supply-rerun/contracts.md
FAIL C-ALLOW  archived_projects/xt60-usb-supply-rerun/.easyeda_cache/892cc756ed79448ab4afad0e5bfcdfa6.obj: not permitted by archived_projects/xt60-usb-supply-rerun/contracts.md
FAIL C-ALLOW  archived_projects/xt60-usb-supply-rerun/.easyeda_cache/892cc756ed79448ab4afad0e5bfcdfa6.step: not permitted by archived_projects/xt60-usb-supply-rerun/contracts.md
FAIL C-ALLOW  archived_projects/xt60-usb-supply-rerun/.easyeda_cache/8fd25e967d514fadb32489eb3c21393e.obj: not permitted by archived_projects/xt60-usb-supply-rerun/contracts.md
FAIL C-ALLOW  archived_projects/xt60-usb-supply-rerun/.easyeda_cache/8fd25e967d514fadb32489eb3c21393e.step: not permitted by archived_projects/xt60-usb-supply-rerun/contracts.md
FAIL C-ALLOW  archived_projects/xt60-usb-supply-rerun/.easyeda_cache/C125897.json: not permitted by archived_projects/xt60-usb-supply-rerun/contracts.md
FAIL C-ALLOW  archived_projects/xt60-usb-supply-rerun/.easyeda_cache/C14860.json: not permitted by archived_projects/xt60-usb-supply-rerun/contracts.md
FAIL C-ALLOW  archived_projects/xt60-usb-supply-rerun/.easyeda_cache/C1591.json: not permitted by archived_projects/xt60-usb-supply-rerun/contracts.md
FAIL C-ALLOW  archived_projects/xt60-usb-supply-rerun/.easyeda_cache/C167217.json: not permitted by archived_projects/xt60-usb-supply-rerun/contracts.md
FAIL C-ALLOW  archived_projects/xt60-usb-supply-rerun/.easyeda_cache/C167218.json: not permitted by archived_projects/xt60-usb-supply-rerun/contracts.md
FAIL C-ALLOW  archived_projects/xt60-usb-supply-rerun/.easyeda_cache/C21190.json: not permitted by archived_projects/xt60-usb-supply-rerun/contracts.md
FAIL C-ALLOW  archived_projects/xt60-usb-supply-rerun/.easyeda_cache/C2297.json: not permitted by archived_projects/xt60-usb-supply-rerun/contracts.md
FAIL C-ALLOW  archived_projects/xt60-usb-supply-rerun/.easyeda_cache/C23630.json: not permitted by archived_projects/xt60-usb-supply-rerun/contracts.md
FAIL C-ALLOW  archived_projects/xt60-usb-supply-rerun/.easyeda_cache/C25803.json: not permitted by archived_projects/xt60-usb-supply-rerun/contracts.md
FAIL C-ALLOW  archived_projects/xt60-usb-supply-rerun/.easyeda_cache/C25804.json: not permitted by archived_projects/xt60-usb-supply-rerun/contracts.md
FAIL C-ALLOW  archived_projects/xt60-usb-supply-rerun/.easyeda_cache/C31850.json: not permitted by archived_projects/xt60-usb-supply-rerun/contracts.md
FAIL C-ALLOW  archived_projects/xt60-usb-supply-rerun/.easyeda_cache/C400894.json: not permitted by archived_projects/xt60-usb-supply-rerun/contracts.md
FAIL C-ALLOW  archived_projects/xt60-usb-supply-rerun/.easyeda_cache/C4211.json: not permitted by archived_projects/xt60-usb-supply-rerun/contracts.md
FAIL C-ALLOW  archived_projects/xt60-usb-supply-rerun/.easyeda_cache/C44480.json: not permitted by archived_projects/xt60-usb-supply-rerun/contracts.md
FAIL C-ALLOW  archived_projects/xt60-usb-supply-rerun/.easyeda_cache/C46550465.json: not permitted by archived_projects/xt60-usb-supply-rerun/contracts.md
FAIL C-ALLOW  archived_projects/xt60-usb-supply-rerun/.easyeda_cache/C5337088.json: not permitted by archived_projects/xt60-usb-supply-rerun/contracts.md
FAIL C-ALLOW  archived_projects/xt60-usb-supply-rerun/.easyeda_cache/C55530.json: not permitted by archived_projects/xt60-usb-supply-rerun/contracts.md
FAIL C-ALLOW  archived_projects/xt60-usb-supply-rerun/.easyeda_cache/C7519.json: not permitted by archived_projects/xt60-usb-supply-rerun/contracts.md
FAIL C-ALLOW  archived_projects/xt60-usb-supply-rerun/.easyeda_cache/C83846.json: not permitted by archived_projects/xt60-usb-supply-rerun/contracts.md
FAIL C-ALLOW  archived_projects/xt60-usb-supply-rerun/.easyeda_cache/C84256.json: not permitted by archived_projects/xt60-usb-supply-rerun/contracts.md
FAIL C-ALLOW  archived_projects/xt60-usb-supply-rerun/.easyeda_cache/C98732.json: not permitted by archived_projects/xt60-usb-supply-rerun/contracts.md
FAIL C-ALLOW  archived_projects/xt60-usb-supply-rerun/.easyeda_cache/a0a76e4d1361492ea577ec3a7045de30.obj: not permitted by archived_projects/xt60-usb-supply-rerun/contracts.md
FAIL C-ALLOW  archived_projects/xt60-usb-supply-rerun/.easyeda_cache/a0a76e4d1361492ea577ec3a7045de30.step: not permitted by archived_projects/xt60-usb-supply-rerun/contracts.md
FAIL C-ALLOW  archived_projects/xt60-usb-supply-rerun/.easyeda_cache/ac9b32e974bc448eab36b1293f859dcb.obj: not permitted by archived_projects/xt60-usb-supply-rerun/contracts.md
FAIL C-ALLOW  archived_projects/xt60-usb-supply-rerun/.easyeda_cache/ac9b32e974bc448eab36b1293f859dcb.step: not permitted by archived_projects/xt60-usb-supply-rerun/contracts.md
FAIL C-ALLOW  archived_projects/xt60-usb-supply-rerun/.easyeda_cache/c6790e9475e1483991d2c64340b24e96.obj: not permitted by archived_projects/xt60-usb-supply-rerun/contracts.md
FAIL C-ALLOW  archived_projects/xt60-usb-supply-rerun/.easyeda_cache/c6790e9475e1483991d2c64340b24e96.step: not permitted by archived_projects/xt60-usb-supply-rerun/contracts.md
FAIL C-ALLOW  archived_projects/xt60-usb-supply-rerun/.easyeda_cache/ceafb183c74347baabbacc2158b065b9.obj: not permitted by archived_projects/xt60-usb-supply-rerun/contracts.md
FAIL C-ALLOW  archived_projects/xt60-usb-supply-rerun/.easyeda_cache/ceafb183c74347baabbacc2158b065b9.step: not permitted by archived_projects/xt60-usb-supply-rerun/contracts.md
FAIL C-ALLOW  archived_projects/xt60-usb-supply-rerun/.easyeda_cache/d22c67b9ac914fc88e11c9408076081e.obj: not permitted by archived_projects/xt60-usb-supply-rerun/contracts.md
FAIL C-ALLOW  archived_projects/xt60-usb-supply-rerun/.easyeda_cache/d22c67b9ac914fc88e11c9408076081e.step: not permitted by archived_projects/xt60-usb-supply-rerun/contracts.md
FAIL C-ALLOW  archived_projects/xt60-usb-supply-rerun/.easyeda_cache/d5a38e203c17458293326560d5e1de33.obj: not permitted by archived_projects/xt60-usb-supply-rerun/contracts.md
FAIL C-ALLOW  archived_projects/xt60-usb-supply-rerun/.easyeda_cache/d5a38e203c17458293326560d5e1de33.step: not permitted by archived_projects/xt60-usb-supply-rerun/contracts.md
FAIL C-ALLOW  archived_projects/xt60-usb-supply-rerun/.easyeda_cache/d792f813c1054fc4ac994ff75db25e02.obj: not permitted by archived_projects/xt60-usb-supply-rerun/contracts.md
FAIL C-ALLOW  archived_projects/xt60-usb-supply-rerun/.easyeda_cache/d792f813c1054fc4ac994ff75db25e02.step: not permitted by archived_projects/xt60-usb-supply-rerun/contracts.md
FAIL C-ALLOW  archived_projects/xt60-usb-supply-rerun/01_docs/decisions/0001-two-rail-topology.md: not permitted by archived_projects/xt60-usb-supply-rerun/01_docs/decisions/contracts.md
FAIL C-ALLOW  archived_projects/xt60-usb-supply-rerun/01_docs/decisions/0002-usbc-strategy.md: not permitted by archived_projects/xt60-usb-supply-rerun/01_docs/decisions/contracts.md
FAIL C-ALLOW  archived_projects/xt60-usb-supply-rerun/01_docs/decisions/0003-buck-selection.md: not permitted by archived_projects/xt60-usb-supply-rerun/01_docs/decisions/contracts.md
FAIL C-ALLOW  archived_projects/xt60-usb-supply-rerun/01_docs/decisions/0004-input-protection.md: not permitted by archived_projects/xt60-usb-supply-rerun/01_docs/decisions/contracts.md
FAIL C-ALLOW  archived_projects/xt60-usb-supply-rerun/01_docs/decisions/0005-stackup.md: not permitted by archived_projects/xt60-usb-supply-rerun/01_docs/decisions/contracts.md
FAIL C-ALLOW  archived_projects/xt60-usb-supply-rerun/01_docs/decisions/0006-connector-selection.md: not permitted by archived_projects/xt60-usb-supply-rerun/01_docs/decisions/contracts.md
FAIL C-ALLOW  archived_projects/xt60-usb-supply-rerun/01_docs/decisions/0007-ilmt-low-both-rails.md: not permitted by archived_projects/xt60-usb-supply-rerun/01_docs/decisions/contracts.md
FAIL C-ALLOW  archived_projects/xt60-usb-supply-rerun/01_docs/decisions/0008-usbc-dcp-short.md: not permitted by archived_projects/xt60-usb-supply-rerun/01_docs/decisions/contracts.md
FAIL C-ALLOW  archived_projects/xt60-usb-supply-rerun/01_docs/decisions/0009-known-limitation-no-uvlo.md: not permitted by archived_projects/xt60-usb-supply-rerun/01_docs/decisions/contracts.md
FAIL C-ALLOW  archived_projects/xt60-usb-supply-rerun/03_src/check_parity.py: not permitted by archived_projects/xt60-usb-supply-rerun/03_src/contracts.md
FAIL C-ALLOW  archived_projects/xt60-usb-supply-rerun/03_src/drc_gate.py: not permitted by archived_projects/xt60-usb-supply-rerun/03_src/contracts.md
FAIL C-ALLOW  archived_projects/xt60-usb-supply-rerun/03_src/import_routing.py: not permitted by archived_projects/xt60-usb-supply-rerun/03_src/contracts.md
FAIL C-ALLOW  archived_projects/xt60-usb-supply-rerun/03_src/lib/3dmodels/IND-SMD_L7.0-W6.6-H3.0.step: not permitted by archived_projects/xt60-usb-supply-rerun/03_src/lib/contracts.md
FAIL C-ALLOW  archived_projects/xt60-usb-supply-rerun/03_src/lib/3dmodels/IND-SMD_L7.0-W6.6-H3.0.wrl: not permitted by archived_projects/xt60-usb-supply-rerun/03_src/lib/contracts.md
FAIL C-ALLOW  archived_projects/xt60-usb-supply-rerun/03_src/lib/3dmodels/QFN-10_L3.0-W3.0-P0.45-TL_SILERGY.step: not permitted by archived_projects/xt60-usb-supply-rerun/03_src/lib/contracts.md
FAIL C-ALLOW  archived_projects/xt60-usb-supply-rerun/03_src/lib/3dmodels/QFN-10_L3.0-W3.0-P0.45-TL_SILERGY.wrl: not permitted by archived_projects/xt60-usb-supply-rerun/03_src/lib/contracts.md
FAIL C-ALLOW  archived_projects/xt60-usb-supply-rerun/03_src/lib/schwriter.kicad_sym: not permitted by archived_projects/xt60-usb-supply-rerun/03_src/lib/contracts.md
FAIL C-ALLOW  archived_projects/xt60-usb-supply-rerun/03_src/lib/schwriter.py: not permitted by archived_projects/xt60-usb-supply-rerun/03_src/lib/contracts.md
FAIL C-ALLOW  archived_projects/xt60-usb-supply-rerun/03_src/lib/xt60_usb_supply.pretty/L_FXL0630_7.0x6.6mm.kicad_mod: not permitted by archived_projects/xt60-usb-supply-rerun/03_src/lib/contracts.md
FAIL C-ALLOW  archived_projects/xt60-usb-supply-rerun/03_src/lib/xt60_usb_supply.pretty/QFN3x3-10_FC_SY8368.kicad_mod: not permitted by archived_projects/xt60-usb-supply-rerun/03_src/lib/contracts.md
FAIL C-ALLOW  archived_projects/xt60-usb-supply-rerun/03_src/route_board.sh: not permitted by archived_projects/xt60-usb-supply-rerun/03_src/contracts.md
FAIL C-ALLOW  archived_projects/xt60-usb-supply-rerun/03_src/rules/audit.json: not permitted by archived_projects/xt60-usb-supply-rerun/03_src/rules/contracts.md
FAIL C-ALLOW  archived_projects/xt60-usb-supply-rerun/03_src/rules/drc_baseline.json: not permitted by archived_projects/xt60-usb-supply-rerun/03_src/rules/contracts.md
FAIL C-ALLOW  archived_projects/xt60-usb-supply-rerun/03_src/rules/policy_waivers.yaml: not permitted by archived_projects/xt60-usb-supply-rerun/03_src/rules/contracts.md
FAIL C-ALLOW  archived_projects/xt60-usb-supply-rerun/03_tscircuit/.gitignore: not permitted by archived_projects/xt60-usb-supply-rerun/03_tscircuit/contracts.md
FAIL C-ALLOW  archived_projects/xt60-usb-supply-rerun/03_tscircuit/verification/erc.rpt: not permitted by archived_projects/xt60-usb-supply-rerun/03_tscircuit/contracts.md
FAIL C-ALLOW  archived_projects/xt60-usb-supply-rerun/06_build/full_review_2026-07-19.md: not permitted by archived_projects/xt60-usb-supply-rerun/06_build/contracts.md
FAIL C-ALLOW  archived_projects/xt60-usb-supply-rerun/07_releases/v1.0-2026-07-16/MANIFEST.txt: not permitted by archived_projects/xt60-usb-supply-rerun/07_releases/contracts.md
FAIL C-ALLOW  archived_projects/xt60-usb-supply-rerun/07_releases/v1.0-2026-07-16/ORDER_README.md: not permitted by archived_projects/xt60-usb-supply-rerun/07_releases/contracts.md
FAIL C-ALLOW  archived_projects/xt60-usb-supply-rerun/07_releases/v1.0-2026-07-16/SUPERSEDED.md: not permitted by archived_projects/xt60-usb-supply-rerun/07_releases/contracts.md
FAIL C-ALLOW  archived_projects/xt60-usb-supply-rerun/07_releases/v1.0-2026-07-16/bom.csv: not permitted by archived_projects/xt60-usb-supply-rerun/07_releases/contracts.md
FAIL C-ALLOW  archived_projects/xt60-usb-supply-rerun/07_releases/v1.0-2026-07-16/cpl.csv: not permitted by archived_projects/xt60-usb-supply-rerun/07_releases/contracts.md
FAIL C-ALLOW  archived_projects/xt60-usb-supply-rerun/07_releases/v1.0-2026-07-16/pdf/assembly_top.pdf: not permitted by archived_projects/xt60-usb-supply-rerun/07_releases/contracts.md
FAIL C-ALLOW  archived_projects/xt60-usb-supply-rerun/07_releases/v1.0-2026-07-16/pdf/pcb_layers.pdf: not permitted by archived_projects/xt60-usb-supply-rerun/07_releases/contracts.md
FAIL C-ALLOW  archived_projects/xt60-usb-supply-rerun/07_releases/v1.0-2026-07-16/pdf/schematic.pdf: not permitted by archived_projects/xt60-usb-supply-rerun/07_releases/contracts.md
FAIL C-ALLOW  archived_projects/xt60-usb-supply-rerun/07_releases/v1.0-2026-07-16/verification/audit.txt: not permitted by archived_projects/xt60-usb-supply-rerun/07_releases/contracts.md
FAIL C-ALLOW  archived_projects/xt60-usb-supply-rerun/07_releases/v1.0-2026-07-16/verification/drc.rpt: not permitted by archived_projects/xt60-usb-supply-rerun/07_releases/contracts.md
FAIL C-ALLOW  archived_projects/xt60-usb-supply-rerun/07_releases/v1.0-2026-07-16/verification/pin_review.md: not permitted by archived_projects/xt60-usb-supply-rerun/07_releases/contracts.md
FAIL C-ALLOW  archived_projects/xt60-usb-supply-rerun/07_releases/v1.0-2026-07-16/verification/render_review.md: not permitted by archived_projects/xt60-usb-supply-rerun/07_releases/contracts.md
FAIL C-ALLOW  archived_projects/xt60-usb-supply-rerun/07_releases/v1.0-2026-07-16/verification/stock_report.csv: not permitted by archived_projects/xt60-usb-supply-rerun/07_releases/contracts.md
FAIL C-ALLOW  archived_projects/xt60-usb-supply-rerun/07_releases/v1.0-2026-07-16/verification/twin_bottom.png: not permitted by archived_projects/xt60-usb-supply-rerun/07_releases/contracts.md
FAIL C-ALLOW  archived_projects/xt60-usb-supply-rerun/07_releases/v1.0-2026-07-16/verification/twin_edge_east.png: not permitted by archived_projects/xt60-usb-supply-rerun/07_releases/contracts.md
FAIL C-ALLOW  archived_projects/xt60-usb-supply-rerun/07_releases/v1.0-2026-07-16/verification/twin_edge_west.png: not permitted by archived_projects/xt60-usb-supply-rerun/07_releases/contracts.md
FAIL C-ALLOW  archived_projects/xt60-usb-supply-rerun/07_releases/v1.0-2026-07-16/verification/twin_iso_nw.png: not permitted by archived_projects/xt60-usb-supply-rerun/07_releases/contracts.md
FAIL C-ALLOW  archived_projects/xt60-usb-supply-rerun/07_releases/v1.0-2026-07-16/verification/twin_iso_se.png: not permitted by archived_projects/xt60-usb-supply-rerun/07_releases/contracts.md
FAIL C-ALLOW  archived_projects/xt60-usb-supply-rerun/07_releases/v1.0-2026-07-16/verification/twin_report.csv: not permitted by archived_projects/xt60-usb-supply-rerun/07_releases/contracts.md
FAIL C-ALLOW  archived_projects/xt60-usb-supply-rerun/07_releases/v1.0-2026-07-16/verification/twin_top.png: not permitted by archived_projects/xt60-usb-supply-rerun/07_releases/contracts.md
FAIL C-ALLOW  archived_projects/xt60-usb-supply-rerun/07_releases/v1.0-2026-07-16/xt60-usb-supply_gerbers.zip: not permitted by archived_projects/xt60-usb-supply-rerun/07_releases/contracts.md
FAIL C-ALLOW  archived_projects/xt60-usb-supply-rerun/07_releases/v1.0.1-2026-07-16/MANIFEST.txt: not permitted by archived_projects/xt60-usb-supply-rerun/07_releases/contracts.md
FAIL C-ALLOW  archived_projects/xt60-usb-supply-rerun/07_releases/v1.0.1-2026-07-16/ORDER_README.md: not permitted by archived_projects/xt60-usb-supply-rerun/07_releases/contracts.md
FAIL C-ALLOW  archived_projects/xt60-usb-supply-rerun/07_releases/v1.0.1-2026-07-16/SUPERSEDED.md: not permitted by archived_projects/xt60-usb-supply-rerun/07_releases/contracts.md
FAIL C-ALLOW  archived_projects/xt60-usb-supply-rerun/07_releases/v1.0.1-2026-07-16/bom.csv: not permitted by archived_projects/xt60-usb-supply-rerun/07_releases/contracts.md
FAIL C-ALLOW  archived_projects/xt60-usb-supply-rerun/07_releases/v1.0.1-2026-07-16/cpl.csv: not permitted by archived_projects/xt60-usb-supply-rerun/07_releases/contracts.md
FAIL C-ALLOW  archived_projects/xt60-usb-supply-rerun/07_releases/v1.0.1-2026-07-16/pdf/assembly_top.pdf: not permitted by archived_projects/xt60-usb-supply-rerun/07_releases/contracts.md
FAIL C-ALLOW  archived_projects/xt60-usb-supply-rerun/07_releases/v1.0.1-2026-07-16/pdf/pcb_layers.pdf: not permitted by archived_projects/xt60-usb-supply-rerun/07_releases/contracts.md
FAIL C-ALLOW  archived_projects/xt60-usb-supply-rerun/07_releases/v1.0.1-2026-07-16/pdf/schematic.pdf: not permitted by archived_projects/xt60-usb-supply-rerun/07_releases/contracts.md
FAIL C-ALLOW  archived_projects/xt60-usb-supply-rerun/07_releases/v1.0.1-2026-07-16/verification/audit.txt: not permitted by archived_projects/xt60-usb-supply-rerun/07_releases/contracts.md
FAIL C-ALLOW  archived_projects/xt60-usb-supply-rerun/07_releases/v1.0.1-2026-07-16/verification/drc.rpt: not permitted by archived_projects/xt60-usb-supply-rerun/07_releases/contracts.md
FAIL C-ALLOW  archived_projects/xt60-usb-supply-rerun/07_releases/v1.0.1-2026-07-16/verification/pin_review.md: not permitted by archived_projects/xt60-usb-supply-rerun/07_releases/contracts.md
FAIL C-ALLOW  archived_projects/xt60-usb-supply-rerun/07_releases/v1.0.1-2026-07-16/verification/render_review.md: not permitted by archived_projects/xt60-usb-supply-rerun/07_releases/contracts.md
FAIL C-ALLOW  archived_projects/xt60-usb-supply-rerun/07_releases/v1.0.1-2026-07-16/verification/stock_report.csv: not permitted by archived_projects/xt60-usb-supply-rerun/07_releases/contracts.md
FAIL C-ALLOW  archived_projects/xt60-usb-supply-rerun/07_releases/v1.0.1-2026-07-16/verification/twin_bottom.png: not permitted by archived_projects/xt60-usb-supply-rerun/07_releases/contracts.md
FAIL C-ALLOW  archived_projects/xt60-usb-supply-rerun/07_releases/v1.0.1-2026-07-16/verification/twin_edge_east.png: not permitted by archived_projects/xt60-usb-supply-rerun/07_releases/contracts.md
FAIL C-ALLOW  archived_projects/xt60-usb-supply-rerun/07_releases/v1.0.1-2026-07-16/verification/twin_edge_west.png: not permitted by archived_projects/xt60-usb-supply-rerun/07_releases/contracts.md
FAIL C-ALLOW  archived_projects/xt60-usb-supply-rerun/07_releases/v1.0.1-2026-07-16/verification/twin_iso_nw.png: not permitted by archived_projects/xt60-usb-supply-rerun/07_releases/contracts.md
FAIL C-ALLOW  archived_projects/xt60-usb-supply-rerun/07_releases/v1.0.1-2026-07-16/verification/twin_iso_se.png: not permitted by archived_projects/xt60-usb-supply-rerun/07_releases/contracts.md
FAIL C-ALLOW  archived_projects/xt60-usb-supply-rerun/07_releases/v1.0.1-2026-07-16/verification/twin_report.csv: not permitted by archived_projects/xt60-usb-supply-rerun/07_releases/contracts.md
FAIL C-ALLOW  archived_projects/xt60-usb-supply-rerun/07_releases/v1.0.1-2026-07-16/verification/twin_top.png: not permitted by archived_projects/xt60-usb-supply-rerun/07_releases/contracts.md
FAIL C-ALLOW  archived_projects/xt60-usb-supply-rerun/07_releases/v1.0.1-2026-07-16/xt60-usb-supply_gerbers.zip: not permitted by archived_projects/xt60-usb-supply-rerun/07_releases/contracts.md
FAIL C-ALLOW  archived_projects/xt60-usb-supply-rerun/07_releases/v1.0.2-2026-07-16/MANIFEST.txt: not permitted by archived_projects/xt60-usb-supply-rerun/07_releases/contracts.md
FAIL C-ALLOW  archived_projects/xt60-usb-supply-rerun/07_releases/v1.0.2-2026-07-16/ORDER_README.md: not permitted by archived_projects/xt60-usb-supply-rerun/07_releases/contracts.md
FAIL C-ALLOW  archived_projects/xt60-usb-supply-rerun/07_releases/v1.0.2-2026-07-16/bom.csv: not permitted by archived_projects/xt60-usb-supply-rerun/07_releases/contracts.md
FAIL C-ALLOW  archived_projects/xt60-usb-supply-rerun/07_releases/v1.0.2-2026-07-16/cpl.csv: not permitted by archived_projects/xt60-usb-supply-rerun/07_releases/contracts.md
FAIL C-ALLOW  archived_projects/xt60-usb-supply-rerun/07_releases/v1.0.2-2026-07-16/pdf/assembly_top.pdf: not permitted by archived_projects/xt60-usb-supply-rerun/07_releases/contracts.md
FAIL C-ALLOW  archived_projects/xt60-usb-supply-rerun/07_releases/v1.0.2-2026-07-16/pdf/pcb_layers.pdf: not permitted by archived_projects/xt60-usb-supply-rerun/07_releases/contracts.md
FAIL C-ALLOW  archived_projects/xt60-usb-supply-rerun/07_releases/v1.0.2-2026-07-16/pdf/schematic.pdf: not permitted by archived_projects/xt60-usb-supply-rerun/07_releases/contracts.md
FAIL C-ALLOW  archived_projects/xt60-usb-supply-rerun/07_releases/v1.0.2-2026-07-16/verification/audit.txt: not permitted by archived_projects/xt60-usb-supply-rerun/07_releases/contracts.md
FAIL C-ALLOW  archived_projects/xt60-usb-supply-rerun/07_releases/v1.0.2-2026-07-16/verification/drc.rpt: not permitted by archived_projects/xt60-usb-supply-rerun/07_releases/contracts.md
FAIL C-ALLOW  archived_projects/xt60-usb-supply-rerun/07_releases/v1.0.2-2026-07-16/verification/pin_review.md: not permitted by archived_projects/xt60-usb-supply-rerun/07_releases/contracts.md
FAIL C-ALLOW  archived_projects/xt60-usb-supply-rerun/07_releases/v1.0.2-2026-07-16/verification/render_review.md: not permitted by archived_projects/xt60-usb-supply-rerun/07_releases/contracts.md
FAIL C-ALLOW  archived_projects/xt60-usb-supply-rerun/07_releases/v1.0.2-2026-07-16/verification/stock_report.csv: not permitted by archived_projects/xt60-usb-supply-rerun/07_releases/contracts.md
FAIL C-ALLOW  archived_projects/xt60-usb-supply-rerun/07_releases/v1.0.2-2026-07-16/verification/twin_bottom.png: not permitted by archived_projects/xt60-usb-supply-rerun/07_releases/contracts.md
FAIL C-ALLOW  archived_projects/xt60-usb-supply-rerun/07_releases/v1.0.2-2026-07-16/verification/twin_edge_east.png: not permitted by archived_projects/xt60-usb-supply-rerun/07_releases/contracts.md
FAIL C-ALLOW  archived_projects/xt60-usb-supply-rerun/07_releases/v1.0.2-2026-07-16/verification/twin_edge_west.png: not permitted by archived_projects/xt60-usb-supply-rerun/07_releases/contracts.md
FAIL C-ALLOW  archived_projects/xt60-usb-supply-rerun/07_releases/v1.0.2-2026-07-16/verification/twin_iso_nw.png: not permitted by archived_projects/xt60-usb-supply-rerun/07_releases/contracts.md
FAIL C-ALLOW  archived_projects/xt60-usb-supply-rerun/07_releases/v1.0.2-2026-07-16/verification/twin_iso_se.png: not permitted by archived_projects/xt60-usb-supply-rerun/07_releases/contracts.md
FAIL C-ALLOW  archived_projects/xt60-usb-supply-rerun/07_releases/v1.0.2-2026-07-16/verification/twin_report.csv: not permitted by archived_projects/xt60-usb-supply-rerun/07_releases/contracts.md
FAIL C-ALLOW  archived_projects/xt60-usb-supply-rerun/07_releases/v1.0.2-2026-07-16/verification/twin_top.png: not permitted by archived_projects/xt60-usb-supply-rerun/07_releases/contracts.md
FAIL C-ALLOW  archived_projects/xt60-usb-supply-rerun/07_releases/v1.0.2-2026-07-16/xt60-usb-supply_gerbers.zip: not permitted by archived_projects/xt60-usb-supply-rerun/07_releases/contracts.md
FAIL C-ALLOW  archived_projects/xt60-usb-supply-rerun/PROGRESS.md: not permitted by archived_projects/xt60-usb-supply-rerun/contracts.md
FAIL C-ALLOW  archived_projects/xt60-usb-supply-rerun/SNAPSHOT.md: not permitted by archived_projects/xt60-usb-supply-rerun/contracts.md
FAIL C-ALLOW  projects/crow-audio-carrier-v1/06_build/placement-dback-20260910T180147Z/candidate-1-source.patch: not permitted by projects/crow-audio-carrier-v1/06_build/contracts.md
FAIL C-ALLOW  projects/crow-audio-carrier-v1/06_build/placement-dback-20260910T180147Z/candidate-1/04_kicad/crow_audio_carrier_v1.kicad_dru: not permitted by projects/crow-audio-carrier-v1/06_build/contracts.md
FAIL C-ALLOW  projects/crow-audio-carrier-v1/06_build/placement-dback-20260910T180147Z/candidate-1/04_kicad/crow_audio_carrier_v1.kicad_pcb: not permitted by projects/crow-audio-carrier-v1/06_build/contracts.md
FAIL C-ALLOW  projects/crow-audio-carrier-v1/06_build/placement-dback-20260910T180147Z/candidate-1/04_kicad/crow_audio_carrier_v1.kicad_prl: not permitted by projects/crow-audio-carrier-v1/06_build/contracts.md
FAIL C-ALLOW  projects/crow-audio-carrier-v1/06_build/placement-dback-20260910T180147Z/candidate-1/04_kicad/crow_audio_carrier_v1.kicad_pro: not permitted by projects/crow-audio-carrier-v1/06_build/contracts.md
FAIL C-ALLOW  projects/crow-audio-carrier-v1/06_build/placement-dback-20260910T180147Z/candidate-1/04_kicad/crow_audio_carrier_v1.kicad_sch: not permitted by projects/crow-audio-carrier-v1/06_build/contracts.md
FAIL C-ALLOW  projects/crow-audio-carrier-v1/06_build/placement-dback-20260910T180147Z/candidate-1/04_kicad/fp-lib-table: not permitted by projects/crow-audio-carrier-v1/06_build/contracts.md
FAIL C-ALLOW  projects/crow-audio-carrier-v1/06_build/placement-dback-20260910T180147Z/candidate-1/attempt-notes.md: not permitted by projects/crow-audio-carrier-v1/06_build/contracts.md
FAIL C-ALLOW  projects/crow-audio-carrier-v1/06_build/placement-dback-20260910T180147Z/candidate-1/config.yaml: not permitted by projects/crow-audio-carrier-v1/06_build/contracts.md
FAIL C-ALLOW  projects/crow-audio-carrier-v1/06_build/placement-dback-20260910T180147Z/candidate-1/drc-before-project-restore.json: not permitted by projects/crow-audio-carrier-v1/06_build/contracts.md
FAIL C-ALLOW  projects/crow-audio-carrier-v1/06_build/placement-dback-20260910T180147Z/candidate-1/drc-before-project-restore.log: not permitted by projects/crow-audio-carrier-v1/06_build/contracts.md
FAIL C-ALLOW  projects/crow-audio-carrier-v1/06_build/placement-dback-20260910T180147Z/candidate-1/drc.json: not permitted by projects/crow-audio-carrier-v1/06_build/contracts.md
FAIL C-ALLOW  projects/crow-audio-carrier-v1/06_build/placement-dback-20260910T180147Z/candidate-1/drc.log: not permitted by projects/crow-audio-carrier-v1/06_build/contracts.md
FAIL C-ALLOW  projects/crow-audio-carrier-v1/06_build/placement-dback-20260910T180147Z/candidate-1/generate.log: not permitted by projects/crow-audio-carrier-v1/06_build/contracts.md
FAIL C-ALLOW  projects/crow-audio-carrier-v1/06_build/placement-dback-20260910T180147Z/candidate-1/p-drc.log: not permitted by projects/crow-audio-carrier-v1/06_build/contracts.md
FAIL C-ALLOW  projects/crow-audio-carrier-v1/06_build/placement-dback-20260910T180147Z/candidate-1/proof.json: not permitted by projects/crow-audio-carrier-v1/06_build/contracts.md
FAIL C-ALLOW  projects/crow-audio-carrier-v1/06_build/placement-dback-20260910T180147Z/candidate-1/proof.log: not permitted by projects/crow-audio-carrier-v1/06_build/contracts.md
FAIL C-ALLOW  projects/crow-audio-carrier-v1/06_build/placement-dback-20260910T180147Z/candidate-1/refdes_waiver.json: not permitted by projects/crow-audio-carrier-v1/06_build/contracts.md
FAIL C-ALLOW  projects/crow-audio-carrier-v1/06_build/placement-dback-20260910T180147Z/candidate-1/regression-execution.json: not permitted by projects/crow-audio-carrier-v1/06_build/contracts.md
FAIL C-ALLOW  projects/crow-audio-carrier-v1/06_build/placement-dback-20260910T180147Z/census.py: not permitted by projects/crow-audio-carrier-v1/06_build/contracts.md
FAIL C-ALLOW  projects/crow-audio-carrier-v1/06_build/placement-dback-20260910T180147Z/classify.py: not permitted by projects/crow-audio-carrier-v1/06_build/contracts.md
FAIL C-ALLOW  projects/crow-audio-carrier-v1/06_build/placement-dback-20260910T180147Z/connectivity.json: not permitted by projects/crow-audio-carrier-v1/06_build/contracts.md
FAIL C-ALLOW  projects/crow-audio-carrier-v1/06_build/placement-dback-20260910T180147Z/field_assert.py: not permitted by projects/crow-audio-carrier-v1/06_build/contracts.md
FAIL C-ALLOW  projects/crow-audio-carrier-v1/06_build/placement-dback-20260910T180147Z/fields.py: not permitted by projects/crow-audio-carrier-v1/06_build/contracts.md
FAIL C-ALLOW  projects/crow-audio-carrier-v1/06_build/placement-dback-20260910T180147Z/floorplan.candidate.yaml: not permitted by projects/crow-audio-carrier-v1/06_build/contracts.md
FAIL C-ALLOW  projects/crow-audio-carrier-v1/06_build/placement-dback-20260910T180147Z/full-residual-classification.json: not permitted by projects/crow-audio-carrier-v1/06_build/contracts.md
FAIL C-ALLOW  projects/crow-audio-carrier-v1/06_build/placement-dback-20260910T180147Z/generate_board_generic.candidate.py: not permitted by projects/crow-audio-carrier-v1/06_build/contracts.md
FAIL C-ALLOW  projects/crow-audio-carrier-v1/06_build/placement-dback-20260910T180147Z/launch.json: not permitted by projects/crow-audio-carrier-v1/06_build/contracts.md
FAIL C-ALLOW  projects/crow-audio-carrier-v1/06_build/placement-dback-20260910T180147Z/make_candidate.py: not permitted by projects/crow-audio-carrier-v1/06_build/contracts.md
FAIL C-ALLOW  projects/crow-audio-carrier-v1/06_build/placement-dback-20260910T180147Z/negative-original/04_kicad/crow_audio_carrier_v1.kicad_pcb: not permitted by projects/crow-audio-carrier-v1/06_build/contracts.md
FAIL C-ALLOW  projects/crow-audio-carrier-v1/06_build/placement-dback-20260910T180147Z/negative-original/04_kicad/crow_audio_carrier_v1.kicad_prl: not permitted by projects/crow-audio-carrier-v1/06_build/contracts.md
FAIL C-ALLOW  projects/crow-audio-carrier-v1/06_build/placement-dback-20260910T180147Z/negative-original/04_kicad/crow_audio_carrier_v1.kicad_pro: not permitted by projects/crow-audio-carrier-v1/06_build/contracts.md
FAIL C-ALLOW  projects/crow-audio-carrier-v1/06_build/placement-dback-20260910T180147Z/negative-original/config.yaml: not permitted by projects/crow-audio-carrier-v1/06_build/contracts.md
FAIL C-ALLOW  projects/crow-audio-carrier-v1/06_build/placement-dback-20260910T180147Z/negative-original/generate.log: not permitted by projects/crow-audio-carrier-v1/06_build/contracts.md
FAIL C-ALLOW  projects/crow-audio-carrier-v1/06_build/placement-dback-20260910T180147Z/negative-original/refdes_waiver.json: not permitted by projects/crow-audio-carrier-v1/06_build/contracts.md
FAIL C-ALLOW  projects/crow-audio-carrier-v1/06_build/placement-dback-20260910T180147Z/output-manifest.json: not permitted by projects/crow-audio-carrier-v1/06_build/contracts.md
FAIL C-ALLOW  projects/crow-audio-carrier-v1/06_build/placement-dback-20260910T180147Z/parity-census.json: not permitted by projects/crow-audio-carrier-v1/06_build/contracts.md
FAIL C-ALLOW  projects/crow-audio-carrier-v1/06_build/placement-dback-20260910T180147Z/physical-causes.json: not permitted by projects/crow-audio-carrier-v1/06_build/contracts.md
FAIL C-ALLOW  projects/crow-audio-carrier-v1/06_build/placement-dback-20260910T180147Z/physical.py: not permitted by projects/crow-audio-carrier-v1/06_build/contracts.md
FAIL C-ALLOW  projects/crow-audio-carrier-v1/06_build/placement-dback-20260910T180147Z/protected-before.json: not permitted by projects/crow-audio-carrier-v1/06_build/contracts.md
FAIL C-ALLOW  projects/crow-audio-carrier-v1/06_build/placement-dback-20260910T180147Z/protection-rehash.json: not permitted by projects/crow-audio-carrier-v1/06_build/contracts.md
FAIL C-ALLOW  projects/crow-audio-carrier-v1/06_build/placement-dback-20260910T180147Z/refilled-baseline.kicad_pcb: not permitted by projects/crow-audio-carrier-v1/06_build/contracts.md
FAIL C-ALLOW  projects/crow-audio-carrier-v1/06_build/placement-dback-20260910T180147Z/refilled-baseline.kicad_pro: not permitted by projects/crow-audio-carrier-v1/06_build/contracts.md
FAIL C-ALLOW  projects/crow-audio-carrier-v1/06_build/placement-dback-20260910T180147Z/rehash.py: not permitted by projects/crow-audio-carrier-v1/06_build/contracts.md
FAIL C-ALLOW  projects/crow-audio-carrier-v1/06_build/placement-dback-20260910T180147Z/verify_candidate.py: not permitted by projects/crow-audio-carrier-v1/06_build/contracts.md
FAIL C-ALLOW  projects/crow-audio-carrier-v1/06_build/placement-dback-20260910T180147Z/write_receipt.py: not permitted by projects/crow-audio-carrier-v1/06_build/contracts.md
FAIL C-ALLOW  projects/crow-audio-carrier-v1/06_build/placement-dback-20260910T180147Z/writer-scope.json: not permitted by projects/crow-audio-carrier-v1/06_build/contracts.md
FAIL C-ALLOW  projects/usb-controlled-debug-hub-2a-v1/01_docs/capability_profile.json: not permitted by projects/usb-controlled-debug-hub-2a-v1/01_docs/contracts.md
FAIL C-ALLOW  projects/usb-controlled-debug-hub-2a-v1/01_docs/design_math.md: not permitted by projects/usb-controlled-debug-hub-2a-v1/01_docs/contracts.md
FAIL C-ALLOW  projects/usb-controlled-debug-hub-2a-v1/01_docs/power_execution_trace.md: not permitted by projects/usb-controlled-debug-hub-2a-v1/01_docs/contracts.md
FAIL C-ALLOW  projects/usb-controlled-debug-hub-2a-v1/01_docs/sourcing/procurement-policy.yaml: not permitted by projects/usb-controlled-debug-hub-2a-v1/01_docs/contracts.md
FAIL C-ALLOW  projects/usb-controlled-debug-hub-2a-v1/02_parts/KH-AF90DIP-112/pin_authority.md: not permitted by projects/usb-controlled-debug-hub-2a-v1/02_parts/contracts.md
FAIL C-ALLOW  projects/usb-controlled-debug-hub-2a-v1/03_src/lib/3d/2N7002K_SOT23.step: not permitted by projects/usb-controlled-debug-hub-2a-v1/03_src/lib/contracts.md
FAIL C-ALLOW  projects/usb-controlled-debug-hub-2a-v1/03_src/lib/3d/CH224K_ESSOP10.step: not permitted by projects/usb-controlled-debug-hub-2a-v1/03_src/lib/contracts.md
FAIL C-ALLOW  projects/usb-controlled-debug-hub-2a-v1/03_src/lib/3d/MWSA0804S.step: not permitted by projects/usb-controlled-debug-hub-2a-v1/03_src/lib/contracts.md
FAIL C-ALLOW  projects/usb-controlled-debug-hub-2a-v1/03_src/lib/3d/SWPA4030S.step: not permitted by projects/usb-controlled-debug-hub-2a-v1/03_src/lib/contracts.md
FAIL C-ALLOW  projects/usb-controlled-debug-hub-2a-v1/03_src/lib/3d/TI_RGE0024_VQFN24_4x4.step: not permitted by projects/usb-controlled-debug-hub-2a-v1/03_src/lib/contracts.md
FAIL C-ALLOW  projects/usb-controlled-debug-hub-2a-v1/03_src/lib/3d/TPS2557_SON8.step: not permitted by projects/usb-controlled-debug-hub-2a-v1/03_src/lib/contracts.md
FAIL C-ALLOW  projects/usb-controlled-debug-hub-2a-v1/03_src/lib/3d/TPS259474LRPWR_VQFN-HR-10.step: not permitted by projects/usb-controlled-debug-hub-2a-v1/03_src/lib/contracts.md
FAIL C-ALLOW  projects/usb-controlled-debug-hub-2a-v1/03_src/lib/3d/TPS56637_RPA0010A.step: not permitted by projects/usb-controlled-debug-hub-2a-v1/03_src/lib/contracts.md
FAIL C-ALLOW  projects/usb-controlled-debug-hub-2a-v1/03_src/lib/3d/TYPE-C-31-M-12.step: not permitted by projects/usb-controlled-debug-hub-2a-v1/03_src/lib/contracts.md
FAIL C-ALLOW  projects/usb-controlled-debug-hub-2a-v1/03_src/lib/3d/USB1130-15-A-envelope.wrl: not permitted by projects/usb-controlled-debug-hub-2a-v1/03_src/lib/contracts.md
FAIL C-ALLOW  projects/usb-controlled-debug-hub-2a-v1/03_src/lib/3d/USB2517I_QFN64.step: not permitted by projects/usb-controlled-debug-hub-2a-v1/03_src/lib/contracts.md
FAIL C-ALLOW  projects/usb-controlled-debug-hub-2a-v1/03_tscircuit/verification/sch_occlusion.json: not permitted by projects/usb-controlled-debug-hub-2a-v1/03_tscircuit/contracts.md
FAIL C-ALLOW  projects/usb-controlled-debug-hub-2a-v1/06_build/checkpoints/MANIFEST.pre-final-evidence.txt: not permitted by projects/usb-controlled-debug-hub-2a-v1/06_build/contracts.md
FAIL C-ALLOW  projects/usb-controlled-debug-hub-2a-v1/06_build/checkpoints/MANIFEST.pre-rehearsal.txt: not permitted by projects/usb-controlled-debug-hub-2a-v1/06_build/contracts.md
FAIL C-ALLOW  projects/usb-controlled-debug-hub-2a-v1/06_build/checkpoints/MANIFEST.pre-required-complete.txt: not permitted by projects/usb-controlled-debug-hub-2a-v1/06_build/contracts.md
FAIL C-ALLOW  projects/usb-controlled-debug-hub-2a-v1/06_build/checkpoints/MANIFEST.pre-subject-fix.txt: not permitted by projects/usb-controlled-debug-hub-2a-v1/06_build/contracts.md
FAIL C-ALLOW  projects/usb-controlled-debug-hub-2a-v1/06_build/checkpoints/final_routed_before_review_refresh.kicad_pcb: not permitted by projects/usb-controlled-debug-hub-2a-v1/06_build/contracts.md
FAIL C-ALLOW  projects/usb-controlled-debug-hub-2a-v1/06_build/checkpoints/incomplete_usb_controlled_debug_hub_2a.step: not permitted by projects/usb-controlled-debug-hub-2a-v1/06_build/contracts.md
FAIL C-ALLOW  projects/usb-controlled-debug-hub-2a-v1/06_build/checkpoints/promoted_route_before_r_swap4_ground_fix.kicad_pcb: not permitted by projects/usb-controlled-debug-hub-2a-v1/06_build/contracts.md
FAIL C-ALLOW  projects/usb-controlled-debug-hub-2a-v1/08_reviews/connector_orientation.yaml: not permitted by projects/usb-controlled-debug-hub-2a-v1/08_reviews/contracts.md
FAIL C-ALLOW  projects/usb-controlled-debug-hub-2a-v1/08_reviews/final_pin_v0.1.1.md: not permitted by projects/usb-controlled-debug-hub-2a-v1/08_reviews/contracts.md
FAIL C-ALLOW  projects/usb-controlled-debug-hub-2a-v1/08_reviews/final_render_v0.1.1.md: not permitted by projects/usb-controlled-debug-hub-2a-v1/08_reviews/contracts.md
FAIL C-ALLOW  projects/usb-hub-3s-v3/.gitignore: not permitted by projects/contracts.md
FAIL C-ALLOW  projects/usb-hub-3s-v3/01_docs/STATUS.md: not permitted by projects/usb-hub-3s-v3/01_docs/contracts.md
FAIL C-ALLOW  projects/usb-hub-3s-v3/01_docs/learnings/verify.md: not permitted by projects/usb-hub-3s-v3/01_docs/contracts.md
FAIL C-ALLOW  projects/usb-hub-3s-v3/03_src/rebuild_fast.sh: not permitted by projects/usb-hub-3s-v3/03_src/contracts.md
FAIL C-ALLOW  projects/usb-hub-3s-v3/03_src/rules/assembly.yaml: not permitted by projects/usb-hub-3s-v3/03_src/rules/contracts.md
FAIL C-ALLOW  projects/usb-hub-3s-v3/07_releases/v1.10-2026-07-27/rotation_human_gate.txt: not permitted by projects/usb-hub-3s-v3/07_releases/contracts.md
FAIL C-ALLOW  projects/usb-hub-3s-v3/07_releases/v1.11-2026-07-27/rotation_human_gate.txt: not permitted by projects/usb-hub-3s-v3/07_releases/contracts.md
FAIL C-ALLOW  projects/usb-hub-3s-v3/07_releases/v1.6-2026-07-26/rotation_human_gate.txt: not permitted by projects/usb-hub-3s-v3/07_releases/contracts.md
FAIL C-ALLOW  projects/usb-hub-3s-v3/07_releases/v1.7-2026-07-26/rotation_human_gate.txt: not permitted by projects/usb-hub-3s-v3/07_releases/contracts.md
FAIL C-ALLOW  projects/usb-hub-3s-v3/07_releases/v1.8-2026-07-26/rotation_human_gate.txt: not permitted by projects/usb-hub-3s-v3/07_releases/contracts.md
FAIL C-ALLOW  projects/usb-hub-3s-v3/07_releases/v1.9-2026-07-27/rotation_human_gate.txt: not permitted by projects/usb-hub-3s-v3/07_releases/contracts.md
FAIL C-ALLOW  projects/usb-hub-3s-v3/08_reviews/2026-07-26_v1.8_pin-review.md: not permitted by projects/usb-hub-3s-v3/08_reviews/contracts.md
FAIL C-ALLOW  projects/usb-hub-3s-v3/08_reviews/2026-07-26_v1.8_render-review.md: not permitted by projects/usb-hub-3s-v3/08_reviews/contracts.md
FAIL C-ALLOW  projects/usb-hub-3s-v3/08_reviews/2026-07-27_v1.9_pin-review.md: not permitted by projects/usb-hub-3s-v3/08_reviews/contracts.md
FAIL C-ALLOW  projects/usb-hub-3s-v3/08_reviews/2026-07-27_v1.9_render-review.md: not permitted by projects/usb-hub-3s-v3/08_reviews/contracts.md
FAIL C-ALLOW  projects/usb-hub-3s-v3/RESUME.md: not permitted by projects/contracts.md
FAIL RATCHET  DEBT_CEILING: UNRATCHETED unit 'projects/crow-audio-carrier-v1' carries 47 violation(s) and has no row. Add `"projects/crow-audio-carrier-v1": 47,` to scripts/contracts_audit.py in the SAME change — an absent row is an unratcheted unit, and a map that may omit units is not a bound.
contracts_audit: 17097 files, 2920 violations
contracts_audit: RATCHET debt 2920 tracked violations over 27 units vs 2873 recorded over 26 — BREACHED
