ERC report (2026-09-23T19:29:52, Encoding UTF8)
Report includes: Errors, Warnings, Exclusions

***** Sheet /
[lib_symbol_issues]: The current configuration does not include the symbol library 'elt'
    ; warning
    @(15.24 mm, 15.24 mm): Symbol #FLG01 [PWR_FLAG]
[lib_symbol_issues]: The current configuration does not include the symbol library 'elt'
    ; warning
    @(15.24 mm, 22.86 mm): Symbol #PWR408 [GND]
[endpoint_off_grid]: Symbol pin or wire end off connection grid
    ; warning
    @(25.40 mm, 300.355 mm): Symbol R_OPA_BLEED1 Pin 1 [Passive, Line]
[endpoint_off_grid]: Symbol pin or wire end off connection grid
    ; warning
    @(25.40 mm, 2074.545 mm): Horizontal Wire, length 2.54 mm
[endpoint_off_grid]: Symbol pin or wire end off connection grid
    ; warning
    @(25.40 mm, 2077.085 mm): Vertical Wire, length 2.54 mm
[endpoint_off_grid]: Symbol pin or wire end off connection grid
    ; warning
    @(25.40 mm, 2077.085 mm): Horizontal Wire, length 2.54 mm
[endpoint_off_grid]: Symbol pin or wire end off connection grid
    ; warning
    @(25.40 mm, 2079.625 mm): Vertical Wire, length 2.54 mm
[endpoint_off_grid]: Symbol pin or wire end off connection grid
    ; warning
    @(25.40 mm, 2254.885 mm): Horizontal Wire, length 2.54 mm
[endpoint_off_grid]: Symbol pin or wire end off connection grid
    ; warning
    @(25.40 mm, 2257.425 mm): Horizontal Wire, length 2.54 mm
[endpoint_off_grid]: Symbol pin or wire end off connection grid
    ; warning
    @(25.40 mm, 2257.425 mm): Vertical Wire, length 2.54 mm
[endpoint_off_grid]: Symbol pin or wire end off connection grid
    ; warning
    @(25.40 mm, 2259.965 mm): Vertical Wire, length 2.54 mm
[endpoint_off_grid]: Symbol pin or wire end off connection grid
    ; warning
    @(25.40 mm, 2435.225 mm): Horizontal Wire, length 2.54 mm
[endpoint_off_grid]: Symbol pin or wire end off connection grid
    ; warning
    @(25.40 mm, 2437.765 mm): Horizontal Wire, length 2.54 mm
[endpoint_off_grid]: Symbol pin or wire end off connection grid
    ; warning
    @(25.40 mm, 2437.765 mm): Vertical Wire, length 2.54 mm
[endpoint_off_grid]: Symbol pin or wire end off connection grid
    ; warning
    @(25.40 mm, 2440.305 mm): Vertical Wire, length 2.54 mm
[endpoint_off_grid]: Symbol pin or wire end off connection grid
    ; warning
    @(25.40 mm, 2615.565 mm): Horizontal Wire, length 2.54 mm
[endpoint_off_grid]: Symbol pin or wire end off connection grid
    ; warning
    @(25.40 mm, 2618.105 mm): Horizontal Wire, length 2.54 mm
[endpoint_off_grid]: Symbol pin or wire end off connection grid
    ; warning
    @(25.40 mm, 2618.105 mm): Vertical Wire, length 2.54 mm
[endpoint_off_grid]: Symbol pin or wire end off connection grid
    ; warning
    @(25.40 mm, 2620.645 mm): Vertical Wire, length 2.54 mm
[endpoint_off_grid]: Symbol pin or wire end off connection grid
    ; warning
    @(25.40 mm, 2795.905 mm): Horizontal Wire, length 2.54 mm
[endpoint_off_grid]: Symbol pin or wire end off connection grid
    ; warning
    @(25.40 mm, 2798.445 mm): Horizontal Wire, length 2.54 mm
[endpoint_off_grid]: Symbol pin or wire end off connection grid
    ; warning
    @(25.40 mm, 2798.445 mm): Vertical Wire, length 2.54 mm
[endpoint_off_grid]: Symbol pin or wire end off connection grid
    ; warning
    @(25.40 mm, 2800.985 mm): Vertical Wire, length 2.54 mm
[endpoint_off_grid]: Symbol pin or wire end off connection grid
    ; warning
    @(27.94 mm, 2074.545 mm): Symbol J1 Pin 1 [12V_1, Passive, Line]
[endpoint_off_grid]: Symbol pin or wire end off connection grid
    ; warning
    @(27.94 mm, 2077.085 mm): Horizontal Wire, length 2.54 mm
[endpoint_off_grid]: Symbol pin or wire end off connection grid
    ; warning
    @(27.94 mm, 2079.625 mm): Horizontal Wire, length 2.54 mm
[endpoint_off_grid]: Symbol pin or wire end off connection grid
    ; warning
    @(27.94 mm, 2254.885 mm): Symbol J2 Pin 1 [12V_1, Passive, Line]
[endpoint_off_grid]: Symbol pin or wire end off connection grid
    ; warning
    @(27.94 mm, 2257.425 mm): Horizontal Wire, length 2.54 mm
[endpoint_off_grid]: Symbol pin or wire end off connection grid
    ; warning
    @(27.94 mm, 2259.965 mm): Horizontal Wire, length 2.54 mm
[endpoint_off_grid]: Symbol pin or wire end off connection grid
    ; warning
    @(27.94 mm, 2435.225 mm): Symbol J3 Pin 1 [12V_1, Passive, Line]
[endpoint_off_grid]: Symbol pin or wire end off connection grid
    ; warning
    @(27.94 mm, 2437.765 mm): Horizontal Wire, length 2.54 mm
[endpoint_off_grid]: Symbol pin or wire end off connection grid
    ; warning
    @(27.94 mm, 2440.305 mm): Horizontal Wire, length 2.54 mm
[endpoint_off_grid]: Symbol pin or wire end off connection grid
    ; warning
    @(27.94 mm, 2615.565 mm): Symbol J4 Pin 1 [12V_1, Passive, Line]
[endpoint_off_grid]: Symbol pin or wire end off connection grid
    ; warning
    @(27.94 mm, 2618.105 mm): Horizontal Wire, length 2.54 mm
[endpoint_off_grid]: Symbol pin or wire end off connection grid
    ; warning
    @(27.94 mm, 2620.645 mm): Horizontal Wire, length 2.54 mm
[endpoint_off_grid]: Symbol pin or wire end off connection grid
    ; warning
    @(27.94 mm, 2795.905 mm): Symbol J5 Pin 1 [12V_1, Passive, Line]
[endpoint_off_grid]: Symbol pin or wire end off connection grid
    ; warning
    @(27.94 mm, 2798.445 mm): Horizontal Wire, length 2.54 mm
[endpoint_off_grid]: Symbol pin or wire end off connection grid
    ; warning
    @(27.94 mm, 2800.985 mm): Horizontal Wire, length 2.54 mm
[footprint_link_issues]: The current configuration does not include the footprint library 'Resistor_SMD'
    ; warning
    @(29.21 mm, 300.355 mm): Symbol R_OPA_BLEED1 [SYM_R_OPA_BLEED1]
[lib_symbol_issues]: The current configuration does not include the symbol library 'elt'
    ; warning
    @(29.21 mm, 300.355 mm): Symbol R_OPA_BLEED1 [SYM_R_OPA_BLEED1]
[footprint_link_issues]: The current configuration does not include the footprint library 'Resistor_SMD'
    ; warning
    @(29.21 mm, 844.55 mm): Symbol R_DUMP_TIME1 [SYM_R_DUMP_TIME1]
[lib_symbol_issues]: The current configuration does not include the symbol library 'elt'
    ; warning
    @(29.21 mm, 844.55 mm): Symbol R_DUMP_TIME1 [SYM_R_DUMP_TIME1]
[endpoint_off_grid]: Symbol pin or wire end off connection grid
    ; warning
    @(31.115 mm, 219.71 mm): Horizontal Wire, length 5.715 mm
[endpoint_off_grid]: Symbol pin or wire end off connection grid
    ; warning
    @(31.115 mm, 220.98 mm): Vertical Wire, length 1.27 mm
[endpoint_off_grid]: Symbol pin or wire end off connection grid
    ; warning
    @(31.115 mm, 220.98 mm): Symbol R_RT Pin 1 [Passive, Line]
[footprint_link_issues]: The current configuration does not include the footprint library 'Resistor_SMD'
    ; warning
    @(31.115 mm, 224.79 mm): Symbol R_RT [SYM_R_RT]
[lib_symbol_issues]: The current configuration does not include the symbol library 'elt'
    ; warning
    @(31.115 mm, 224.79 mm): Symbol R_RT [SYM_R_RT]
[endpoint_off_grid]: Symbol pin or wire end off connection grid
    ; warning
    @(31.115 mm, 228.60 mm): Vertical Wire, length 1.27 mm
[endpoint_off_grid]: Symbol pin or wire end off connection grid
    ; warning
    @(31.115 mm, 229.87 mm): Horizontal Wire, length 5.715 mm
[endpoint_off_grid]: Symbol pin or wire end off connection grid
    ; warning
    @(31.115 mm, 637.54 mm): Horizontal Wire, length 5.715 mm
[endpoint_off_grid]: Symbol pin or wire end off connection grid
    ; warning
    @(31.115 mm, 638.81 mm): Vertical Wire, length 1.27 mm
[endpoint_off_grid]: Symbol pin or wire end off connection grid
    ; warning
    @(31.115 mm, 638.81 mm): Symbol R_PWR_TOP Pin 1 [Passive, Line]
[footprint_link_issues]: The current configuration does not include the footprint library 'crow_usb_analog'
    ; warning
    @(31.115 mm, 642.62 mm): Symbol R_PWR_TOP [SYM_R_PWR_TOP]
[lib_symbol_issues]: The current configuration does not include the symbol library 'elt'
    ; warning
    @(31.115 mm, 642.62 mm): Symbol R_PWR_TOP [SYM_R_PWR_TOP]
[endpoint_off_grid]: Symbol pin or wire end off connection grid
    ; warning
    @(31.115 mm, 655.32 mm): Vertical Wire, length 8.89 mm
[endpoint_off_grid]: Symbol pin or wire end off connection grid
    ; warning
    @(31.115 mm, 675.64 mm): Horizontal Wire, length 5.715 mm
[endpoint_off_grid]: Symbol pin or wire end off connection grid
    ; warning
    @(31.115 mm, 676.91 mm): Symbol R_PWR_BOT Pin 1 [Passive, Line]
[endpoint_off_grid]: Symbol pin or wire end off connection grid
    ; warning
    @(31.115 mm, 676.91 mm): Vertical Wire, length 1.27 mm
[footprint_link_issues]: The current configuration does not include the footprint library 'Resistor_SMD'
    ; warning
    @(31.115 mm, 680.72 mm): Symbol R_PWR_BOT [SYM_R_PWR_BOT]
[lib_symbol_issues]: The current configuration does not include the symbol library 'elt'
    ; warning
    @(31.115 mm, 680.72 mm): Symbol R_PWR_BOT [SYM_R_PWR_BOT]
[endpoint_off_grid]: Symbol pin or wire end off connection grid
    ; warning
    @(31.115 mm, 684.53 mm): Symbol #PWR206 Hidden pin 1 [GND, Power input, Line]
[lib_symbol_issues]: The current configuration does not include the symbol library 'elt'
    ; warning
    @(31.115 mm, 684.53 mm): Symbol #PWR206 [GND]
[endpoint_off_grid]: Symbol pin or wire end off connection grid
    ; warning
    @(31.115 mm, 739.14 mm): Horizontal Wire, length 5.715 mm
[endpoint_off_grid]: Symbol pin or wire end off connection grid
    ; warning
    @(31.115 mm, 740.41 mm): Vertical Wire, length 1.27 mm
[endpoint_off_grid]: Symbol pin or wire end off connection grid
    ; warning
    @(31.115 mm, 740.41 mm): Symbol R_ADC_TOP Pin 1 [Passive, Line]
[footprint_link_issues]: The current configuration does not include the footprint library 'Resistor_SMD'
    ; warning
    @(31.115 mm, 744.22 mm): Symbol R_ADC_TOP [SYM_R_ADC_TOP]
[lib_symbol_issues]: The current configuration does not include the symbol library 'elt'
    ; warning
    @(31.115 mm, 744.22 mm): Symbol R_ADC_TOP [SYM_R_ADC_TOP]
[endpoint_off_grid]: Symbol pin or wire end off connection grid
    ; warning
    @(31.115 mm, 763.27 mm): Horizontal Wire, length 1.27 mm
[endpoint_off_grid]: Symbol pin or wire end off connection grid
    ; warning
    @(31.115 mm, 778.51 mm): Vertical Wire, length 30.48 mm
[endpoint_off_grid]: Symbol pin or wire end off connection grid
    ; warning
    @(31.115 mm, 778.51 mm): Symbol R_ADC_BOT Pin 1 [Passive, Line]
[footprint_link_issues]: The current configuration does not include the footprint library 'Resistor_SMD'
    ; warning
    @(31.115 mm, 782.32 mm): Symbol R_ADC_BOT [SYM_R_ADC_BOT]
[lib_symbol_issues]: The current configuration does not include the symbol library 'elt'
    ; warning
    @(31.115 mm, 782.32 mm): Symbol R_ADC_BOT [SYM_R_ADC_BOT]
[endpoint_off_grid]: Symbol pin or wire end off connection grid
    ; warning
    @(31.115 mm, 786.13 mm): Symbol #PWR212 Hidden pin 1 [GND, Power input, Line]
[lib_symbol_issues]: The current configuration does not include the symbol library 'elt'
    ; warning
    @(31.115 mm, 786.13 mm): Symbol #PWR212 [GND]
[endpoint_off_grid]: Symbol pin or wire end off connection grid
    ; warning
    @(31.115 mm, 1042.035 mm): Vertical Wire, length 71.12 mm
[endpoint_off_grid]: Symbol pin or wire end off connection grid
    ; warning
    @(31.115 mm, 1113.155 mm): Vertical Wire, length 1.27 mm
[endpoint_off_grid]: Symbol pin or wire end off connection grid
    ; warning
    @(31.115 mm, 1114.425 mm): Symbol C_SPOKE_IN1 Pin 1 [Passive, Line]
[footprint_link_issues]: The current configuration does not include the footprint library 'Capacitor_SMD'
    ; warning
    @(31.115 mm, 1118.235 mm): Symbol C_SPOKE_IN1 [SYM_C_SPOKE_IN1]
[lib_symbol_issues]: The current configuration does not include the symbol library 'elt'
    ; warning
    @(31.115 mm, 1118.235 mm): Symbol C_SPOKE_IN1 [SYM_C_SPOKE_IN1]
[endpoint_off_grid]: Symbol pin or wire end off connection grid
    ; warning
    @(31.115 mm, 1122.045 mm): Symbol #PWR24 Hidden pin 1 [GND, Power input, Line]
[lib_symbol_issues]: The current configuration does not include the symbol library 'elt'
    ; warning
    @(31.115 mm, 1122.045 mm): Symbol #PWR24 [GND]
[endpoint_off_grid]: Symbol pin or wire end off connection grid
    ; warning
    @(31.115 mm, 1163.955 mm): Vertical Wire, length 71.12 mm
[endpoint_off_grid]: Symbol pin or wire end off connection grid
    ; warning
    @(31.115 mm, 1235.075 mm): Vertical Wire, length 1.27 mm
[endpoint_off_grid]: Symbol pin or wire end off connection grid
    ; warning
    @(31.115 mm, 1236.345 mm): Symbol C_SPOKE_IN2 Pin 1 [Passive, Line]
[footprint_link_issues]: The current configuration does not include the footprint library 'Capacitor_SMD'
    ; warning
    @(31.115 mm, 1240.155 mm): Symbol C_SPOKE_IN2 [SYM_C_SPOKE_IN2]
[lib_symbol_issues]: The current configuration does not include the symbol library 'elt'
    ; warning
    @(31.115 mm, 1240.155 mm): Symbol C_SPOKE_IN2 [SYM_C_SPOKE_IN2]
[endpoint_off_grid]: Symbol pin or wire end off connection grid
    ; warning
    @(31.115 mm, 1243.965 mm): Symbol #PWR31 Hidden pin 1 [GND, Power input, Line]
[lib_symbol_issues]: The current configuration does not include the symbol library 'elt'
    ; warning
    @(31.115 mm, 1243.965 mm): Symbol #PWR31 [GND]
[endpoint_off_grid]: Symbol pin or wire end off connection grid
    ; warning
    @(31.115 mm, 1285.24 mm): Vertical Wire, length 71.755 mm
[endpoint_off_grid]: Symbol pin or wire end off connection grid
    ; warning
    @(31.115 mm, 1356.995 mm): Vertical Wire, length 0.635 mm
[endpoint_off_grid]: Symbol pin or wire end off connection grid
    ; warning
    @(31.115 mm, 1357.63 mm): Symbol C_SPOKE_IN3 Pin 1 [Passive, Line]
[footprint_link_issues]: The current configuration does not include the footprint library 'Capacitor_SMD'
    ; warning
    @(31.115 mm, 1361.44 mm): Symbol C_SPOKE_IN3 [SYM_C_SPOKE_IN3]
[lib_symbol_issues]: The current configuration does not include the symbol library 'elt'
    ; warning
    @(31.115 mm, 1361.44 mm): Symbol C_SPOKE_IN3 [SYM_C_SPOKE_IN3]
[endpoint_off_grid]: Symbol pin or wire end off connection grid
    ; warning
    @(31.115 mm, 1365.25 mm): Symbol #PWR38 Hidden pin 1 [GND, Power input, Line]
[lib_symbol_issues]: The current configuration does not include the symbol library 'elt'
    ; warning
    @(31.115 mm, 1365.25 mm): Symbol #PWR38 [GND]
[endpoint_off_grid]: Symbol pin or wire end off connection grid
    ; warning
    @(31.115 mm, 1407.16 mm): Vertical Wire, length 71.12 mm
[endpoint_off_grid]: Symbol pin or wire end off connection grid
    ; warning
    @(31.115 mm, 1478.28 mm): Vertical Wire, length 1.27 mm
[endpoint_off_grid]: Symbol pin or wire end off connection grid
    ; warning
    @(31.115 mm, 1479.55 mm): Symbol C_SPOKE_IN4 Pin 1 [Passive, Line]
[footprint_link_issues]: The current configuration does not include the footprint library 'Capacitor_SMD'
    ; warning
    @(31.115 mm, 1483.36 mm): Symbol C_SPOKE_IN4 [SYM_C_SPOKE_IN4]
[lib_symbol_issues]: The current configuration does not include the symbol library 'elt'
    ; warning
    @(31.115 mm, 1483.36 mm): Symbol C_SPOKE_IN4 [SYM_C_SPOKE_IN4]
[endpoint_off_grid]: Symbol pin or wire end off connection grid
    ; warning
    @(31.115 mm, 1487.17 mm): Symbol #PWR45 Hidden pin 1 [GND, Power input, Line]
[lib_symbol_issues]: The current configuration does not include the symbol library 'elt'
    ; warning
    @(31.115 mm, 1487.17 mm): Symbol #PWR45 [GND]
[endpoint_off_grid]: Symbol pin or wire end off connection grid
    ; warning
    @(31.115 mm, 1528.445 mm): Vertical Wire, length 71.755 mm
[endpoint_off_grid]: Symbol pin or wire end off connection grid
    ; warning
    @(31.115 mm, 1600.20 mm): Vertical Wire, length 0.635 mm
[endpoint_off_grid]: Symbol pin or wire end off connection grid
    ; warning
    @(31.115 mm, 1600.835 mm): Symbol C_SPOKE_IN5 Pin 1 [Passive, Line]
[footprint_link_issues]: The current configuration does not include the footprint library 'Capacitor_SMD'
    ; warning
    @(31.115 mm, 1604.645 mm): Symbol C_SPOKE_IN5 [SYM_C_SPOKE_IN5]
[lib_symbol_issues]: The current configuration does not include the symbol library 'elt'
    ; warning
    @(31.115 mm, 1604.645 mm): Symbol C_SPOKE_IN5 [SYM_C_SPOKE_IN5]
[endpoint_off_grid]: Symbol pin or wire end off connection grid
    ; warning
    @(31.115 mm, 1608.455 mm): Symbol #PWR52 Hidden pin 1 [GND, Power input, Line]
[lib_symbol_issues]: The current configuration does not include the symbol library 'elt'
    ; warning
    @(31.115 mm, 1608.455 mm): Symbol #PWR52 [GND]
[endpoint_off_grid]: Symbol pin or wire end off connection grid
    ; warning
    @(31.115 mm, 1650.365 mm): Vertical Wire, length 71.12 mm
[endpoint_off_grid]: Symbol pin or wire end off connection grid
    ; warning
    @(31.115 mm, 1721.485 mm): Vertical Wire, length 1.27 mm
[endpoint_off_grid]: Symbol pin or wire end off connection grid
    ; warning
    @(31.115 mm, 1722.755 mm): Symbol C_SPOKE_IN6 Pin 1 [Passive, Line]
[footprint_link_issues]: The current configuration does not include the footprint library 'Capacitor_SMD'
    ; warning
    @(31.115 mm, 1726.565 mm): Symbol C_SPOKE_IN6 [SYM_C_SPOKE_IN6]
[lib_symbol_issues]: The current configuration does not include the symbol library 'elt'
    ; warning
    @(31.115 mm, 1726.565 mm): Symbol C_SPOKE_IN6 [SYM_C_SPOKE_IN6]
[endpoint_off_grid]: Symbol pin or wire end off connection grid
    ; warning
    @(31.115 mm, 1730.375 mm): Symbol #PWR59 Hidden pin 1 [GND, Power input, Line]
[lib_symbol_issues]: The current configuration does not include the symbol library 'elt'
    ; warning
    @(31.115 mm, 1730.375 mm): Symbol #PWR59 [GND]
[endpoint_off_grid]: Symbol pin or wire end off connection grid
    ; warning
    @(31.115 mm, 1772.285 mm): Vertical Wire, length 71.12 mm
[endpoint_off_grid]: Symbol pin or wire end off connection grid
    ; warning
    @(31.115 mm, 1843.405 mm): Vertical Wire, length 1.27 mm
[endpoint_off_grid]: Symbol pin or wire end off connection grid
    ; warning
    @(31.115 mm, 1844.675 mm): Symbol C_SPOKE_IN7 Pin 1 [Passive, Line]
[footprint_link_issues]: The current configuration does not include the footprint library 'Capacitor_SMD'
    ; warning
    @(31.115 mm, 1848.485 mm): Symbol C_SPOKE_IN7 [SYM_C_SPOKE_IN7]
[lib_symbol_issues]: The current configuration does not include the symbol library 'elt'
    ; warning
    @(31.115 mm, 1848.485 mm): Symbol C_SPOKE_IN7 [SYM_C_SPOKE_IN7]
[endpoint_off_grid]: Symbol pin or wire end off connection grid
    ; warning
    @(31.115 mm, 1852.295 mm): Symbol #PWR66 Hidden pin 1 [GND, Power input, Line]
[lib_symbol_issues]: The current configuration does not include the symbol library 'elt'
    ; warning
    @(31.115 mm, 1852.295 mm): Symbol #PWR66 [GND]
[endpoint_off_grid]: Symbol pin or wire end off connection grid
    ; warning
    @(31.115 mm, 1893.57 mm): Vertical Wire, length 71.755 mm
[endpoint_off_grid]: Symbol pin or wire end off connection grid
    ; warning
    @(31.115 mm, 1965.325 mm): Vertical Wire, length 0.635 mm
[endpoint_off_grid]: Symbol pin or wire end off connection grid
    ; warning
    @(31.115 mm, 1965.96 mm): Symbol C_SPOKE_IN8 Pin 1 [Passive, Line]
[footprint_link_issues]: The current configuration does not include the footprint library 'Capacitor_SMD'
    ; warning
    @(31.115 mm, 1969.77 mm): Symbol C_SPOKE_IN8 [SYM_C_SPOKE_IN8]
[lib_symbol_issues]: The current configuration does not include the symbol library 'elt'
    ; warning
    @(31.115 mm, 1969.77 mm): Symbol C_SPOKE_IN8 [SYM_C_SPOKE_IN8]
[endpoint_off_grid]: Symbol pin or wire end off connection grid
    ; warning
    @(31.115 mm, 1973.58 mm): Symbol #PWR73 Hidden pin 1 [GND, Power input, Line]
[lib_symbol_issues]: The current configuration does not include the symbol library 'elt'
    ; warning
    @(31.115 mm, 1973.58 mm): Symbol #PWR73 [GND]
[footprint_link_issues]: The current configuration does not include the footprint library 'Diode_SMD'
    ; warning
    @(38.10 mm, 401.32 mm): Symbol D_HOLD [SYM_D_HOLD]
[lib_symbol_issues]: The current configuration does not include the symbol library 'elt'
    ; warning
    @(38.10 mm, 401.32 mm): Symbol D_HOLD [SYM_D_HOLD]
[footprint_link_issues]: The current configuration does not include the footprint library 'crow_usb_power_aux'
    ; warning
    @(39.37 mm, 33.02 mm): Symbol J_PWR [SYM_J_PWR]
[lib_symbol_issues]: The current configuration does not include the symbol library 'elt'
    ; warning
    @(39.37 mm, 33.02 mm): Symbol J_PWR [SYM_J_PWR]
[endpoint_off_grid]: Symbol pin or wire end off connection grid
    ; warning
    @(43.18 mm, 2101.215 mm): Symbol #PWR20 Hidden pin 1 [GND, Power input, Line]
[lib_symbol_issues]: The current configuration does not include the symbol library 'elt'
    ; warning
    @(43.18 mm, 2101.215 mm): Symbol #PWR20 [GND]
[endpoint_off_grid]: Symbol pin or wire end off connection grid
    ; warning
    @(43.18 mm, 2281.555 mm): Symbol #PWR27 Hidden pin 1 [GND, Power input, Line]
[lib_symbol_issues]: The current configuration does not include the symbol library 'elt'
    ; warning
    @(43.18 mm, 2281.555 mm): Symbol #PWR27 [GND]
[endpoint_off_grid]: Symbol pin or wire end off connection grid
    ; warning
    @(43.18 mm, 2461.895 mm): Symbol #PWR34 Hidden pin 1 [GND, Power input, Line]
[lib_symbol_issues]: The current configuration does not include the symbol library 'elt'
    ; warning
    @(43.18 mm, 2461.895 mm): Symbol #PWR34 [GND]
[endpoint_off_grid]: Symbol pin or wire end off connection grid
    ; warning
    @(43.18 mm, 2642.235 mm): Symbol #PWR41 Hidden pin 1 [GND, Power input, Line]
[lib_symbol_issues]: The current configuration does not include the symbol library 'elt'
    ; warning
    @(43.18 mm, 2642.235 mm): Symbol #PWR41 [GND]
[endpoint_off_grid]: Symbol pin or wire end off connection grid
    ; warning
    @(43.18 mm, 2822.575 mm): Symbol #PWR48 Hidden pin 1 [GND, Power input, Line]
[lib_symbol_issues]: The current configuration does not include the symbol library 'elt'
    ; warning
    @(43.18 mm, 2822.575 mm): Symbol #PWR48 [GND]
[endpoint_off_grid]: Symbol pin or wire end off connection grid
    ; warning
    @(44.45 mm, 2050.415 mm): Horizontal Wire, length 2.54 mm
[endpoint_off_grid]: Symbol pin or wire end off connection grid
    ; warning
    @(44.45 mm, 2052.955 mm): Vertical Wire, length 2.54 mm
[endpoint_off_grid]: Symbol pin or wire end off connection grid
    ; warning
    @(44.45 mm, 2230.755 mm): Horizontal Wire, length 2.54 mm
[endpoint_off_grid]: Symbol pin or wire end off connection grid
    ; warning
    @(44.45 mm, 2233.295 mm): Vertical Wire, length 2.54 mm
[endpoint_off_grid]: Symbol pin or wire end off connection grid
    ; warning
    @(44.45 mm, 2411.095 mm): Horizontal Wire, length 2.54 mm
[endpoint_off_grid]: Symbol pin or wire end off connection grid
    ; warning
    @(44.45 mm, 2413.635 mm): Vertical Wire, length 2.54 mm
[endpoint_off_grid]: Symbol pin or wire end off connection grid
    ; warning
    @(44.45 mm, 2591.435 mm): Horizontal Wire, length 2.54 mm
[endpoint_off_grid]: Symbol pin or wire end off connection grid
    ; warning
    @(44.45 mm, 2593.975 mm): Vertical Wire, length 2.54 mm
[endpoint_off_grid]: Symbol pin or wire end off connection grid
    ; warning
    @(44.45 mm, 2771.775 mm): Horizontal Wire, length 2.54 mm
[endpoint_off_grid]: Symbol pin or wire end off connection grid
    ; warning
    @(44.45 mm, 2774.315 mm): Vertical Wire, length 2.54 mm
[footprint_link_issues]: The current configuration does not include the footprint library 'crow_usb_analog'
    ; warning
    @(45.72 mm, 2077.085 mm): Symbol J1 [SYM_J1]
[lib_symbol_issues]: The current configuration does not include the symbol library 'elt'
    ; warning
    @(45.72 mm, 2077.085 mm): Symbol J1 [SYM_J1]
[endpoint_off_grid]: Symbol pin or wire end off connection grid
    ; warning
    @(45.72 mm, 2101.215 mm): Symbol #PWR21 Hidden pin 1 [GND, Power input, Line]
[lib_symbol_issues]: The current configuration does not include the symbol library 'elt'
    ; warning
    @(45.72 mm, 2101.215 mm): Symbol #PWR21 [GND]
[footprint_link_issues]: The current configuration does not include the footprint library 'crow_usb_analog'
    ; warning
    @(45.72 mm, 2257.425 mm): Symbol J2 [SYM_J2]
[lib_symbol_issues]: The current configuration does not include the symbol library 'elt'
    ; warning
    @(45.72 mm, 2257.425 mm): Symbol J2 [SYM_J2]
[endpoint_off_grid]: Symbol pin or wire end off connection grid
    ; warning
    @(45.72 mm, 2281.555 mm): Symbol #PWR28 Hidden pin 1 [GND, Power input, Line]
[lib_symbol_issues]: The current configuration does not include the symbol library 'elt'
    ; warning
    @(45.72 mm, 2281.555 mm): Symbol #PWR28 [GND]
[footprint_link_issues]: The current configuration does not include the footprint library 'crow_usb_analog'
    ; warning
    @(45.72 mm, 2437.765 mm): Symbol J3 [SYM_J3]
[lib_symbol_issues]: The current configuration does not include the symbol library 'elt'
    ; warning
    @(45.72 mm, 2437.765 mm): Symbol J3 [SYM_J3]
[endpoint_off_grid]: Symbol pin or wire end off connection grid
    ; warning
    @(45.72 mm, 2461.895 mm): Symbol #PWR35 Hidden pin 1 [GND, Power input, Line]
[lib_symbol_issues]: The current configuration does not include the symbol library 'elt'
    ; warning
    @(45.72 mm, 2461.895 mm): Symbol #PWR35 [GND]
[footprint_link_issues]: The current configuration does not include the footprint library 'crow_usb_analog'
    ; warning
    @(45.72 mm, 2618.105 mm): Symbol J4 [SYM_J4]
[lib_symbol_issues]: The current configuration does not include the symbol library 'elt'
    ; warning
    @(45.72 mm, 2618.105 mm): Symbol J4 [SYM_J4]
[endpoint_off_grid]: Symbol pin or wire end off connection grid
    ; warning
    @(45.72 mm, 2642.235 mm): Symbol #PWR42 Hidden pin 1 [GND, Power input, Line]
[lib_symbol_issues]: The current configuration does not include the symbol library 'elt'
    ; warning
    @(45.72 mm, 2642.235 mm): Symbol #PWR42 [GND]
[footprint_link_issues]: The current configuration does not include the footprint library 'crow_usb_analog'
    ; warning
    @(45.72 mm, 2798.445 mm): Symbol J5 [SYM_J5]
[lib_symbol_issues]: The current configuration does not include the symbol library 'elt'
    ; warning
    @(45.72 mm, 2798.445 mm): Symbol J5 [SYM_J5]
[endpoint_off_grid]: Symbol pin or wire end off connection grid
    ; warning
    @(45.72 mm, 2822.575 mm): Symbol #PWR49 Hidden pin 1 [GND, Power input, Line]
[lib_symbol_issues]: The current configuration does not include the symbol library 'elt'
    ; warning
    @(45.72 mm, 2822.575 mm): Symbol #PWR49 [GND]
[endpoint_off_grid]: Symbol pin or wire end off connection grid
    ; warning
    @(46.355 mm, 1042.035 mm): Horizontal Wire, length 15.24 mm
[endpoint_off_grid]: Symbol pin or wire end off connection grid
    ; warning
    @(46.355 mm, 1163.955 mm): Horizontal Wire, length 15.24 mm
[endpoint_off_grid]: Symbol pin or wire end off connection grid
    ; warning
    @(46.355 mm, 1285.24 mm): Horizontal Wire, length 15.24 mm
[endpoint_off_grid]: Symbol pin or wire end off connection grid
    ; warning
    @(46.355 mm, 1407.16 mm): Horizontal Wire, length 15.24 mm
[endpoint_off_grid]: Symbol pin or wire end off connection grid
    ; warning
    @(46.355 mm, 1528.445 mm): Horizontal Wire, length 15.24 mm
[endpoint_off_grid]: Symbol pin or wire end off connection grid
    ; warning
    @(46.355 mm, 1650.365 mm): Horizontal Wire, length 15.24 mm
[endpoint_off_grid]: Symbol pin or wire end off connection grid
    ; warning
    @(46.355 mm, 1772.285 mm): Horizontal Wire, length 15.24 mm
[endpoint_off_grid]: Symbol pin or wire end off connection grid
    ; warning
    @(46.355 mm, 1893.57 mm): Horizontal Wire, length 15.24 mm
[endpoint_off_grid]: Symbol pin or wire end off connection grid
    ; warning
    @(46.99 mm, 2050.415 mm): Vertical Wire, length 2.54 mm
[endpoint_off_grid]: Symbol pin or wire end off connection grid
    ; warning
    @(46.99 mm, 2230.755 mm): Vertical Wire, length 2.54 mm
[endpoint_off_grid]: Symbol pin or wire end off connection grid
    ; warning
    @(46.99 mm, 2411.095 mm): Vertical Wire, length 2.54 mm
[endpoint_off_grid]: Symbol pin or wire end off connection grid
    ; warning
    @(46.99 mm, 2591.435 mm): Vertical Wire, length 2.54 mm
[endpoint_off_grid]: Symbol pin or wire end off connection grid
    ; warning
    @(46.99 mm, 2771.775 mm): Vertical Wire, length 2.54 mm
[endpoint_off_grid]: Symbol pin or wire end off connection grid
    ; warning
    @(48.26 mm, 2101.215 mm): Symbol #PWR22 Hidden pin 1 [GND, Power input, Line]
[lib_symbol_issues]: The current configuration does not include the symbol library 'elt'
    ; warning
    @(48.26 mm, 2101.215 mm): Symbol #PWR22 [GND]
[endpoint_off_grid]: Symbol pin or wire end off connection grid
    ; warning
    @(48.26 mm, 2281.555 mm): Symbol #PWR29 Hidden pin 1 [GND, Power input, Line]
[lib_symbol_issues]: The current configuration does not include the symbol library 'elt'
    ; warning
    @(48.26 mm, 2281.555 mm): Symbol #PWR29 [GND]
[endpoint_off_grid]: Symbol pin or wire end off connection grid
    ; warning
    @(48.26 mm, 2461.895 mm): Symbol #PWR36 Hidden pin 1 [GND, Power input, Line]
[lib_symbol_issues]: The current configuration does not include the symbol library 'elt'
    ; warning
    @(48.26 mm, 2461.895 mm): Symbol #PWR36 [GND]
[endpoint_off_grid]: Symbol pin or wire end off connection grid
    ; warning
    @(48.26 mm, 2642.235 mm): Symbol #PWR43 Hidden pin 1 [GND, Power input, Line]
[lib_symbol_issues]: The current configuration does not include the symbol library 'elt'
    ; warning
    @(48.26 mm, 2642.235 mm): Symbol #PWR43 [GND]
[endpoint_off_grid]: Symbol pin or wire end off connection grid
    ; warning
    @(48.26 mm, 2822.575 mm): Symbol #PWR50 Hidden pin 1 [GND, Power input, Line]
[lib_symbol_issues]: The current configuration does not include the symbol library 'elt'
    ; warning
    @(48.26 mm, 2822.575 mm): Symbol #PWR50 [GND]
[footprint_link_issues]: The current configuration does not include the footprint library 'Resistor_SMD'
    ; warning
    @(50.80 mm, 445.77 mm): Symbol R_PRE_G [SYM_R_PRE_G]
[lib_symbol_issues]: The current configuration does not include the symbol library 'elt'
    ; warning
    @(50.80 mm, 445.77 mm): Symbol R_PRE_G [SYM_R_PRE_G]
[endpoint_off_grid]: Symbol pin or wire end off connection grid
    ; warning
    @(50.80 mm, 2126.615 mm): Symbol U_ESD1 Pin 1 [NC1, Passive, Line]
[endpoint_off_grid]: Symbol pin or wire end off connection grid
    ; warning
    @(50.80 mm, 2306.955 mm): Symbol U_ESD2 Pin 1 [NC1, Passive, Line]
[endpoint_off_grid]: Symbol pin or wire end off connection grid
    ; warning
    @(50.80 mm, 2487.295 mm): Symbol U_ESD3 Pin 1 [NC1, Passive, Line]
[endpoint_off_grid]: Symbol pin or wire end off connection grid
    ; warning
    @(50.80 mm, 2667.635 mm): Symbol U_ESD4 Pin 1 [NC1, Passive, Line]
[endpoint_off_grid]: Symbol pin or wire end off connection grid
    ; warning
    @(50.80 mm, 2847.975 mm): Symbol U_ESD5 Pin 1 [NC1, Passive, Line]
[endpoint_off_grid]: Symbol pin or wire end off connection grid
    ; warning
    @(52.705 mm, 1042.035 mm): Symbol R_SPOKE_UVLO1 Pin 1 [Passive, Line]
[endpoint_off_grid]: Symbol pin or wire end off connection grid
    ; warning
    @(52.705 mm, 1042.035 mm): Horizontal Wire, length 6.35 mm
[endpoint_off_grid]: Symbol pin or wire end off connection grid
    ; warning
    @(52.705 mm, 1163.955 mm): Symbol R_SPOKE_UVLO2 Pin 1 [Passive, Line]
[endpoint_off_grid]: Symbol pin or wire end off connection grid
    ; warning
    @(52.705 mm, 1163.955 mm): Horizontal Wire, length 6.35 mm
[endpoint_off_grid]: Symbol pin or wire end off connection grid
    ; warning
    @(52.705 mm, 1285.24 mm): Symbol R_SPOKE_UVLO3 Pin 1 [Passive, Line]
[endpoint_off_grid]: Symbol pin or wire end off connection grid
    ; warning
    @(52.705 mm, 1285.24 mm): Horizontal Wire, length 6.35 mm
[endpoint_off_grid]: Symbol pin or wire end off connection grid
    ; warning
    @(52.705 mm, 1407.16 mm): Symbol R_SPOKE_UVLO4 Pin 1 [Passive, Line]
[endpoint_off_grid]: Symbol pin or wire end off connection grid
    ; warning
    @(52.705 mm, 1407.16 mm): Horizontal Wire, length 6.35 mm
[endpoint_off_grid]: Symbol pin or wire end off connection grid
    ; warning
    @(52.705 mm, 1528.445 mm): Horizontal Wire, length 6.35 mm
[endpoint_off_grid]: Symbol pin or wire end off connection grid
    ; warning
    @(52.705 mm, 1528.445 mm): Symbol R_SPOKE_UVLO5 Pin 1 [Passive, Line]
[endpoint_off_grid]: Symbol pin or wire end off connection grid
    ; warning
    @(52.705 mm, 1650.365 mm): Symbol R_SPOKE_UVLO6 Pin 1 [Passive, Line]
[endpoint_off_grid]: Symbol pin or wire end off connection grid
    ; warning
    @(52.705 mm, 1650.365 mm): Horizontal Wire, length 6.35 mm
[endpoint_off_grid]: Symbol pin or wire end off connection grid
    ; warning
    @(52.705 mm, 1772.285 mm): Horizontal Wire, length 6.35 mm
[endpoint_off_grid]: Symbol pin or wire end off connection grid
    ; warning
    @(52.705 mm, 1772.285 mm): Symbol R_SPOKE_UVLO7 Pin 1 [Passive, Line]
[endpoint_off_grid]: Symbol pin or wire end off connection grid
    ; warning
    @(52.705 mm, 1893.57 mm): Horizontal Wire, length 6.35 mm
[endpoint_off_grid]: Symbol pin or wire end off connection grid
    ; warning
    @(52.705 mm, 1893.57 mm): Symbol R_SPOKE_UVLO8 Pin 1 [Passive, Line]
[lib_symbol_issues]: The current configuration does not include the symbol library 'elt'
    ; warning
    @(53.34 mm, 33.02 mm): Symbol #PWR01 [GND]
[endpoint_off_grid]: Symbol pin or wire end off connection grid
    ; warning
    @(55.88 mm, 699.135 mm): Vertical Wire, length 1.27 mm
[endpoint_off_grid]: Symbol pin or wire end off connection grid
    ; warning
    @(55.88 mm, 800.735 mm): Vertical Wire, length 1.27 mm
[endpoint_off_grid]: Symbol pin or wire end off connection grid
    ; warning
    @(56.515 mm, 699.135 mm): Horizontal Wire, length 0.635 mm
[endpoint_off_grid]: Symbol pin or wire end off connection grid
    ; warning
    @(56.515 mm, 701.04 mm): Vertical Wire, length 1.905 mm
[endpoint_off_grid]: Symbol pin or wire end off connection grid
    ; warning
    @(56.515 mm, 702.31 mm): Symbol C_PWR Pin 1 [Passive, Line]
[endpoint_off_grid]: Symbol pin or wire end off connection grid
    ; warning
    @(56.515 mm, 702.31 mm): Vertical Wire, length 1.27 mm
[footprint_link_issues]: The current configuration does not include the footprint library 'Capacitor_SMD'
    ; warning
    @(56.515 mm, 706.12 mm): Symbol C_PWR [SYM_C_PWR]
[lib_symbol_issues]: The current configuration does not include the symbol library 'elt'
    ; warning
    @(56.515 mm, 706.12 mm): Symbol C_PWR [SYM_C_PWR]
[endpoint_off_grid]: Symbol pin or wire end off connection grid
    ; warning
    @(56.515 mm, 709.93 mm): Symbol #PWR205 Hidden pin 1 [GND, Power input, Line]
[lib_symbol_issues]: The current configuration does not include the symbol library 'elt'
    ; warning
    @(56.515 mm, 709.93 mm): Symbol #PWR205 [GND]
[endpoint_off_grid]: Symbol pin or wire end off connection grid
    ; warning
    @(56.515 mm, 800.735 mm): Horizontal Wire, length 0.635 mm
[endpoint_off_grid]: Symbol pin or wire end off connection grid
    ; warning
    @(56.515 mm, 802.64 mm): Vertical Wire, length 1.905 mm
[endpoint_off_grid]: Symbol pin or wire end off connection grid
    ; warning
    @(56.515 mm, 803.91 mm): Vertical Wire, length 1.27 mm
[endpoint_off_grid]: Symbol pin or wire end off connection grid
    ; warning
    @(56.515 mm, 803.91 mm): Symbol C_AUDIO Pin 1 [Passive, Line]
[footprint_link_issues]: The current configuration does not include the footprint library 'Capacitor_SMD'
    ; warning
    @(56.515 mm, 807.72 mm): Symbol C_AUDIO [SYM_C_AUDIO]
[lib_symbol_issues]: The current configuration does not include the symbol library 'elt'
    ; warning
    @(56.515 mm, 807.72 mm): Symbol C_AUDIO [SYM_C_AUDIO]
[endpoint_off_grid]: Symbol pin or wire end off connection grid
    ; warning
    @(56.515 mm, 811.53 mm): Symbol #PWR210 Hidden pin 1 [GND, Power input, Line]
[lib_symbol_issues]: The current configuration does not include the symbol library 'elt'
    ; warning
    @(56.515 mm, 811.53 mm): Symbol #PWR210 [GND]
[footprint_link_issues]: The current configuration does not include the footprint library 'Resistor_SMD'
    ; warning
    @(56.515 mm, 1042.035 mm): Symbol R_SPOKE_UVLO1 [SYM_R_SPOKE_UVLO1]
[lib_symbol_issues]: The current configuration does not include the symbol library 'elt'
    ; warning
    @(56.515 mm, 1042.035 mm): Symbol R_SPOKE_UVLO1 [SYM_R_SPOKE_UVLO1]
[footprint_link_issues]: The current configuration does not include the footprint library 'Resistor_SMD'
    ; warning
    @(56.515 mm, 1163.955 mm): Symbol R_SPOKE_UVLO2 [SYM_R_SPOKE_UVLO2]
[lib_symbol_issues]: The current configuration does not include the symbol library 'elt'
    ; warning
    @(56.515 mm, 1163.955 mm): Symbol R_SPOKE_UVLO2 [SYM_R_SPOKE_UVLO2]
[footprint_link_issues]: The current configuration does not include the footprint library 'Resistor_SMD'
    ; warning
    @(56.515 mm, 1285.24 mm): Symbol R_SPOKE_UVLO3 [SYM_R_SPOKE_UVLO3]
[lib_symbol_issues]: The current configuration does not include the symbol library 'elt'
    ; warning
    @(56.515 mm, 1285.24 mm): Symbol R_SPOKE_UVLO3 [SYM_R_SPOKE_UVLO3]
[footprint_link_issues]: The current configuration does not include the footprint library 'Resistor_SMD'
    ; warning
    @(56.515 mm, 1407.16 mm): Symbol R_SPOKE_UVLO4 [SYM_R_SPOKE_UVLO4]
[lib_symbol_issues]: The current configuration does not include the symbol library 'elt'
    ; warning
    @(56.515 mm, 1407.16 mm): Symbol R_SPOKE_UVLO4 [SYM_R_SPOKE_UVLO4]
[footprint_link_issues]: The current configuration does not include the footprint library 'Resistor_SMD'
    ; warning
    @(56.515 mm, 1528.445 mm): Symbol R_SPOKE_UVLO5 [SYM_R_SPOKE_UVLO5]
[lib_symbol_issues]: The current configuration does not include the symbol library 'elt'
    ; warning
    @(56.515 mm, 1528.445 mm): Symbol R_SPOKE_UVLO5 [SYM_R_SPOKE_UVLO5]
[footprint_link_issues]: The current configuration does not include the footprint library 'Resistor_SMD'
    ; warning
    @(56.515 mm, 1650.365 mm): Symbol R_SPOKE_UVLO6 [SYM_R_SPOKE_UVLO6]
[lib_symbol_issues]: The current configuration does not include the symbol library 'elt'
    ; warning
    @(56.515 mm, 1650.365 mm): Symbol R_SPOKE_UVLO6 [SYM_R_SPOKE_UVLO6]
[footprint_link_issues]: The current configuration does not include the footprint library 'Resistor_SMD'
    ; warning
    @(56.515 mm, 1772.285 mm): Symbol R_SPOKE_UVLO7 [SYM_R_SPOKE_UVLO7]
[lib_symbol_issues]: The current configuration does not include the symbol library 'elt'
    ; warning
    @(56.515 mm, 1772.285 mm): Symbol R_SPOKE_UVLO7 [SYM_R_SPOKE_UVLO7]
[footprint_link_issues]: The current configuration does not include the footprint library 'Resistor_SMD'
    ; warning
    @(56.515 mm, 1893.57 mm): Symbol R_SPOKE_UVLO8 [SYM_R_SPOKE_UVLO8]
[lib_symbol_issues]: The current configuration does not include the symbol library 'elt'
    ; warning
    @(56.515 mm, 1893.57 mm): Symbol R_SPOKE_UVLO8 [SYM_R_SPOKE_UVLO8]
[endpoint_off_grid]: Symbol pin or wire end off connection grid
    ; warning
    @(63.50 mm, 2075.815 mm): Horizontal Wire, length 14.605 mm
[endpoint_off_grid]: Symbol pin or wire end off connection grid
    ; warning
    @(63.50 mm, 2078.355 mm): Horizontal Wire, length 14.605 mm
[endpoint_off_grid]: Symbol pin or wire end off connection grid
    ; warning
    @(63.50 mm, 2256.155 mm): Horizontal Wire, length 14.605 mm
[endpoint_off_grid]: Symbol pin or wire end off connection grid
    ; warning
    @(63.50 mm, 2258.695 mm): Horizontal Wire, length 14.605 mm
[endpoint_off_grid]: Symbol pin or wire end off connection grid
    ; warning
    @(63.50 mm, 2436.495 mm): Horizontal Wire, length 14.605 mm
[endpoint_off_grid]: Symbol pin or wire end off connection grid
    ; warning
    @(63.50 mm, 2439.035 mm): Horizontal Wire, length 14.605 mm
[endpoint_off_grid]: Symbol pin or wire end off connection grid
    ; warning
    @(63.50 mm, 2616.835 mm): Horizontal Wire, length 14.605 mm
[endpoint_off_grid]: Symbol pin or wire end off connection grid
    ; warning
    @(63.50 mm, 2619.375 mm): Horizontal Wire, length 14.605 mm
[endpoint_off_grid]: Symbol pin or wire end off connection grid
    ; warning
    @(63.50 mm, 2797.175 mm): Horizontal Wire, length 14.605 mm
[endpoint_off_grid]: Symbol pin or wire end off connection grid
    ; warning
    @(63.50 mm, 2799.715 mm): Horizontal Wire, length 14.605 mm
[footprint_link_issues]: The current configuration does not include the footprint library 'Package_TO_SOT_SMD'
    ; warning
    @(64.77 mm, 2127.885 mm): Symbol U_ESD1 [SYM_U_ESD1]
[lib_symbol_issues]: The current configuration does not include the symbol library 'elt'
    ; warning
    @(64.77 mm, 2127.885 mm): Symbol U_ESD1 [SYM_U_ESD1]
[endpoint_off_grid]: Symbol pin or wire end off connection grid
    ; warning
    @(64.77 mm, 2136.775 mm): Symbol #PWR26 Hidden pin 1 [GND, Power input, Line]
[lib_symbol_issues]: The current configuration does not include the symbol library 'elt'
    ; warning
    @(64.77 mm, 2136.775 mm): Symbol #PWR26 [GND]
[footprint_link_issues]: The current configuration does not include the footprint library 'Package_TO_SOT_SMD'
    ; warning
    @(64.77 mm, 2308.225 mm): Symbol U_ESD2 [SYM_U_ESD2]
[lib_symbol_issues]: The current configuration does not include the symbol library 'elt'
    ; warning
    @(64.77 mm, 2308.225 mm): Symbol U_ESD2 [SYM_U_ESD2]
[endpoint_off_grid]: Symbol pin or wire end off connection grid
    ; warning
    @(64.77 mm, 2317.115 mm): Symbol #PWR33 Hidden pin 1 [GND, Power input, Line]
[lib_symbol_issues]: The current configuration does not include the symbol library 'elt'
    ; warning
    @(64.77 mm, 2317.115 mm): Symbol #PWR33 [GND]
[footprint_link_issues]: The current configuration does not include the footprint library 'Package_TO_SOT_SMD'
    ; warning
    @(64.77 mm, 2488.565 mm): Symbol U_ESD3 [SYM_U_ESD3]
[lib_symbol_issues]: The current configuration does not include the symbol library 'elt'
    ; warning
    @(64.77 mm, 2488.565 mm): Symbol U_ESD3 [SYM_U_ESD3]
[endpoint_off_grid]: Symbol pin or wire end off connection grid
    ; warning
    @(64.77 mm, 2497.455 mm): Symbol #PWR40 Hidden pin 1 [GND, Power input, Line]
[lib_symbol_issues]: The current configuration does not include the symbol library 'elt'
    ; warning
    @(64.77 mm, 2497.455 mm): Symbol #PWR40 [GND]
[footprint_link_issues]: The current configuration does not include the footprint library 'Package_TO_SOT_SMD'
    ; warning
    @(64.77 mm, 2668.905 mm): Symbol U_ESD4 [SYM_U_ESD4]
[lib_symbol_issues]: The current configuration does not include the symbol library 'elt'
    ; warning
    @(64.77 mm, 2668.905 mm): Symbol U_ESD4 [SYM_U_ESD4]
[endpoint_off_grid]: Symbol pin or wire end off connection grid
    ; warning
    @(64.77 mm, 2677.795 mm): Symbol #PWR47 Hidden pin 1 [GND, Power input, Line]
[lib_symbol_issues]: The current configuration does not include the symbol library 'elt'
    ; warning
    @(64.77 mm, 2677.795 mm): Symbol #PWR47 [GND]
[footprint_link_issues]: The current configuration does not include the footprint library 'Package_TO_SOT_SMD'
    ; warning
    @(64.77 mm, 2849.245 mm): Symbol U_ESD5 [SYM_U_ESD5]
[lib_symbol_issues]: The current configuration does not include the symbol library 'elt'
    ; warning
    @(64.77 mm, 2849.245 mm): Symbol U_ESD5 [SYM_U_ESD5]
[endpoint_off_grid]: Symbol pin or wire end off connection grid
    ; warning
    @(64.77 mm, 2858.135 mm): Symbol #PWR54 Hidden pin 1 [GND, Power input, Line]
[lib_symbol_issues]: The current configuration does not include the symbol library 'elt'
    ; warning
    @(64.77 mm, 2858.135 mm): Symbol #PWR54 [GND]
[endpoint_off_grid]: Symbol pin or wire end off connection grid
    ; warning
    @(65.405 mm, 655.32 mm): Symbol U_PWR Pin 1 [SENSE, Passive, Line]
[endpoint_off_grid]: Symbol pin or wire end off connection grid
    ; warning
    @(65.405 mm, 655.32 mm): Horizontal Wire, length 34.29 mm
[endpoint_off_grid]: Symbol pin or wire end off connection grid
    ; warning
    @(65.405 mm, 755.65 mm): Symbol U_AUDIO Pin 1 [SENSE, Passive, Line]
[footprint_link_issues]: The current configuration does not include the footprint library 'Resistor_SMD'
    ; warning
    @(67.31 mm, 844.55 mm): Symbol R_DUMP_TIME2 [SYM_R_DUMP_TIME2]
[lib_symbol_issues]: The current configuration does not include the symbol library 'elt'
    ; warning
    @(67.31 mm, 844.55 mm): Symbol R_DUMP_TIME2 [SYM_R_DUMP_TIME2]
[footprint_link_issues]: The current configuration does not include the footprint library 'Resistor_SMD'
    ; warning
    @(67.31 mm, 869.95 mm): Symbol R_DUMP_TIME3 [SYM_R_DUMP_TIME3]
[lib_symbol_issues]: The current configuration does not include the symbol library 'elt'
    ; warning
    @(67.31 mm, 869.95 mm): Symbol R_DUMP_TIME3 [SYM_R_DUMP_TIME3]
[endpoint_off_grid]: Symbol pin or wire end off connection grid
    ; warning
    @(67.945 mm, 401.32 mm): Horizontal Wire, length 0.635 mm
[endpoint_off_grid]: Symbol pin or wire end off connection grid
    ; warning
    @(85.09 mm, 401.32 mm): Horizontal Wire, length 17.145 mm
[endpoint_off_grid]: Symbol pin or wire end off connection grid
    ; warning
    @(68.58 mm, 401.32 mm): Vertical Wire, length 4.445 mm
[endpoint_off_grid]: Symbol pin or wire end off connection grid
    ; warning
    @(68.58 mm, 405.765 mm): Horizontal Wire, length 1.27 mm
[endpoint_off_grid]: Symbol pin or wire end off connection grid
    ; warning
    @(76.20 mm, 300.355 mm): Symbol R_OPA_BLEED2 Pin 1 [Passive, Line]
[endpoint_off_grid]: Symbol pin or wire end off connection grid
    ; warning
    @(78.105 mm, 2056.765 mm): Horizontal Wire, length 14.605 mm
[endpoint_off_grid]: Symbol pin or wire end off connection grid
    ; warning
    @(78.105 mm, 2075.815 mm): Vertical Wire, length 19.05 mm
[endpoint_off_grid]: Symbol pin or wire end off connection grid
    ; warning
    @(78.105 mm, 2078.355 mm): Vertical Wire, length 19.05 mm
[endpoint_off_grid]: Symbol pin or wire end off connection grid
    ; warning
    @(78.105 mm, 2097.405 mm): Horizontal Wire, length 14.605 mm
[endpoint_off_grid]: Symbol pin or wire end off connection grid
    ; warning
    @(78.105 mm, 2237.105 mm): Horizontal Wire, length 14.605 mm
[endpoint_off_grid]: Symbol pin or wire end off connection grid
    ; warning
    @(78.105 mm, 2256.155 mm): Vertical Wire, length 19.05 mm
[endpoint_off_grid]: Symbol pin or wire end off connection grid
    ; warning
    @(78.105 mm, 2258.695 mm): Vertical Wire, length 19.05 mm
[endpoint_off_grid]: Symbol pin or wire end off connection grid
    ; warning
    @(78.105 mm, 2277.745 mm): Horizontal Wire, length 14.605 mm
[endpoint_off_grid]: Symbol pin or wire end off connection grid
    ; warning
    @(78.105 mm, 2417.445 mm): Horizontal Wire, length 14.605 mm
[endpoint_off_grid]: Symbol pin or wire end off connection grid
    ; warning
    @(78.105 mm, 2436.495 mm): Vertical Wire, length 19.05 mm
[endpoint_off_grid]: Symbol pin or wire end off connection grid
    ; warning
    @(78.105 mm, 2439.035 mm): Vertical Wire, length 19.05 mm
[endpoint_off_grid]: Symbol pin or wire end off connection grid
    ; warning
    @(78.105 mm, 2458.085 mm): Horizontal Wire, length 14.605 mm
[endpoint_off_grid]: Symbol pin or wire end off connection grid
    ; warning
    @(78.105 mm, 2597.785 mm): Horizontal Wire, length 14.605 mm
[endpoint_off_grid]: Symbol pin or wire end off connection grid
    ; warning
    @(78.105 mm, 2616.835 mm): Vertical Wire, length 19.05 mm
[endpoint_off_grid]: Symbol pin or wire end off connection grid
    ; warning
    @(78.105 mm, 2619.375 mm): Vertical Wire, length 19.05 mm
[endpoint_off_grid]: Symbol pin or wire end off connection grid
    ; warning
    @(78.105 mm, 2638.425 mm): Horizontal Wire, length 14.605 mm
[endpoint_off_grid]: Symbol pin or wire end off connection grid
    ; warning
    @(78.105 mm, 2778.125 mm): Horizontal Wire, length 14.605 mm
[endpoint_off_grid]: Symbol pin or wire end off connection grid
    ; warning
    @(78.105 mm, 2797.175 mm): Vertical Wire, length 19.05 mm
[endpoint_off_grid]: Symbol pin or wire end off connection grid
    ; warning
    @(78.105 mm, 2799.715 mm): Vertical Wire, length 19.05 mm
[endpoint_off_grid]: Symbol pin or wire end off connection grid
    ; warning
    @(78.105 mm, 2818.765 mm): Horizontal Wire, length 14.605 mm
[footprint_link_issues]: The current configuration does not include the footprint library 'Resistor_SMD'
    ; warning
    @(80.01 mm, 300.355 mm): Symbol R_OPA_BLEED2 [SYM_R_OPA_BLEED2]
[lib_symbol_issues]: The current configuration does not include the symbol library 'elt'
    ; warning
    @(80.01 mm, 300.355 mm): Symbol R_OPA_BLEED2 [SYM_R_OPA_BLEED2]
[endpoint_off_grid]: Symbol pin or wire end off connection grid
    ; warning
    @(80.645 mm, 638.81 mm): Vertical Wire, length 2.54 mm
[endpoint_off_grid]: Symbol pin or wire end off connection grid
    ; warning
    @(80.645 mm, 669.29 mm): Symbol #PWR201 Hidden pin 1 [GND, Power input, Line]
[lib_symbol_issues]: The current configuration does not include the symbol library 'elt'
    ; warning
    @(80.645 mm, 669.29 mm): Symbol #PWR201 [GND]
[endpoint_off_grid]: Symbol pin or wire end off connection grid
    ; warning
    @(80.645 mm, 768.985 mm): Symbol #PWR207 Hidden pin 1 [GND, Power input, Line]
[lib_symbol_issues]: The current configuration does not include the symbol library 'elt'
    ; warning
    @(80.645 mm, 768.985 mm): Symbol #PWR207 [GND]
[footprint_link_issues]: The current configuration does not include the footprint library 'crow_usb_analog'
    ; warning
    @(81.915 mm, 655.32 mm): Symbol U_PWR [SYM_U_PWR]
[lib_symbol_issues]: The current configuration does not include the symbol library 'elt'
    ; warning
    @(81.915 mm, 655.32 mm): Symbol U_PWR [SYM_U_PWR]
[endpoint_off_grid]: Symbol pin or wire end off connection grid
    ; warning
    @(81.915 mm, 737.87 mm): Horizontal Wire, length 50.80 mm
[endpoint_off_grid]: Symbol pin or wire end off connection grid
    ; warning
    @(81.915 mm, 741.045 mm): Horizontal Wire, length 1.27 mm
[endpoint_off_grid]: Symbol pin or wire end off connection grid
    ; warning
    @(81.915 mm, 744.22 mm): Vertical Wire, length 6.35 mm
[footprint_link_issues]: The current configuration does not include the footprint library 'crow_usb_analog'
    ; warning
    @(81.915 mm, 756.92 mm): Symbol U_AUDIO [SYM_U_AUDIO]
[lib_symbol_issues]: The current configuration does not include the symbol library 'elt'
    ; warning
    @(81.915 mm, 756.92 mm): Symbol U_AUDIO [SYM_U_AUDIO]
[endpoint_off_grid]: Symbol pin or wire end off connection grid
    ; warning
    @(83.185 mm, 638.81 mm): Horizontal Wire, length 2.54 mm
[endpoint_off_grid]: Symbol pin or wire end off connection grid
    ; warning
    @(83.185 mm, 641.35 mm): Vertical Wire, length 2.54 mm
[endpoint_off_grid]: Symbol pin or wire end off connection grid
    ; warning
    @(83.185 mm, 669.29 mm): Vertical Wire, length 9.525 mm
[endpoint_off_grid]: Symbol pin or wire end off connection grid
    ; warning
    @(83.185 mm, 673.735 mm): Horizontal Wire, length 1.27 mm
[endpoint_off_grid]: Symbol pin or wire end off connection grid
    ; warning
    @(83.185 mm, 678.815 mm): Horizontal Wire, length 11.43 mm
[endpoint_off_grid]: Symbol pin or wire end off connection grid
    ; warning
    @(83.185 mm, 768.985 mm): Vertical Wire, length 10.795 mm
[endpoint_off_grid]: Symbol pin or wire end off connection grid
    ; warning
    @(83.185 mm, 774.065 mm): Horizontal Wire, length 1.27 mm
[endpoint_off_grid]: Symbol pin or wire end off connection grid
    ; warning
    @(83.185 mm, 779.78 mm): Horizontal Wire, length 11.43 mm
[endpoint_off_grid]: Symbol pin or wire end off connection grid
    ; warning
    @(83.82 mm, 300.355 mm): Symbol #PWR200 Hidden pin 1 [GND, Power input, Line]
[lib_symbol_issues]: The current configuration does not include the symbol library 'elt'
    ; warning
    @(83.82 mm, 300.355 mm): Symbol #PWR200 [GND]
[footprint_link_issues]: The current configuration does not include the footprint library 'Resistor_SMD'
    ; warning
    @(88.90 mm, 401.32 mm): Symbol R_PRE [SYM_R_PRE]
[lib_symbol_issues]: The current configuration does not include the symbol library 'elt'
    ; warning
    @(88.90 mm, 401.32 mm): Symbol R_PRE [SYM_R_PRE]
[footprint_link_issues]: The current configuration does not include the footprint library 'Package_TO_SOT_SMD'
    ; warning
    @(88.90 mm, 439.42 mm): Symbol Q_PRE [SYM_Q_PRE]
[lib_symbol_issues]: The current configuration does not include the symbol library 'elt'
    ; warning
    @(88.90 mm, 439.42 mm): Symbol Q_PRE [SYM_Q_PRE]
[endpoint_off_grid]: Symbol pin or wire end off connection grid
    ; warning
    @(88.90 mm, 469.265 mm): Vertical Wire, length 22.225 mm
[endpoint_off_grid]: Symbol pin or wire end off connection grid
    ; warning
    @(88.90 mm, 469.265 mm): Symbol Q_PRE_EN Pin 3 [D, Passive, Line]
[footprint_link_issues]: The current configuration does not include the footprint library 'crow_usb_analog'
    ; warning
    @(88.90 mm, 477.52 mm): Symbol Q_PRE_EN [SYM_Q_PRE_EN]
[lib_symbol_issues]: The current configuration does not include the symbol library 'elt'
    ; warning
    @(88.90 mm, 477.52 mm): Symbol Q_PRE_EN [SYM_Q_PRE_EN]
[lib_symbol_issues]: The current configuration does not include the symbol library 'elt'
    ; warning
    @(88.90 mm, 485.14 mm): Symbol #PWR172 [GND]
[endpoint_off_grid]: Symbol pin or wire end off connection grid
    ; warning
    @(88.90 mm, 1077.595 mm): Vertical Wire, length 30.48 mm
[endpoint_off_grid]: Symbol pin or wire end off connection grid
    ; warning
    @(88.90 mm, 1108.075 mm): Horizontal Wire, length 19.685 mm
[endpoint_off_grid]: Symbol pin or wire end off connection grid
    ; warning
    @(88.90 mm, 1199.515 mm): Vertical Wire, length 30.48 mm
[endpoint_off_grid]: Symbol pin or wire end off connection grid
    ; warning
    @(88.90 mm, 1229.995 mm): Horizontal Wire, length 19.685 mm
[endpoint_off_grid]: Symbol pin or wire end off connection grid
    ; warning
    @(88.90 mm, 1564.005 mm): Vertical Wire, length 30.48 mm
[endpoint_off_grid]: Symbol pin or wire end off connection grid
    ; warning
    @(88.90 mm, 1594.485 mm): Horizontal Wire, length 19.685 mm
[endpoint_off_grid]: Symbol pin or wire end off connection grid
    ; warning
    @(88.90 mm, 1685.925 mm): Vertical Wire, length 30.48 mm
[endpoint_off_grid]: Symbol pin or wire end off connection grid
    ; warning
    @(88.90 mm, 1716.405 mm): Horizontal Wire, length 19.685 mm
[endpoint_off_grid]: Symbol pin or wire end off connection grid
    ; warning
    @(88.90 mm, 1807.845 mm): Vertical Wire, length 30.48 mm
[endpoint_off_grid]: Symbol pin or wire end off connection grid
    ; warning
    @(88.90 mm, 1838.325 mm): Horizontal Wire, length 19.685 mm
[footprint_link_issues]: The current configuration does not include the footprint library 'crow_usb_power_aux'
    ; warning
    @(90.17 mm, 33.02 mm): Symbol F_IN [SYM_F_IN]
[lib_symbol_issues]: The current configuration does not include the symbol library 'elt'
    ; warning
    @(90.17 mm, 33.02 mm): Symbol F_IN [SYM_F_IN]
[endpoint_off_grid]: Symbol pin or wire end off connection grid
    ; warning
    @(86.36 mm, 250.19 mm): Horizontal Wire, length 4.445 mm
[endpoint_off_grid]: Symbol pin or wire end off connection grid
    ; warning
    @(90.805 mm, 250.19 mm): Symbol R_AGND_JOIN Pin 1 [Passive, Line]
[endpoint_off_grid]: Symbol pin or wire end off connection grid
    ; warning
    @(92.71 mm, 2056.765 mm): Symbol C_A1P Pin 1 [Passive, Line]
[endpoint_off_grid]: Symbol pin or wire end off connection grid
    ; warning
    @(92.71 mm, 2097.405 mm): Symbol C_A1N Pin 1 [Passive, Line]
[endpoint_off_grid]: Symbol pin or wire end off connection grid
    ; warning
    @(92.71 mm, 2237.105 mm): Symbol C_A2P Pin 1 [Passive, Line]
[endpoint_off_grid]: Symbol pin or wire end off connection grid
    ; warning
    @(92.71 mm, 2277.745 mm): Symbol C_A2N Pin 1 [Passive, Line]
[endpoint_off_grid]: Symbol pin or wire end off connection grid
    ; warning
    @(92.71 mm, 2417.445 mm): Symbol C_A3P Pin 1 [Passive, Line]
[endpoint_off_grid]: Symbol pin or wire end off connection grid
    ; warning
    @(92.71 mm, 2458.085 mm): Symbol C_A3N Pin 1 [Passive, Line]
[endpoint_off_grid]: Symbol pin or wire end off connection grid
    ; warning
    @(92.71 mm, 2597.785 mm): Symbol C_A4P Pin 1 [Passive, Line]
[endpoint_off_grid]: Symbol pin or wire end off connection grid
    ; warning
    @(92.71 mm, 2638.425 mm): Symbol C_A4N Pin 1 [Passive, Line]
[endpoint_off_grid]: Symbol pin or wire end off connection grid
    ; warning
    @(92.71 mm, 2778.125 mm): Symbol C_A5P Pin 1 [Passive, Line]
[endpoint_off_grid]: Symbol pin or wire end off connection grid
    ; warning
    @(92.71 mm, 2818.765 mm): Symbol C_A5N Pin 1 [Passive, Line]
[footprint_link_issues]: The current configuration does not include the footprint library 'Resistor_SMD'
    ; warning
    @(94.615 mm, 250.19 mm): Symbol R_AGND_JOIN [SYM_R_AGND_JOIN]
[lib_symbol_issues]: The current configuration does not include the symbol library 'elt'
    ; warning
    @(94.615 mm, 250.19 mm): Symbol R_AGND_JOIN [SYM_R_AGND_JOIN]
[endpoint_off_grid]: Symbol pin or wire end off connection grid
    ; warning
    @(94.615 mm, 678.815 mm): Vertical Wire, length 9.525 mm
[endpoint_off_grid]: Symbol pin or wire end off connection grid
    ; warning
    @(94.615 mm, 688.34 mm): Vertical Wire, length 1.27 mm
[endpoint_off_grid]: Symbol pin or wire end off connection grid
    ; warning
    @(94.615 mm, 689.61 mm): Symbol C_PWR_CT Pin 1 [Passive, Line]
[footprint_link_issues]: The current configuration does not include the footprint library 'Capacitor_SMD'
    ; warning
    @(94.615 mm, 693.42 mm): Symbol C_PWR_CT [SYM_C_PWR_CT]
[lib_symbol_issues]: The current configuration does not include the symbol library 'elt'
    ; warning
    @(94.615 mm, 693.42 mm): Symbol C_PWR_CT [SYM_C_PWR_CT]
[endpoint_off_grid]: Symbol pin or wire end off connection grid
    ; warning
    @(94.615 mm, 697.23 mm): Symbol #PWR202 Hidden pin 1 [GND, Power input, Line]
[lib_symbol_issues]: The current configuration does not include the symbol library 'elt'
    ; warning
    @(94.615 mm, 697.23 mm): Symbol #PWR202 [GND]
[endpoint_off_grid]: Symbol pin or wire end off connection grid
    ; warning
    @(94.615 mm, 779.78 mm): Vertical Wire, length 10.16 mm
[endpoint_off_grid]: Symbol pin or wire end off connection grid
    ; warning
    @(94.615 mm, 789.94 mm): Vertical Wire, length 1.27 mm
[endpoint_off_grid]: Symbol pin or wire end off connection grid
    ; warning
    @(94.615 mm, 791.21 mm): Symbol C_AUDIO_CT1 Pin 1 [Passive, Line]
[footprint_link_issues]: The current configuration does not include the footprint library 'Capacitor_SMD'
    ; warning
    @(94.615 mm, 795.02 mm): Symbol C_AUDIO_CT1 [SYM_C_AUDIO_CT1]
[lib_symbol_issues]: The current configuration does not include the symbol library 'elt'
    ; warning
    @(94.615 mm, 795.02 mm): Symbol C_AUDIO_CT1 [SYM_C_AUDIO_CT1]
[endpoint_off_grid]: Symbol pin or wire end off connection grid
    ; warning
    @(94.615 mm, 798.83 mm): Symbol #PWR208 Hidden pin 1 [GND, Power input, Line]
[lib_symbol_issues]: The current configuration does not include the symbol library 'elt'
    ; warning
    @(94.615 mm, 798.83 mm): Symbol #PWR208 [GND]
[footprint_link_issues]: The current configuration does not include the footprint library 'Capacitor_THT'
    ; warning
    @(96.52 mm, 2056.765 mm): Symbol C_A1P [SYM_C_A1P]
[lib_symbol_issues]: The current configuration does not include the symbol library 'elt'
    ; warning
    @(96.52 mm, 2056.765 mm): Symbol C_A1P [SYM_C_A1P]
[footprint_link_issues]: The current configuration does not include the footprint library 'Capacitor_THT'
    ; warning
    @(96.52 mm, 2097.405 mm): Symbol C_A1N [SYM_C_A1N]
[lib_symbol_issues]: The current configuration does not include the symbol library 'elt'
    ; warning
    @(96.52 mm, 2097.405 mm): Symbol C_A1N [SYM_C_A1N]
[footprint_link_issues]: The current configuration does not include the footprint library 'Capacitor_THT'
    ; warning
    @(96.52 mm, 2237.105 mm): Symbol C_A2P [SYM_C_A2P]
[lib_symbol_issues]: The current configuration does not include the symbol library 'elt'
    ; warning
    @(96.52 mm, 2237.105 mm): Symbol C_A2P [SYM_C_A2P]
[footprint_link_issues]: The current configuration does not include the footprint library 'Capacitor_THT'
    ; warning
    @(96.52 mm, 2277.745 mm): Symbol C_A2N [SYM_C_A2N]
[lib_symbol_issues]: The current configuration does not include the symbol library 'elt'
    ; warning
    @(96.52 mm, 2277.745 mm): Symbol C_A2N [SYM_C_A2N]
[footprint_link_issues]: The current configuration does not include the footprint library 'Capacitor_THT'
    ; warning
    @(96.52 mm, 2417.445 mm): Symbol C_A3P [SYM_C_A3P]
[lib_symbol_issues]: The current configuration does not include the symbol library 'elt'
    ; warning
    @(96.52 mm, 2417.445 mm): Symbol C_A3P [SYM_C_A3P]
[footprint_link_issues]: The current configuration does not include the footprint library 'Capacitor_THT'
    ; warning
    @(96.52 mm, 2458.085 mm): Symbol C_A3N [SYM_C_A3N]
[lib_symbol_issues]: The current configuration does not include the symbol library 'elt'
    ; warning
    @(96.52 mm, 2458.085 mm): Symbol C_A3N [SYM_C_A3N]
[footprint_link_issues]: The current configuration does not include the footprint library 'Capacitor_THT'
    ; warning
    @(96.52 mm, 2597.785 mm): Symbol C_A4P [SYM_C_A4P]
[lib_symbol_issues]: The current configuration does not include the symbol library 'elt'
    ; warning
    @(96.52 mm, 2597.785 mm): Symbol C_A4P [SYM_C_A4P]
[footprint_link_issues]: The current configuration does not include the footprint library 'Capacitor_THT'
    ; warning
    @(96.52 mm, 2638.425 mm): Symbol C_A4N [SYM_C_A4N]
[lib_symbol_issues]: The current configuration does not include the symbol library 'elt'
    ; warning
    @(96.52 mm, 2638.425 mm): Symbol C_A4N [SYM_C_A4N]
[footprint_link_issues]: The current configuration does not include the footprint library 'Capacitor_THT'
    ; warning
    @(96.52 mm, 2778.125 mm): Symbol C_A5P [SYM_C_A5P]
[lib_symbol_issues]: The current configuration does not include the symbol library 'elt'
    ; warning
    @(96.52 mm, 2778.125 mm): Symbol C_A5P [SYM_C_A5P]
[footprint_link_issues]: The current configuration does not include the footprint library 'Capacitor_THT'
    ; warning
    @(96.52 mm, 2818.765 mm): Symbol C_A5N [SYM_C_A5N]
[lib_symbol_issues]: The current configuration does not include the symbol library 'elt'
    ; warning
    @(96.52 mm, 2818.765 mm): Symbol C_A5N [SYM_C_A5N]
[endpoint_off_grid]: Symbol pin or wire end off connection grid
    ; warning
    @(105.41 mm, 963.93 mm): Horizontal Wire, length 8.255 mm
[endpoint_off_grid]: Symbol pin or wire end off connection grid
    ; warning
    @(97.155 mm, 963.93 mm): Vertical Wire, length 31.75 mm
[endpoint_off_grid]: Symbol pin or wire end off connection grid
    ; warning
    @(97.155 mm, 995.68 mm): Horizontal Wire, length 8.255 mm
[endpoint_off_grid]: Symbol pin or wire end off connection grid
    ; warning
    @(98.425 mm, 250.19 mm): Symbol #PWR14 Hidden pin 1 [GND, Power input, Line]
[lib_symbol_issues]: The current configuration does not include the symbol library 'elt'
    ; warning
    @(98.425 mm, 250.19 mm): Symbol #PWR14 [GND]
[endpoint_off_grid]: Symbol pin or wire end off connection grid
    ; warning
    @(98.425 mm, 655.32 mm): Horizontal Wire, length 34.29 mm
[endpoint_off_grid]: Symbol pin or wire end off connection grid
    ; warning
    @(98.425 mm, 756.92 mm): Horizontal Wire, length 34.29 mm
[footprint_link_issues]: The current configuration does not include the footprint library 'Capacitor_SMD'
    ; warning
    @(105.41 mm, 971.55 mm): Symbol C_DUMP_TIME1 [SYM_C_DUMP_TIME1]
[lib_symbol_issues]: The current configuration does not include the symbol library 'elt'
    ; warning
    @(105.41 mm, 971.55 mm): Symbol C_DUMP_TIME1 [SYM_C_DUMP_TIME1]
[lib_symbol_issues]: The current configuration does not include the symbol library 'elt'
    ; warning
    @(105.41 mm, 975.36 mm): Symbol #PWR217 [GND]
[footprint_link_issues]: The current configuration does not include the footprint library 'Capacitor_SMD'
    ; warning
    @(105.41 mm, 1003.30 mm): Symbol C_DUMP_TIME5 [SYM_C_DUMP_TIME5]
[lib_symbol_issues]: The current configuration does not include the symbol library 'elt'
    ; warning
    @(105.41 mm, 1003.30 mm): Symbol C_DUMP_TIME5 [SYM_C_DUMP_TIME5]
[lib_symbol_issues]: The current configuration does not include the symbol library 'elt'
    ; warning
    @(105.41 mm, 1007.11 mm): Symbol #PWR221 [GND]
[endpoint_off_grid]: Symbol pin or wire end off connection grid
    ; warning
    @(108.585 mm, 1077.595 mm): Horizontal Wire, length 19.685 mm
[endpoint_off_grid]: Symbol pin or wire end off connection grid
    ; warning
    @(108.585 mm, 1077.595 mm): Symbol U_SPOKE1 Pin 1 [IN, Passive, Line]
[endpoint_off_grid]: Symbol pin or wire end off connection grid
    ; warning
    @(108.585 mm, 1199.515 mm): Horizontal Wire, length 19.685 mm
[endpoint_off_grid]: Symbol pin or wire end off connection grid
    ; warning
    @(108.585 mm, 1199.515 mm): Symbol U_SPOKE2 Pin 1 [IN, Passive, Line]
[endpoint_off_grid]: Symbol pin or wire end off connection grid
    ; warning
    @(108.585 mm, 1320.80 mm): Horizontal Wire, length 19.685 mm
[endpoint_off_grid]: Symbol pin or wire end off connection grid
    ; warning
    @(108.585 mm, 1320.80 mm): Symbol U_SPOKE3 Pin 1 [IN, Passive, Line]
[endpoint_off_grid]: Symbol pin or wire end off connection grid
    ; warning
    @(88.90 mm, 1351.28 mm): Horizontal Wire, length 19.685 mm
[endpoint_off_grid]: Symbol pin or wire end off connection grid
    ; warning
    @(108.585 mm, 1442.72 mm): Horizontal Wire, length 19.685 mm
[endpoint_off_grid]: Symbol pin or wire end off connection grid
    ; warning
    @(108.585 mm, 1442.72 mm): Symbol U_SPOKE4 Pin 1 [IN, Passive, Line]
[endpoint_off_grid]: Symbol pin or wire end off connection grid
    ; warning
    @(88.90 mm, 1473.20 mm): Horizontal Wire, length 19.685 mm
[endpoint_off_grid]: Symbol pin or wire end off connection grid
    ; warning
    @(108.585 mm, 1564.005 mm): Horizontal Wire, length 19.685 mm
[endpoint_off_grid]: Symbol pin or wire end off connection grid
    ; warning
    @(108.585 mm, 1564.005 mm): Symbol U_SPOKE5 Pin 1 [IN, Passive, Line]
[endpoint_off_grid]: Symbol pin or wire end off connection grid
    ; warning
    @(108.585 mm, 1685.925 mm): Horizontal Wire, length 19.685 mm
[endpoint_off_grid]: Symbol pin or wire end off connection grid
    ; warning
    @(108.585 mm, 1685.925 mm): Symbol U_SPOKE6 Pin 1 [IN, Passive, Line]
[endpoint_off_grid]: Symbol pin or wire end off connection grid
    ; warning
    @(108.585 mm, 1807.845 mm): Symbol U_SPOKE7 Pin 1 [IN, Passive, Line]
[endpoint_off_grid]: Symbol pin or wire end off connection grid
    ; warning
    @(108.585 mm, 1807.845 mm): Horizontal Wire, length 19.685 mm
[endpoint_off_grid]: Symbol pin or wire end off connection grid
    ; warning
    @(108.585 mm, 1929.13 mm): Symbol U_SPOKE8 Pin 1 [IN, Passive, Line]
[endpoint_off_grid]: Symbol pin or wire end off connection grid
    ; warning
    @(108.585 mm, 1929.13 mm): Horizontal Wire, length 19.685 mm
[endpoint_off_grid]: Symbol pin or wire end off connection grid
    ; warning
    @(88.90 mm, 1959.61 mm): Horizontal Wire, length 19.685 mm
[endpoint_off_grid]: Symbol pin or wire end off connection grid
    ; warning
    @(113.03 mm, 2056.765 mm): Horizontal Wire, length 12.70 mm
[endpoint_off_grid]: Symbol pin or wire end off connection grid
    ; warning
    @(113.03 mm, 2056.765 mm): Vertical Wire, length 7.62 mm
[endpoint_off_grid]: Symbol pin or wire end off connection grid
    ; warning
    @(113.03 mm, 2060.575 mm): Horizontal Wire, length 1.27 mm
[endpoint_off_grid]: Symbol pin or wire end off connection grid
    ; warning
    @(113.03 mm, 2064.385 mm): Vertical Wire, length 7.62 mm
[endpoint_off_grid]: Symbol pin or wire end off connection grid
    ; warning
    @(113.03 mm, 2064.385 mm): Symbol R_B1P Pin 1 [Passive, Line]
[footprint_link_issues]: The current configuration does not include the footprint library 'Resistor_SMD'
    ; warning
    @(113.03 mm, 2068.195 mm): Symbol R_B1P [SYM_R_B1P]
[lib_symbol_issues]: The current configuration does not include the symbol library 'elt'
    ; warning
    @(113.03 mm, 2068.195 mm): Symbol R_B1P [SYM_R_B1P]
[endpoint_off_grid]: Symbol pin or wire end off connection grid
    ; warning
    @(113.03 mm, 2072.005 mm): Wire, length 13.984 mm
[endpoint_off_grid]: Symbol pin or wire end off connection grid
    ; warning
    @(113.03 mm, 2097.405 mm): Vertical Wire, length 7.62 mm
[endpoint_off_grid]: Symbol pin or wire end off connection grid
    ; warning
    @(113.03 mm, 2097.405 mm): Horizontal Wire, length 12.70 mm
[endpoint_off_grid]: Symbol pin or wire end off connection grid
    ; warning
    @(113.03 mm, 2101.215 mm): Horizontal Wire, length 1.27 mm
[endpoint_off_grid]: Symbol pin or wire end off connection grid
    ; warning
    @(113.03 mm, 2105.025 mm): Symbol R_B1N Pin 1 [Passive, Line]
[endpoint_off_grid]: Symbol pin or wire end off connection grid
    ; warning
    @(113.03 mm, 2105.025 mm): Vertical Wire, length 7.62 mm
[footprint_link_issues]: The current configuration does not include the footprint library 'Resistor_SMD'
    ; warning
    @(113.03 mm, 2108.835 mm): Symbol R_B1N [SYM_R_B1N]
[lib_symbol_issues]: The current configuration does not include the symbol library 'elt'
    ; warning
    @(113.03 mm, 2108.835 mm): Symbol R_B1N [SYM_R_B1N]
[endpoint_off_grid]: Symbol pin or wire end off connection grid
    ; warning
    @(113.03 mm, 2112.645 mm): Wire, length 13.984 mm
[endpoint_off_grid]: Symbol pin or wire end off connection grid
    ; warning
    @(113.03 mm, 2237.105 mm): Vertical Wire, length 7.62 mm
[endpoint_off_grid]: Symbol pin or wire end off connection grid
    ; warning
    @(113.03 mm, 2237.105 mm): Horizontal Wire, length 12.70 mm
[endpoint_off_grid]: Symbol pin or wire end off connection grid
    ; warning
    @(113.03 mm, 2240.915 mm): Horizontal Wire, length 1.27 mm
[endpoint_off_grid]: Symbol pin or wire end off connection grid
    ; warning
    @(113.03 mm, 2244.725 mm): Vertical Wire, length 7.62 mm
[endpoint_off_grid]: Symbol pin or wire end off connection grid
    ; warning
    @(113.03 mm, 2244.725 mm): Symbol R_B2P Pin 1 [Passive, Line]
[footprint_link_issues]: The current configuration does not include the footprint library 'Resistor_SMD'
    ; warning
    @(113.03 mm, 2248.535 mm): Symbol R_B2P [SYM_R_B2P]
[lib_symbol_issues]: The current configuration does not include the symbol library 'elt'
    ; warning
    @(113.03 mm, 2248.535 mm): Symbol R_B2P [SYM_R_B2P]
[endpoint_off_grid]: Symbol pin or wire end off connection grid
    ; warning
    @(113.03 mm, 2252.345 mm): Wire, length 13.984 mm
[endpoint_off_grid]: Symbol pin or wire end off connection grid
    ; warning
    @(113.03 mm, 2277.745 mm): Horizontal Wire, length 12.70 mm
[endpoint_off_grid]: Symbol pin or wire end off connection grid
    ; warning
    @(113.03 mm, 2277.745 mm): Vertical Wire, length 7.62 mm
[endpoint_off_grid]: Symbol pin or wire end off connection grid
    ; warning
    @(113.03 mm, 2281.555 mm): Horizontal Wire, length 1.27 mm
[endpoint_off_grid]: Symbol pin or wire end off connection grid
    ; warning
    @(113.03 mm, 2285.365 mm): Vertical Wire, length 7.62 mm
[endpoint_off_grid]: Symbol pin or wire end off connection grid
    ; warning
    @(113.03 mm, 2285.365 mm): Symbol R_B2N Pin 1 [Passive, Line]
[footprint_link_issues]: The current configuration does not include the footprint library 'Resistor_SMD'
    ; warning
    @(113.03 mm, 2289.175 mm): Symbol R_B2N [SYM_R_B2N]
[lib_symbol_issues]: The current configuration does not include the symbol library 'elt'
    ; warning
    @(113.03 mm, 2289.175 mm): Symbol R_B2N [SYM_R_B2N]
[endpoint_off_grid]: Symbol pin or wire end off connection grid
    ; warning
    @(113.03 mm, 2292.985 mm): Wire, length 13.984 mm
[endpoint_off_grid]: Symbol pin or wire end off connection grid
    ; warning
    @(113.03 mm, 2417.445 mm): Horizontal Wire, length 12.70 mm
[endpoint_off_grid]: Symbol pin or wire end off connection grid
    ; warning
    @(113.03 mm, 2417.445 mm): Vertical Wire, length 7.62 mm
[endpoint_off_grid]: Symbol pin or wire end off connection grid
    ; warning
    @(113.03 mm, 2421.255 mm): Horizontal Wire, length 1.27 mm
[endpoint_off_grid]: Symbol pin or wire end off connection grid
    ; warning
    @(113.03 mm, 2425.065 mm): Symbol R_B3P Pin 1 [Passive, Line]
[endpoint_off_grid]: Symbol pin or wire end off connection grid
    ; warning
    @(113.03 mm, 2425.065 mm): Vertical Wire, length 7.62 mm
[footprint_link_issues]: The current configuration does not include the footprint library 'Resistor_SMD'
    ; warning
    @(113.03 mm, 2428.875 mm): Symbol R_B3P [SYM_R_B3P]
[lib_symbol_issues]: The current configuration does not include the symbol library 'elt'
    ; warning
    @(113.03 mm, 2428.875 mm): Symbol R_B3P [SYM_R_B3P]
[endpoint_off_grid]: Symbol pin or wire end off connection grid
    ; warning
    @(113.03 mm, 2432.685 mm): Wire, length 13.984 mm
[endpoint_off_grid]: Symbol pin or wire end off connection grid
    ; warning
    @(113.03 mm, 2458.085 mm): Horizontal Wire, length 12.70 mm
[endpoint_off_grid]: Symbol pin or wire end off connection grid
    ; warning
    @(113.03 mm, 2458.085 mm): Vertical Wire, length 7.62 mm
[endpoint_off_grid]: Symbol pin or wire end off connection grid
    ; warning
    @(113.03 mm, 2461.895 mm): Horizontal Wire, length 1.27 mm
[endpoint_off_grid]: Symbol pin or wire end off connection grid
    ; warning
    @(113.03 mm, 2465.705 mm): Symbol R_B3N Pin 1 [Passive, Line]
[endpoint_off_grid]: Symbol pin or wire end off connection grid
    ; warning
    @(113.03 mm, 2465.705 mm): Vertical Wire, length 7.62 mm
[footprint_link_issues]: The current configuration does not include the footprint library 'Resistor_SMD'
    ; warning
    @(113.03 mm, 2469.515 mm): Symbol R_B3N [SYM_R_B3N]
[lib_symbol_issues]: The current configuration does not include the symbol library 'elt'
    ; warning
    @(113.03 mm, 2469.515 mm): Symbol R_B3N [SYM_R_B3N]
[endpoint_off_grid]: Symbol pin or wire end off connection grid
    ; warning
    @(113.03 mm, 2473.325 mm): Wire, length 13.984 mm
[endpoint_off_grid]: Symbol pin or wire end off connection grid
    ; warning
    @(113.03 mm, 2597.785 mm): Vertical Wire, length 7.62 mm
[endpoint_off_grid]: Symbol pin or wire end off connection grid
    ; warning
    @(113.03 mm, 2597.785 mm): Horizontal Wire, length 12.70 mm
[endpoint_off_grid]: Symbol pin or wire end off connection grid
    ; warning
    @(113.03 mm, 2601.595 mm): Horizontal Wire, length 1.27 mm
[endpoint_off_grid]: Symbol pin or wire end off connection grid
    ; warning
    @(113.03 mm, 2605.405 mm): Vertical Wire, length 7.62 mm
[endpoint_off_grid]: Symbol pin or wire end off connection grid
    ; warning
    @(113.03 mm, 2605.405 mm): Symbol R_B4P Pin 1 [Passive, Line]
[footprint_link_issues]: The current configuration does not include the footprint library 'Resistor_SMD'
    ; warning
    @(113.03 mm, 2609.215 mm): Symbol R_B4P [SYM_R_B4P]
[lib_symbol_issues]: The current configuration does not include the symbol library 'elt'
    ; warning
    @(113.03 mm, 2609.215 mm): Symbol R_B4P [SYM_R_B4P]
[endpoint_off_grid]: Symbol pin or wire end off connection grid
    ; warning
    @(113.03 mm, 2613.025 mm): Wire, length 13.984 mm
[endpoint_off_grid]: Symbol pin or wire end off connection grid
    ; warning
    @(113.03 mm, 2638.425 mm): Horizontal Wire, length 12.70 mm
[endpoint_off_grid]: Symbol pin or wire end off connection grid
    ; warning
    @(113.03 mm, 2638.425 mm): Vertical Wire, length 7.62 mm
[endpoint_off_grid]: Symbol pin or wire end off connection grid
    ; warning
    @(113.03 mm, 2642.235 mm): Horizontal Wire, length 1.27 mm
[endpoint_off_grid]: Symbol pin or wire end off connection grid
    ; warning
    @(113.03 mm, 2646.045 mm): Symbol R_B4N Pin 1 [Passive, Line]
[endpoint_off_grid]: Symbol pin or wire end off connection grid
    ; warning
    @(113.03 mm, 2646.045 mm): Vertical Wire, length 7.62 mm
[footprint_link_issues]: The current configuration does not include the footprint library 'Resistor_SMD'
    ; warning
    @(113.03 mm, 2649.855 mm): Symbol R_B4N [SYM_R_B4N]
[lib_symbol_issues]: The current configuration does not include the symbol library 'elt'
    ; warning
    @(113.03 mm, 2649.855 mm): Symbol R_B4N [SYM_R_B4N]
[endpoint_off_grid]: Symbol pin or wire end off connection grid
    ; warning
    @(113.03 mm, 2653.665 mm): Wire, length 13.984 mm
[endpoint_off_grid]: Symbol pin or wire end off connection grid
    ; warning
    @(113.03 mm, 2778.125 mm): Horizontal Wire, length 12.70 mm
[endpoint_off_grid]: Symbol pin or wire end off connection grid
    ; warning
    @(113.03 mm, 2778.125 mm): Vertical Wire, length 7.62 mm
[endpoint_off_grid]: Symbol pin or wire end off connection grid
    ; warning
    @(113.03 mm, 2781.935 mm): Horizontal Wire, length 1.27 mm
[endpoint_off_grid]: Symbol pin or wire end off connection grid
    ; warning
    @(113.03 mm, 2785.745 mm): Symbol R_B5P Pin 1 [Passive, Line]
[endpoint_off_grid]: Symbol pin or wire end off connection grid
    ; warning
    @(113.03 mm, 2785.745 mm): Vertical Wire, length 7.62 mm
[footprint_link_issues]: The current configuration does not include the footprint library 'Resistor_SMD'
    ; warning
    @(113.03 mm, 2789.555 mm): Symbol R_B5P [SYM_R_B5P]
[lib_symbol_issues]: The current configuration does not include the symbol library 'elt'
    ; warning
    @(113.03 mm, 2789.555 mm): Symbol R_B5P [SYM_R_B5P]
[endpoint_off_grid]: Symbol pin or wire end off connection grid
    ; warning
    @(113.03 mm, 2793.365 mm): Wire, length 13.984 mm
[endpoint_off_grid]: Symbol pin or wire end off connection grid
    ; warning
    @(113.03 mm, 2818.765 mm): Horizontal Wire, length 12.70 mm
[endpoint_off_grid]: Symbol pin or wire end off connection grid
    ; warning
    @(113.03 mm, 2818.765 mm): Vertical Wire, length 7.62 mm
[endpoint_off_grid]: Symbol pin or wire end off connection grid
    ; warning
    @(113.03 mm, 2822.575 mm): Horizontal Wire, length 1.27 mm
[endpoint_off_grid]: Symbol pin or wire end off connection grid
    ; warning
    @(113.03 mm, 2826.385 mm): Symbol R_B5N Pin 1 [Passive, Line]
[endpoint_off_grid]: Symbol pin or wire end off connection grid
    ; warning
    @(113.03 mm, 2826.385 mm): Vertical Wire, length 7.62 mm
[footprint_link_issues]: The current configuration does not include the footprint library 'Resistor_SMD'
    ; warning
    @(113.03 mm, 2830.195 mm): Symbol R_B5N [SYM_R_B5N]
[lib_symbol_issues]: The current configuration does not include the symbol library 'elt'
    ; warning
    @(113.03 mm, 2830.195 mm): Symbol R_B5N [SYM_R_B5N]
[endpoint_off_grid]: Symbol pin or wire end off connection grid
    ; warning
    @(113.03 mm, 2834.005 mm): Wire, length 13.984 mm
[lib_symbol_issues]: The current configuration does not include the symbol library 'elt'
    ; warning
    @(116.84 mm, 153.67 mm): Symbol #PWR08 [GND]
[lib_symbol_issues]: The current configuration does not include the symbol library 'elt'
    ; warning
    @(116.84 mm, 156.21 mm): Symbol #PWR09 [GND]
[endpoint_off_grid]: Symbol pin or wire end off connection grid
    ; warning
    @(127.00 mm, 520.70 mm): Horizontal Wire, length 9.525 mm
[endpoint_off_grid]: Symbol pin or wire end off connection grid
    ; warning
    @(117.475 mm, 520.70 mm): Vertical Wire, length 38.10 mm
[endpoint_off_grid]: Symbol pin or wire end off connection grid
    ; warning
    @(117.475 mm, 558.80 mm): Horizontal Wire, length 9.525 mm
[endpoint_off_grid]: Symbol pin or wire end off connection grid
    ; warning
    @(123.19 mm, 855.98 mm): Vertical Wire, length 55.245 mm
[endpoint_off_grid]: Symbol pin or wire end off connection grid
    ; warning
    @(123.19 mm, 911.225 mm): Horizontal Wire, length 13.97 mm
[endpoint_off_grid]: Symbol pin or wire end off connection grid
    ; warning
    @(130.81 mm, 294.64 mm): Horizontal Wire, length 5.715 mm
[endpoint_off_grid]: Symbol pin or wire end off connection grid
    ; warning
    @(125.095 mm, 294.64 mm): Vertical Wire, length 1.27 mm
[endpoint_off_grid]: Symbol pin or wire end off connection grid
    ; warning
    @(126.365 mm, 407.035 mm): Vertical Wire, length 1.27 mm
[endpoint_off_grid]: Symbol pin or wire end off connection grid
    ; warning
    @(127.00 mm, 407.035 mm): Horizontal Wire, length 0.635 mm
[endpoint_off_grid]: Symbol pin or wire end off connection grid
    ; warning
    @(127.00 mm, 408.94 mm): Vertical Wire, length 1.905 mm
[footprint_link_issues]: The current configuration does not include the footprint library 'crow_usb_power_aux'
    ; warning
    @(127.00 mm, 414.02 mm): Symbol C_LDO_IN [SYM_C_LDO_IN]
[lib_symbol_issues]: The current configuration does not include the symbol library 'elt'
    ; warning
    @(127.00 mm, 414.02 mm): Symbol C_LDO_IN [SYM_C_LDO_IN]
[lib_symbol_issues]: The current configuration does not include the symbol library 'elt'
    ; warning
    @(127.00 mm, 417.83 mm): Symbol #PWR189 [GND]
[footprint_link_issues]: The current configuration does not include the footprint library 'crow_usb_analog'
    ; warning
    @(127.00 mm, 477.52 mm): Symbol C_HOLD1 [SYM_C_HOLD1]
[lib_symbol_issues]: The current configuration does not include the symbol library 'elt'
    ; warning
    @(127.00 mm, 477.52 mm): Symbol C_HOLD1 [SYM_C_HOLD1]
[lib_symbol_issues]: The current configuration does not include the symbol library 'elt'
    ; warning
    @(127.00 mm, 481.33 mm): Symbol #PWR173 [GND]
[footprint_link_issues]: The current configuration does not include the footprint library 'crow_usb_analog'
    ; warning
    @(127.00 mm, 528.32 mm): Symbol C_HOLD3 [SYM_C_HOLD3]
[lib_symbol_issues]: The current configuration does not include the symbol library 'elt'
    ; warning
    @(127.00 mm, 528.32 mm): Symbol C_HOLD3 [SYM_C_HOLD3]
[lib_symbol_issues]: The current configuration does not include the symbol library 'elt'
    ; warning
    @(127.00 mm, 532.13 mm): Symbol #PWR175 [GND]
[footprint_link_issues]: The current configuration does not include the footprint library 'crow_usb_analog'
    ; warning
    @(127.00 mm, 566.42 mm): Symbol C_HOLD9 [SYM_C_HOLD9]
[lib_symbol_issues]: The current configuration does not include the symbol library 'elt'
    ; warning
    @(127.00 mm, 566.42 mm): Symbol C_HOLD9 [SYM_C_HOLD9]
[lib_symbol_issues]: The current configuration does not include the symbol library 'elt'
    ; warning
    @(127.00 mm, 570.23 mm): Symbol #PWR181 [GND]
[footprint_link_issues]: The current configuration does not include the footprint library 'crow_usb_analog'
    ; warning
    @(127.00 mm, 604.52 mm): Symbol C_HOLD15 [SYM_C_HOLD15]
[lib_symbol_issues]: The current configuration does not include the symbol library 'elt'
    ; warning
    @(127.00 mm, 604.52 mm): Symbol C_HOLD15 [SYM_C_HOLD15]
[lib_symbol_issues]: The current configuration does not include the symbol library 'elt'
    ; warning
    @(127.00 mm, 608.33 mm): Symbol #PWR187 [GND]
[endpoint_off_grid]: Symbol pin or wire end off connection grid
    ; warning
    @(128.905 mm, 1132.205 mm): Vertical Wire, length 2.54 mm
[endpoint_off_grid]: Symbol pin or wire end off connection grid
    ; warning
    @(128.905 mm, 1254.125 mm): Vertical Wire, length 2.54 mm
[endpoint_off_grid]: Symbol pin or wire end off connection grid
    ; warning
    @(128.905 mm, 1375.41 mm): Vertical Wire, length 2.54 mm
[endpoint_off_grid]: Symbol pin or wire end off connection grid
    ; warning
    @(128.905 mm, 1497.33 mm): Vertical Wire, length 2.54 mm
[endpoint_off_grid]: Symbol pin or wire end off connection grid
    ; warning
    @(128.905 mm, 1618.615 mm): Vertical Wire, length 2.54 mm
[endpoint_off_grid]: Symbol pin or wire end off connection grid
    ; warning
    @(128.905 mm, 1740.535 mm): Vertical Wire, length 2.54 mm
[endpoint_off_grid]: Symbol pin or wire end off connection grid
    ; warning
    @(128.905 mm, 1862.455 mm): Vertical Wire, length 2.54 mm
[endpoint_off_grid]: Symbol pin or wire end off connection grid
    ; warning
    @(128.905 mm, 1983.74 mm): Vertical Wire, length 2.54 mm
[endpoint_off_grid]: Symbol pin or wire end off connection grid
    ; warning
    @(128.905 mm, 2056.765 mm): Horizontal Wire, length 15.875 mm
[endpoint_off_grid]: Symbol pin or wire end off connection grid
    ; warning
    @(128.905 mm, 2097.405 mm): Horizontal Wire, length 15.875 mm
[endpoint_off_grid]: Symbol pin or wire end off connection grid
    ; warning
    @(128.905 mm, 2237.105 mm): Horizontal Wire, length 15.875 mm
[endpoint_off_grid]: Symbol pin or wire end off connection grid
    ; warning
    @(128.905 mm, 2277.745 mm): Horizontal Wire, length 15.875 mm
[endpoint_off_grid]: Symbol pin or wire end off connection grid
    ; warning
    @(128.905 mm, 2417.445 mm): Horizontal Wire, length 15.875 mm
[endpoint_off_grid]: Symbol pin or wire end off connection grid
    ; warning
    @(128.905 mm, 2458.085 mm): Horizontal Wire, length 15.875 mm
[endpoint_off_grid]: Symbol pin or wire end off connection grid
    ; warning
    @(128.905 mm, 2597.785 mm): Horizontal Wire, length 15.875 mm
[endpoint_off_grid]: Symbol pin or wire end off connection grid
    ; warning
    @(128.905 mm, 2638.425 mm): Horizontal Wire, length 15.875 mm
[endpoint_off_grid]: Symbol pin or wire end off connection grid
    ; warning
    @(128.905 mm, 2778.125 mm): Horizontal Wire, length 15.875 mm
[endpoint_off_grid]: Symbol pin or wire end off connection grid
    ; warning
    @(128.905 mm, 2818.765 mm): Horizontal Wire, length 15.875 mm
[endpoint_off_grid]: Symbol pin or wire end off connection grid
    ; warning
    @(129.54 mm, 2056.765 mm): Horizontal Wire, length 0.635 mm
[endpoint_off_grid]: Symbol pin or wire end off connection grid
    ; warning
    @(129.54 mm, 2056.765 mm): Symbol R_IN1P Pin 1 [Passive, Line]
[endpoint_off_grid]: Symbol pin or wire end off connection grid
    ; warning
    @(129.54 mm, 2097.405 mm): Horizontal Wire, length 0.635 mm
[endpoint_off_grid]: Symbol pin or wire end off connection grid
    ; warning
    @(129.54 mm, 2097.405 mm): Symbol R_IN1N Pin 1 [Passive, Line]
[endpoint_off_grid]: Symbol pin or wire end off connection grid
    ; warning
    @(129.54 mm, 2237.105 mm): Symbol R_IN2P Pin 1 [Passive, Line]
[endpoint_off_grid]: Symbol pin or wire end off connection grid
    ; warning
    @(129.54 mm, 2237.105 mm): Horizontal Wire, length 0.635 mm
[endpoint_off_grid]: Symbol pin or wire end off connection grid
    ; warning
    @(129.54 mm, 2277.745 mm): Horizontal Wire, length 0.635 mm
[endpoint_off_grid]: Symbol pin or wire end off connection grid
    ; warning
    @(129.54 mm, 2277.745 mm): Symbol R_IN2N Pin 1 [Passive, Line]
[endpoint_off_grid]: Symbol pin or wire end off connection grid
    ; warning
    @(129.54 mm, 2417.445 mm): Symbol R_IN3P Pin 1 [Passive, Line]
[endpoint_off_grid]: Symbol pin or wire end off connection grid
    ; warning
    @(129.54 mm, 2417.445 mm): Horizontal Wire, length 0.635 mm
[endpoint_off_grid]: Symbol pin or wire end off connection grid
    ; warning
    @(129.54 mm, 2458.085 mm): Symbol R_IN3N Pin 1 [Passive, Line]
[endpoint_off_grid]: Symbol pin or wire end off connection grid
    ; warning
    @(129.54 mm, 2458.085 mm): Horizontal Wire, length 0.635 mm
[endpoint_off_grid]: Symbol pin or wire end off connection grid
    ; warning
    @(129.54 mm, 2597.785 mm): Horizontal Wire, length 0.635 mm
[endpoint_off_grid]: Symbol pin or wire end off connection grid
    ; warning
    @(129.54 mm, 2597.785 mm): Symbol R_IN4P Pin 1 [Passive, Line]
[endpoint_off_grid]: Symbol pin or wire end off connection grid
    ; warning
    @(129.54 mm, 2638.425 mm): Symbol R_IN4N Pin 1 [Passive, Line]
[endpoint_off_grid]: Symbol pin or wire end off connection grid
    ; warning
    @(129.54 mm, 2638.425 mm): Horizontal Wire, length 0.635 mm
[endpoint_off_grid]: Symbol pin or wire end off connection grid
    ; warning
    @(129.54 mm, 2778.125 mm): Horizontal Wire, length 0.635 mm
[endpoint_off_grid]: Symbol pin or wire end off connection grid
    ; warning
    @(129.54 mm, 2778.125 mm): Symbol R_IN5P Pin 1 [Passive, Line]
[endpoint_off_grid]: Symbol pin or wire end off connection grid
    ; warning
    @(129.54 mm, 2818.765 mm): Horizontal Wire, length 0.635 mm
[endpoint_off_grid]: Symbol pin or wire end off connection grid
    ; warning
    @(129.54 mm, 2818.765 mm): Symbol R_IN5N Pin 1 [Passive, Line]
[endpoint_off_grid]: Symbol pin or wire end off connection grid
    ; warning
    @(130.81 mm, 296.545 mm): Vertical Wire, length 0.635 mm
[endpoint_off_grid]: Symbol pin or wire end off connection grid
    ; warning
    @(130.81 mm, 296.545 mm): Symbol C_OPA_BULK Pin 1 [Passive, Line]
[footprint_link_issues]: The current configuration does not include the footprint library 'crow_usb_power_aux'
    ; warning
    @(130.81 mm, 300.355 mm): Symbol C_OPA_BULK [SYM_C_OPA_BULK]
[lib_symbol_issues]: The current configuration does not include the symbol library 'elt'
    ; warning
    @(130.81 mm, 300.355 mm): Symbol C_OPA_BULK [SYM_C_OPA_BULK]
[endpoint_off_grid]: Symbol pin or wire end off connection grid
    ; warning
    @(130.81 mm, 304.165 mm): Symbol #PWR195 Hidden pin 1 [GND, Power input, Line]
[lib_symbol_issues]: The current configuration does not include the symbol library 'elt'
    ; warning
    @(130.81 mm, 304.165 mm): Symbol #PWR195 [GND]
[footprint_link_issues]: The current configuration does not include the footprint library 'Capacitor_SMD'
    ; warning
    @(130.81 mm, 895.35 mm): Symbol C_DUMP_LOGIC [SYM_C_DUMP_LOGIC]
[lib_symbol_issues]: The current configuration does not include the symbol library 'elt'
    ; warning
    @(130.81 mm, 895.35 mm): Symbol C_DUMP_LOGIC [SYM_C_DUMP_LOGIC]
[lib_symbol_issues]: The current configuration does not include the symbol library 'elt'
    ; warning
    @(130.81 mm, 899.16 mm): Symbol #PWR215 [GND]
[endpoint_off_grid]: Symbol pin or wire end off connection grid
    ; warning
    @(131.445 mm, 1129.665 mm): Vertical Wire, length 2.54 mm
[endpoint_off_grid]: Symbol pin or wire end off connection grid
    ; warning
    @(131.445 mm, 1132.205 mm): Horizontal Wire, length 2.54 mm
[endpoint_off_grid]: Symbol pin or wire end off connection grid
    ; warning
    @(131.445 mm, 1132.205 mm): Vertical Wire, length 2.54 mm
[endpoint_off_grid]: Symbol pin or wire end off connection grid
    ; warning
    @(131.445 mm, 1251.585 mm): Vertical Wire, length 2.54 mm
[endpoint_off_grid]: Symbol pin or wire end off connection grid
    ; warning
    @(131.445 mm, 1254.125 mm): Horizontal Wire, length 2.54 mm
[endpoint_off_grid]: Symbol pin or wire end off connection grid
    ; warning
    @(131.445 mm, 1254.125 mm): Vertical Wire, length 2.54 mm
[endpoint_off_grid]: Symbol pin or wire end off connection grid
    ; warning
    @(131.445 mm, 1372.87 mm): Vertical Wire, length 2.54 mm
[endpoint_off_grid]: Symbol pin or wire end off connection grid
    ; warning
    @(131.445 mm, 1375.41 mm): Vertical Wire, length 2.54 mm
[endpoint_off_grid]: Symbol pin or wire end off connection grid
    ; warning
    @(131.445 mm, 1375.41 mm): Horizontal Wire, length 2.54 mm
[endpoint_off_grid]: Symbol pin or wire end off connection grid
    ; warning
    @(131.445 mm, 1494.79 mm): Vertical Wire, length 2.54 mm
[endpoint_off_grid]: Symbol pin or wire end off connection grid
    ; warning
    @(131.445 mm, 1497.33 mm): Horizontal Wire, length 2.54 mm
[endpoint_off_grid]: Symbol pin or wire end off connection grid
    ; warning
    @(131.445 mm, 1497.33 mm): Vertical Wire, length 2.54 mm
[endpoint_off_grid]: Symbol pin or wire end off connection grid
    ; warning
    @(131.445 mm, 1616.075 mm): Vertical Wire, length 2.54 mm
[endpoint_off_grid]: Symbol pin or wire end off connection grid
    ; warning
    @(131.445 mm, 1618.615 mm): Vertical Wire, length 2.54 mm
[endpoint_off_grid]: Symbol pin or wire end off connection grid
    ; warning
    @(131.445 mm, 1618.615 mm): Horizontal Wire, length 2.54 mm
[endpoint_off_grid]: Symbol pin or wire end off connection grid
    ; warning
    @(131.445 mm, 1737.995 mm): Vertical Wire, length 2.54 mm
[endpoint_off_grid]: Symbol pin or wire end off connection grid
    ; warning
    @(131.445 mm, 1740.535 mm): Vertical Wire, length 2.54 mm
[endpoint_off_grid]: Symbol pin or wire end off connection grid
    ; warning
    @(131.445 mm, 1740.535 mm): Horizontal Wire, length 2.54 mm
[endpoint_off_grid]: Symbol pin or wire end off connection grid
    ; warning
    @(131.445 mm, 1859.915 mm): Vertical Wire, length 2.54 mm
[endpoint_off_grid]: Symbol pin or wire end off connection grid
    ; warning
    @(131.445 mm, 1862.455 mm): Vertical Wire, length 2.54 mm
[endpoint_off_grid]: Symbol pin or wire end off connection grid
    ; warning
    @(131.445 mm, 1862.455 mm): Horizontal Wire, length 2.54 mm
[endpoint_off_grid]: Symbol pin or wire end off connection grid
    ; warning
    @(131.445 mm, 1981.20 mm): Vertical Wire, length 2.54 mm
[endpoint_off_grid]: Symbol pin or wire end off connection grid
    ; warning
    @(131.445 mm, 1983.74 mm): Vertical Wire, length 2.54 mm
[endpoint_off_grid]: Symbol pin or wire end off connection grid
    ; warning
    @(131.445 mm, 1983.74 mm): Horizontal Wire, length 2.54 mm
[footprint_link_issues]: The current configuration does not include the footprint library 'crow_usb_power'
    ; warning
    @(132.715 mm, 161.29 mm): Symbol U_BUCK [SYM_U_BUCK]
[lib_symbol_issues]: The current configuration does not include the symbol library 'elt'
    ; warning
    @(132.715 mm, 161.29 mm): Symbol U_BUCK [SYM_U_BUCK]
[endpoint_off_grid]: Symbol pin or wire end off connection grid
    ; warning
    @(132.715 mm, 637.54 mm): Horizontal Wire, length 5.715 mm
[endpoint_off_grid]: Symbol pin or wire end off connection grid
    ; warning
    @(132.715 mm, 638.81 mm): Symbol R_PWR_PU Pin 1 [Passive, Line]
[endpoint_off_grid]: Symbol pin or wire end off connection grid
    ; warning
    @(132.715 mm, 638.81 mm): Vertical Wire, length 1.27 mm
[footprint_link_issues]: The current configuration does not include the footprint library 'Resistor_SMD'
    ; warning
    @(132.715 mm, 642.62 mm): Symbol R_PWR_PU [SYM_R_PWR_PU]
[lib_symbol_issues]: The current configuration does not include the symbol library 'elt'
    ; warning
    @(132.715 mm, 642.62 mm): Symbol R_PWR_PU [SYM_R_PWR_PU]
[endpoint_off_grid]: Symbol pin or wire end off connection grid
    ; warning
    @(132.715 mm, 655.32 mm): Vertical Wire, length 8.89 mm
[endpoint_off_grid]: Symbol pin or wire end off connection grid
    ; warning
    @(132.715 mm, 685.80 mm): Horizontal Wire, length 38.10 mm
[endpoint_off_grid]: Symbol pin or wire end off connection grid
    ; warning
    @(132.715 mm, 688.34 mm): Vertical Wire, length 2.54 mm
[endpoint_off_grid]: Symbol pin or wire end off connection grid
    ; warning
    @(132.715 mm, 689.61 mm): Symbol C_PWR_CT2 Pin 1 [Passive, Line]
[endpoint_off_grid]: Symbol pin or wire end off connection grid
    ; warning
    @(132.715 mm, 689.61 mm): Vertical Wire, length 1.27 mm
[footprint_link_issues]: The current configuration does not include the footprint library 'Capacitor_SMD'
    ; warning
    @(132.715 mm, 693.42 mm): Symbol C_PWR_CT2 [SYM_C_PWR_CT2]
[lib_symbol_issues]: The current configuration does not include the symbol library 'elt'
    ; warning
    @(132.715 mm, 693.42 mm): Symbol C_PWR_CT2 [SYM_C_PWR_CT2]
[endpoint_off_grid]: Symbol pin or wire end off connection grid
    ; warning
    @(132.715 mm, 697.23 mm): Symbol #PWR203 Hidden pin 1 [GND, Power input, Line]
[lib_symbol_issues]: The current configuration does not include the symbol library 'elt'
    ; warning
    @(132.715 mm, 697.23 mm): Symbol #PWR203 [GND]
[endpoint_off_grid]: Symbol pin or wire end off connection grid
    ; warning
    @(132.715 mm, 737.87 mm): Vertical Wire, length 2.54 mm
[endpoint_off_grid]: Symbol pin or wire end off connection grid
    ; warning
    @(132.715 mm, 740.41 mm): Symbol R_AUDIO_PU Pin 1 [Passive, Line]
[footprint_link_issues]: The current configuration does not include the footprint library 'Resistor_SMD'
    ; warning
    @(132.715 mm, 744.22 mm): Symbol R_AUDIO_PU [SYM_R_AUDIO_PU]
[lib_symbol_issues]: The current configuration does not include the symbol library 'elt'
    ; warning
    @(132.715 mm, 744.22 mm): Symbol R_AUDIO_PU [SYM_R_AUDIO_PU]
[endpoint_off_grid]: Symbol pin or wire end off connection grid
    ; warning
    @(132.715 mm, 756.92 mm): Vertical Wire, length 8.89 mm
[endpoint_off_grid]: Symbol pin or wire end off connection grid
    ; warning
    @(132.715 mm, 788.67 mm): Horizontal Wire, length 5.715 mm
[endpoint_off_grid]: Symbol pin or wire end off connection grid
    ; warning
    @(132.715 mm, 789.94 mm): Vertical Wire, length 1.27 mm
[endpoint_off_grid]: Symbol pin or wire end off connection grid
    ; warning
    @(132.715 mm, 791.21 mm): Vertical Wire, length 1.27 mm
[endpoint_off_grid]: Symbol pin or wire end off connection grid
    ; warning
    @(132.715 mm, 791.21 mm): Symbol C_AUDIO_CT2 Pin 1 [Passive, Line]
[footprint_link_issues]: The current configuration does not include the footprint library 'Capacitor_SMD'
    ; warning
    @(132.715 mm, 795.02 mm): Symbol C_AUDIO_CT2 [SYM_C_AUDIO_CT2]
[lib_symbol_issues]: The current configuration does not include the symbol library 'elt'
    ; warning
    @(132.715 mm, 795.02 mm): Symbol C_AUDIO_CT2 [SYM_C_AUDIO_CT2]
[endpoint_off_grid]: Symbol pin or wire end off connection grid
    ; warning
    @(132.715 mm, 798.83 mm): Symbol #PWR209 Hidden pin 1 [GND, Power input, Line]
[lib_symbol_issues]: The current configuration does not include the symbol library 'elt'
    ; warning
    @(132.715 mm, 798.83 mm): Symbol #PWR209 [GND]
[footprint_link_issues]: The current configuration does not include the footprint library 'crow_usb_analog'
    ; warning
    @(132.715 mm, 1092.835 mm): Symbol U_SPOKE1 [SYM_U_SPOKE1]
[lib_symbol_issues]: The current configuration does not include the symbol library 'elt'
    ; warning
    @(132.715 mm, 1092.835 mm): Symbol U_SPOKE1 [SYM_U_SPOKE1]
[footprint_link_issues]: The current configuration does not include the footprint library 'crow_usb_analog'
    ; warning
    @(132.715 mm, 1214.755 mm): Symbol U_SPOKE2 [SYM_U_SPOKE2]
[lib_symbol_issues]: The current configuration does not include the symbol library 'elt'
    ; warning
    @(132.715 mm, 1214.755 mm): Symbol U_SPOKE2 [SYM_U_SPOKE2]
[footprint_link_issues]: The current configuration does not include the footprint library 'crow_usb_analog'
    ; warning
    @(132.715 mm, 1336.04 mm): Symbol U_SPOKE3 [SYM_U_SPOKE3]
[lib_symbol_issues]: The current configuration does not include the symbol library 'elt'
    ; warning
    @(132.715 mm, 1336.04 mm): Symbol U_SPOKE3 [SYM_U_SPOKE3]
[footprint_link_issues]: The current configuration does not include the footprint library 'crow_usb_analog'
    ; warning
    @(132.715 mm, 1457.96 mm): Symbol U_SPOKE4 [SYM_U_SPOKE4]
[lib_symbol_issues]: The current configuration does not include the symbol library 'elt'
    ; warning
    @(132.715 mm, 1457.96 mm): Symbol U_SPOKE4 [SYM_U_SPOKE4]
[footprint_link_issues]: The current configuration does not include the footprint library 'crow_usb_analog'
    ; warning
    @(132.715 mm, 1579.245 mm): Symbol U_SPOKE5 [SYM_U_SPOKE5]
[lib_symbol_issues]: The current configuration does not include the symbol library 'elt'
    ; warning
    @(132.715 mm, 1579.245 mm): Symbol U_SPOKE5 [SYM_U_SPOKE5]
[footprint_link_issues]: The current configuration does not include the footprint library 'crow_usb_analog'
    ; warning
    @(132.715 mm, 1701.165 mm): Symbol U_SPOKE6 [SYM_U_SPOKE6]
[lib_symbol_issues]: The current configuration does not include the symbol library 'elt'
    ; warning
    @(132.715 mm, 1701.165 mm): Symbol U_SPOKE6 [SYM_U_SPOKE6]
[footprint_link_issues]: The current configuration does not include the footprint library 'crow_usb_analog'
    ; warning
    @(132.715 mm, 1823.085 mm): Symbol U_SPOKE7 [SYM_U_SPOKE7]
[lib_symbol_issues]: The current configuration does not include the symbol library 'elt'
    ; warning
    @(132.715 mm, 1823.085 mm): Symbol U_SPOKE7 [SYM_U_SPOKE7]
[footprint_link_issues]: The current configuration does not include the footprint library 'crow_usb_analog'
    ; warning
    @(132.715 mm, 1944.37 mm): Symbol U_SPOKE8 [SYM_U_SPOKE8]
[lib_symbol_issues]: The current configuration does not include the symbol library 'elt'
    ; warning
    @(132.715 mm, 1944.37 mm): Symbol U_SPOKE8 [SYM_U_SPOKE8]
[footprint_link_issues]: The current configuration does not include the footprint library 'Resistor_SMD'
    ; warning
    @(133.35 mm, 2056.765 mm): Symbol R_IN1P [SYM_R_IN1P]
[lib_symbol_issues]: The current configuration does not include the symbol library 'elt'
    ; warning
    @(133.35 mm, 2056.765 mm): Symbol R_IN1P [SYM_R_IN1P]
[footprint_link_issues]: The current configuration does not include the footprint library 'Resistor_SMD'
    ; warning
    @(133.35 mm, 2097.405 mm): Symbol R_IN1N [SYM_R_IN1N]
[lib_symbol_issues]: The current configuration does not include the symbol library 'elt'
    ; warning
    @(133.35 mm, 2097.405 mm): Symbol R_IN1N [SYM_R_IN1N]
[footprint_link_issues]: The current configuration does not include the footprint library 'Resistor_SMD'
    ; warning
    @(133.35 mm, 2237.105 mm): Symbol R_IN2P [SYM_R_IN2P]
[lib_symbol_issues]: The current configuration does not include the symbol library 'elt'
    ; warning
    @(133.35 mm, 2237.105 mm): Symbol R_IN2P [SYM_R_IN2P]
[footprint_link_issues]: The current configuration does not include the footprint library 'Resistor_SMD'
    ; warning
    @(133.35 mm, 2277.745 mm): Symbol R_IN2N [SYM_R_IN2N]
[lib_symbol_issues]: The current configuration does not include the symbol library 'elt'
    ; warning
    @(133.35 mm, 2277.745 mm): Symbol R_IN2N [SYM_R_IN2N]
[footprint_link_issues]: The current configuration does not include the footprint library 'Resistor_SMD'
    ; warning
    @(133.35 mm, 2417.445 mm): Symbol R_IN3P [SYM_R_IN3P]
[lib_symbol_issues]: The current configuration does not include the symbol library 'elt'
    ; warning
    @(133.35 mm, 2417.445 mm): Symbol R_IN3P [SYM_R_IN3P]
[footprint_link_issues]: The current configuration does not include the footprint library 'Resistor_SMD'
    ; warning
    @(133.35 mm, 2458.085 mm): Symbol R_IN3N [SYM_R_IN3N]
[lib_symbol_issues]: The current configuration does not include the symbol library 'elt'
    ; warning
    @(133.35 mm, 2458.085 mm): Symbol R_IN3N [SYM_R_IN3N]
[footprint_link_issues]: The current configuration does not include the footprint library 'Resistor_SMD'
    ; warning
    @(133.35 mm, 2597.785 mm): Symbol R_IN4P [SYM_R_IN4P]
[lib_symbol_issues]: The current configuration does not include the symbol library 'elt'
    ; warning
    @(133.35 mm, 2597.785 mm): Symbol R_IN4P [SYM_R_IN4P]
[footprint_link_issues]: The current configuration does not include the footprint library 'Resistor_SMD'
    ; warning
    @(133.35 mm, 2638.425 mm): Symbol R_IN4N [SYM_R_IN4N]
[lib_symbol_issues]: The current configuration does not include the symbol library 'elt'
    ; warning
    @(133.35 mm, 2638.425 mm): Symbol R_IN4N [SYM_R_IN4N]
[footprint_link_issues]: The current configuration does not include the footprint library 'Resistor_SMD'
    ; warning
    @(133.35 mm, 2778.125 mm): Symbol R_IN5P [SYM_R_IN5P]
[lib_symbol_issues]: The current configuration does not include the symbol library 'elt'
    ; warning
    @(133.35 mm, 2778.125 mm): Symbol R_IN5P [SYM_R_IN5P]
[footprint_link_issues]: The current configuration does not include the footprint library 'Resistor_SMD'
    ; warning
    @(133.35 mm, 2818.765 mm): Symbol R_IN5N [SYM_R_IN5N]
[lib_symbol_issues]: The current configuration does not include the symbol library 'elt'
    ; warning
    @(133.35 mm, 2818.765 mm): Symbol R_IN5N [SYM_R_IN5N]
[endpoint_off_grid]: Symbol pin or wire end off connection grid
    ; warning
    @(133.985 mm, 1129.665 mm): Vertical Wire, length 2.54 mm
[endpoint_off_grid]: Symbol pin or wire end off connection grid
    ; warning
    @(133.985 mm, 1132.205 mm): Horizontal Wire, length 2.54 mm
[endpoint_off_grid]: Symbol pin or wire end off connection grid
    ; warning
    @(133.985 mm, 1251.585 mm): Vertical Wire, length 2.54 mm
[endpoint_off_grid]: Symbol pin or wire end off connection grid
    ; warning
    @(133.985 mm, 1254.125 mm): Horizontal Wire, length 2.54 mm
[endpoint_off_grid]: Symbol pin or wire end off connection grid
    ; warning
    @(133.985 mm, 1372.87 mm): Vertical Wire, length 2.54 mm
[endpoint_off_grid]: Symbol pin or wire end off connection grid
    ; warning
    @(133.985 mm, 1375.41 mm): Horizontal Wire, length 2.54 mm
[endpoint_off_grid]: Symbol pin or wire end off connection grid
    ; warning
    @(133.985 mm, 1494.79 mm): Vertical Wire, length 2.54 mm
[endpoint_off_grid]: Symbol pin or wire end off connection grid
    ; warning
    @(133.985 mm, 1497.33 mm): Horizontal Wire, length 2.54 mm
[endpoint_off_grid]: Symbol pin or wire end off connection grid
    ; warning
    @(133.985 mm, 1616.075 mm): Vertical Wire, length 2.54 mm
[endpoint_off_grid]: Symbol pin or wire end off connection grid
    ; warning
    @(133.985 mm, 1618.615 mm): Horizontal Wire, length 2.54 mm
[endpoint_off_grid]: Symbol pin or wire end off connection grid
    ; warning
    @(133.985 mm, 1737.995 mm): Vertical Wire, length 2.54 mm
[endpoint_off_grid]: Symbol pin or wire end off connection grid
    ; warning
    @(133.985 mm, 1740.535 mm): Horizontal Wire, length 2.54 mm
[endpoint_off_grid]: Symbol pin or wire end off connection grid
    ; warning
    @(133.985 mm, 1859.915 mm): Vertical Wire, length 2.54 mm
[endpoint_off_grid]: Symbol pin or wire end off connection grid
    ; warning
    @(133.985 mm, 1862.455 mm): Horizontal Wire, length 2.54 mm
[endpoint_off_grid]: Symbol pin or wire end off connection grid
    ; warning
    @(133.985 mm, 1981.20 mm): Vertical Wire, length 2.54 mm
[endpoint_off_grid]: Symbol pin or wire end off connection grid
    ; warning
    @(133.985 mm, 1983.74 mm): Horizontal Wire, length 2.54 mm
[endpoint_off_grid]: Symbol pin or wire end off connection grid
    ; warning
    @(136.525 mm, 1129.665 mm): Symbol #PWR23 Hidden pin 1 [GND, Power input, Line]
[lib_symbol_issues]: The current configuration does not include the symbol library 'elt'
    ; warning
    @(136.525 mm, 1129.665 mm): Symbol #PWR23 [GND]
[endpoint_off_grid]: Symbol pin or wire end off connection grid
    ; warning
    @(136.525 mm, 1251.585 mm): Symbol #PWR30 Hidden pin 1 [GND, Power input, Line]
[lib_symbol_issues]: The current configuration does not include the symbol library 'elt'
    ; warning
    @(136.525 mm, 1251.585 mm): Symbol #PWR30 [GND]
[endpoint_off_grid]: Symbol pin or wire end off connection grid
    ; warning
    @(136.525 mm, 1372.87 mm): Symbol #PWR37 Hidden pin 1 [GND, Power input, Line]
[lib_symbol_issues]: The current configuration does not include the symbol library 'elt'
    ; warning
    @(136.525 mm, 1372.87 mm): Symbol #PWR37 [GND]
[endpoint_off_grid]: Symbol pin or wire end off connection grid
    ; warning
    @(136.525 mm, 1494.79 mm): Symbol #PWR44 Hidden pin 1 [GND, Power input, Line]
[lib_symbol_issues]: The current configuration does not include the symbol library 'elt'
    ; warning
    @(136.525 mm, 1494.79 mm): Symbol #PWR44 [GND]
[endpoint_off_grid]: Symbol pin or wire end off connection grid
    ; warning
    @(136.525 mm, 1616.075 mm): Symbol #PWR51 Hidden pin 1 [GND, Power input, Line]
[lib_symbol_issues]: The current configuration does not include the symbol library 'elt'
    ; warning
    @(136.525 mm, 1616.075 mm): Symbol #PWR51 [GND]
[endpoint_off_grid]: Symbol pin or wire end off connection grid
    ; warning
    @(136.525 mm, 1737.995 mm): Symbol #PWR58 Hidden pin 1 [GND, Power input, Line]
[lib_symbol_issues]: The current configuration does not include the symbol library 'elt'
    ; warning
    @(136.525 mm, 1737.995 mm): Symbol #PWR58 [GND]
[endpoint_off_grid]: Symbol pin or wire end off connection grid
    ; warning
    @(136.525 mm, 1859.915 mm): Symbol #PWR65 Hidden pin 1 [GND, Power input, Line]
[lib_symbol_issues]: The current configuration does not include the symbol library 'elt'
    ; warning
    @(136.525 mm, 1859.915 mm): Symbol #PWR65 [GND]
[endpoint_off_grid]: Symbol pin or wire end off connection grid
    ; warning
    @(136.525 mm, 1981.20 mm): Symbol #PWR72 Hidden pin 1 [GND, Power input, Line]
[lib_symbol_issues]: The current configuration does not include the symbol library 'elt'
    ; warning
    @(136.525 mm, 1981.20 mm): Symbol #PWR72 [GND]
[endpoint_off_grid]: Symbol pin or wire end off connection grid
    ; warning
    @(137.16 mm, 911.225 mm): Vertical Wire, length 55.245 mm
[footprint_link_issues]: The current configuration does not include the footprint library 'Capacitor_SMD'
    ; warning
    @(137.16 mm, 971.55 mm): Symbol C_DUMP_TIME2 [SYM_C_DUMP_TIME2]
[lib_symbol_issues]: The current configuration does not include the symbol library 'elt'
    ; warning
    @(137.16 mm, 971.55 mm): Symbol C_DUMP_TIME2 [SYM_C_DUMP_TIME2]
[lib_symbol_issues]: The current configuration does not include the symbol library 'elt'
    ; warning
    @(137.16 mm, 975.36 mm): Symbol #PWR218 [GND]
[footprint_link_issues]: The current configuration does not include the footprint library 'Capacitor_SMD'
    ; warning
    @(137.16 mm, 1003.30 mm): Symbol C_DUMP_TIME6 [SYM_C_DUMP_TIME6]
[lib_symbol_issues]: The current configuration does not include the symbol library 'elt'
    ; warning
    @(137.16 mm, 1003.30 mm): Symbol C_DUMP_TIME6 [SYM_C_DUMP_TIME6]
[lib_symbol_issues]: The current configuration does not include the symbol library 'elt'
    ; warning
    @(137.16 mm, 1007.11 mm): Symbol #PWR222 [GND]
[endpoint_off_grid]: Symbol pin or wire end off connection grid
    ; warning
    @(137.16 mm, 2056.765 mm): Horizontal Wire, length 0.635 mm
[endpoint_off_grid]: Symbol pin or wire end off connection grid
    ; warning
    @(137.16 mm, 2097.405 mm): Horizontal Wire, length 0.635 mm
[endpoint_off_grid]: Symbol pin or wire end off connection grid
    ; warning
    @(137.16 mm, 2237.105 mm): Horizontal Wire, length 0.635 mm
[endpoint_off_grid]: Symbol pin or wire end off connection grid
    ; warning
    @(137.16 mm, 2277.745 mm): Horizontal Wire, length 0.635 mm
[endpoint_off_grid]: Symbol pin or wire end off connection grid
    ; warning
    @(137.16 mm, 2417.445 mm): Horizontal Wire, length 0.635 mm
[endpoint_off_grid]: Symbol pin or wire end off connection grid
    ; warning
    @(137.16 mm, 2458.085 mm): Horizontal Wire, length 0.635 mm
[endpoint_off_grid]: Symbol pin or wire end off connection grid
    ; warning
    @(137.16 mm, 2597.785 mm): Horizontal Wire, length 0.635 mm
[endpoint_off_grid]: Symbol pin or wire end off connection grid
    ; warning
    @(137.16 mm, 2638.425 mm): Horizontal Wire, length 0.635 mm
[endpoint_off_grid]: Symbol pin or wire end off connection grid
    ; warning
    @(137.16 mm, 2778.125 mm): Horizontal Wire, length 0.635 mm
[endpoint_off_grid]: Symbol pin or wire end off connection grid
    ; warning
    @(137.16 mm, 2818.765 mm): Horizontal Wire, length 0.635 mm
[endpoint_off_grid]: Symbol pin or wire end off connection grid
    ; warning
    @(137.795 mm, 30.48 mm): Horizontal Wire, length 2.54 mm
[endpoint_off_grid]: Symbol pin or wire end off connection grid
    ; warning
    @(137.795 mm, 33.02 mm): Horizontal Wire, length 2.54 mm
[endpoint_off_grid]: Symbol pin or wire end off connection grid
    ; warning
    @(137.795 mm, 33.02 mm): Vertical Wire, length 2.54 mm
[endpoint_off_grid]: Symbol pin or wire end off connection grid
    ; warning
    @(137.795 mm, 35.56 mm): Vertical Wire, length 2.54 mm
[endpoint_off_grid]: Symbol pin or wire end off connection grid
    ; warning
    @(137.795 mm, 2056.765 mm): Horizontal Wire, length 3.175 mm
[endpoint_off_grid]: Symbol pin or wire end off connection grid
    ; warning
    @(137.795 mm, 2097.405 mm): Horizontal Wire, length 3.175 mm
[endpoint_off_grid]: Symbol pin or wire end off connection grid
    ; warning
    @(137.795 mm, 2237.105 mm): Horizontal Wire, length 3.175 mm
[endpoint_off_grid]: Symbol pin or wire end off connection grid
    ; warning
    @(137.795 mm, 2277.745 mm): Horizontal Wire, length 3.175 mm
[endpoint_off_grid]: Symbol pin or wire end off connection grid
    ; warning
    @(137.795 mm, 2417.445 mm): Horizontal Wire, length 3.175 mm
[endpoint_off_grid]: Symbol pin or wire end off connection grid
    ; warning
    @(137.795 mm, 2458.085 mm): Horizontal Wire, length 3.175 mm
[endpoint_off_grid]: Symbol pin or wire end off connection grid
    ; warning
    @(137.795 mm, 2597.785 mm): Horizontal Wire, length 3.175 mm
[endpoint_off_grid]: Symbol pin or wire end off connection grid
    ; warning
    @(137.795 mm, 2638.425 mm): Horizontal Wire, length 3.175 mm
[endpoint_off_grid]: Symbol pin or wire end off connection grid
    ; warning
    @(137.795 mm, 2778.125 mm): Horizontal Wire, length 3.175 mm
[endpoint_off_grid]: Symbol pin or wire end off connection grid
    ; warning
    @(137.795 mm, 2818.765 mm): Horizontal Wire, length 3.175 mm
[endpoint_off_grid]: Symbol pin or wire end off connection grid
    ; warning
    @(140.335 mm, 30.48 mm): Symbol Q_IN Pin 1 [S1, Passive, Line]
[endpoint_off_grid]: Symbol pin or wire end off connection grid
    ; warning
    @(140.335 mm, 33.02 mm): Horizontal Wire, length 2.54 mm
[endpoint_off_grid]: Symbol pin or wire end off connection grid
    ; warning
    @(140.335 mm, 35.56 mm): Horizontal Wire, length 2.54 mm
[endpoint_off_grid]: Symbol pin or wire end off connection grid
    ; warning
    @(140.97 mm, 2056.765 mm): Vertical Wire, length 5.08 mm
[endpoint_off_grid]: Symbol pin or wire end off connection grid
    ; warning
    @(140.97 mm, 2061.845 mm): Vertical Wire, length 3.81 mm
[endpoint_off_grid]: Symbol pin or wire end off connection grid
    ; warning
    @(140.97 mm, 2061.845 mm): Horizontal Wire, length 2.54 mm
[endpoint_off_grid]: Symbol pin or wire end off connection grid
    ; warning
    @(140.97 mm, 2082.165 mm): Horizontal Wire, length 2.54 mm
[endpoint_off_grid]: Symbol pin or wire end off connection grid
    ; warning
    @(140.97 mm, 2088.515 mm): Horizontal Wire, length 1.27 mm
[endpoint_off_grid]: Symbol pin or wire end off connection grid
    ; warning
    @(140.97 mm, 2097.405 mm): Vertical Wire, length 15.24 mm
[endpoint_off_grid]: Symbol pin or wire end off connection grid
    ; warning
    @(140.97 mm, 2237.105 mm): Vertical Wire, length 5.08 mm
[endpoint_off_grid]: Symbol pin or wire end off connection grid
    ; warning
    @(140.97 mm, 2242.185 mm): Vertical Wire, length 3.81 mm
[endpoint_off_grid]: Symbol pin or wire end off connection grid
    ; warning
    @(140.97 mm, 2242.185 mm): Horizontal Wire, length 2.54 mm
[endpoint_off_grid]: Symbol pin or wire end off connection grid
    ; warning
    @(140.97 mm, 2262.505 mm): Horizontal Wire, length 2.54 mm
[endpoint_off_grid]: Symbol pin or wire end off connection grid
    ; warning
    @(140.97 mm, 2268.855 mm): Horizontal Wire, length 1.27 mm
[endpoint_off_grid]: Symbol pin or wire end off connection grid
    ; warning
    @(140.97 mm, 2277.745 mm): Vertical Wire, length 15.24 mm
[endpoint_off_grid]: Symbol pin or wire end off connection grid
    ; warning
    @(140.97 mm, 2417.445 mm): Vertical Wire, length 5.08 mm
[endpoint_off_grid]: Symbol pin or wire end off connection grid
    ; warning
    @(140.97 mm, 2422.525 mm): Vertical Wire, length 3.81 mm
[endpoint_off_grid]: Symbol pin or wire end off connection grid
    ; warning
    @(140.97 mm, 2422.525 mm): Horizontal Wire, length 2.54 mm
[endpoint_off_grid]: Symbol pin or wire end off connection grid
    ; warning
    @(140.97 mm, 2442.845 mm): Horizontal Wire, length 2.54 mm
[endpoint_off_grid]: Symbol pin or wire end off connection grid
    ; warning
    @(140.97 mm, 2449.195 mm): Horizontal Wire, length 1.27 mm
[endpoint_off_grid]: Symbol pin or wire end off connection grid
    ; warning
    @(140.97 mm, 2458.085 mm): Vertical Wire, length 15.24 mm
[endpoint_off_grid]: Symbol pin or wire end off connection grid
    ; warning
    @(140.97 mm, 2597.785 mm): Vertical Wire, length 5.08 mm
[endpoint_off_grid]: Symbol pin or wire end off connection grid
    ; warning
    @(140.97 mm, 2602.865 mm): Horizontal Wire, length 2.54 mm
[endpoint_off_grid]: Symbol pin or wire end off connection grid
    ; warning
    @(140.97 mm, 2602.865 mm): Vertical Wire, length 3.81 mm
[endpoint_off_grid]: Symbol pin or wire end off connection grid
    ; warning
    @(140.97 mm, 2623.185 mm): Horizontal Wire, length 2.54 mm
[endpoint_off_grid]: Symbol pin or wire end off connection grid
    ; warning
    @(140.97 mm, 2629.535 mm): Horizontal Wire, length 1.27 mm
[endpoint_off_grid]: Symbol pin or wire end off connection grid
    ; warning
    @(140.97 mm, 2638.425 mm): Vertical Wire, length 15.24 mm
[endpoint_off_grid]: Symbol pin or wire end off connection grid
    ; warning
    @(140.97 mm, 2778.125 mm): Vertical Wire, length 5.08 mm
[endpoint_off_grid]: Symbol pin or wire end off connection grid
    ; warning
    @(140.97 mm, 2783.205 mm): Vertical Wire, length 3.81 mm
[endpoint_off_grid]: Symbol pin or wire end off connection grid
    ; warning
    @(140.97 mm, 2783.205 mm): Horizontal Wire, length 2.54 mm
[endpoint_off_grid]: Symbol pin or wire end off connection grid
    ; warning
    @(140.97 mm, 2803.525 mm): Horizontal Wire, length 2.54 mm
[endpoint_off_grid]: Symbol pin or wire end off connection grid
    ; warning
    @(140.97 mm, 2809.875 mm): Horizontal Wire, length 1.27 mm
[endpoint_off_grid]: Symbol pin or wire end off connection grid
    ; warning
    @(140.97 mm, 2818.765 mm): Vertical Wire, length 15.24 mm
[footprint_link_issues]: The current configuration does not include the footprint library 'Package_TO_SOT_SMD'
    ; warning
    @(143.51 mm, 857.25 mm): Symbol U_DUMP [SYM_U_DUMP]
[lib_symbol_issues]: The current configuration does not include the symbol library 'elt'
    ; warning
    @(143.51 mm, 857.25 mm): Symbol U_DUMP [SYM_U_DUMP]
[endpoint_off_grid]: Symbol pin or wire end off connection grid
    ; warning
    @(143.51 mm, 870.585 mm): Symbol U_DUMP Pin 3 [GND, Passive, Line]
[endpoint_off_grid]: Symbol pin or wire end off connection grid
    ; warning
    @(143.51 mm, 870.585 mm): Symbol #PWR213 Hidden pin 1 [GND, Power input, Line]
[lib_symbol_issues]: The current configuration does not include the symbol library 'elt'
    ; warning
    @(143.51 mm, 870.585 mm): Symbol #PWR213 [GND]
[endpoint_off_grid]: Symbol pin or wire end off connection grid
    ; warning
    @(143.51 mm, 2049.145 mm): Vertical Wire, length 1.27 mm
[endpoint_off_grid]: Symbol pin or wire end off connection grid
    ; warning
    @(143.51 mm, 2085.975 mm): Horizontal Wire, length 3.81 mm
[endpoint_off_grid]: Symbol pin or wire end off connection grid
    ; warning
    @(143.51 mm, 2092.325 mm): Vertical Wire, length 6.35 mm
[endpoint_off_grid]: Symbol pin or wire end off connection grid
    ; warning
    @(143.51 mm, 2229.485 mm): Vertical Wire, length 1.27 mm
[endpoint_off_grid]: Symbol pin or wire end off connection grid
    ; warning
    @(143.51 mm, 2266.315 mm): Horizontal Wire, length 3.81 mm
[endpoint_off_grid]: Symbol pin or wire end off connection grid
    ; warning
    @(143.51 mm, 2272.665 mm): Vertical Wire, length 6.35 mm
[endpoint_off_grid]: Symbol pin or wire end off connection grid
    ; warning
    @(143.51 mm, 2409.825 mm): Vertical Wire, length 1.27 mm
[endpoint_off_grid]: Symbol pin or wire end off connection grid
    ; warning
    @(143.51 mm, 2446.655 mm): Horizontal Wire, length 3.81 mm
[endpoint_off_grid]: Symbol pin or wire end off connection grid
    ; warning
    @(143.51 mm, 2453.005 mm): Vertical Wire, length 6.35 mm
[endpoint_off_grid]: Symbol pin or wire end off connection grid
    ; warning
    @(143.51 mm, 2590.165 mm): Vertical Wire, length 1.27 mm
[endpoint_off_grid]: Symbol pin or wire end off connection grid
    ; warning
    @(143.51 mm, 2626.995 mm): Horizontal Wire, length 3.81 mm
[endpoint_off_grid]: Symbol pin or wire end off connection grid
    ; warning
    @(143.51 mm, 2633.345 mm): Vertical Wire, length 6.35 mm
[endpoint_off_grid]: Symbol pin or wire end off connection grid
    ; warning
    @(143.51 mm, 2770.505 mm): Vertical Wire, length 1.27 mm
[endpoint_off_grid]: Symbol pin or wire end off connection grid
    ; warning
    @(143.51 mm, 2807.335 mm): Horizontal Wire, length 3.81 mm
[endpoint_off_grid]: Symbol pin or wire end off connection grid
    ; warning
    @(143.51 mm, 2813.685 mm): Vertical Wire, length 6.35 mm
[endpoint_off_grid]: Symbol pin or wire end off connection grid
    ; warning
    @(145.415 mm, 257.81 mm): Horizontal Wire, length 5.715 mm
[endpoint_off_grid]: Symbol pin or wire end off connection grid
    ; warning
    @(145.415 mm, 259.08 mm): Vertical Wire, length 1.27 mm
[endpoint_off_grid]: Symbol pin or wire end off connection grid
    ; warning
    @(145.415 mm, 259.08 mm): Symbol R_BUCK_FB_BOTTOM Pin 1 [Passive, Line]
[footprint_link_issues]: The current configuration does not include the footprint library 'Resistor_SMD'
    ; warning
    @(145.415 mm, 262.89 mm): Symbol R_BUCK_FB_BOTTOM [SYM_R_BUCK_FB_BOTTOM]
[lib_symbol_issues]: The current configuration does not include the symbol library 'elt'
    ; warning
    @(145.415 mm, 262.89 mm): Symbol R_BUCK_FB_BOTTOM [SYM_R_BUCK_FB_BOTTOM]
[endpoint_off_grid]: Symbol pin or wire end off connection grid
    ; warning
    @(145.415 mm, 266.70 mm): Vertical Wire, length 2.54 mm
[endpoint_off_grid]: Symbol pin or wire end off connection grid
    ; warning
    @(145.415 mm, 267.97 mm): Horizontal Wire, length 1.27 mm
[endpoint_off_grid]: Symbol pin or wire end off connection grid
    ; warning
    @(145.415 mm, 269.24 mm): Horizontal Wire, length 61.595 mm
[lib_symbol_issues]: The current configuration does not include the symbol library 'elt'
    ; warning
    @(148.59 mm, 146.05 mm): Symbol #PWR13 [GND]
[lib_symbol_issues]: The current configuration does not include the symbol library 'elt'
    ; warning
    @(148.59 mm, 148.59 mm): Symbol #PWR12 [GND]
[lib_symbol_issues]: The current configuration does not include the symbol library 'elt'
    ; warning
    @(148.59 mm, 176.53 mm): Symbol #PWR11 [GND]
[lib_symbol_issues]: The current configuration does not include the symbol library 'elt'
    ; warning
    @(148.59 mm, 179.07 mm): Symbol #PWR10 [GND]
[endpoint_off_grid]: Symbol pin or wire end off connection grid
    ; warning
    @(149.86 mm, 153.67 mm): Horizontal Wire, length 1.905 mm
[endpoint_off_grid]: Symbol pin or wire end off connection grid
    ; warning
    @(151.765 mm, 153.67 mm): Horizontal Wire, length 1.27 mm
[endpoint_off_grid]: Symbol pin or wire end off connection grid
    ; warning
    @(151.765 mm, 158.75 mm): Horizontal Wire, length 3.175 mm
[endpoint_off_grid]: Symbol pin or wire end off connection grid
    ; warning
    @(153.035 mm, 153.67 mm): Horizontal Wire, length 1.27 mm
[endpoint_off_grid]: Symbol pin or wire end off connection grid
    ; warning
    @(153.035 mm, 158.75 mm): Horizontal Wire, length 1.27 mm
[footprint_link_issues]: The current configuration does not include the footprint library 'crow_usb_power_aux'
    ; warning
    @(153.67 mm, 33.02 mm): Symbol Q_IN [SYM_Q_IN]
[lib_symbol_issues]: The current configuration does not include the symbol library 'elt'
    ; warning
    @(153.67 mm, 33.02 mm): Symbol Q_IN [SYM_Q_IN]
[footprint_link_issues]: The current configuration does not include the footprint library 'Resistor_SMD'
    ; warning
    @(153.67 mm, 109.22 mm): Symbol R_QIN_G [SYM_R_QIN_G]
[lib_symbol_issues]: The current configuration does not include the symbol library 'elt'
    ; warning
    @(153.67 mm, 109.22 mm): Symbol R_QIN_G [SYM_R_QIN_G]
[lib_symbol_issues]: The current configuration does not include the symbol library 'elt'
    ; warning
    @(153.67 mm, 113.03 mm): Symbol #PWR02 [GND]
[endpoint_off_grid]: Symbol pin or wire end off connection grid
    ; warning
    @(154.305 mm, 153.67 mm): Horizontal Wire, length 7.62 mm
[endpoint_off_grid]: Symbol pin or wire end off connection grid
    ; warning
    @(154.305 mm, 158.75 mm): Horizontal Wire, length 1.27 mm
[endpoint_off_grid]: Symbol pin or wire end off connection grid
    ; warning
    @(154.305 mm, 415.29 mm): Horizontal Wire, length 2.54 mm
[endpoint_off_grid]: Symbol pin or wire end off connection grid
    ; warning
    @(154.305 mm, 426.72 mm): Vertical Wire, length 11.43 mm
[endpoint_off_grid]: Symbol pin or wire end off connection grid
    ; warning
    @(165.10 mm, 520.70 mm): Horizontal Wire, length 9.525 mm
[endpoint_off_grid]: Symbol pin or wire end off connection grid
    ; warning
    @(155.575 mm, 520.70 mm): Vertical Wire, length 38.10 mm
[endpoint_off_grid]: Symbol pin or wire end off connection grid
    ; warning
    @(155.575 mm, 558.80 mm): Horizontal Wire, length 9.525 mm
[footprint_link_issues]: The current configuration does not include the footprint library 'Resistor_SMD'
    ; warning
    @(156.21 mm, 933.45 mm): Symbol R_DUMP_PD [SYM_R_DUMP_PD]
[lib_symbol_issues]: The current configuration does not include the symbol library 'elt'
    ; warning
    @(156.21 mm, 933.45 mm): Symbol R_DUMP_PD [SYM_R_DUMP_PD]
[lib_symbol_issues]: The current configuration does not include the symbol library 'elt'
    ; warning
    @(156.21 mm, 937.26 mm): Symbol #PWR226 [GND]
[endpoint_off_grid]: Symbol pin or wire end off connection grid
    ; warning
    @(156.845 mm, 415.29 mm): Symbol U_LDO Pin 1 [IN1, Passive, Line]
[endpoint_off_grid]: Symbol pin or wire end off connection grid
    ; warning
    @(156.845 mm, 426.72 mm): Horizontal Wire, length 2.54 mm
[endpoint_off_grid]: Symbol pin or wire end off connection grid
    ; warning
    @(156.845 mm, 2025.015 mm): Horizontal Wire, length 2.54 mm
[endpoint_off_grid]: Symbol pin or wire end off connection grid
    ; warning
    @(156.845 mm, 2031.365 mm): Vertical Wire, length 6.35 mm
[endpoint_off_grid]: Symbol pin or wire end off connection grid
    ; warning
    @(156.845 mm, 2116.455 mm): Vertical Wire, length 12.70 mm
[endpoint_off_grid]: Symbol pin or wire end off connection grid
    ; warning
    @(156.845 mm, 2129.155 mm): Horizontal Wire, length 2.54 mm
[endpoint_off_grid]: Symbol pin or wire end off connection grid
    ; warning
    @(156.845 mm, 2205.355 mm): Horizontal Wire, length 2.54 mm
[endpoint_off_grid]: Symbol pin or wire end off connection grid
    ; warning
    @(156.845 mm, 2211.705 mm): Vertical Wire, length 6.35 mm
[endpoint_off_grid]: Symbol pin or wire end off connection grid
    ; warning
    @(156.845 mm, 2296.795 mm): Vertical Wire, length 12.70 mm
[endpoint_off_grid]: Symbol pin or wire end off connection grid
    ; warning
    @(156.845 mm, 2309.495 mm): Horizontal Wire, length 2.54 mm
[endpoint_off_grid]: Symbol pin or wire end off connection grid
    ; warning
    @(156.845 mm, 2385.695 mm): Horizontal Wire, length 2.54 mm
[endpoint_off_grid]: Symbol pin or wire end off connection grid
    ; warning
    @(156.845 mm, 2392.045 mm): Vertical Wire, length 6.35 mm
[endpoint_off_grid]: Symbol pin or wire end off connection grid
    ; warning
    @(156.845 mm, 2477.135 mm): Vertical Wire, length 12.70 mm
[endpoint_off_grid]: Symbol pin or wire end off connection grid
    ; warning
    @(156.845 mm, 2489.835 mm): Horizontal Wire, length 2.54 mm
[endpoint_off_grid]: Symbol pin or wire end off connection grid
    ; warning
    @(156.845 mm, 2566.035 mm): Horizontal Wire, length 2.54 mm
[endpoint_off_grid]: Symbol pin or wire end off connection grid
    ; warning
    @(156.845 mm, 2572.385 mm): Vertical Wire, length 6.35 mm
[endpoint_off_grid]: Symbol pin or wire end off connection grid
    ; warning
    @(156.845 mm, 2657.475 mm): Vertical Wire, length 12.70 mm
[endpoint_off_grid]: Symbol pin or wire end off connection grid
    ; warning
    @(156.845 mm, 2670.175 mm): Horizontal Wire, length 2.54 mm
[endpoint_off_grid]: Symbol pin or wire end off connection grid
    ; warning
    @(156.845 mm, 2746.375 mm): Horizontal Wire, length 2.54 mm
[endpoint_off_grid]: Symbol pin or wire end off connection grid
    ; warning
    @(156.845 mm, 2752.725 mm): Vertical Wire, length 6.35 mm
[endpoint_off_grid]: Symbol pin or wire end off connection grid
    ; warning
    @(156.845 mm, 2837.815 mm): Vertical Wire, length 12.70 mm
[endpoint_off_grid]: Symbol pin or wire end off connection grid
    ; warning
    @(156.845 mm, 2850.515 mm): Horizontal Wire, length 2.54 mm
[endpoint_off_grid]: Symbol pin or wire end off connection grid
    ; warning
    @(159.385 mm, 2025.015 mm): Horizontal Wire, length 0.635 mm
[endpoint_off_grid]: Symbol pin or wire end off connection grid
    ; warning
    @(159.385 mm, 2129.155 mm): Horizontal Wire, length 0.635 mm
[endpoint_off_grid]: Symbol pin or wire end off connection grid
    ; warning
    @(159.385 mm, 2205.355 mm): Horizontal Wire, length 0.635 mm
[endpoint_off_grid]: Symbol pin or wire end off connection grid
    ; warning
    @(159.385 mm, 2309.495 mm): Horizontal Wire, length 0.635 mm
[endpoint_off_grid]: Symbol pin or wire end off connection grid
    ; warning
    @(159.385 mm, 2385.695 mm): Horizontal Wire, length 0.635 mm
[endpoint_off_grid]: Symbol pin or wire end off connection grid
    ; warning
    @(159.385 mm, 2489.835 mm): Horizontal Wire, length 0.635 mm
[endpoint_off_grid]: Symbol pin or wire end off connection grid
    ; warning
    @(159.385 mm, 2566.035 mm): Horizontal Wire, length 0.635 mm
[endpoint_off_grid]: Symbol pin or wire end off connection grid
    ; warning
    @(159.385 mm, 2670.175 mm): Horizontal Wire, length 0.635 mm
[endpoint_off_grid]: Symbol pin or wire end off connection grid
    ; warning
    @(159.385 mm, 2746.375 mm): Horizontal Wire, length 0.635 mm
[endpoint_off_grid]: Symbol pin or wire end off connection grid
    ; warning
    @(159.385 mm, 2850.515 mm): Horizontal Wire, length 0.635 mm
[endpoint_off_grid]: Symbol pin or wire end off connection grid
    ; warning
    @(160.02 mm, 2025.015 mm): Symbol C_FB1P Pin 1 [Passive, Line]
[endpoint_off_grid]: Symbol pin or wire end off connection grid
    ; warning
    @(160.02 mm, 2049.145 mm): Horizontal Wire, length 16.51 mm
[endpoint_off_grid]: Symbol pin or wire end off connection grid
    ; warning
    @(160.02 mm, 2050.415 mm): Vertical Wire, length 1.27 mm
[footprint_link_issues]: The current configuration does not include the footprint library 'Package_SO'
    ; warning
    @(160.02 mm, 2077.085 mm): Symbol U_AFE1 [SYM_U_AFE1]
[lib_symbol_issues]: The current configuration does not include the symbol library 'elt'
    ; warning
    @(160.02 mm, 2077.085 mm): Symbol U_AFE1 [SYM_U_AFE1]
[endpoint_off_grid]: Symbol pin or wire end off connection grid
    ; warning
    @(160.02 mm, 2103.755 mm): Symbol #PWR76 Hidden pin 1 [GND, Power input, Line]
[lib_symbol_issues]: The current configuration does not include the symbol library 'elt'
    ; warning
    @(160.02 mm, 2103.755 mm): Symbol #PWR76 [GND]
[endpoint_off_grid]: Symbol pin or wire end off connection grid
    ; warning
    @(160.02 mm, 2129.155 mm): Symbol C_FB1N Pin 1 [Passive, Line]
[endpoint_off_grid]: Symbol pin or wire end off connection grid
    ; warning
    @(160.02 mm, 2153.285 mm): Horizontal Wire, length 5.08 mm
[endpoint_off_grid]: Symbol pin or wire end off connection grid
    ; warning
    @(160.02 mm, 2153.285 mm): Symbol C_OPA1 Pin 1 [Passive, Line]
[footprint_link_issues]: The current configuration does not include the footprint library 'Capacitor_SMD'
    ; warning
    @(160.02 mm, 2157.095 mm): Symbol C_OPA1 [SYM_C_OPA1]
[lib_symbol_issues]: The current configuration does not include the symbol library 'elt'
    ; warning
    @(160.02 mm, 2157.095 mm): Symbol C_OPA1 [SYM_C_OPA1]
[endpoint_off_grid]: Symbol pin or wire end off connection grid
    ; warning
    @(160.02 mm, 2160.905 mm): Symbol #PWR87 Hidden pin 1 [GND, Power input, Line]
[lib_symbol_issues]: The current configuration does not include the symbol library 'elt'
    ; warning
    @(160.02 mm, 2160.905 mm): Symbol #PWR87 [GND]
[endpoint_off_grid]: Symbol pin or wire end off connection grid
    ; warning
    @(160.02 mm, 2205.355 mm): Symbol C_FB2P Pin 1 [Passive, Line]
[endpoint_off_grid]: Symbol pin or wire end off connection grid
    ; warning
    @(160.02 mm, 2229.485 mm): Horizontal Wire, length 16.51 mm
[endpoint_off_grid]: Symbol pin or wire end off connection grid
    ; warning
    @(160.02 mm, 2230.755 mm): Vertical Wire, length 1.27 mm
[footprint_link_issues]: The current configuration does not include the footprint library 'Package_SO'
    ; warning
    @(160.02 mm, 2257.425 mm): Symbol U_AFE2 [SYM_U_AFE2]
[lib_symbol_issues]: The current configuration does not include the symbol library 'elt'
    ; warning
    @(160.02 mm, 2257.425 mm): Symbol U_AFE2 [SYM_U_AFE2]
[endpoint_off_grid]: Symbol pin or wire end off connection grid
    ; warning
    @(160.02 mm, 2284.095 mm): Symbol #PWR88 Hidden pin 1 [GND, Power input, Line]
[lib_symbol_issues]: The current configuration does not include the symbol library 'elt'
    ; warning
    @(160.02 mm, 2284.095 mm): Symbol #PWR88 [GND]
[endpoint_off_grid]: Symbol pin or wire end off connection grid
    ; warning
    @(160.02 mm, 2309.495 mm): Symbol C_FB2N Pin 1 [Passive, Line]
[endpoint_off_grid]: Symbol pin or wire end off connection grid
    ; warning
    @(160.02 mm, 2333.625 mm): Symbol C_OPA2 Pin 1 [Passive, Line]
[endpoint_off_grid]: Symbol pin or wire end off connection grid
    ; warning
    @(160.02 mm, 2333.625 mm): Horizontal Wire, length 5.08 mm
[footprint_link_issues]: The current configuration does not include the footprint library 'Capacitor_SMD'
    ; warning
    @(160.02 mm, 2337.435 mm): Symbol C_OPA2 [SYM_C_OPA2]
[lib_symbol_issues]: The current configuration does not include the symbol library 'elt'
    ; warning
    @(160.02 mm, 2337.435 mm): Symbol C_OPA2 [SYM_C_OPA2]
[endpoint_off_grid]: Symbol pin or wire end off connection grid
    ; warning
    @(160.02 mm, 2341.245 mm): Symbol #PWR99 Hidden pin 1 [GND, Power input, Line]
[lib_symbol_issues]: The current configuration does not include the symbol library 'elt'
    ; warning
    @(160.02 mm, 2341.245 mm): Symbol #PWR99 [GND]
[endpoint_off_grid]: Symbol pin or wire end off connection grid
    ; warning
    @(160.02 mm, 2385.695 mm): Symbol C_FB3P Pin 1 [Passive, Line]
[endpoint_off_grid]: Symbol pin or wire end off connection grid
    ; warning
    @(160.02 mm, 2409.825 mm): Horizontal Wire, length 16.51 mm
[endpoint_off_grid]: Symbol pin or wire end off connection grid
    ; warning
    @(160.02 mm, 2411.095 mm): Vertical Wire, length 1.27 mm
[footprint_link_issues]: The current configuration does not include the footprint library 'Package_SO'
    ; warning
    @(160.02 mm, 2437.765 mm): Symbol U_AFE3 [SYM_U_AFE3]
[lib_symbol_issues]: The current configuration does not include the symbol library 'elt'
    ; warning
    @(160.02 mm, 2437.765 mm): Symbol U_AFE3 [SYM_U_AFE3]
[endpoint_off_grid]: Symbol pin or wire end off connection grid
    ; warning
    @(160.02 mm, 2464.435 mm): Symbol #PWR100 Hidden pin 1 [GND, Power input, Line]
[lib_symbol_issues]: The current configuration does not include the symbol library 'elt'
    ; warning
    @(160.02 mm, 2464.435 mm): Symbol #PWR100 [GND]
[endpoint_off_grid]: Symbol pin or wire end off connection grid
    ; warning
    @(160.02 mm, 2489.835 mm): Symbol C_FB3N Pin 1 [Passive, Line]
[endpoint_off_grid]: Symbol pin or wire end off connection grid
    ; warning
    @(160.02 mm, 2513.965 mm): Symbol C_OPA3 Pin 1 [Passive, Line]
[endpoint_off_grid]: Symbol pin or wire end off connection grid
    ; warning
    @(160.02 mm, 2513.965 mm): Horizontal Wire, length 5.08 mm
[footprint_link_issues]: The current configuration does not include the footprint library 'Capacitor_SMD'
    ; warning
    @(160.02 mm, 2517.775 mm): Symbol C_OPA3 [SYM_C_OPA3]
[lib_symbol_issues]: The current configuration does not include the symbol library 'elt'
    ; warning
    @(160.02 mm, 2517.775 mm): Symbol C_OPA3 [SYM_C_OPA3]
[endpoint_off_grid]: Symbol pin or wire end off connection grid
    ; warning
    @(160.02 mm, 2521.585 mm): Symbol #PWR111 Hidden pin 1 [GND, Power input, Line]
[lib_symbol_issues]: The current configuration does not include the symbol library 'elt'
    ; warning
    @(160.02 mm, 2521.585 mm): Symbol #PWR111 [GND]
[endpoint_off_grid]: Symbol pin or wire end off connection grid
    ; warning
    @(160.02 mm, 2566.035 mm): Symbol C_FB4P Pin 1 [Passive, Line]
[endpoint_off_grid]: Symbol pin or wire end off connection grid
    ; warning
    @(160.02 mm, 2590.165 mm): Horizontal Wire, length 16.51 mm
[endpoint_off_grid]: Symbol pin or wire end off connection grid
    ; warning
    @(160.02 mm, 2591.435 mm): Vertical Wire, length 1.27 mm
[footprint_link_issues]: The current configuration does not include the footprint library 'Package_SO'
    ; warning
    @(160.02 mm, 2618.105 mm): Symbol U_AFE4 [SYM_U_AFE4]
[lib_symbol_issues]: The current configuration does not include the symbol library 'elt'
    ; warning
    @(160.02 mm, 2618.105 mm): Symbol U_AFE4 [SYM_U_AFE4]
[endpoint_off_grid]: Symbol pin or wire end off connection grid
    ; warning
    @(160.02 mm, 2644.775 mm): Symbol #PWR112 Hidden pin 1 [GND, Power input, Line]
[lib_symbol_issues]: The current configuration does not include the symbol library 'elt'
    ; warning
    @(160.02 mm, 2644.775 mm): Symbol #PWR112 [GND]
[endpoint_off_grid]: Symbol pin or wire end off connection grid
    ; warning
    @(160.02 mm, 2670.175 mm): Symbol C_FB4N Pin 1 [Passive, Line]
[endpoint_off_grid]: Symbol pin or wire end off connection grid
    ; warning
    @(160.02 mm, 2694.305 mm): Symbol C_OPA4 Pin 1 [Passive, Line]
[endpoint_off_grid]: Symbol pin or wire end off connection grid
    ; warning
    @(160.02 mm, 2694.305 mm): Horizontal Wire, length 5.08 mm
[footprint_link_issues]: The current configuration does not include the footprint library 'Capacitor_SMD'
    ; warning
    @(160.02 mm, 2698.115 mm): Symbol C_OPA4 [SYM_C_OPA4]
[lib_symbol_issues]: The current configuration does not include the symbol library 'elt'
    ; warning
    @(160.02 mm, 2698.115 mm): Symbol C_OPA4 [SYM_C_OPA4]
[endpoint_off_grid]: Symbol pin or wire end off connection grid
    ; warning
    @(160.02 mm, 2701.925 mm): Symbol #PWR123 Hidden pin 1 [GND, Power input, Line]
[lib_symbol_issues]: The current configuration does not include the symbol library 'elt'
    ; warning
    @(160.02 mm, 2701.925 mm): Symbol #PWR123 [GND]
[endpoint_off_grid]: Symbol pin or wire end off connection grid
    ; warning
    @(160.02 mm, 2746.375 mm): Symbol C_FB5P Pin 1 [Passive, Line]
[endpoint_off_grid]: Symbol pin or wire end off connection grid
    ; warning
    @(160.02 mm, 2770.505 mm): Horizontal Wire, length 16.51 mm
[endpoint_off_grid]: Symbol pin or wire end off connection grid
    ; warning
    @(160.02 mm, 2771.775 mm): Vertical Wire, length 1.27 mm
[footprint_link_issues]: The current configuration does not include the footprint library 'Package_SO'
    ; warning
    @(160.02 mm, 2798.445 mm): Symbol U_AFE5 [SYM_U_AFE5]
[lib_symbol_issues]: The current configuration does not include the symbol library 'elt'
    ; warning
    @(160.02 mm, 2798.445 mm): Symbol U_AFE5 [SYM_U_AFE5]
[endpoint_off_grid]: Symbol pin or wire end off connection grid
    ; warning
    @(160.02 mm, 2825.115 mm): Symbol #PWR124 Hidden pin 1 [GND, Power input, Line]
[lib_symbol_issues]: The current configuration does not include the symbol library 'elt'
    ; warning
    @(160.02 mm, 2825.115 mm): Symbol #PWR124 [GND]
[endpoint_off_grid]: Symbol pin or wire end off connection grid
    ; warning
    @(160.02 mm, 2850.515 mm): Symbol C_FB5N Pin 1 [Passive, Line]
[endpoint_off_grid]: Symbol pin or wire end off connection grid
    ; warning
    @(160.02 mm, 2874.645 mm): Symbol C_OPA5 Pin 1 [Passive, Line]
[endpoint_off_grid]: Symbol pin or wire end off connection grid
    ; warning
    @(160.02 mm, 2874.645 mm): Horizontal Wire, length 5.08 mm
[footprint_link_issues]: The current configuration does not include the footprint library 'Capacitor_SMD'
    ; warning
    @(160.02 mm, 2878.455 mm): Symbol C_OPA5 [SYM_C_OPA5]
[lib_symbol_issues]: The current configuration does not include the symbol library 'elt'
    ; warning
    @(160.02 mm, 2878.455 mm): Symbol C_OPA5 [SYM_C_OPA5]
[endpoint_off_grid]: Symbol pin or wire end off connection grid
    ; warning
    @(160.02 mm, 2882.265 mm): Symbol #PWR135 Hidden pin 1 [GND, Power input, Line]
[lib_symbol_issues]: The current configuration does not include the symbol library 'elt'
    ; warning
    @(160.02 mm, 2882.265 mm): Symbol #PWR135 [GND]
[endpoint_off_grid]: Symbol pin or wire end off connection grid
    ; warning
    @(161.925 mm, 153.67 mm): Vertical Wire, length 5.08 mm
[endpoint_off_grid]: Symbol pin or wire end off connection grid
    ; warning
    @(161.925 mm, 158.75 mm): Horizontal Wire, length 7.62 mm
[endpoint_off_grid]: Symbol pin or wire end off connection grid
    ; warning
    @(162.56 mm, 2031.365 mm): Horizontal Wire, length 5.715 mm
[endpoint_off_grid]: Symbol pin or wire end off connection grid
    ; warning
    @(162.56 mm, 2037.715 mm): Vertical Wire, length 6.35 mm
[endpoint_off_grid]: Symbol pin or wire end off connection grid
    ; warning
    @(162.56 mm, 2211.705 mm): Horizontal Wire, length 5.715 mm
[endpoint_off_grid]: Symbol pin or wire end off connection grid
    ; warning
    @(162.56 mm, 2218.055 mm): Vertical Wire, length 6.35 mm
[endpoint_off_grid]: Symbol pin or wire end off connection grid
    ; warning
    @(162.56 mm, 2392.045 mm): Horizontal Wire, length 5.715 mm
[endpoint_off_grid]: Symbol pin or wire end off connection grid
    ; warning
    @(162.56 mm, 2398.395 mm): Vertical Wire, length 6.35 mm
[endpoint_off_grid]: Symbol pin or wire end off connection grid
    ; warning
    @(162.56 mm, 2572.385 mm): Horizontal Wire, length 5.715 mm
[endpoint_off_grid]: Symbol pin or wire end off connection grid
    ; warning
    @(162.56 mm, 2578.735 mm): Vertical Wire, length 6.35 mm
[endpoint_off_grid]: Symbol pin or wire end off connection grid
    ; warning
    @(162.56 mm, 2752.725 mm): Horizontal Wire, length 5.715 mm
[endpoint_off_grid]: Symbol pin or wire end off connection grid
    ; warning
    @(162.56 mm, 2759.075 mm): Vertical Wire, length 6.35 mm
[footprint_link_issues]: The current configuration does not include the footprint library 'Capacitor_SMD'
    ; warning
    @(163.83 mm, 2025.015 mm): Symbol C_FB1P [SYM_C_FB1P]
[lib_symbol_issues]: The current configuration does not include the symbol library 'elt'
    ; warning
    @(163.83 mm, 2025.015 mm): Symbol C_FB1P [SYM_C_FB1P]
[footprint_link_issues]: The current configuration does not include the footprint library 'Capacitor_SMD'
    ; warning
    @(163.83 mm, 2129.155 mm): Symbol C_FB1N [SYM_C_FB1N]
[lib_symbol_issues]: The current configuration does not include the symbol library 'elt'
    ; warning
    @(163.83 mm, 2129.155 mm): Symbol C_FB1N [SYM_C_FB1N]
[footprint_link_issues]: The current configuration does not include the footprint library 'Capacitor_SMD'
    ; warning
    @(163.83 mm, 2205.355 mm): Symbol C_FB2P [SYM_C_FB2P]
[lib_symbol_issues]: The current configuration does not include the symbol library 'elt'
    ; warning
    @(163.83 mm, 2205.355 mm): Symbol C_FB2P [SYM_C_FB2P]
[footprint_link_issues]: The current configuration does not include the footprint library 'Capacitor_SMD'
    ; warning
    @(163.83 mm, 2309.495 mm): Symbol C_FB2N [SYM_C_FB2N]
[lib_symbol_issues]: The current configuration does not include the symbol library 'elt'
    ; warning
    @(163.83 mm, 2309.495 mm): Symbol C_FB2N [SYM_C_FB2N]
[footprint_link_issues]: The current configuration does not include the footprint library 'Capacitor_SMD'
    ; warning
    @(163.83 mm, 2385.695 mm): Symbol C_FB3P [SYM_C_FB3P]
[lib_symbol_issues]: The current configuration does not include the symbol library 'elt'
    ; warning
    @(163.83 mm, 2385.695 mm): Symbol C_FB3P [SYM_C_FB3P]
[footprint_link_issues]: The current configuration does not include the footprint library 'Capacitor_SMD'
    ; warning
    @(163.83 mm, 2489.835 mm): Symbol C_FB3N [SYM_C_FB3N]
[lib_symbol_issues]: The current configuration does not include the symbol library 'elt'
    ; warning
    @(163.83 mm, 2489.835 mm): Symbol C_FB3N [SYM_C_FB3N]
[footprint_link_issues]: The current configuration does not include the footprint library 'Capacitor_SMD'
    ; warning
    @(163.83 mm, 2566.035 mm): Symbol C_FB4P [SYM_C_FB4P]
[lib_symbol_issues]: The current configuration does not include the symbol library 'elt'
    ; warning
    @(163.83 mm, 2566.035 mm): Symbol C_FB4P [SYM_C_FB4P]
[footprint_link_issues]: The current configuration does not include the footprint library 'Capacitor_SMD'
    ; warning
    @(163.83 mm, 2670.175 mm): Symbol C_FB4N [SYM_C_FB4N]
[lib_symbol_issues]: The current configuration does not include the symbol library 'elt'
    ; warning
    @(163.83 mm, 2670.175 mm): Symbol C_FB4N [SYM_C_FB4N]
[footprint_link_issues]: The current configuration does not include the footprint library 'Capacitor_SMD'
    ; warning
    @(163.83 mm, 2746.375 mm): Symbol C_FB5P [SYM_C_FB5P]
[lib_symbol_issues]: The current configuration does not include the symbol library 'elt'
    ; warning
    @(163.83 mm, 2746.375 mm): Symbol C_FB5P [SYM_C_FB5P]
[footprint_link_issues]: The current configuration does not include the footprint library 'Capacitor_SMD'
    ; warning
    @(163.83 mm, 2850.515 mm): Symbol C_FB5N [SYM_C_FB5N]
[lib_symbol_issues]: The current configuration does not include the symbol library 'elt'
    ; warning
    @(163.83 mm, 2850.515 mm): Symbol C_FB5N [SYM_C_FB5N]
[endpoint_off_grid]: Symbol pin or wire end off connection grid
    ; warning
    @(164.465 mm, 483.235 mm): Horizontal Wire, length 6.985 mm
[footprint_link_issues]: The current configuration does not include the footprint library 'crow_usb_analog'
    ; warning
    @(165.10 mm, 477.52 mm): Symbol C_HOLD2 [SYM_C_HOLD2]
[lib_symbol_issues]: The current configuration does not include the symbol library 'elt'
    ; warning
    @(165.10 mm, 477.52 mm): Symbol C_HOLD2 [SYM_C_HOLD2]
[lib_symbol_issues]: The current configuration does not include the symbol library 'elt'
    ; warning
    @(165.10 mm, 481.33 mm): Symbol #PWR174 [GND]
[footprint_link_issues]: The current configuration does not include the footprint library 'crow_usb_analog'
    ; warning
    @(165.10 mm, 528.32 mm): Symbol C_HOLD4 [SYM_C_HOLD4]
[lib_symbol_issues]: The current configuration does not include the symbol library 'elt'
    ; warning
    @(165.10 mm, 528.32 mm): Symbol C_HOLD4 [SYM_C_HOLD4]
[lib_symbol_issues]: The current configuration does not include the symbol library 'elt'
    ; warning
    @(165.10 mm, 532.13 mm): Symbol #PWR176 [GND]
[footprint_link_issues]: The current configuration does not include the footprint library 'crow_usb_analog'
    ; warning
    @(165.10 mm, 566.42 mm): Symbol C_HOLD10 [SYM_C_HOLD10]
[lib_symbol_issues]: The current configuration does not include the symbol library 'elt'
    ; warning
    @(165.10 mm, 566.42 mm): Symbol C_HOLD10 [SYM_C_HOLD10]
[lib_symbol_issues]: The current configuration does not include the symbol library 'elt'
    ; warning
    @(165.10 mm, 570.23 mm): Symbol #PWR182 [GND]
[footprint_link_issues]: The current configuration does not include the footprint library 'crow_usb_analog'
    ; warning
    @(165.10 mm, 604.52 mm): Symbol C_HOLD16 [SYM_C_HOLD16]
[lib_symbol_issues]: The current configuration does not include the symbol library 'elt'
    ; warning
    @(165.10 mm, 604.52 mm): Symbol C_HOLD16 [SYM_C_HOLD16]
[lib_symbol_issues]: The current configuration does not include the symbol library 'elt'
    ; warning
    @(165.10 mm, 608.33 mm): Symbol #PWR188 [GND]
[endpoint_off_grid]: Symbol pin or wire end off connection grid
    ; warning
    @(165.735 mm, 483.235 mm): Horizontal Wire, length 1.27 mm
[endpoint_off_grid]: Symbol pin or wire end off connection grid
    ; warning
    @(167.005 mm, 34.29 mm): Horizontal Wire, length 2.54 mm
[footprint_link_issues]: The current configuration does not include the footprint library 'Capacitor_SMD'
    ; warning
    @(168.91 mm, 971.55 mm): Symbol C_DUMP_TIME3 [SYM_C_DUMP_TIME3]
[lib_symbol_issues]: The current configuration does not include the symbol library 'elt'
    ; warning
    @(168.91 mm, 971.55 mm): Symbol C_DUMP_TIME3 [SYM_C_DUMP_TIME3]
[lib_symbol_issues]: The current configuration does not include the symbol library 'elt'
    ; warning
    @(168.91 mm, 975.36 mm): Symbol #PWR219 [GND]
[footprint_link_issues]: The current configuration does not include the footprint library 'Capacitor_SMD'
    ; warning
    @(168.91 mm, 1003.30 mm): Symbol C_DUMP_TIME7 [SYM_C_DUMP_TIME7]
[lib_symbol_issues]: The current configuration does not include the symbol library 'elt'
    ; warning
    @(168.91 mm, 1003.30 mm): Symbol C_DUMP_TIME7 [SYM_C_DUMP_TIME7]
[lib_symbol_issues]: The current configuration does not include the symbol library 'elt'
    ; warning
    @(168.91 mm, 1007.11 mm): Symbol #PWR223 [GND]
[endpoint_off_grid]: Symbol pin or wire end off connection grid
    ; warning
    @(169.545 mm, 34.29 mm): Vertical Wire, length 35.56 mm
[endpoint_off_grid]: Symbol pin or wire end off connection grid
    ; warning
    @(169.545 mm, 69.85 mm): Horizontal Wire, length 15.875 mm
[endpoint_off_grid]: Symbol pin or wire end off connection grid
    ; warning
    @(170.815 mm, 219.71 mm): Horizontal Wire, length 5.715 mm
[endpoint_off_grid]: Symbol pin or wire end off connection grid
    ; warning
    @(170.815 mm, 220.98 mm): Vertical Wire, length 1.27 mm
[endpoint_off_grid]: Symbol pin or wire end off connection grid
    ; warning
    @(170.815 mm, 220.98 mm): Symbol R_BUCK_FB_TOP Pin 1 [Passive, Line]
[footprint_link_issues]: The current configuration does not include the footprint library 'Resistor_SMD'
    ; warning
    @(170.815 mm, 224.79 mm): Symbol R_BUCK_FB_TOP [SYM_R_BUCK_FB_TOP]
[lib_symbol_issues]: The current configuration does not include the symbol library 'elt'
    ; warning
    @(170.815 mm, 224.79 mm): Symbol R_BUCK_FB_TOP [SYM_R_BUCK_FB_TOP]
[endpoint_off_grid]: Symbol pin or wire end off connection grid
    ; warning
    @(170.815 mm, 228.60 mm): Vertical Wire, length 1.27 mm
[endpoint_off_grid]: Symbol pin or wire end off connection grid
    ; warning
    @(170.815 mm, 229.87 mm): Horizontal Wire, length 5.715 mm
[endpoint_off_grid]: Symbol pin or wire end off connection grid
    ; warning
    @(170.815 mm, 685.80 mm): Vertical Wire, length 2.54 mm
[endpoint_off_grid]: Symbol pin or wire end off connection grid
    ; warning
    @(170.815 mm, 688.34 mm): Vertical Wire, length 1.27 mm
[endpoint_off_grid]: Symbol pin or wire end off connection grid
    ; warning
    @(170.815 mm, 689.61 mm): Symbol C_PWR_CT3 Pin 1 [Passive, Line]
[footprint_link_issues]: The current configuration does not include the footprint library 'Capacitor_SMD'
    ; warning
    @(170.815 mm, 693.42 mm): Symbol C_PWR_CT3 [SYM_C_PWR_CT3]
[lib_symbol_issues]: The current configuration does not include the symbol library 'elt'
    ; warning
    @(170.815 mm, 693.42 mm): Symbol C_PWR_CT3 [SYM_C_PWR_CT3]
[endpoint_off_grid]: Symbol pin or wire end off connection grid
    ; warning
    @(170.815 mm, 697.23 mm): Symbol #PWR204 Hidden pin 1 [GND, Power input, Line]
[lib_symbol_issues]: The current configuration does not include the symbol library 'elt'
    ; warning
    @(170.815 mm, 697.23 mm): Symbol #PWR204 [GND]
[endpoint_off_grid]: Symbol pin or wire end off connection grid
    ; warning
    @(170.815 mm, 764.54 mm): Horizontal Wire, length 5.715 mm
[endpoint_off_grid]: Symbol pin or wire end off connection grid
    ; warning
    @(170.815 mm, 765.81 mm): Symbol R_AUDIO_PD Pin 1 [Passive, Line]
[endpoint_off_grid]: Symbol pin or wire end off connection grid
    ; warning
    @(170.815 mm, 765.81 mm): Vertical Wire, length 1.27 mm
[footprint_link_issues]: The current configuration does not include the footprint library 'Resistor_SMD'
    ; warning
    @(170.815 mm, 769.62 mm): Symbol R_AUDIO_PD [SYM_R_AUDIO_PD]
[lib_symbol_issues]: The current configuration does not include the symbol library 'elt'
    ; warning
    @(170.815 mm, 769.62 mm): Symbol R_AUDIO_PD [SYM_R_AUDIO_PD]
[endpoint_off_grid]: Symbol pin or wire end off connection grid
    ; warning
    @(170.815 mm, 773.43 mm): Symbol #PWR211 Hidden pin 1 [GND, Power input, Line]
[lib_symbol_issues]: The current configuration does not include the symbol library 'elt'
    ; warning
    @(170.815 mm, 773.43 mm): Symbol #PWR211 [GND]
[endpoint_off_grid]: Symbol pin or wire end off connection grid
    ; warning
    @(170.815 mm, 2116.455 mm): Vertical Wire, length 1.27 mm
[endpoint_off_grid]: Symbol pin or wire end off connection grid
    ; warning
    @(170.815 mm, 2296.795 mm): Vertical Wire, length 1.27 mm
[endpoint_off_grid]: Symbol pin or wire end off connection grid
    ; warning
    @(170.815 mm, 2477.135 mm): Vertical Wire, length 1.27 mm
[endpoint_off_grid]: Symbol pin or wire end off connection grid
    ; warning
    @(170.815 mm, 2657.475 mm): Vertical Wire, length 1.27 mm
[endpoint_off_grid]: Symbol pin or wire end off connection grid
    ; warning
    @(170.815 mm, 2837.815 mm): Vertical Wire, length 1.27 mm
[endpoint_off_grid]: Symbol pin or wire end off connection grid
    ; warning
    @(176.53 mm, 2072.005 mm): Symbol U_AFE1 Pin 1 [OUTA, Passive, Line]
[endpoint_off_grid]: Symbol pin or wire end off connection grid
    ; warning
    @(176.53 mm, 2252.345 mm): Symbol U_AFE2 Pin 1 [OUTA, Passive, Line]
[endpoint_off_grid]: Symbol pin or wire end off connection grid
    ; warning
    @(176.53 mm, 2432.685 mm): Symbol U_AFE3 Pin 1 [OUTA, Passive, Line]
[endpoint_off_grid]: Symbol pin or wire end off connection grid
    ; warning
    @(176.53 mm, 2613.025 mm): Symbol U_AFE4 Pin 1 [OUTA, Passive, Line]
[endpoint_off_grid]: Symbol pin or wire end off connection grid
    ; warning
    @(176.53 mm, 2793.365 mm): Symbol U_AFE5 Pin 1 [OUTA, Passive, Line]
[endpoint_off_grid]: Symbol pin or wire end off connection grid
    ; warning
    @(177.80 mm, 483.235 mm): Horizontal Wire, length 12.065 mm
[endpoint_off_grid]: Symbol pin or wire end off connection grid
    ; warning
    @(177.80 mm, 486.41 mm): Vertical Wire, length 3.175 mm
[footprint_link_issues]: The current configuration does not include the footprint library 'Resistor_SMD'
    ; warning
    @(177.80 mm, 490.22 mm): Symbol R_LDO_ILIM [SYM_R_LDO_ILIM]
[lib_symbol_issues]: The current configuration does not include the symbol library 'elt'
    ; warning
    @(177.80 mm, 490.22 mm): Symbol R_LDO_ILIM [SYM_R_LDO_ILIM]
[lib_symbol_issues]: The current configuration does not include the symbol library 'elt'
    ; warning
    @(177.80 mm, 494.03 mm): Symbol #PWR192 [GND]
[endpoint_off_grid]: Symbol pin or wire end off connection grid
    ; warning
    @(181.61 mm, 2065.655 mm): Vertical Wire, length 6.35 mm
[endpoint_off_grid]: Symbol pin or wire end off connection grid
    ; warning
    @(181.61 mm, 2072.005 mm): Vertical Wire, length 2.54 mm
[endpoint_off_grid]: Symbol pin or wire end off connection grid
    ; warning
    @(181.61 mm, 2072.005 mm): Horizontal Wire, length 5.08 mm
[endpoint_off_grid]: Symbol pin or wire end off connection grid
    ; warning
    @(181.61 mm, 2245.995 mm): Vertical Wire, length 6.35 mm
[endpoint_off_grid]: Symbol pin or wire end off connection grid
    ; warning
    @(181.61 mm, 2252.345 mm): Horizontal Wire, length 5.08 mm
[endpoint_off_grid]: Symbol pin or wire end off connection grid
    ; warning
    @(181.61 mm, 2252.345 mm): Vertical Wire, length 2.54 mm
[endpoint_off_grid]: Symbol pin or wire end off connection grid
    ; warning
    @(181.61 mm, 2426.335 mm): Vertical Wire, length 6.35 mm
[endpoint_off_grid]: Symbol pin or wire end off connection grid
    ; warning
    @(181.61 mm, 2432.685 mm): Vertical Wire, length 2.54 mm
[endpoint_off_grid]: Symbol pin or wire end off connection grid
    ; warning
    @(181.61 mm, 2432.685 mm): Horizontal Wire, length 5.08 mm
[endpoint_off_grid]: Symbol pin or wire end off connection grid
    ; warning
    @(181.61 mm, 2606.675 mm): Vertical Wire, length 6.35 mm
[endpoint_off_grid]: Symbol pin or wire end off connection grid
    ; warning
    @(181.61 mm, 2613.025 mm): Vertical Wire, length 2.54 mm
[endpoint_off_grid]: Symbol pin or wire end off connection grid
    ; warning
    @(181.61 mm, 2613.025 mm): Horizontal Wire, length 5.08 mm
[endpoint_off_grid]: Symbol pin or wire end off connection grid
    ; warning
    @(181.61 mm, 2787.015 mm): Vertical Wire, length 6.35 mm
[endpoint_off_grid]: Symbol pin or wire end off connection grid
    ; warning
    @(181.61 mm, 2793.365 mm): Horizontal Wire, length 5.08 mm
[endpoint_off_grid]: Symbol pin or wire end off connection grid
    ; warning
    @(181.61 mm, 2793.365 mm): Vertical Wire, length 2.54 mm
[endpoint_off_grid]: Symbol pin or wire end off connection grid
    ; warning
    @(182.245 mm, 331.47 mm): Horizontal Wire, length 8.255 mm
[endpoint_off_grid]: Symbol pin or wire end off connection grid
    ; warning
    @(190.50 mm, 394.97 mm): Horizontal Wire, length 8.255 mm
[endpoint_off_grid]: Symbol pin or wire end off connection grid
    ; warning
    @(182.245 mm, 394.97 mm): Vertical Wire, length 63.50 mm
[endpoint_off_grid]: Symbol pin or wire end off connection grid
    ; warning
    @(184.785 mm, 2082.165 mm): Horizontal Wire, length 8.255 mm
[endpoint_off_grid]: Symbol pin or wire end off connection grid
    ; warning
    @(184.785 mm, 2088.515 mm): Vertical Wire, length 6.35 mm
[endpoint_off_grid]: Symbol pin or wire end off connection grid
    ; warning
    @(184.785 mm, 2262.505 mm): Horizontal Wire, length 8.255 mm
[endpoint_off_grid]: Symbol pin or wire end off connection grid
    ; warning
    @(184.785 mm, 2268.855 mm): Vertical Wire, length 6.35 mm
[endpoint_off_grid]: Symbol pin or wire end off connection grid
    ; warning
    @(184.785 mm, 2442.845 mm): Horizontal Wire, length 8.255 mm
[endpoint_off_grid]: Symbol pin or wire end off connection grid
    ; warning
    @(184.785 mm, 2449.195 mm): Vertical Wire, length 6.35 mm
[endpoint_off_grid]: Symbol pin or wire end off connection grid
    ; warning
    @(184.785 mm, 2623.185 mm): Horizontal Wire, length 8.255 mm
[endpoint_off_grid]: Symbol pin or wire end off connection grid
    ; warning
    @(184.785 mm, 2629.535 mm): Vertical Wire, length 6.35 mm
[endpoint_off_grid]: Symbol pin or wire end off connection grid
    ; warning
    @(184.785 mm, 2803.525 mm): Horizontal Wire, length 8.255 mm
[endpoint_off_grid]: Symbol pin or wire end off connection grid
    ; warning
    @(184.785 mm, 2809.875 mm): Vertical Wire, length 6.35 mm
[endpoint_off_grid]: Symbol pin or wire end off connection grid
    ; warning
    @(185.42 mm, 2037.715 mm): Horizontal Wire, length 22.86 mm
[endpoint_off_grid]: Symbol pin or wire end off connection grid
    ; warning
    @(185.42 mm, 2037.715 mm): Symbol R_X1P Pin 1 [Passive, Line]
[endpoint_off_grid]: Symbol pin or wire end off connection grid
    ; warning
    @(185.42 mm, 2116.455 mm): Horizontal Wire, length 28.575 mm
[endpoint_off_grid]: Symbol pin or wire end off connection grid
    ; warning
    @(185.42 mm, 2116.455 mm): Symbol R_X1N Pin 1 [Passive, Line]
[endpoint_off_grid]: Symbol pin or wire end off connection grid
    ; warning
    @(185.42 mm, 2218.055 mm): Symbol R_X2P Pin 1 [Passive, Line]
[endpoint_off_grid]: Symbol pin or wire end off connection grid
    ; warning
    @(185.42 mm, 2218.055 mm): Horizontal Wire, length 22.86 mm
[endpoint_off_grid]: Symbol pin or wire end off connection grid
    ; warning
    @(185.42 mm, 2296.795 mm): Horizontal Wire, length 28.575 mm
[endpoint_off_grid]: Symbol pin or wire end off connection grid
    ; warning
    @(185.42 mm, 2296.795 mm): Symbol R_X2N Pin 1 [Passive, Line]
[endpoint_off_grid]: Symbol pin or wire end off connection grid
    ; warning
    @(185.42 mm, 2398.395 mm): Horizontal Wire, length 22.86 mm
[endpoint_off_grid]: Symbol pin or wire end off connection grid
    ; warning
    @(185.42 mm, 2398.395 mm): Symbol R_X3P Pin 1 [Passive, Line]
[endpoint_off_grid]: Symbol pin or wire end off connection grid
    ; warning
    @(185.42 mm, 2477.135 mm): Symbol R_X3N Pin 1 [Passive, Line]
[endpoint_off_grid]: Symbol pin or wire end off connection grid
    ; warning
    @(185.42 mm, 2477.135 mm): Horizontal Wire, length 28.575 mm
[endpoint_off_grid]: Symbol pin or wire end off connection grid
    ; warning
    @(185.42 mm, 2578.735 mm): Horizontal Wire, length 22.86 mm
[endpoint_off_grid]: Symbol pin or wire end off connection grid
    ; warning
    @(185.42 mm, 2578.735 mm): Symbol R_X4P Pin 1 [Passive, Line]
[endpoint_off_grid]: Symbol pin or wire end off connection grid
    ; warning
    @(185.42 mm, 2657.475 mm): Horizontal Wire, length 28.575 mm
[endpoint_off_grid]: Symbol pin or wire end off connection grid
    ; warning
    @(185.42 mm, 2657.475 mm): Symbol R_X4N Pin 1 [Passive, Line]
[endpoint_off_grid]: Symbol pin or wire end off connection grid
    ; warning
    @(185.42 mm, 2759.075 mm): Symbol R_X5P Pin 1 [Passive, Line]
[endpoint_off_grid]: Symbol pin or wire end off connection grid
    ; warning
    @(185.42 mm, 2759.075 mm): Horizontal Wire, length 22.86 mm
[endpoint_off_grid]: Symbol pin or wire end off connection grid
    ; warning
    @(185.42 mm, 2837.815 mm): Horizontal Wire, length 28.575 mm
[endpoint_off_grid]: Symbol pin or wire end off connection grid
    ; warning
    @(185.42 mm, 2837.815 mm): Symbol R_X5N Pin 1 [Passive, Line]
[endpoint_off_grid]: Symbol pin or wire end off connection grid
    ; warning
    @(186.69 mm, 2065.655 mm): Horizontal Wire, length 5.08 mm
[endpoint_off_grid]: Symbol pin or wire end off connection grid
    ; warning
    @(186.69 mm, 2245.995 mm): Horizontal Wire, length 5.08 mm
[endpoint_off_grid]: Symbol pin or wire end off connection grid
    ; warning
    @(186.69 mm, 2426.335 mm): Horizontal Wire, length 5.08 mm
[endpoint_off_grid]: Symbol pin or wire end off connection grid
    ; warning
    @(186.69 mm, 2606.675 mm): Horizontal Wire, length 5.08 mm
[endpoint_off_grid]: Symbol pin or wire end off connection grid
    ; warning
    @(186.69 mm, 2787.015 mm): Horizontal Wire, length 5.08 mm
[endpoint_off_grid]: Symbol pin or wire end off connection grid
    ; warning
    @(187.96 mm, 455.93 mm): Vertical Wire, length 1.905 mm
[endpoint_off_grid]: Symbol pin or wire end off connection grid
    ; warning
    @(187.96 mm, 457.835 mm): Horizontal Wire, length 0.635 mm
[endpoint_off_grid]: Symbol pin or wire end off connection grid
    ; warning
    @(187.96 mm, 2065.655 mm): Symbol R_OUT1P Pin 1 [Passive, Line]
[endpoint_off_grid]: Symbol pin or wire end off connection grid
    ; warning
    @(187.96 mm, 2065.655 mm): Horizontal Wire, length 1.27 mm
[endpoint_off_grid]: Symbol pin or wire end off connection grid
    ; warning
    @(187.96 mm, 2245.995 mm): Horizontal Wire, length 1.27 mm
[endpoint_off_grid]: Symbol pin or wire end off connection grid
    ; warning
    @(187.96 mm, 2245.995 mm): Symbol R_OUT2P Pin 1 [Passive, Line]
[endpoint_off_grid]: Symbol pin or wire end off connection grid
    ; warning
    @(187.96 mm, 2426.335 mm): Symbol R_OUT3P Pin 1 [Passive, Line]
[endpoint_off_grid]: Symbol pin or wire end off connection grid
    ; warning
    @(187.96 mm, 2426.335 mm): Horizontal Wire, length 1.27 mm
[endpoint_off_grid]: Symbol pin or wire end off connection grid
    ; warning
    @(187.96 mm, 2606.675 mm): Symbol R_OUT4P Pin 1 [Passive, Line]
[endpoint_off_grid]: Symbol pin or wire end off connection grid
    ; warning
    @(187.96 mm, 2606.675 mm): Horizontal Wire, length 1.27 mm
[endpoint_off_grid]: Symbol pin or wire end off connection grid
    ; warning
    @(187.96 mm, 2787.015 mm): Symbol R_OUT5P Pin 1 [Passive, Line]
[endpoint_off_grid]: Symbol pin or wire end off connection grid
    ; warning
    @(187.96 mm, 2787.015 mm): Horizontal Wire, length 1.27 mm
[footprint_link_issues]: The current configuration does not include the footprint library 'Resistor_SMD'
    ; warning
    @(189.23 mm, 2037.715 mm): Symbol R_X1P [SYM_R_X1P]
[lib_symbol_issues]: The current configuration does not include the symbol library 'elt'
    ; warning
    @(189.23 mm, 2037.715 mm): Symbol R_X1P [SYM_R_X1P]
[footprint_link_issues]: The current configuration does not include the footprint library 'Resistor_SMD'
    ; warning
    @(189.23 mm, 2116.455 mm): Symbol R_X1N [SYM_R_X1N]
[lib_symbol_issues]: The current configuration does not include the symbol library 'elt'
    ; warning
    @(189.23 mm, 2116.455 mm): Symbol R_X1N [SYM_R_X1N]
[footprint_link_issues]: The current configuration does not include the footprint library 'Resistor_SMD'
    ; warning
    @(189.23 mm, 2218.055 mm): Symbol R_X2P [SYM_R_X2P]
[lib_symbol_issues]: The current configuration does not include the symbol library 'elt'
    ; warning
    @(189.23 mm, 2218.055 mm): Symbol R_X2P [SYM_R_X2P]
[footprint_link_issues]: The current configuration does not include the footprint library 'Resistor_SMD'
    ; warning
    @(189.23 mm, 2296.795 mm): Symbol R_X2N [SYM_R_X2N]
[lib_symbol_issues]: The current configuration does not include the symbol library 'elt'
    ; warning
    @(189.23 mm, 2296.795 mm): Symbol R_X2N [SYM_R_X2N]
[footprint_link_issues]: The current configuration does not include the footprint library 'Resistor_SMD'
    ; warning
    @(189.23 mm, 2398.395 mm): Symbol R_X3P [SYM_R_X3P]
[lib_symbol_issues]: The current configuration does not include the symbol library 'elt'
    ; warning
    @(189.23 mm, 2398.395 mm): Symbol R_X3P [SYM_R_X3P]
[footprint_link_issues]: The current configuration does not include the footprint library 'Resistor_SMD'
    ; warning
    @(189.23 mm, 2477.135 mm): Symbol R_X3N [SYM_R_X3N]
[lib_symbol_issues]: The current configuration does not include the symbol library 'elt'
    ; warning
    @(189.23 mm, 2477.135 mm): Symbol R_X3N [SYM_R_X3N]
[footprint_link_issues]: The current configuration does not include the footprint library 'Resistor_SMD'
    ; warning
    @(189.23 mm, 2578.735 mm): Symbol R_X4P [SYM_R_X4P]
[lib_symbol_issues]: The current configuration does not include the symbol library 'elt'
    ; warning
    @(189.23 mm, 2578.735 mm): Symbol R_X4P [SYM_R_X4P]
[footprint_link_issues]: The current configuration does not include the footprint library 'Resistor_SMD'
    ; warning
    @(189.23 mm, 2657.475 mm): Symbol R_X4N [SYM_R_X4N]
[lib_symbol_issues]: The current configuration does not include the symbol library 'elt'
    ; warning
    @(189.23 mm, 2657.475 mm): Symbol R_X4N [SYM_R_X4N]
[footprint_link_issues]: The current configuration does not include the footprint library 'Resistor_SMD'
    ; warning
    @(189.23 mm, 2759.075 mm): Symbol R_X5P [SYM_R_X5P]
[lib_symbol_issues]: The current configuration does not include the symbol library 'elt'
    ; warning
    @(189.23 mm, 2759.075 mm): Symbol R_X5P [SYM_R_X5P]
[footprint_link_issues]: The current configuration does not include the footprint library 'Resistor_SMD'
    ; warning
    @(189.23 mm, 2837.815 mm): Symbol R_X5N [SYM_R_X5N]
[lib_symbol_issues]: The current configuration does not include the symbol library 'elt'
    ; warning
    @(189.23 mm, 2837.815 mm): Symbol R_X5N [SYM_R_X5N]
[footprint_link_issues]: The current configuration does not include the footprint library 'Resistor_SMD'
    ; warning
    @(190.50 mm, 337.82 mm): Symbol R_LDO_SET [SYM_R_LDO_SET]
[lib_symbol_issues]: The current configuration does not include the symbol library 'elt'
    ; warning
    @(190.50 mm, 337.82 mm): Symbol R_LDO_SET [SYM_R_LDO_SET]
[lib_symbol_issues]: The current configuration does not include the symbol library 'elt'
    ; warning
    @(190.50 mm, 341.63 mm): Symbol #PWR198 [GND]
[footprint_link_issues]: The current configuration does not include the footprint library 'crow_usb_analog'
    ; warning
    @(190.50 mm, 426.72 mm): Symbol U_LDO [SYM_U_LDO]
[lib_symbol_issues]: The current configuration does not include the symbol library 'elt'
    ; warning
    @(190.50 mm, 426.72 mm): Symbol U_LDO [SYM_U_LDO]
[lib_symbol_issues]: The current configuration does not include the symbol library 'elt'
    ; warning
    @(190.50 mm, 455.93 mm): Symbol #PWR190 [GND]
[endpoint_off_grid]: Symbol pin or wire end off connection grid
    ; warning
    @(190.50 mm, 1035.685 mm): Vertical Wire, length 1.27 mm
[endpoint_off_grid]: Symbol pin or wire end off connection grid
    ; warning
    @(190.50 mm, 1113.155 mm): Vertical Wire, length 1.27 mm
[endpoint_off_grid]: Symbol pin or wire end off connection grid
    ; warning
    @(190.50 mm, 1157.605 mm): Vertical Wire, length 1.27 mm
[endpoint_off_grid]: Symbol pin or wire end off connection grid
    ; warning
    @(190.50 mm, 1235.075 mm): Vertical Wire, length 1.27 mm
[endpoint_off_grid]: Symbol pin or wire end off connection grid
    ; warning
    @(190.50 mm, 1279.525 mm): Vertical Wire, length 1.27 mm
[endpoint_off_grid]: Symbol pin or wire end off connection grid
    ; warning
    @(190.50 mm, 1599.565 mm): Vertical Wire, length 1.27 mm
[endpoint_off_grid]: Symbol pin or wire end off connection grid
    ; warning
    @(190.50 mm, 1644.015 mm): Vertical Wire, length 1.27 mm
[endpoint_off_grid]: Symbol pin or wire end off connection grid
    ; warning
    @(190.50 mm, 1721.485 mm): Vertical Wire, length 1.27 mm
[endpoint_off_grid]: Symbol pin or wire end off connection grid
    ; warning
    @(190.50 mm, 1765.935 mm): Vertical Wire, length 1.27 mm
[endpoint_off_grid]: Symbol pin or wire end off connection grid
    ; warning
    @(190.50 mm, 1843.405 mm): Vertical Wire, length 1.27 mm
[endpoint_off_grid]: Symbol pin or wire end off connection grid
    ; warning
    @(190.50 mm, 1887.855 mm): Vertical Wire, length 1.27 mm
[footprint_link_issues]: The current configuration does not include the footprint library 'Resistor_SMD'
    ; warning
    @(191.77 mm, 2065.655 mm): Symbol R_OUT1P [SYM_R_OUT1P]
[lib_symbol_issues]: The current configuration does not include the symbol library 'elt'
    ; warning
    @(191.77 mm, 2065.655 mm): Symbol R_OUT1P [SYM_R_OUT1P]
[footprint_link_issues]: The current configuration does not include the footprint library 'Resistor_SMD'
    ; warning
    @(191.77 mm, 2245.995 mm): Symbol R_OUT2P [SYM_R_OUT2P]
[lib_symbol_issues]: The current configuration does not include the symbol library 'elt'
    ; warning
    @(191.77 mm, 2245.995 mm): Symbol R_OUT2P [SYM_R_OUT2P]
[footprint_link_issues]: The current configuration does not include the footprint library 'Resistor_SMD'
    ; warning
    @(191.77 mm, 2426.335 mm): Symbol R_OUT3P [SYM_R_OUT3P]
[lib_symbol_issues]: The current configuration does not include the symbol library 'elt'
    ; warning
    @(191.77 mm, 2426.335 mm): Symbol R_OUT3P [SYM_R_OUT3P]
[footprint_link_issues]: The current configuration does not include the footprint library 'Resistor_SMD'
    ; warning
    @(191.77 mm, 2606.675 mm): Symbol R_OUT4P [SYM_R_OUT4P]
[lib_symbol_issues]: The current configuration does not include the symbol library 'elt'
    ; warning
    @(191.77 mm, 2606.675 mm): Symbol R_OUT4P [SYM_R_OUT4P]
[footprint_link_issues]: The current configuration does not include the footprint library 'Resistor_SMD'
    ; warning
    @(191.77 mm, 2787.015 mm): Symbol R_OUT5P [SYM_R_OUT5P]
[lib_symbol_issues]: The current configuration does not include the symbol library 'elt'
    ; warning
    @(191.77 mm, 2787.015 mm): Symbol R_OUT5P [SYM_R_OUT5P]
[lib_symbol_issues]: The current configuration does not include the symbol library 'elt'
    ; warning
    @(193.04 mm, 455.93 mm): Symbol #PWR191 [GND]
[endpoint_off_grid]: Symbol pin or wire end off connection grid
    ; warning
    @(193.04 mm, 2037.715 mm): Horizontal Wire, length 6.35 mm
[endpoint_off_grid]: Symbol pin or wire end off connection grid
    ; warning
    @(193.04 mm, 2088.515 mm): Horizontal Wire, length 8.255 mm
[endpoint_off_grid]: Symbol pin or wire end off connection grid
    ; warning
    @(193.04 mm, 2218.055 mm): Horizontal Wire, length 6.35 mm
[endpoint_off_grid]: Symbol pin or wire end off connection grid
    ; warning
    @(193.04 mm, 2268.855 mm): Horizontal Wire, length 8.255 mm
[endpoint_off_grid]: Symbol pin or wire end off connection grid
    ; warning
    @(193.04 mm, 2398.395 mm): Horizontal Wire, length 6.35 mm
[endpoint_off_grid]: Symbol pin or wire end off connection grid
    ; warning
    @(193.04 mm, 2449.195 mm): Horizontal Wire, length 8.255 mm
[endpoint_off_grid]: Symbol pin or wire end off connection grid
    ; warning
    @(193.04 mm, 2578.735 mm): Horizontal Wire, length 6.35 mm
[endpoint_off_grid]: Symbol pin or wire end off connection grid
    ; warning
    @(193.04 mm, 2629.535 mm): Horizontal Wire, length 8.255 mm
[endpoint_off_grid]: Symbol pin or wire end off connection grid
    ; warning
    @(193.04 mm, 2759.075 mm): Horizontal Wire, length 6.35 mm
[endpoint_off_grid]: Symbol pin or wire end off connection grid
    ; warning
    @(193.04 mm, 2809.875 mm): Horizontal Wire, length 8.255 mm
[endpoint_off_grid]: Symbol pin or wire end off connection grid
    ; warning
    @(193.675 mm, 520.70 mm): Vertical Wire, length 38.10 mm
[endpoint_off_grid]: Symbol pin or wire end off connection grid
    ; warning
    @(203.20 mm, 520.70 mm): Horizontal Wire, length 9.525 mm
[endpoint_off_grid]: Symbol pin or wire end off connection grid
    ; warning
    @(193.675 mm, 558.80 mm): Horizontal Wire, length 9.525 mm
[footprint_link_issues]: The current configuration does not include the footprint library 'Package_TO_SOT_SMD'
    ; warning
    @(194.31 mm, 857.25 mm): Symbol U_LDO_EN [SYM_U_LDO_EN]
[lib_symbol_issues]: The current configuration does not include the symbol library 'elt'
    ; warning
    @(194.31 mm, 857.25 mm): Symbol U_LDO_EN [SYM_U_LDO_EN]
[endpoint_off_grid]: Symbol pin or wire end off connection grid
    ; warning
    @(194.31 mm, 870.585 mm): Symbol #PWR214 Hidden pin 1 [GND, Power input, Line]
[endpoint_off_grid]: Symbol pin or wire end off connection grid
    ; warning
    @(194.31 mm, 870.585 mm): Symbol U_LDO_EN Pin 3 [GND, Passive, Line]
[lib_symbol_issues]: The current configuration does not include the symbol library 'elt'
    ; warning
    @(194.31 mm, 870.585 mm): Symbol #PWR214 [GND]
[footprint_link_issues]: The current configuration does not include the footprint library 'Package_TO_SOT_SMD'
    ; warning
    @(194.31 mm, 920.75 mm): Symbol Q_DUMP [SYM_Q_DUMP]
[lib_symbol_issues]: The current configuration does not include the symbol library 'elt'
    ; warning
    @(194.31 mm, 920.75 mm): Symbol Q_DUMP [SYM_Q_DUMP]
[lib_symbol_issues]: The current configuration does not include the symbol library 'elt'
    ; warning
    @(194.31 mm, 928.37 mm): Symbol #PWR225 [GND]
[endpoint_off_grid]: Symbol pin or wire end off connection grid
    ; warning
    @(194.31 mm, 2088.515 mm): Symbol R_OUT1N Pin 1 [Passive, Line]
[endpoint_off_grid]: Symbol pin or wire end off connection grid
    ; warning
    @(194.31 mm, 2088.515 mm): Horizontal Wire, length 1.27 mm
[endpoint_off_grid]: Symbol pin or wire end off connection grid
    ; warning
    @(194.31 mm, 2268.855 mm): Horizontal Wire, length 1.27 mm
[endpoint_off_grid]: Symbol pin or wire end off connection grid
    ; warning
    @(194.31 mm, 2268.855 mm): Symbol R_OUT2N Pin 1 [Passive, Line]
[endpoint_off_grid]: Symbol pin or wire end off connection grid
    ; warning
    @(194.31 mm, 2449.195 mm): Horizontal Wire, length 1.27 mm
[endpoint_off_grid]: Symbol pin or wire end off connection grid
    ; warning
    @(194.31 mm, 2449.195 mm): Symbol R_OUT3N Pin 1 [Passive, Line]
[endpoint_off_grid]: Symbol pin or wire end off connection grid
    ; warning
    @(194.31 mm, 2629.535 mm): Symbol R_OUT4N Pin 1 [Passive, Line]
[endpoint_off_grid]: Symbol pin or wire end off connection grid
    ; warning
    @(194.31 mm, 2629.535 mm): Horizontal Wire, length 1.27 mm
[endpoint_off_grid]: Symbol pin or wire end off connection grid
    ; warning
    @(194.31 mm, 2809.875 mm): Symbol R_OUT5N Pin 1 [Passive, Line]
[endpoint_off_grid]: Symbol pin or wire end off connection grid
    ; warning
    @(194.31 mm, 2809.875 mm): Horizontal Wire, length 1.27 mm
[endpoint_off_grid]: Symbol pin or wire end off connection grid
    ; warning
    @(196.215 mm, 231.14 mm): Horizontal Wire, length 5.715 mm
[endpoint_off_grid]: Symbol pin or wire end off connection grid
    ; warning
    @(196.215 mm, 232.41 mm): Vertical Wire, length 1.27 mm
[endpoint_off_grid]: Symbol pin or wire end off connection grid
    ; warning
    @(196.215 mm, 233.68 mm): Vertical Wire, length 1.27 mm
[endpoint_off_grid]: Symbol pin or wire end off connection grid
    ; warning
    @(196.215 mm, 233.68 mm): Symbol C_VCC Pin 1 [Passive, Line]
[footprint_link_issues]: The current configuration does not include the footprint library 'Capacitor_SMD'
    ; warning
    @(196.215 mm, 237.49 mm): Symbol C_VCC [SYM_C_VCC]
[lib_symbol_issues]: The current configuration does not include the symbol library 'elt'
    ; warning
    @(196.215 mm, 237.49 mm): Symbol C_VCC [SYM_C_VCC]
[endpoint_off_grid]: Symbol pin or wire end off connection grid
    ; warning
    @(196.215 mm, 241.30 mm): Symbol #PWR15 Hidden pin 1 [GND, Power input, Line]
[lib_symbol_issues]: The current configuration does not include the symbol library 'elt'
    ; warning
    @(196.215 mm, 241.30 mm): Symbol #PWR15 [GND]
[endpoint_off_grid]: Symbol pin or wire end off connection grid
    ; warning
    @(196.215 mm, 1035.685 mm): Horizontal Wire, length 5.715 mm
[endpoint_off_grid]: Symbol pin or wire end off connection grid
    ; warning
    @(196.215 mm, 1036.955 mm): Vertical Wire, length 1.27 mm
[endpoint_off_grid]: Symbol pin or wire end off connection grid
    ; warning
    @(196.215 mm, 1038.225 mm): Symbol C_SPOKE_OUT1 Pin 1 [Passive, Line]
[endpoint_off_grid]: Symbol pin or wire end off connection grid
    ; warning
    @(196.215 mm, 1038.225 mm): Vertical Wire, length 1.27 mm
[footprint_link_issues]: The current configuration does not include the footprint library 'Capacitor_SMD'
    ; warning
    @(196.215 mm, 1042.035 mm): Symbol C_SPOKE_OUT1 [SYM_C_SPOKE_OUT1]
[lib_symbol_issues]: The current configuration does not include the symbol library 'elt'
    ; warning
    @(196.215 mm, 1042.035 mm): Symbol C_SPOKE_OUT1 [SYM_C_SPOKE_OUT1]
[endpoint_off_grid]: Symbol pin or wire end off connection grid
    ; warning
    @(196.215 mm, 1045.845 mm): Symbol #PWR25 Hidden pin 1 [GND, Power input, Line]
[lib_symbol_issues]: The current configuration does not include the symbol library 'elt'
    ; warning
    @(196.215 mm, 1045.845 mm): Symbol #PWR25 [GND]
[endpoint_off_grid]: Symbol pin or wire end off connection grid
    ; warning
    @(196.215 mm, 1113.155 mm): Horizontal Wire, length 5.715 mm
[endpoint_off_grid]: Symbol pin or wire end off connection grid
    ; warning
    @(196.215 mm, 1114.425 mm): Vertical Wire, length 1.27 mm
[endpoint_off_grid]: Symbol pin or wire end off connection grid
    ; warning
    @(196.215 mm, 1114.425 mm): Symbol R_SPOKE_ILIM1 Pin 1 [Passive, Line]
[footprint_link_issues]: The current configuration does not include the footprint library 'crow_usb_analog'
    ; warning
    @(196.215 mm, 1118.235 mm): Symbol R_SPOKE_ILIM1 [SYM_R_SPOKE_ILIM1]
[lib_symbol_issues]: The current configuration does not include the symbol library 'elt'
    ; warning
    @(196.215 mm, 1118.235 mm): Symbol R_SPOKE_ILIM1 [SYM_R_SPOKE_ILIM1]
[endpoint_off_grid]: Symbol pin or wire end off connection grid
    ; warning
    @(196.215 mm, 1122.045 mm): Vertical Wire, length 3.81 mm
[endpoint_off_grid]: Symbol pin or wire end off connection grid
    ; warning
    @(196.215 mm, 1123.95 mm): Horizontal Wire, length 1.27 mm
[endpoint_off_grid]: Symbol pin or wire end off connection grid
    ; warning
    @(196.215 mm, 1125.855 mm): Horizontal Wire, length 38.10 mm
[endpoint_off_grid]: Symbol pin or wire end off connection grid
    ; warning
    @(196.215 mm, 1157.605 mm): Horizontal Wire, length 5.715 mm
[endpoint_off_grid]: Symbol pin or wire end off connection grid
    ; warning
    @(196.215 mm, 1158.875 mm): Vertical Wire, length 1.27 mm
[endpoint_off_grid]: Symbol pin or wire end off connection grid
    ; warning
    @(196.215 mm, 1160.145 mm): Symbol C_SPOKE_OUT2 Pin 1 [Passive, Line]
[endpoint_off_grid]: Symbol pin or wire end off connection grid
    ; warning
    @(196.215 mm, 1160.145 mm): Vertical Wire, length 1.27 mm
[footprint_link_issues]: The current configuration does not include the footprint library 'Capacitor_SMD'
    ; warning
    @(196.215 mm, 1163.955 mm): Symbol C_SPOKE_OUT2 [SYM_C_SPOKE_OUT2]
[lib_symbol_issues]: The current configuration does not include the symbol library 'elt'
    ; warning
    @(196.215 mm, 1163.955 mm): Symbol C_SPOKE_OUT2 [SYM_C_SPOKE_OUT2]
[endpoint_off_grid]: Symbol pin or wire end off connection grid
    ; warning
    @(196.215 mm, 1167.765 mm): Symbol #PWR32 Hidden pin 1 [GND, Power input, Line]
[lib_symbol_issues]: The current configuration does not include the symbol library 'elt'
    ; warning
    @(196.215 mm, 1167.765 mm): Symbol #PWR32 [GND]
[endpoint_off_grid]: Symbol pin or wire end off connection grid
    ; warning
    @(196.215 mm, 1235.075 mm): Horizontal Wire, length 5.715 mm
[endpoint_off_grid]: Symbol pin or wire end off connection grid
    ; warning
    @(196.215 mm, 1236.345 mm): Vertical Wire, length 1.27 mm
[endpoint_off_grid]: Symbol pin or wire end off connection grid
    ; warning
    @(196.215 mm, 1236.345 mm): Symbol R_SPOKE_ILIM2 Pin 1 [Passive, Line]
[footprint_link_issues]: The current configuration does not include the footprint library 'crow_usb_analog'
    ; warning
    @(196.215 mm, 1240.155 mm): Symbol R_SPOKE_ILIM2 [SYM_R_SPOKE_ILIM2]
[lib_symbol_issues]: The current configuration does not include the symbol library 'elt'
    ; warning
    @(196.215 mm, 1240.155 mm): Symbol R_SPOKE_ILIM2 [SYM_R_SPOKE_ILIM2]
[endpoint_off_grid]: Symbol pin or wire end off connection grid
    ; warning
    @(196.215 mm, 1243.965 mm): Vertical Wire, length 3.175 mm
[endpoint_off_grid]: Symbol pin or wire end off connection grid
    ; warning
    @(196.215 mm, 1245.235 mm): Horizontal Wire, length 1.27 mm
[endpoint_off_grid]: Symbol pin or wire end off connection grid
    ; warning
    @(196.215 mm, 1247.14 mm): Horizontal Wire, length 38.10 mm
[endpoint_off_grid]: Symbol pin or wire end off connection grid
    ; warning
    @(196.215 mm, 1279.525 mm): Horizontal Wire, length 5.715 mm
[endpoint_off_grid]: Symbol pin or wire end off connection grid
    ; warning
    @(196.215 mm, 1280.795 mm): Vertical Wire, length 1.27 mm
[endpoint_off_grid]: Symbol pin or wire end off connection grid
    ; warning
    @(196.215 mm, 1281.43 mm): Vertical Wire, length 0.635 mm
[endpoint_off_grid]: Symbol pin or wire end off connection grid
    ; warning
    @(196.215 mm, 1281.43 mm): Symbol C_SPOKE_OUT3 Pin 1 [Passive, Line]
[footprint_link_issues]: The current configuration does not include the footprint library 'Capacitor_SMD'
    ; warning
    @(196.215 mm, 1285.24 mm): Symbol C_SPOKE_OUT3 [SYM_C_SPOKE_OUT3]
[lib_symbol_issues]: The current configuration does not include the symbol library 'elt'
    ; warning
    @(196.215 mm, 1285.24 mm): Symbol C_SPOKE_OUT3 [SYM_C_SPOKE_OUT3]
[endpoint_off_grid]: Symbol pin or wire end off connection grid
    ; warning
    @(196.215 mm, 1289.05 mm): Symbol #PWR39 Hidden pin 1 [GND, Power input, Line]
[lib_symbol_issues]: The current configuration does not include the symbol library 'elt'
    ; warning
    @(196.215 mm, 1289.05 mm): Symbol #PWR39 [GND]
[endpoint_off_grid]: Symbol pin or wire end off connection grid
    ; warning
    @(196.215 mm, 1356.36 mm): Horizontal Wire, length 5.715 mm
[endpoint_off_grid]: Symbol pin or wire end off connection grid
    ; warning
    @(196.215 mm, 1357.63 mm): Vertical Wire, length 1.27 mm
[endpoint_off_grid]: Symbol pin or wire end off connection grid
    ; warning
    @(196.215 mm, 1357.63 mm): Symbol R_SPOKE_ILIM3 Pin 1 [Passive, Line]
[footprint_link_issues]: The current configuration does not include the footprint library 'crow_usb_analog'
    ; warning
    @(196.215 mm, 1361.44 mm): Symbol R_SPOKE_ILIM3 [SYM_R_SPOKE_ILIM3]
[lib_symbol_issues]: The current configuration does not include the symbol library 'elt'
    ; warning
    @(196.215 mm, 1361.44 mm): Symbol R_SPOKE_ILIM3 [SYM_R_SPOKE_ILIM3]
[endpoint_off_grid]: Symbol pin or wire end off connection grid
    ; warning
    @(196.215 mm, 1365.25 mm): Vertical Wire, length 3.81 mm
[endpoint_off_grid]: Symbol pin or wire end off connection grid
    ; warning
    @(196.215 mm, 1367.155 mm): Horizontal Wire, length 1.27 mm
[endpoint_off_grid]: Symbol pin or wire end off connection grid
    ; warning
    @(196.215 mm, 1369.06 mm): Horizontal Wire, length 38.10 mm
[endpoint_off_grid]: Symbol pin or wire end off connection grid
    ; warning
    @(196.215 mm, 1400.81 mm): Horizontal Wire, length 5.715 mm
[endpoint_off_grid]: Symbol pin or wire end off connection grid
    ; warning
    @(196.215 mm, 1402.08 mm): Vertical Wire, length 1.27 mm
[endpoint_off_grid]: Symbol pin or wire end off connection grid
    ; warning
    @(196.215 mm, 1403.35 mm): Symbol C_SPOKE_OUT4 Pin 1 [Passive, Line]
[endpoint_off_grid]: Symbol pin or wire end off connection grid
    ; warning
    @(196.215 mm, 1403.35 mm): Vertical Wire, length 1.27 mm
[footprint_link_issues]: The current configuration does not include the footprint library 'Capacitor_SMD'
    ; warning
    @(196.215 mm, 1407.16 mm): Symbol C_SPOKE_OUT4 [SYM_C_SPOKE_OUT4]
[lib_symbol_issues]: The current configuration does not include the symbol library 'elt'
    ; warning
    @(196.215 mm, 1407.16 mm): Symbol C_SPOKE_OUT4 [SYM_C_SPOKE_OUT4]
[endpoint_off_grid]: Symbol pin or wire end off connection grid
    ; warning
    @(196.215 mm, 1410.97 mm): Symbol #PWR46 Hidden pin 1 [GND, Power input, Line]
[lib_symbol_issues]: The current configuration does not include the symbol library 'elt'
    ; warning
    @(196.215 mm, 1410.97 mm): Symbol #PWR46 [GND]
[endpoint_off_grid]: Symbol pin or wire end off connection grid
    ; warning
    @(196.215 mm, 1478.28 mm): Horizontal Wire, length 5.715 mm
[endpoint_off_grid]: Symbol pin or wire end off connection grid
    ; warning
    @(196.215 mm, 1479.55 mm): Vertical Wire, length 1.27 mm
[endpoint_off_grid]: Symbol pin or wire end off connection grid
    ; warning
    @(196.215 mm, 1479.55 mm): Symbol R_SPOKE_ILIM4 Pin 1 [Passive, Line]
[footprint_link_issues]: The current configuration does not include the footprint library 'crow_usb_analog'
    ; warning
    @(196.215 mm, 1483.36 mm): Symbol R_SPOKE_ILIM4 [SYM_R_SPOKE_ILIM4]
[lib_symbol_issues]: The current configuration does not include the symbol library 'elt'
    ; warning
    @(196.215 mm, 1483.36 mm): Symbol R_SPOKE_ILIM4 [SYM_R_SPOKE_ILIM4]
[endpoint_off_grid]: Symbol pin or wire end off connection grid
    ; warning
    @(196.215 mm, 1487.17 mm): Vertical Wire, length 3.175 mm
[endpoint_off_grid]: Symbol pin or wire end off connection grid
    ; warning
    @(196.215 mm, 1489.075 mm): Horizontal Wire, length 1.27 mm
[endpoint_off_grid]: Symbol pin or wire end off connection grid
    ; warning
    @(196.215 mm, 1490.345 mm): Horizontal Wire, length 38.10 mm
[endpoint_off_grid]: Symbol pin or wire end off connection grid
    ; warning
    @(196.215 mm, 1522.73 mm): Horizontal Wire, length 5.715 mm
[endpoint_off_grid]: Symbol pin or wire end off connection grid
    ; warning
    @(196.215 mm, 1524.00 mm): Vertical Wire, length 1.27 mm
[endpoint_off_grid]: Symbol pin or wire end off connection grid
    ; warning
    @(196.215 mm, 1524.635 mm): Symbol C_SPOKE_OUT5 Pin 1 [Passive, Line]
[endpoint_off_grid]: Symbol pin or wire end off connection grid
    ; warning
    @(196.215 mm, 1524.635 mm): Vertical Wire, length 0.635 mm
[footprint_link_issues]: The current configuration does not include the footprint library 'Capacitor_SMD'
    ; warning
    @(196.215 mm, 1528.445 mm): Symbol C_SPOKE_OUT5 [SYM_C_SPOKE_OUT5]
[lib_symbol_issues]: The current configuration does not include the symbol library 'elt'
    ; warning
    @(196.215 mm, 1528.445 mm): Symbol C_SPOKE_OUT5 [SYM_C_SPOKE_OUT5]
[endpoint_off_grid]: Symbol pin or wire end off connection grid
    ; warning
    @(196.215 mm, 1532.255 mm): Symbol #PWR53 Hidden pin 1 [GND, Power input, Line]
[lib_symbol_issues]: The current configuration does not include the symbol library 'elt'
    ; warning
    @(196.215 mm, 1532.255 mm): Symbol #PWR53 [GND]
[endpoint_off_grid]: Symbol pin or wire end off connection grid
    ; warning
    @(196.215 mm, 1599.565 mm): Horizontal Wire, length 5.715 mm
[endpoint_off_grid]: Symbol pin or wire end off connection grid
    ; warning
    @(196.215 mm, 1600.835 mm): Vertical Wire, length 1.27 mm
[endpoint_off_grid]: Symbol pin or wire end off connection grid
    ; warning
    @(196.215 mm, 1600.835 mm): Symbol R_SPOKE_ILIM5 Pin 1 [Passive, Line]
[footprint_link_issues]: The current configuration does not include the footprint library 'crow_usb_analog'
    ; warning
    @(196.215 mm, 1604.645 mm): Symbol R_SPOKE_ILIM5 [SYM_R_SPOKE_ILIM5]
[lib_symbol_issues]: The current configuration does not include the symbol library 'elt'
    ; warning
    @(196.215 mm, 1604.645 mm): Symbol R_SPOKE_ILIM5 [SYM_R_SPOKE_ILIM5]
[endpoint_off_grid]: Symbol pin or wire end off connection grid
    ; warning
    @(196.215 mm, 1608.455 mm): Vertical Wire, length 3.81 mm
[endpoint_off_grid]: Symbol pin or wire end off connection grid
    ; warning
    @(196.215 mm, 1610.36 mm): Horizontal Wire, length 1.27 mm
[endpoint_off_grid]: Symbol pin or wire end off connection grid
    ; warning
    @(196.215 mm, 1612.265 mm): Horizontal Wire, length 38.10 mm
[endpoint_off_grid]: Symbol pin or wire end off connection grid
    ; warning
    @(196.215 mm, 1644.015 mm): Horizontal Wire, length 5.715 mm
[endpoint_off_grid]: Symbol pin or wire end off connection grid
    ; warning
    @(196.215 mm, 1645.285 mm): Vertical Wire, length 1.27 mm
[endpoint_off_grid]: Symbol pin or wire end off connection grid
    ; warning
    @(196.215 mm, 1646.555 mm): Vertical Wire, length 1.27 mm
[endpoint_off_grid]: Symbol pin or wire end off connection grid
    ; warning
    @(196.215 mm, 1646.555 mm): Symbol C_SPOKE_OUT6 Pin 1 [Passive, Line]
[footprint_link_issues]: The current configuration does not include the footprint library 'Capacitor_SMD'
    ; warning
    @(196.215 mm, 1650.365 mm): Symbol C_SPOKE_OUT6 [SYM_C_SPOKE_OUT6]
[lib_symbol_issues]: The current configuration does not include the symbol library 'elt'
    ; warning
    @(196.215 mm, 1650.365 mm): Symbol C_SPOKE_OUT6 [SYM_C_SPOKE_OUT6]
[endpoint_off_grid]: Symbol pin or wire end off connection grid
    ; warning
    @(196.215 mm, 1654.175 mm): Symbol #PWR60 Hidden pin 1 [GND, Power input, Line]
[lib_symbol_issues]: The current configuration does not include the symbol library 'elt'
    ; warning
    @(196.215 mm, 1654.175 mm): Symbol #PWR60 [GND]
[endpoint_off_grid]: Symbol pin or wire end off connection grid
    ; warning
    @(196.215 mm, 1721.485 mm): Horizontal Wire, length 5.715 mm
[endpoint_off_grid]: Symbol pin or wire end off connection grid
    ; warning
    @(196.215 mm, 1722.755 mm): Vertical Wire, length 1.27 mm
[endpoint_off_grid]: Symbol pin or wire end off connection grid
    ; warning
    @(196.215 mm, 1722.755 mm): Symbol R_SPOKE_ILIM6 Pin 1 [Passive, Line]
[footprint_link_issues]: The current configuration does not include the footprint library 'crow_usb_analog'
    ; warning
    @(196.215 mm, 1726.565 mm): Symbol R_SPOKE_ILIM6 [SYM_R_SPOKE_ILIM6]
[lib_symbol_issues]: The current configuration does not include the symbol library 'elt'
    ; warning
    @(196.215 mm, 1726.565 mm): Symbol R_SPOKE_ILIM6 [SYM_R_SPOKE_ILIM6]
[endpoint_off_grid]: Symbol pin or wire end off connection grid
    ; warning
    @(196.215 mm, 1730.375 mm): Vertical Wire, length 3.81 mm
[endpoint_off_grid]: Symbol pin or wire end off connection grid
    ; warning
    @(196.215 mm, 1732.28 mm): Horizontal Wire, length 1.27 mm
[endpoint_off_grid]: Symbol pin or wire end off connection grid
    ; warning
    @(196.215 mm, 1734.185 mm): Horizontal Wire, length 38.10 mm
[endpoint_off_grid]: Symbol pin or wire end off connection grid
    ; warning
    @(196.215 mm, 1765.935 mm): Horizontal Wire, length 5.715 mm
[endpoint_off_grid]: Symbol pin or wire end off connection grid
    ; warning
    @(196.215 mm, 1767.205 mm): Vertical Wire, length 1.27 mm
[endpoint_off_grid]: Symbol pin or wire end off connection grid
    ; warning
    @(196.215 mm, 1768.475 mm): Symbol C_SPOKE_OUT7 Pin 1 [Passive, Line]
[endpoint_off_grid]: Symbol pin or wire end off connection grid
    ; warning
    @(196.215 mm, 1768.475 mm): Vertical Wire, length 1.27 mm
[footprint_link_issues]: The current configuration does not include the footprint library 'Capacitor_SMD'
    ; warning
    @(196.215 mm, 1772.285 mm): Symbol C_SPOKE_OUT7 [SYM_C_SPOKE_OUT7]
[lib_symbol_issues]: The current configuration does not include the symbol library 'elt'
    ; warning
    @(196.215 mm, 1772.285 mm): Symbol C_SPOKE_OUT7 [SYM_C_SPOKE_OUT7]
[endpoint_off_grid]: Symbol pin or wire end off connection grid
    ; warning
    @(196.215 mm, 1776.095 mm): Symbol #PWR67 Hidden pin 1 [GND, Power input, Line]
[lib_symbol_issues]: The current configuration does not include the symbol library 'elt'
    ; warning
    @(196.215 mm, 1776.095 mm): Symbol #PWR67 [GND]
[endpoint_off_grid]: Symbol pin or wire end off connection grid
    ; warning
    @(196.215 mm, 1843.405 mm): Horizontal Wire, length 5.715 mm
[endpoint_off_grid]: Symbol pin or wire end off connection grid
    ; warning
    @(196.215 mm, 1844.675 mm): Symbol R_SPOKE_ILIM7 Pin 1 [Passive, Line]
[endpoint_off_grid]: Symbol pin or wire end off connection grid
    ; warning
    @(196.215 mm, 1844.675 mm): Vertical Wire, length 1.27 mm
[footprint_link_issues]: The current configuration does not include the footprint library 'crow_usb_analog'
    ; warning
    @(196.215 mm, 1848.485 mm): Symbol R_SPOKE_ILIM7 [SYM_R_SPOKE_ILIM7]
[lib_symbol_issues]: The current configuration does not include the symbol library 'elt'
    ; warning
    @(196.215 mm, 1848.485 mm): Symbol R_SPOKE_ILIM7 [SYM_R_SPOKE_ILIM7]
[endpoint_off_grid]: Symbol pin or wire end off connection grid
    ; warning
    @(196.215 mm, 1852.295 mm): Vertical Wire, length 3.175 mm
[endpoint_off_grid]: Symbol pin or wire end off connection grid
    ; warning
    @(196.215 mm, 1853.565 mm): Horizontal Wire, length 1.27 mm
[endpoint_off_grid]: Symbol pin or wire end off connection grid
    ; warning
    @(196.215 mm, 1855.47 mm): Horizontal Wire, length 38.10 mm
[endpoint_off_grid]: Symbol pin or wire end off connection grid
    ; warning
    @(196.215 mm, 1887.855 mm): Horizontal Wire, length 5.715 mm
[endpoint_off_grid]: Symbol pin or wire end off connection grid
    ; warning
    @(196.215 mm, 1889.125 mm): Vertical Wire, length 1.27 mm
[endpoint_off_grid]: Symbol pin or wire end off connection grid
    ; warning
    @(196.215 mm, 1889.76 mm): Vertical Wire, length 0.635 mm
[endpoint_off_grid]: Symbol pin or wire end off connection grid
    ; warning
    @(196.215 mm, 1889.76 mm): Symbol C_SPOKE_OUT8 Pin 1 [Passive, Line]
[footprint_link_issues]: The current configuration does not include the footprint library 'Capacitor_SMD'
    ; warning
    @(196.215 mm, 1893.57 mm): Symbol C_SPOKE_OUT8 [SYM_C_SPOKE_OUT8]
[lib_symbol_issues]: The current configuration does not include the symbol library 'elt'
    ; warning
    @(196.215 mm, 1893.57 mm): Symbol C_SPOKE_OUT8 [SYM_C_SPOKE_OUT8]
[endpoint_off_grid]: Symbol pin or wire end off connection grid
    ; warning
    @(196.215 mm, 1897.38 mm): Symbol #PWR74 Hidden pin 1 [GND, Power input, Line]
[lib_symbol_issues]: The current configuration does not include the symbol library 'elt'
    ; warning
    @(196.215 mm, 1897.38 mm): Symbol #PWR74 [GND]
[endpoint_off_grid]: Symbol pin or wire end off connection grid
    ; warning
    @(196.215 mm, 1964.69 mm): Horizontal Wire, length 5.715 mm
[endpoint_off_grid]: Symbol pin or wire end off connection grid
    ; warning
    @(196.215 mm, 1965.96 mm): Vertical Wire, length 1.27 mm
[endpoint_off_grid]: Symbol pin or wire end off connection grid
    ; warning
    @(196.215 mm, 1965.96 mm): Symbol R_SPOKE_ILIM8 Pin 1 [Passive, Line]
[footprint_link_issues]: The current configuration does not include the footprint library 'crow_usb_analog'
    ; warning
    @(196.215 mm, 1969.77 mm): Symbol R_SPOKE_ILIM8 [SYM_R_SPOKE_ILIM8]
[lib_symbol_issues]: The current configuration does not include the symbol library 'elt'
    ; warning
    @(196.215 mm, 1969.77 mm): Symbol R_SPOKE_ILIM8 [SYM_R_SPOKE_ILIM8]
[endpoint_off_grid]: Symbol pin or wire end off connection grid
    ; warning
    @(196.215 mm, 1973.58 mm): Vertical Wire, length 3.81 mm
[endpoint_off_grid]: Symbol pin or wire end off connection grid
    ; warning
    @(196.215 mm, 1975.485 mm): Horizontal Wire, length 1.27 mm
[endpoint_off_grid]: Symbol pin or wire end off connection grid
    ; warning
    @(196.215 mm, 1977.39 mm): Horizontal Wire, length 38.10 mm
[endpoint_off_grid]: Symbol pin or wire end off connection grid
    ; warning
    @(196.85 mm, 2065.655 mm): Horizontal Wire, length 1.27 mm
[endpoint_off_grid]: Symbol pin or wire end off connection grid
    ; warning
    @(196.85 mm, 2245.995 mm): Horizontal Wire, length 1.27 mm
[endpoint_off_grid]: Symbol pin or wire end off connection grid
    ; warning
    @(196.85 mm, 2426.335 mm): Horizontal Wire, length 1.27 mm
[endpoint_off_grid]: Symbol pin or wire end off connection grid
    ; warning
    @(196.85 mm, 2606.675 mm): Horizontal Wire, length 1.27 mm
[endpoint_off_grid]: Symbol pin or wire end off connection grid
    ; warning
    @(196.85 mm, 2787.015 mm): Horizontal Wire, length 1.27 mm
[footprint_link_issues]: The current configuration does not include the footprint library 'Resistor_SMD'
    ; warning
    @(198.12 mm, 2088.515 mm): Symbol R_OUT1N [SYM_R_OUT1N]
[lib_symbol_issues]: The current configuration does not include the symbol library 'elt'
    ; warning
    @(198.12 mm, 2088.515 mm): Symbol R_OUT1N [SYM_R_OUT1N]
[footprint_link_issues]: The current configuration does not include the footprint library 'Resistor_SMD'
    ; warning
    @(198.12 mm, 2268.855 mm): Symbol R_OUT2N [SYM_R_OUT2N]
[lib_symbol_issues]: The current configuration does not include the symbol library 'elt'
    ; warning
    @(198.12 mm, 2268.855 mm): Symbol R_OUT2N [SYM_R_OUT2N]
[footprint_link_issues]: The current configuration does not include the footprint library 'Resistor_SMD'
    ; warning
    @(198.12 mm, 2449.195 mm): Symbol R_OUT3N [SYM_R_OUT3N]
[lib_symbol_issues]: The current configuration does not include the symbol library 'elt'
    ; warning
    @(198.12 mm, 2449.195 mm): Symbol R_OUT3N [SYM_R_OUT3N]
[footprint_link_issues]: The current configuration does not include the footprint library 'Resistor_SMD'
    ; warning
    @(198.12 mm, 2629.535 mm): Symbol R_OUT4N [SYM_R_OUT4N]
[lib_symbol_issues]: The current configuration does not include the symbol library 'elt'
    ; warning
    @(198.12 mm, 2629.535 mm): Symbol R_OUT4N [SYM_R_OUT4N]
[footprint_link_issues]: The current configuration does not include the footprint library 'Resistor_SMD'
    ; warning
    @(198.12 mm, 2809.875 mm): Symbol R_OUT5N [SYM_R_OUT5N]
[lib_symbol_issues]: The current configuration does not include the symbol library 'elt'
    ; warning
    @(198.12 mm, 2809.875 mm): Symbol R_OUT5N [SYM_R_OUT5N]
[endpoint_off_grid]: Symbol pin or wire end off connection grid
    ; warning
    @(199.39 mm, 2037.715 mm): Vertical Wire, length 27.94 mm
[endpoint_off_grid]: Symbol pin or wire end off connection grid
    ; warning
    @(199.39 mm, 2065.655 mm): Horizontal Wire, length 2.54 mm
[endpoint_off_grid]: Symbol pin or wire end off connection grid
    ; warning
    @(199.39 mm, 2218.055 mm): Vertical Wire, length 27.94 mm
[endpoint_off_grid]: Symbol pin or wire end off connection grid
    ; warning
    @(199.39 mm, 2245.995 mm): Horizontal Wire, length 2.54 mm
[endpoint_off_grid]: Symbol pin or wire end off connection grid
    ; warning
    @(199.39 mm, 2398.395 mm): Vertical Wire, length 27.94 mm
[endpoint_off_grid]: Symbol pin or wire end off connection grid
    ; warning
    @(199.39 mm, 2426.335 mm): Horizontal Wire, length 2.54 mm
[endpoint_off_grid]: Symbol pin or wire end off connection grid
    ; warning
    @(199.39 mm, 2578.735 mm): Vertical Wire, length 27.94 mm
[endpoint_off_grid]: Symbol pin or wire end off connection grid
    ; warning
    @(199.39 mm, 2606.675 mm): Horizontal Wire, length 2.54 mm
[endpoint_off_grid]: Symbol pin or wire end off connection grid
    ; warning
    @(199.39 mm, 2759.075 mm): Vertical Wire, length 27.94 mm
[endpoint_off_grid]: Symbol pin or wire end off connection grid
    ; warning
    @(199.39 mm, 2787.015 mm): Horizontal Wire, length 2.54 mm
[endpoint_off_grid]: Symbol pin or wire end off connection grid
    ; warning
    @(200.025 mm, 996.315 mm): Vertical Wire, length 1.27 mm
[footprint_link_issues]: The current configuration does not include the footprint library 'Capacitor_SMD'
    ; warning
    @(200.66 mm, 971.55 mm): Symbol C_DUMP_TIME4 [SYM_C_DUMP_TIME4]
[lib_symbol_issues]: The current configuration does not include the symbol library 'elt'
    ; warning
    @(200.66 mm, 971.55 mm): Symbol C_DUMP_TIME4 [SYM_C_DUMP_TIME4]
[lib_symbol_issues]: The current configuration does not include the symbol library 'elt'
    ; warning
    @(200.66 mm, 975.36 mm): Symbol #PWR220 [GND]
[endpoint_off_grid]: Symbol pin or wire end off connection grid
    ; warning
    @(200.66 mm, 996.315 mm): Horizontal Wire, length 0.635 mm
[endpoint_off_grid]: Symbol pin or wire end off connection grid
    ; warning
    @(200.66 mm, 998.22 mm): Vertical Wire, length 1.905 mm
[footprint_link_issues]: The current configuration does not include the footprint library 'Capacitor_SMD'
    ; warning
    @(200.66 mm, 1003.30 mm): Symbol C_DUMP_TIME8 [SYM_C_DUMP_TIME8]
[lib_symbol_issues]: The current configuration does not include the symbol library 'elt'
    ; warning
    @(200.66 mm, 1003.30 mm): Symbol C_DUMP_TIME8 [SYM_C_DUMP_TIME8]
[lib_symbol_issues]: The current configuration does not include the symbol library 'elt'
    ; warning
    @(200.66 mm, 1007.11 mm): Symbol #PWR224 [GND]
[footprint_link_issues]: The current configuration does not include the footprint library 'crow_usb_analog'
    ; warning
    @(203.20 mm, 528.32 mm): Symbol C_HOLD5 [SYM_C_HOLD5]
[lib_symbol_issues]: The current configuration does not include the symbol library 'elt'
    ; warning
    @(203.20 mm, 528.32 mm): Symbol C_HOLD5 [SYM_C_HOLD5]
[lib_symbol_issues]: The current configuration does not include the symbol library 'elt'
    ; warning
    @(203.20 mm, 532.13 mm): Symbol #PWR177 [GND]
[footprint_link_issues]: The current configuration does not include the footprint library 'crow_usb_analog'
    ; warning
    @(203.20 mm, 566.42 mm): Symbol C_HOLD11 [SYM_C_HOLD11]
[lib_symbol_issues]: The current configuration does not include the symbol library 'elt'
    ; warning
    @(203.20 mm, 566.42 mm): Symbol C_HOLD11 [SYM_C_HOLD11]
[lib_symbol_issues]: The current configuration does not include the symbol library 'elt'
    ; warning
    @(203.20 mm, 570.23 mm): Symbol #PWR183 [GND]
[endpoint_off_grid]: Symbol pin or wire end off connection grid
    ; warning
    @(203.20 mm, 2088.515 mm): Horizontal Wire, length 1.27 mm
[endpoint_off_grid]: Symbol pin or wire end off connection grid
    ; warning
    @(203.20 mm, 2268.855 mm): Horizontal Wire, length 1.27 mm
[endpoint_off_grid]: Symbol pin or wire end off connection grid
    ; warning
    @(203.20 mm, 2449.195 mm): Horizontal Wire, length 1.27 mm
[endpoint_off_grid]: Symbol pin or wire end off connection grid
    ; warning
    @(203.20 mm, 2629.535 mm): Horizontal Wire, length 1.27 mm
[endpoint_off_grid]: Symbol pin or wire end off connection grid
    ; warning
    @(203.20 mm, 2809.875 mm): Horizontal Wire, length 1.27 mm
[endpoint_off_grid]: Symbol pin or wire end off connection grid
    ; warning
    @(207.645 mm, 2018.665 mm): Horizontal Wire, length 6.985 mm
[endpoint_off_grid]: Symbol pin or wire end off connection grid
    ; warning
    @(207.645 mm, 2047.875 mm): Vertical Wire, length 29.21 mm
[endpoint_off_grid]: Symbol pin or wire end off connection grid
    ; warning
    @(207.645 mm, 2097.405 mm): Horizontal Wire, length 6.985 mm
[endpoint_off_grid]: Symbol pin or wire end off connection grid
    ; warning
    @(207.645 mm, 2126.615 mm): Vertical Wire, length 29.21 mm
[endpoint_off_grid]: Symbol pin or wire end off connection grid
    ; warning
    @(207.645 mm, 2199.005 mm): Horizontal Wire, length 6.985 mm
[endpoint_off_grid]: Symbol pin or wire end off connection grid
    ; warning
    @(207.645 mm, 2228.215 mm): Vertical Wire, length 29.21 mm
[endpoint_off_grid]: Symbol pin or wire end off connection grid
    ; warning
    @(207.645 mm, 2277.745 mm): Horizontal Wire, length 6.985 mm
[endpoint_off_grid]: Symbol pin or wire end off connection grid
    ; warning
    @(207.645 mm, 2306.955 mm): Vertical Wire, length 29.21 mm
[endpoint_off_grid]: Symbol pin or wire end off connection grid
    ; warning
    @(207.645 mm, 2379.345 mm): Horizontal Wire, length 6.985 mm
[endpoint_off_grid]: Symbol pin or wire end off connection grid
    ; warning
    @(207.645 mm, 2408.555 mm): Vertical Wire, length 29.21 mm
[endpoint_off_grid]: Symbol pin or wire end off connection grid
    ; warning
    @(207.645 mm, 2458.085 mm): Horizontal Wire, length 6.985 mm
[endpoint_off_grid]: Symbol pin or wire end off connection grid
    ; warning
    @(207.645 mm, 2487.295 mm): Vertical Wire, length 29.21 mm
[endpoint_off_grid]: Symbol pin or wire end off connection grid
    ; warning
    @(207.645 mm, 2560.32 mm): Horizontal Wire, length 6.985 mm
[endpoint_off_grid]: Symbol pin or wire end off connection grid
    ; warning
    @(214.63 mm, 2589.53 mm): Horizontal Wire, length 6.985 mm
[endpoint_off_grid]: Symbol pin or wire end off connection grid
    ; warning
    @(207.645 mm, 2589.53 mm): Vertical Wire, length 29.21 mm
[endpoint_off_grid]: Symbol pin or wire end off connection grid
    ; warning
    @(207.645 mm, 2639.06 mm): Horizontal Wire, length 6.985 mm
[endpoint_off_grid]: Symbol pin or wire end off connection grid
    ; warning
    @(207.645 mm, 2668.27 mm): Vertical Wire, length 29.21 mm
[endpoint_off_grid]: Symbol pin or wire end off connection grid
    ; warning
    @(214.63 mm, 2668.27 mm): Horizontal Wire, length 6.985 mm
[endpoint_off_grid]: Symbol pin or wire end off connection grid
    ; warning
    @(207.645 mm, 2740.66 mm): Horizontal Wire, length 6.985 mm
[endpoint_off_grid]: Symbol pin or wire end off connection grid
    ; warning
    @(214.63 mm, 2769.87 mm): Horizontal Wire, length 6.985 mm
[endpoint_off_grid]: Symbol pin or wire end off connection grid
    ; warning
    @(207.645 mm, 2769.87 mm): Vertical Wire, length 29.21 mm
[endpoint_off_grid]: Symbol pin or wire end off connection grid
    ; warning
    @(207.645 mm, 2819.40 mm): Horizontal Wire, length 6.985 mm
[endpoint_off_grid]: Symbol pin or wire end off connection grid
    ; warning
    @(207.645 mm, 2848.61 mm): Vertical Wire, length 29.21 mm
[endpoint_off_grid]: Symbol pin or wire end off connection grid
    ; warning
    @(214.63 mm, 2848.61 mm): Horizontal Wire, length 6.985 mm
[endpoint_off_grid]: Symbol pin or wire end off connection grid
    ; warning
    @(214.63 mm, 2018.665 mm): Vertical Wire, length 2.54 mm
[endpoint_off_grid]: Symbol pin or wire end off connection grid
    ; warning
    @(214.63 mm, 2021.205 mm): Vertical Wire, length 1.27 mm
[endpoint_off_grid]: Symbol pin or wire end off connection grid
    ; warning
    @(214.63 mm, 2022.475 mm): Symbol C_FILTER1P1 Pin 1 [Passive, Line]
[footprint_link_issues]: The current configuration does not include the footprint library 'Capacitor_SMD'
    ; warning
    @(214.63 mm, 2026.285 mm): Symbol C_FILTER1P1 [SYM_C_FILTER1P1]
[lib_symbol_issues]: The current configuration does not include the symbol library 'elt'
    ; warning
    @(214.63 mm, 2026.285 mm): Symbol C_FILTER1P1 [SYM_C_FILTER1P1]
[endpoint_off_grid]: Symbol pin or wire end off connection grid
    ; warning
    @(214.63 mm, 2030.095 mm): Symbol #PWR77 Hidden pin 1 [GND, Power input, Line]
[lib_symbol_issues]: The current configuration does not include the symbol library 'elt'
    ; warning
    @(214.63 mm, 2030.095 mm): Symbol #PWR77 [GND]
[endpoint_off_grid]: Symbol pin or wire end off connection grid
    ; warning
    @(214.63 mm, 2047.875 mm): Horizontal Wire, length 6.985 mm
[endpoint_off_grid]: Symbol pin or wire end off connection grid
    ; warning
    @(214.63 mm, 2050.415 mm): Vertical Wire, length 2.54 mm
[endpoint_off_grid]: Symbol pin or wire end off connection grid
    ; warning
    @(214.63 mm, 2051.685 mm): Symbol C_FILTER1P2 Pin 1 [Passive, Line]
[endpoint_off_grid]: Symbol pin or wire end off connection grid
    ; warning
    @(214.63 mm, 2051.685 mm): Vertical Wire, length 1.27 mm
[footprint_link_issues]: The current configuration does not include the footprint library 'Capacitor_SMD'
    ; warning
    @(214.63 mm, 2055.495 mm): Symbol C_FILTER1P2 [SYM_C_FILTER1P2]
[lib_symbol_issues]: The current configuration does not include the symbol library 'elt'
    ; warning
    @(214.63 mm, 2055.495 mm): Symbol C_FILTER1P2 [SYM_C_FILTER1P2]
[endpoint_off_grid]: Symbol pin or wire end off connection grid
    ; warning
    @(214.63 mm, 2059.305 mm): Symbol #PWR78 Hidden pin 1 [GND, Power input, Line]
[lib_symbol_issues]: The current configuration does not include the symbol library 'elt'
    ; warning
    @(214.63 mm, 2059.305 mm): Symbol #PWR78 [GND]
[endpoint_off_grid]: Symbol pin or wire end off connection grid
    ; warning
    @(214.63 mm, 2088.515 mm): Horizontal Wire, length 11.43 mm
[endpoint_off_grid]: Symbol pin or wire end off connection grid
    ; warning
    @(214.63 mm, 2097.405 mm): Vertical Wire, length 2.54 mm
[endpoint_off_grid]: Symbol pin or wire end off connection grid
    ; warning
    @(214.63 mm, 2099.945 mm): Vertical Wire, length 11.43 mm
[endpoint_off_grid]: Symbol pin or wire end off connection grid
    ; warning
    @(214.63 mm, 2099.945 mm): Vertical Wire, length 1.27 mm
[endpoint_off_grid]: Symbol pin or wire end off connection grid
    ; warning
    @(214.63 mm, 2101.215 mm): Symbol C_FILTER1N1 Pin 1 [Passive, Line]
[endpoint_off_grid]: Symbol pin or wire end off connection grid
    ; warning
    @(214.63 mm, 2101.215 mm): Vertical Wire, length 1.27 mm
[footprint_link_issues]: The current configuration does not include the footprint library 'Capacitor_SMD'
    ; warning
    @(214.63 mm, 2105.025 mm): Symbol C_FILTER1N1 [SYM_C_FILTER1N1]
[lib_symbol_issues]: The current configuration does not include the symbol library 'elt'
    ; warning
    @(214.63 mm, 2105.025 mm): Symbol C_FILTER1N1 [SYM_C_FILTER1N1]
[endpoint_off_grid]: Symbol pin or wire end off connection grid
    ; warning
    @(214.63 mm, 2108.835 mm): Symbol #PWR79 Hidden pin 1 [GND, Power input, Line]
[lib_symbol_issues]: The current configuration does not include the symbol library 'elt'
    ; warning
    @(214.63 mm, 2108.835 mm): Symbol #PWR79 [GND]
[endpoint_off_grid]: Symbol pin or wire end off connection grid
    ; warning
    @(214.63 mm, 2126.615 mm): Horizontal Wire, length 6.985 mm
[endpoint_off_grid]: Symbol pin or wire end off connection grid
    ; warning
    @(214.63 mm, 2129.155 mm): Vertical Wire, length 2.54 mm
[endpoint_off_grid]: Symbol pin or wire end off connection grid
    ; warning
    @(214.63 mm, 2130.425 mm): Symbol C_FILTER1N2 Pin 1 [Passive, Line]
[endpoint_off_grid]: Symbol pin or wire end off connection grid
    ; warning
    @(214.63 mm, 2130.425 mm): Vertical Wire, length 1.27 mm
[footprint_link_issues]: The current configuration does not include the footprint library 'Capacitor_SMD'
    ; warning
    @(214.63 mm, 2134.235 mm): Symbol C_FILTER1N2 [SYM_C_FILTER1N2]
[lib_symbol_issues]: The current configuration does not include the symbol library 'elt'
    ; warning
    @(214.63 mm, 2134.235 mm): Symbol C_FILTER1N2 [SYM_C_FILTER1N2]
[endpoint_off_grid]: Symbol pin or wire end off connection grid
    ; warning
    @(214.63 mm, 2138.045 mm): Symbol #PWR80 Hidden pin 1 [GND, Power input, Line]
[lib_symbol_issues]: The current configuration does not include the symbol library 'elt'
    ; warning
    @(214.63 mm, 2138.045 mm): Symbol #PWR80 [GND]
[endpoint_off_grid]: Symbol pin or wire end off connection grid
    ; warning
    @(214.63 mm, 2199.005 mm): Vertical Wire, length 2.54 mm
[endpoint_off_grid]: Symbol pin or wire end off connection grid
    ; warning
    @(214.63 mm, 2201.545 mm): Vertical Wire, length 1.27 mm
[endpoint_off_grid]: Symbol pin or wire end off connection grid
    ; warning
    @(214.63 mm, 2202.815 mm): Symbol C_FILTER2P1 Pin 1 [Passive, Line]
[footprint_link_issues]: The current configuration does not include the footprint library 'Capacitor_SMD'
    ; warning
    @(214.63 mm, 2206.625 mm): Symbol C_FILTER2P1 [SYM_C_FILTER2P1]
[lib_symbol_issues]: The current configuration does not include the symbol library 'elt'
    ; warning
    @(214.63 mm, 2206.625 mm): Symbol C_FILTER2P1 [SYM_C_FILTER2P1]
[endpoint_off_grid]: Symbol pin or wire end off connection grid
    ; warning
    @(214.63 mm, 2210.435 mm): Symbol #PWR89 Hidden pin 1 [GND, Power input, Line]
[lib_symbol_issues]: The current configuration does not include the symbol library 'elt'
    ; warning
    @(214.63 mm, 2210.435 mm): Symbol #PWR89 [GND]
[endpoint_off_grid]: Symbol pin or wire end off connection grid
    ; warning
    @(214.63 mm, 2228.215 mm): Horizontal Wire, length 6.985 mm
[endpoint_off_grid]: Symbol pin or wire end off connection grid
    ; warning
    @(214.63 mm, 2230.755 mm): Vertical Wire, length 2.54 mm
[endpoint_off_grid]: Symbol pin or wire end off connection grid
    ; warning
    @(214.63 mm, 2232.025 mm): Symbol C_FILTER2P2 Pin 1 [Passive, Line]
[endpoint_off_grid]: Symbol pin or wire end off connection grid
    ; warning
    @(214.63 mm, 2232.025 mm): Vertical Wire, length 1.27 mm
[footprint_link_issues]: The current configuration does not include the footprint library 'Capacitor_SMD'
    ; warning
    @(214.63 mm, 2235.835 mm): Symbol C_FILTER2P2 [SYM_C_FILTER2P2]
[lib_symbol_issues]: The current configuration does not include the symbol library 'elt'
    ; warning
    @(214.63 mm, 2235.835 mm): Symbol C_FILTER2P2 [SYM_C_FILTER2P2]
[endpoint_off_grid]: Symbol pin or wire end off connection grid
    ; warning
    @(214.63 mm, 2239.645 mm): Symbol #PWR90 Hidden pin 1 [GND, Power input, Line]
[lib_symbol_issues]: The current configuration does not include the symbol library 'elt'
    ; warning
    @(214.63 mm, 2239.645 mm): Symbol #PWR90 [GND]
[endpoint_off_grid]: Symbol pin or wire end off connection grid
    ; warning
    @(214.63 mm, 2268.855 mm): Horizontal Wire, length 11.43 mm
[endpoint_off_grid]: Symbol pin or wire end off connection grid
    ; warning
    @(214.63 mm, 2277.745 mm): Vertical Wire, length 2.54 mm
[endpoint_off_grid]: Symbol pin or wire end off connection grid
    ; warning
    @(214.63 mm, 2280.285 mm): Vertical Wire, length 1.27 mm
[endpoint_off_grid]: Symbol pin or wire end off connection grid
    ; warning
    @(214.63 mm, 2280.285 mm): Vertical Wire, length 11.43 mm
[endpoint_off_grid]: Symbol pin or wire end off connection grid
    ; warning
    @(214.63 mm, 2281.555 mm): Vertical Wire, length 1.27 mm
[endpoint_off_grid]: Symbol pin or wire end off connection grid
    ; warning
    @(214.63 mm, 2281.555 mm): Symbol C_FILTER2N1 Pin 1 [Passive, Line]
[footprint_link_issues]: The current configuration does not include the footprint library 'Capacitor_SMD'
    ; warning
    @(214.63 mm, 2285.365 mm): Symbol C_FILTER2N1 [SYM_C_FILTER2N1]
[lib_symbol_issues]: The current configuration does not include the symbol library 'elt'
    ; warning
    @(214.63 mm, 2285.365 mm): Symbol C_FILTER2N1 [SYM_C_FILTER2N1]
[endpoint_off_grid]: Symbol pin or wire end off connection grid
    ; warning
    @(214.63 mm, 2289.175 mm): Symbol #PWR91 Hidden pin 1 [GND, Power input, Line]
[lib_symbol_issues]: The current configuration does not include the symbol library 'elt'
    ; warning
    @(214.63 mm, 2289.175 mm): Symbol #PWR91 [GND]
[endpoint_off_grid]: Symbol pin or wire end off connection grid
    ; warning
    @(214.63 mm, 2306.955 mm): Horizontal Wire, length 6.985 mm
[endpoint_off_grid]: Symbol pin or wire end off connection grid
    ; warning
    @(214.63 mm, 2309.495 mm): Vertical Wire, length 2.54 mm
[endpoint_off_grid]: Symbol pin or wire end off connection grid
    ; warning
    @(214.63 mm, 2310.765 mm): Symbol C_FILTER2N2 Pin 1 [Passive, Line]
[endpoint_off_grid]: Symbol pin or wire end off connection grid
    ; warning
    @(214.63 mm, 2310.765 mm): Vertical Wire, length 1.27 mm
[footprint_link_issues]: The current configuration does not include the footprint library 'Capacitor_SMD'
    ; warning
    @(214.63 mm, 2314.575 mm): Symbol C_FILTER2N2 [SYM_C_FILTER2N2]
[lib_symbol_issues]: The current configuration does not include the symbol library 'elt'
    ; warning
    @(214.63 mm, 2314.575 mm): Symbol C_FILTER2N2 [SYM_C_FILTER2N2]
[endpoint_off_grid]: Symbol pin or wire end off connection grid
    ; warning
    @(214.63 mm, 2318.385 mm): Symbol #PWR92 Hidden pin 1 [GND, Power input, Line]
[lib_symbol_issues]: The current configuration does not include the symbol library 'elt'
    ; warning
    @(214.63 mm, 2318.385 mm): Symbol #PWR92 [GND]
[endpoint_off_grid]: Symbol pin or wire end off connection grid
    ; warning
    @(214.63 mm, 2379.345 mm): Vertical Wire, length 2.54 mm
[endpoint_off_grid]: Symbol pin or wire end off connection grid
    ; warning
    @(214.63 mm, 2381.885 mm): Vertical Wire, length 1.27 mm
[endpoint_off_grid]: Symbol pin or wire end off connection grid
    ; warning
    @(214.63 mm, 2383.155 mm): Symbol C_FILTER3P1 Pin 1 [Passive, Line]
[footprint_link_issues]: The current configuration does not include the footprint library 'Capacitor_SMD'
    ; warning
    @(214.63 mm, 2386.965 mm): Symbol C_FILTER3P1 [SYM_C_FILTER3P1]
[lib_symbol_issues]: The current configuration does not include the symbol library 'elt'
    ; warning
    @(214.63 mm, 2386.965 mm): Symbol C_FILTER3P1 [SYM_C_FILTER3P1]
[endpoint_off_grid]: Symbol pin or wire end off connection grid
    ; warning
    @(214.63 mm, 2390.775 mm): Symbol #PWR101 Hidden pin 1 [GND, Power input, Line]
[lib_symbol_issues]: The current configuration does not include the symbol library 'elt'
    ; warning
    @(214.63 mm, 2390.775 mm): Symbol #PWR101 [GND]
[endpoint_off_grid]: Symbol pin or wire end off connection grid
    ; warning
    @(214.63 mm, 2408.555 mm): Horizontal Wire, length 6.985 mm
[endpoint_off_grid]: Symbol pin or wire end off connection grid
    ; warning
    @(214.63 mm, 2411.095 mm): Vertical Wire, length 2.54 mm
[endpoint_off_grid]: Symbol pin or wire end off connection grid
    ; warning
    @(214.63 mm, 2412.365 mm): Symbol C_FILTER3P2 Pin 1 [Passive, Line]
[endpoint_off_grid]: Symbol pin or wire end off connection grid
    ; warning
    @(214.63 mm, 2412.365 mm): Vertical Wire, length 1.27 mm
[footprint_link_issues]: The current configuration does not include the footprint library 'Capacitor_SMD'
    ; warning
    @(214.63 mm, 2416.175 mm): Symbol C_FILTER3P2 [SYM_C_FILTER3P2]
[lib_symbol_issues]: The current configuration does not include the symbol library 'elt'
    ; warning
    @(214.63 mm, 2416.175 mm): Symbol C_FILTER3P2 [SYM_C_FILTER3P2]
[endpoint_off_grid]: Symbol pin or wire end off connection grid
    ; warning
    @(214.63 mm, 2419.985 mm): Symbol #PWR102 Hidden pin 1 [GND, Power input, Line]
[lib_symbol_issues]: The current configuration does not include the symbol library 'elt'
    ; warning
    @(214.63 mm, 2419.985 mm): Symbol #PWR102 [GND]
[endpoint_off_grid]: Symbol pin or wire end off connection grid
    ; warning
    @(214.63 mm, 2449.195 mm): Horizontal Wire, length 11.43 mm
[endpoint_off_grid]: Symbol pin or wire end off connection grid
    ; warning
    @(214.63 mm, 2458.085 mm): Vertical Wire, length 2.54 mm
[endpoint_off_grid]: Symbol pin or wire end off connection grid
    ; warning
    @(214.63 mm, 2460.625 mm): Vertical Wire, length 11.43 mm
[endpoint_off_grid]: Symbol pin or wire end off connection grid
    ; warning
    @(214.63 mm, 2460.625 mm): Vertical Wire, length 1.27 mm
[endpoint_off_grid]: Symbol pin or wire end off connection grid
    ; warning
    @(214.63 mm, 2461.895 mm): Vertical Wire, length 1.27 mm
[endpoint_off_grid]: Symbol pin or wire end off connection grid
    ; warning
    @(214.63 mm, 2461.895 mm): Symbol C_FILTER3N1 Pin 1 [Passive, Line]
[footprint_link_issues]: The current configuration does not include the footprint library 'Capacitor_SMD'
    ; warning
    @(214.63 mm, 2465.705 mm): Symbol C_FILTER3N1 [SYM_C_FILTER3N1]
[lib_symbol_issues]: The current configuration does not include the symbol library 'elt'
    ; warning
    @(214.63 mm, 2465.705 mm): Symbol C_FILTER3N1 [SYM_C_FILTER3N1]
[endpoint_off_grid]: Symbol pin or wire end off connection grid
    ; warning
    @(214.63 mm, 2469.515 mm): Symbol #PWR103 Hidden pin 1 [GND, Power input, Line]
[lib_symbol_issues]: The current configuration does not include the symbol library 'elt'
    ; warning
    @(214.63 mm, 2469.515 mm): Symbol #PWR103 [GND]
[endpoint_off_grid]: Symbol pin or wire end off connection grid
    ; warning
    @(214.63 mm, 2487.295 mm): Horizontal Wire, length 6.985 mm
[endpoint_off_grid]: Symbol pin or wire end off connection grid
    ; warning
    @(214.63 mm, 2489.835 mm): Vertical Wire, length 2.54 mm
[endpoint_off_grid]: Symbol pin or wire end off connection grid
    ; warning
    @(214.63 mm, 2491.105 mm): Vertical Wire, length 1.27 mm
[endpoint_off_grid]: Symbol pin or wire end off connection grid
    ; warning
    @(214.63 mm, 2491.105 mm): Symbol C_FILTER3N2 Pin 1 [Passive, Line]
[footprint_link_issues]: The current configuration does not include the footprint library 'Capacitor_SMD'
    ; warning
    @(214.63 mm, 2494.915 mm): Symbol C_FILTER3N2 [SYM_C_FILTER3N2]
[lib_symbol_issues]: The current configuration does not include the symbol library 'elt'
    ; warning
    @(214.63 mm, 2494.915 mm): Symbol C_FILTER3N2 [SYM_C_FILTER3N2]
[endpoint_off_grid]: Symbol pin or wire end off connection grid
    ; warning
    @(214.63 mm, 2498.725 mm): Symbol #PWR104 Hidden pin 1 [GND, Power input, Line]
[lib_symbol_issues]: The current configuration does not include the symbol library 'elt'
    ; warning
    @(214.63 mm, 2498.725 mm): Symbol #PWR104 [GND]
[endpoint_off_grid]: Symbol pin or wire end off connection grid
    ; warning
    @(214.63 mm, 2562.86 mm): Vertical Wire, length 0.635 mm
[endpoint_off_grid]: Symbol pin or wire end off connection grid
    ; warning
    @(214.63 mm, 2563.495 mm): Symbol C_FILTER4P1 Pin 1 [Passive, Line]
[footprint_link_issues]: The current configuration does not include the footprint library 'Capacitor_SMD'
    ; warning
    @(214.63 mm, 2567.305 mm): Symbol C_FILTER4P1 [SYM_C_FILTER4P1]
[lib_symbol_issues]: The current configuration does not include the symbol library 'elt'
    ; warning
    @(214.63 mm, 2567.305 mm): Symbol C_FILTER4P1 [SYM_C_FILTER4P1]
[endpoint_off_grid]: Symbol pin or wire end off connection grid
    ; warning
    @(214.63 mm, 2571.115 mm): Symbol #PWR113 Hidden pin 1 [GND, Power input, Line]
[lib_symbol_issues]: The current configuration does not include the symbol library 'elt'
    ; warning
    @(214.63 mm, 2571.115 mm): Symbol #PWR113 [GND]
[endpoint_off_grid]: Symbol pin or wire end off connection grid
    ; warning
    @(214.63 mm, 2592.705 mm): Vertical Wire, length 0.635 mm
[endpoint_off_grid]: Symbol pin or wire end off connection grid
    ; warning
    @(214.63 mm, 2592.705 mm): Symbol C_FILTER4P2 Pin 1 [Passive, Line]
[footprint_link_issues]: The current configuration does not include the footprint library 'Capacitor_SMD'
    ; warning
    @(214.63 mm, 2596.515 mm): Symbol C_FILTER4P2 [SYM_C_FILTER4P2]
[lib_symbol_issues]: The current configuration does not include the symbol library 'elt'
    ; warning
    @(214.63 mm, 2596.515 mm): Symbol C_FILTER4P2 [SYM_C_FILTER4P2]
[endpoint_off_grid]: Symbol pin or wire end off connection grid
    ; warning
    @(214.63 mm, 2600.325 mm): Symbol #PWR114 Hidden pin 1 [GND, Power input, Line]
[lib_symbol_issues]: The current configuration does not include the symbol library 'elt'
    ; warning
    @(214.63 mm, 2600.325 mm): Symbol #PWR114 [GND]
[endpoint_off_grid]: Symbol pin or wire end off connection grid
    ; warning
    @(214.63 mm, 2641.60 mm): Vertical Wire, length 12.065 mm
[endpoint_off_grid]: Symbol pin or wire end off connection grid
    ; warning
    @(214.63 mm, 2629.535 mm): Horizontal Wire, length 11.43 mm
[endpoint_off_grid]: Symbol pin or wire end off connection grid
    ; warning
    @(214.63 mm, 2641.60 mm): Vertical Wire, length 0.635 mm
[endpoint_off_grid]: Symbol pin or wire end off connection grid
    ; warning
    @(214.63 mm, 2642.235 mm): Vertical Wire, length 0.635 mm
[endpoint_off_grid]: Symbol pin or wire end off connection grid
    ; warning
    @(214.63 mm, 2642.235 mm): Symbol C_FILTER4N1 Pin 1 [Passive, Line]
[footprint_link_issues]: The current configuration does not include the footprint library 'Capacitor_SMD'
    ; warning
    @(214.63 mm, 2646.045 mm): Symbol C_FILTER4N1 [SYM_C_FILTER4N1]
[lib_symbol_issues]: The current configuration does not include the symbol library 'elt'
    ; warning
    @(214.63 mm, 2646.045 mm): Symbol C_FILTER4N1 [SYM_C_FILTER4N1]
[endpoint_off_grid]: Symbol pin or wire end off connection grid
    ; warning
    @(214.63 mm, 2649.855 mm): Symbol #PWR115 Hidden pin 1 [GND, Power input, Line]
[lib_symbol_issues]: The current configuration does not include the symbol library 'elt'
    ; warning
    @(214.63 mm, 2649.855 mm): Symbol #PWR115 [GND]
[endpoint_off_grid]: Symbol pin or wire end off connection grid
    ; warning
    @(214.63 mm, 2671.445 mm): Vertical Wire, length 0.635 mm
[endpoint_off_grid]: Symbol pin or wire end off connection grid
    ; warning
    @(214.63 mm, 2671.445 mm): Symbol C_FILTER4N2 Pin 1 [Passive, Line]
[footprint_link_issues]: The current configuration does not include the footprint library 'Capacitor_SMD'
    ; warning
    @(214.63 mm, 2675.255 mm): Symbol C_FILTER4N2 [SYM_C_FILTER4N2]
[lib_symbol_issues]: The current configuration does not include the symbol library 'elt'
    ; warning
    @(214.63 mm, 2675.255 mm): Symbol C_FILTER4N2 [SYM_C_FILTER4N2]
[endpoint_off_grid]: Symbol pin or wire end off connection grid
    ; warning
    @(214.63 mm, 2679.065 mm): Symbol #PWR116 Hidden pin 1 [GND, Power input, Line]
[lib_symbol_issues]: The current configuration does not include the symbol library 'elt'
    ; warning
    @(214.63 mm, 2679.065 mm): Symbol #PWR116 [GND]
[endpoint_off_grid]: Symbol pin or wire end off connection grid
    ; warning
    @(214.63 mm, 2743.20 mm): Vertical Wire, length 0.635 mm
[endpoint_off_grid]: Symbol pin or wire end off connection grid
    ; warning
    @(214.63 mm, 2743.835 mm): Symbol C_FILTER5P1 Pin 1 [Passive, Line]
[footprint_link_issues]: The current configuration does not include the footprint library 'Capacitor_SMD'
    ; warning
    @(214.63 mm, 2747.645 mm): Symbol C_FILTER5P1 [SYM_C_FILTER5P1]
[lib_symbol_issues]: The current configuration does not include the symbol library 'elt'
    ; warning
    @(214.63 mm, 2747.645 mm): Symbol C_FILTER5P1 [SYM_C_FILTER5P1]
[endpoint_off_grid]: Symbol pin or wire end off connection grid
    ; warning
    @(214.63 mm, 2751.455 mm): Symbol #PWR125 Hidden pin 1 [GND, Power input, Line]
[lib_symbol_issues]: The current configuration does not include the symbol library 'elt'
    ; warning
    @(214.63 mm, 2751.455 mm): Symbol #PWR125 [GND]
[endpoint_off_grid]: Symbol pin or wire end off connection grid
    ; warning
    @(214.63 mm, 2773.045 mm): Vertical Wire, length 0.635 mm
[endpoint_off_grid]: Symbol pin or wire end off connection grid
    ; warning
    @(214.63 mm, 2773.045 mm): Symbol C_FILTER5P2 Pin 1 [Passive, Line]
[footprint_link_issues]: The current configuration does not include the footprint library 'Capacitor_SMD'
    ; warning
    @(214.63 mm, 2776.855 mm): Symbol C_FILTER5P2 [SYM_C_FILTER5P2]
[lib_symbol_issues]: The current configuration does not include the symbol library 'elt'
    ; warning
    @(214.63 mm, 2776.855 mm): Symbol C_FILTER5P2 [SYM_C_FILTER5P2]
[endpoint_off_grid]: Symbol pin or wire end off connection grid
    ; warning
    @(214.63 mm, 2780.665 mm): Symbol #PWR126 Hidden pin 1 [GND, Power input, Line]
[lib_symbol_issues]: The current configuration does not include the symbol library 'elt'
    ; warning
    @(214.63 mm, 2780.665 mm): Symbol #PWR126 [GND]
[endpoint_off_grid]: Symbol pin or wire end off connection grid
    ; warning
    @(214.63 mm, 2809.875 mm): Horizontal Wire, length 11.43 mm
[endpoint_off_grid]: Symbol pin or wire end off connection grid
    ; warning
    @(214.63 mm, 2821.94 mm): Vertical Wire, length 12.065 mm
[endpoint_off_grid]: Symbol pin or wire end off connection grid
    ; warning
    @(214.63 mm, 2821.94 mm): Vertical Wire, length 0.635 mm
[endpoint_off_grid]: Symbol pin or wire end off connection grid
    ; warning
    @(214.63 mm, 2822.575 mm): Vertical Wire, length 0.635 mm
[endpoint_off_grid]: Symbol pin or wire end off connection grid
    ; warning
    @(214.63 mm, 2822.575 mm): Symbol C_FILTER5N1 Pin 1 [Passive, Line]
[footprint_link_issues]: The current configuration does not include the footprint library 'Capacitor_SMD'
    ; warning
    @(214.63 mm, 2826.385 mm): Symbol C_FILTER5N1 [SYM_C_FILTER5N1]
[lib_symbol_issues]: The current configuration does not include the symbol library 'elt'
    ; warning
    @(214.63 mm, 2826.385 mm): Symbol C_FILTER5N1 [SYM_C_FILTER5N1]
[endpoint_off_grid]: Symbol pin or wire end off connection grid
    ; warning
    @(214.63 mm, 2830.195 mm): Symbol #PWR127 Hidden pin 1 [GND, Power input, Line]
[lib_symbol_issues]: The current configuration does not include the symbol library 'elt'
    ; warning
    @(214.63 mm, 2830.195 mm): Symbol #PWR127 [GND]
[endpoint_off_grid]: Symbol pin or wire end off connection grid
    ; warning
    @(214.63 mm, 2851.785 mm): Symbol C_FILTER5N2 Pin 1 [Passive, Line]
[endpoint_off_grid]: Symbol pin or wire end off connection grid
    ; warning
    @(214.63 mm, 2851.785 mm): Vertical Wire, length 0.635 mm
[footprint_link_issues]: The current configuration does not include the footprint library 'Capacitor_SMD'
    ; warning
    @(214.63 mm, 2855.595 mm): Symbol C_FILTER5N2 [SYM_C_FILTER5N2]
[lib_symbol_issues]: The current configuration does not include the symbol library 'elt'
    ; warning
    @(214.63 mm, 2855.595 mm): Symbol C_FILTER5N2 [SYM_C_FILTER5N2]
[endpoint_off_grid]: Symbol pin or wire end off connection grid
    ; warning
    @(214.63 mm, 2859.405 mm): Symbol #PWR128 Hidden pin 1 [GND, Power input, Line]
[lib_symbol_issues]: The current configuration does not include the symbol library 'elt'
    ; warning
    @(214.63 mm, 2859.405 mm): Symbol #PWR128 [GND]
[footprint_link_issues]: The current configuration does not include the footprint library 'Diode_SMD'
    ; warning
    @(217.17 mm, 71.12 mm): Symbol D_QIN_GS [SYM_D_QIN_GS]
[lib_symbol_issues]: The current configuration does not include the symbol library 'elt'
    ; warning
    @(217.17 mm, 71.12 mm): Symbol D_QIN_GS [SYM_D_QIN_GS]
[endpoint_off_grid]: Symbol pin or wire end off connection grid
    ; warning
    @(221.615 mm, 140.97 mm): Vertical Wire, length 2.54 mm
[endpoint_off_grid]: Symbol pin or wire end off connection grid
    ; warning
    @(221.615 mm, 143.51 mm): Vertical Wire, length 1.27 mm
[endpoint_off_grid]: Symbol pin or wire end off connection grid
    ; warning
    @(221.615 mm, 144.78 mm): Symbol C_OUT1 Pin 1 [Passive, Line]
[footprint_link_issues]: The current configuration does not include the footprint library 'crow_usb_power_aux'
    ; warning
    @(221.615 mm, 148.59 mm): Symbol C_OUT1 [SYM_C_OUT1]
[lib_symbol_issues]: The current configuration does not include the symbol library 'elt'
    ; warning
    @(221.615 mm, 148.59 mm): Symbol C_OUT1 [SYM_C_OUT1]
[endpoint_off_grid]: Symbol pin or wire end off connection grid
    ; warning
    @(221.615 mm, 152.40 mm): Symbol #PWR17 Hidden pin 1 [GND, Power input, Line]
[lib_symbol_issues]: The current configuration does not include the symbol library 'elt'
    ; warning
    @(221.615 mm, 152.40 mm): Symbol #PWR17 [GND]
[endpoint_off_grid]: Symbol pin or wire end off connection grid
    ; warning
    @(224.155 mm, 409.575 mm): Horizontal Wire, length 2.54 mm
[endpoint_off_grid]: Symbol pin or wire end off connection grid
    ; warning
    @(224.155 mm, 432.435 mm): Horizontal Wire, length 21.59 mm
[endpoint_off_grid]: Symbol pin or wire end off connection grid
    ; warning
    @(226.695 mm, 409.575 mm): Vertical Wire, length 11.43 mm
[endpoint_off_grid]: Symbol pin or wire end off connection grid
    ; warning
    @(226.695 mm, 421.005 mm): Horizontal Wire, length 2.54 mm
[endpoint_off_grid]: Symbol pin or wire end off connection grid
    ; warning
    @(232.41 mm, 915.67 mm): Horizontal Wire, length 5.715 mm
[endpoint_off_grid]: Symbol pin or wire end off connection grid
    ; warning
    @(227.965 mm, 2072.005 mm): Symbol U_ISO1 Pin 1 [S1A_UNUSED, Passive, Line]
[endpoint_off_grid]: Symbol pin or wire end off connection grid
    ; warning
    @(227.965 mm, 2082.165 mm): Symbol #PWR81 Hidden pin 1 [GND, Power input, Line]
[lib_symbol_issues]: The current configuration does not include the symbol library 'elt'
    ; warning
    @(227.965 mm, 2082.165 mm): Symbol #PWR81 [GND]
[endpoint_off_grid]: Symbol pin or wire end off connection grid
    ; warning
    @(227.965 mm, 2252.345 mm): Symbol U_ISO2 Pin 1 [S1A_UNUSED, Passive, Line]
[endpoint_off_grid]: Symbol pin or wire end off connection grid
    ; warning
    @(227.965 mm, 2262.505 mm): Symbol #PWR93 Hidden pin 1 [GND, Power input, Line]
[lib_symbol_issues]: The current configuration does not include the symbol library 'elt'
    ; warning
    @(227.965 mm, 2262.505 mm): Symbol #PWR93 [GND]
[endpoint_off_grid]: Symbol pin or wire end off connection grid
    ; warning
    @(227.965 mm, 2432.685 mm): Symbol U_ISO3 Pin 1 [S1A_UNUSED, Passive, Line]
[endpoint_off_grid]: Symbol pin or wire end off connection grid
    ; warning
    @(227.965 mm, 2442.845 mm): Symbol #PWR105 Hidden pin 1 [GND, Power input, Line]
[lib_symbol_issues]: The current configuration does not include the symbol library 'elt'
    ; warning
    @(227.965 mm, 2442.845 mm): Symbol #PWR105 [GND]
[endpoint_off_grid]: Symbol pin or wire end off connection grid
    ; warning
    @(227.965 mm, 2613.025 mm): Symbol U_ISO4 Pin 1 [S1A_UNUSED, Passive, Line]
[endpoint_off_grid]: Symbol pin or wire end off connection grid
    ; warning
    @(227.965 mm, 2623.185 mm): Symbol #PWR117 Hidden pin 1 [GND, Power input, Line]
[lib_symbol_issues]: The current configuration does not include the symbol library 'elt'
    ; warning
    @(227.965 mm, 2623.185 mm): Symbol #PWR117 [GND]
[endpoint_off_grid]: Symbol pin or wire end off connection grid
    ; warning
    @(227.965 mm, 2793.365 mm): Symbol U_ISO5 Pin 1 [S1A_UNUSED, Passive, Line]
[endpoint_off_grid]: Symbol pin or wire end off connection grid
    ; warning
    @(227.965 mm, 2803.525 mm): Symbol #PWR129 Hidden pin 1 [GND, Power input, Line]
[lib_symbol_issues]: The current configuration does not include the symbol library 'elt'
    ; warning
    @(227.965 mm, 2803.525 mm): Symbol #PWR129 [GND]
[endpoint_off_grid]: Symbol pin or wire end off connection grid
    ; warning
    @(228.60 mm, 1111.885 mm): Vertical Wire, length 1.27 mm
[endpoint_off_grid]: Symbol pin or wire end off connection grid
    ; warning
    @(228.60 mm, 1233.805 mm): Vertical Wire, length 1.27 mm
[endpoint_off_grid]: Symbol pin or wire end off connection grid
    ; warning
    @(228.60 mm, 1355.725 mm): Vertical Wire, length 1.27 mm
[endpoint_off_grid]: Symbol pin or wire end off connection grid
    ; warning
    @(228.60 mm, 1720.215 mm): Vertical Wire, length 1.27 mm
[endpoint_off_grid]: Symbol pin or wire end off connection grid
    ; warning
    @(228.60 mm, 1842.135 mm): Vertical Wire, length 1.27 mm
[endpoint_off_grid]: Symbol pin or wire end off connection grid
    ; warning
    @(228.60 mm, 1964.055 mm): Vertical Wire, length 1.27 mm
[endpoint_off_grid]: Symbol pin or wire end off connection grid
    ; warning
    @(231.775 mm, 520.70 mm): Vertical Wire, length 38.10 mm
[endpoint_off_grid]: Symbol pin or wire end off connection grid
    ; warning
    @(241.30 mm, 520.70 mm): Horizontal Wire, length 9.525 mm
[endpoint_off_grid]: Symbol pin or wire end off connection grid
    ; warning
    @(231.775 mm, 558.80 mm): Horizontal Wire, length 9.525 mm
[footprint_link_issues]: The current configuration does not include the footprint library 'Capacitor_SMD'
    ; warning
    @(232.41 mm, 895.35 mm): Symbol C_LDO_EN [SYM_C_LDO_EN]
[lib_symbol_issues]: The current configuration does not include the symbol library 'elt'
    ; warning
    @(232.41 mm, 895.35 mm): Symbol C_LDO_EN [SYM_C_LDO_EN]
[lib_symbol_issues]: The current configuration does not include the symbol library 'elt'
    ; warning
    @(232.41 mm, 899.16 mm): Symbol #PWR216 [GND]
[footprint_link_issues]: The current configuration does not include the footprint library 'Resistor_SMD'
    ; warning
    @(232.41 mm, 920.75 mm): Symbol R_DUMP [SYM_R_DUMP]
[lib_symbol_issues]: The current configuration does not include the symbol library 'elt'
    ; warning
    @(232.41 mm, 920.75 mm): Symbol R_DUMP [SYM_R_DUMP]
[endpoint_off_grid]: Symbol pin or wire end off connection grid
    ; warning
    @(234.315 mm, 140.97 mm): Horizontal Wire, length 12.70 mm
[endpoint_off_grid]: Symbol pin or wire end off connection grid
    ; warning
    @(234.315 mm, 186.69 mm): Horizontal Wire, length 1.27 mm
[endpoint_off_grid]: Symbol pin or wire end off connection grid
    ; warning
    @(234.315 mm, 232.41 mm): Vertical Wire, length 91.44 mm
[endpoint_off_grid]: Symbol pin or wire end off connection grid
    ; warning
    @(234.315 mm, 233.68 mm): Symbol C_VLDO Pin 1 [Passive, Line]
[endpoint_off_grid]: Symbol pin or wire end off connection grid
    ; warning
    @(234.315 mm, 233.68 mm): Vertical Wire, length 1.27 mm
[footprint_link_issues]: The current configuration does not include the footprint library 'Capacitor_SMD'
    ; warning
    @(234.315 mm, 237.49 mm): Symbol C_VLDO [SYM_C_VLDO]
[lib_symbol_issues]: The current configuration does not include the symbol library 'elt'
    ; warning
    @(234.315 mm, 237.49 mm): Symbol C_VLDO [SYM_C_VLDO]
[endpoint_off_grid]: Symbol pin or wire end off connection grid
    ; warning
    @(234.315 mm, 241.30 mm): Symbol #PWR16 Hidden pin 1 [GND, Power input, Line]
[lib_symbol_issues]: The current configuration does not include the symbol library 'elt'
    ; warning
    @(234.315 mm, 241.30 mm): Symbol #PWR16 [GND]
[endpoint_off_grid]: Symbol pin or wire end off connection grid
    ; warning
    @(234.315 mm, 1111.885 mm): Horizontal Wire, length 5.715 mm
[endpoint_off_grid]: Symbol pin or wire end off connection grid
    ; warning
    @(234.315 mm, 1113.155 mm): Vertical Wire, length 1.27 mm
[endpoint_off_grid]: Symbol pin or wire end off connection grid
    ; warning
    @(234.315 mm, 1114.425 mm): Symbol C_SPOKE_DVDT1 Pin 1 [Passive, Line]
[endpoint_off_grid]: Symbol pin or wire end off connection grid
    ; warning
    @(234.315 mm, 1114.425 mm): Vertical Wire, length 1.27 mm
[footprint_link_issues]: The current configuration does not include the footprint library 'Capacitor_SMD'
    ; warning
    @(234.315 mm, 1118.235 mm): Symbol C_SPOKE_DVDT1 [SYM_C_SPOKE_DVDT1]
[lib_symbol_issues]: The current configuration does not include the symbol library 'elt'
    ; warning
    @(234.315 mm, 1118.235 mm): Symbol C_SPOKE_DVDT1 [SYM_C_SPOKE_DVDT1]
[endpoint_off_grid]: Symbol pin or wire end off connection grid
    ; warning
    @(234.315 mm, 1123.315 mm): Vertical Wire, length 1.27 mm
[endpoint_off_grid]: Symbol pin or wire end off connection grid
    ; warning
    @(234.315 mm, 1125.855 mm): Vertical Wire, length 2.54 mm
[endpoint_off_grid]: Symbol pin or wire end off connection grid
    ; warning
    @(234.315 mm, 1233.805 mm): Horizontal Wire, length 5.715 mm
[endpoint_off_grid]: Symbol pin or wire end off connection grid
    ; warning
    @(234.315 mm, 1235.075 mm): Vertical Wire, length 1.27 mm
[endpoint_off_grid]: Symbol pin or wire end off connection grid
    ; warning
    @(234.315 mm, 1236.345 mm): Vertical Wire, length 1.27 mm
[endpoint_off_grid]: Symbol pin or wire end off connection grid
    ; warning
    @(234.315 mm, 1236.345 mm): Symbol C_SPOKE_DVDT2 Pin 1 [Passive, Line]
[footprint_link_issues]: The current configuration does not include the footprint library 'Capacitor_SMD'
    ; warning
    @(234.315 mm, 1240.155 mm): Symbol C_SPOKE_DVDT2 [SYM_C_SPOKE_DVDT2]
[lib_symbol_issues]: The current configuration does not include the symbol library 'elt'
    ; warning
    @(234.315 mm, 1240.155 mm): Symbol C_SPOKE_DVDT2 [SYM_C_SPOKE_DVDT2]
[endpoint_off_grid]: Symbol pin or wire end off connection grid
    ; warning
    @(234.315 mm, 1244.60 mm): Vertical Wire, length 0.635 mm
[endpoint_off_grid]: Symbol pin or wire end off connection grid
    ; warning
    @(234.315 mm, 1247.14 mm): Vertical Wire, length 2.54 mm
[endpoint_off_grid]: Symbol pin or wire end off connection grid
    ; warning
    @(234.315 mm, 1355.725 mm): Horizontal Wire, length 5.715 mm
[endpoint_off_grid]: Symbol pin or wire end off connection grid
    ; warning
    @(234.315 mm, 1356.995 mm): Vertical Wire, length 1.27 mm
[endpoint_off_grid]: Symbol pin or wire end off connection grid
    ; warning
    @(234.315 mm, 1357.63 mm): Vertical Wire, length 0.635 mm
[endpoint_off_grid]: Symbol pin or wire end off connection grid
    ; warning
    @(234.315 mm, 1357.63 mm): Symbol C_SPOKE_DVDT3 Pin 1 [Passive, Line]
[footprint_link_issues]: The current configuration does not include the footprint library 'Capacitor_SMD'
    ; warning
    @(234.315 mm, 1361.44 mm): Symbol C_SPOKE_DVDT3 [SYM_C_SPOKE_DVDT3]
[lib_symbol_issues]: The current configuration does not include the symbol library 'elt'
    ; warning
    @(234.315 mm, 1361.44 mm): Symbol C_SPOKE_DVDT3 [SYM_C_SPOKE_DVDT3]
[endpoint_off_grid]: Symbol pin or wire end off connection grid
    ; warning
    @(234.315 mm, 1366.52 mm): Vertical Wire, length 1.27 mm
[endpoint_off_grid]: Symbol pin or wire end off connection grid
    ; warning
    @(234.315 mm, 1369.06 mm): Vertical Wire, length 2.54 mm
[endpoint_off_grid]: Symbol pin or wire end off connection grid
    ; warning
    @(234.315 mm, 1477.01 mm): Horizontal Wire, length 5.715 mm
[endpoint_off_grid]: Symbol pin or wire end off connection grid
    ; warning
    @(234.315 mm, 1478.28 mm): Vertical Wire, length 1.27 mm
[endpoint_off_grid]: Symbol pin or wire end off connection grid
    ; warning
    @(234.315 mm, 1479.55 mm): Vertical Wire, length 1.27 mm
[endpoint_off_grid]: Symbol pin or wire end off connection grid
    ; warning
    @(234.315 mm, 1479.55 mm): Symbol C_SPOKE_DVDT4 Pin 1 [Passive, Line]
[footprint_link_issues]: The current configuration does not include the footprint library 'Capacitor_SMD'
    ; warning
    @(234.315 mm, 1483.36 mm): Symbol C_SPOKE_DVDT4 [SYM_C_SPOKE_DVDT4]
[lib_symbol_issues]: The current configuration does not include the symbol library 'elt'
    ; warning
    @(234.315 mm, 1483.36 mm): Symbol C_SPOKE_DVDT4 [SYM_C_SPOKE_DVDT4]
[endpoint_off_grid]: Symbol pin or wire end off connection grid
    ; warning
    @(234.315 mm, 1487.805 mm): Vertical Wire, length 0.635 mm
[endpoint_off_grid]: Symbol pin or wire end off connection grid
    ; warning
    @(234.315 mm, 1490.345 mm): Vertical Wire, length 2.54 mm
[endpoint_off_grid]: Symbol pin or wire end off connection grid
    ; warning
    @(234.315 mm, 1598.93 mm): Horizontal Wire, length 5.715 mm
[endpoint_off_grid]: Symbol pin or wire end off connection grid
    ; warning
    @(234.315 mm, 1600.20 mm): Vertical Wire, length 1.27 mm
[endpoint_off_grid]: Symbol pin or wire end off connection grid
    ; warning
    @(234.315 mm, 1600.835 mm): Vertical Wire, length 0.635 mm
[endpoint_off_grid]: Symbol pin or wire end off connection grid
    ; warning
    @(234.315 mm, 1600.835 mm): Symbol C_SPOKE_DVDT5 Pin 1 [Passive, Line]
[footprint_link_issues]: The current configuration does not include the footprint library 'Capacitor_SMD'
    ; warning
    @(234.315 mm, 1604.645 mm): Symbol C_SPOKE_DVDT5 [SYM_C_SPOKE_DVDT5]
[lib_symbol_issues]: The current configuration does not include the symbol library 'elt'
    ; warning
    @(234.315 mm, 1604.645 mm): Symbol C_SPOKE_DVDT5 [SYM_C_SPOKE_DVDT5]
[endpoint_off_grid]: Symbol pin or wire end off connection grid
    ; warning
    @(234.315 mm, 1609.725 mm): Vertical Wire, length 1.27 mm
[endpoint_off_grid]: Symbol pin or wire end off connection grid
    ; warning
    @(234.315 mm, 1612.265 mm): Vertical Wire, length 2.54 mm
[endpoint_off_grid]: Symbol pin or wire end off connection grid
    ; warning
    @(234.315 mm, 1720.215 mm): Horizontal Wire, length 5.715 mm
[endpoint_off_grid]: Symbol pin or wire end off connection grid
    ; warning
    @(234.315 mm, 1721.485 mm): Vertical Wire, length 1.27 mm
[endpoint_off_grid]: Symbol pin or wire end off connection grid
    ; warning
    @(234.315 mm, 1722.755 mm): Vertical Wire, length 1.27 mm
[endpoint_off_grid]: Symbol pin or wire end off connection grid
    ; warning
    @(234.315 mm, 1722.755 mm): Symbol C_SPOKE_DVDT6 Pin 1 [Passive, Line]
[footprint_link_issues]: The current configuration does not include the footprint library 'Capacitor_SMD'
    ; warning
    @(234.315 mm, 1726.565 mm): Symbol C_SPOKE_DVDT6 [SYM_C_SPOKE_DVDT6]
[lib_symbol_issues]: The current configuration does not include the symbol library 'elt'
    ; warning
    @(234.315 mm, 1726.565 mm): Symbol C_SPOKE_DVDT6 [SYM_C_SPOKE_DVDT6]
[endpoint_off_grid]: Symbol pin or wire end off connection grid
    ; warning
    @(234.315 mm, 1731.645 mm): Vertical Wire, length 1.27 mm
[endpoint_off_grid]: Symbol pin or wire end off connection grid
    ; warning
    @(234.315 mm, 1734.185 mm): Vertical Wire, length 2.54 mm
[endpoint_off_grid]: Symbol pin or wire end off connection grid
    ; warning
    @(234.315 mm, 1842.135 mm): Horizontal Wire, length 5.715 mm
[endpoint_off_grid]: Symbol pin or wire end off connection grid
    ; warning
    @(234.315 mm, 1843.405 mm): Vertical Wire, length 1.27 mm
[endpoint_off_grid]: Symbol pin or wire end off connection grid
    ; warning
    @(234.315 mm, 1844.675 mm): Symbol C_SPOKE_DVDT7 Pin 1 [Passive, Line]
[endpoint_off_grid]: Symbol pin or wire end off connection grid
    ; warning
    @(234.315 mm, 1844.675 mm): Vertical Wire, length 1.27 mm
[footprint_link_issues]: The current configuration does not include the footprint library 'Capacitor_SMD'
    ; warning
    @(234.315 mm, 1848.485 mm): Symbol C_SPOKE_DVDT7 [SYM_C_SPOKE_DVDT7]
[lib_symbol_issues]: The current configuration does not include the symbol library 'elt'
    ; warning
    @(234.315 mm, 1848.485 mm): Symbol C_SPOKE_DVDT7 [SYM_C_SPOKE_DVDT7]
[endpoint_off_grid]: Symbol pin or wire end off connection grid
    ; warning
    @(234.315 mm, 1852.93 mm): Vertical Wire, length 0.635 mm
[endpoint_off_grid]: Symbol pin or wire end off connection grid
    ; warning
    @(234.315 mm, 1855.47 mm): Vertical Wire, length 2.54 mm
[endpoint_off_grid]: Symbol pin or wire end off connection grid
    ; warning
    @(234.315 mm, 1964.055 mm): Horizontal Wire, length 5.715 mm
[endpoint_off_grid]: Symbol pin or wire end off connection grid
    ; warning
    @(234.315 mm, 1965.325 mm): Vertical Wire, length 1.27 mm
[endpoint_off_grid]: Symbol pin or wire end off connection grid
    ; warning
    @(234.315 mm, 1965.96 mm): Vertical Wire, length 0.635 mm
[endpoint_off_grid]: Symbol pin or wire end off connection grid
    ; warning
    @(234.315 mm, 1965.96 mm): Symbol C_SPOKE_DVDT8 Pin 1 [Passive, Line]
[footprint_link_issues]: The current configuration does not include the footprint library 'Capacitor_SMD'
    ; warning
    @(234.315 mm, 1969.77 mm): Symbol C_SPOKE_DVDT8 [SYM_C_SPOKE_DVDT8]
[lib_symbol_issues]: The current configuration does not include the symbol library 'elt'
    ; warning
    @(234.315 mm, 1969.77 mm): Symbol C_SPOKE_DVDT8 [SYM_C_SPOKE_DVDT8]
[endpoint_off_grid]: Symbol pin or wire end off connection grid
    ; warning
    @(234.315 mm, 1974.85 mm): Vertical Wire, length 1.27 mm
[endpoint_off_grid]: Symbol pin or wire end off connection grid
    ; warning
    @(234.315 mm, 1977.39 mm): Vertical Wire, length 2.54 mm
[footprint_link_issues]: The current configuration does not include the footprint library 'Capacitor_SMD'
    ; warning
    @(241.30 mm, 337.82 mm): Symbol C_LDO_NR4 [SYM_C_LDO_NR4]
[lib_symbol_issues]: The current configuration does not include the symbol library 'elt'
    ; warning
    @(241.30 mm, 337.82 mm): Symbol C_LDO_NR4 [SYM_C_LDO_NR4]
[lib_symbol_issues]: The current configuration does not include the symbol library 'elt'
    ; warning
    @(241.30 mm, 341.63 mm): Symbol #PWR196 [GND]
[footprint_link_issues]: The current configuration does not include the footprint library 'crow_usb_analog'
    ; warning
    @(241.30 mm, 528.32 mm): Symbol C_HOLD6 [SYM_C_HOLD6]
[lib_symbol_issues]: The current configuration does not include the symbol library 'elt'
    ; warning
    @(241.30 mm, 528.32 mm): Symbol C_HOLD6 [SYM_C_HOLD6]
[lib_symbol_issues]: The current configuration does not include the symbol library 'elt'
    ; warning
    @(241.30 mm, 532.13 mm): Symbol #PWR178 [GND]
[footprint_link_issues]: The current configuration does not include the footprint library 'crow_usb_analog'
    ; warning
    @(241.30 mm, 566.42 mm): Symbol C_HOLD12 [SYM_C_HOLD12]
[lib_symbol_issues]: The current configuration does not include the symbol library 'elt'
    ; warning
    @(241.30 mm, 566.42 mm): Symbol C_HOLD12 [SYM_C_HOLD12]
[lib_symbol_issues]: The current configuration does not include the symbol library 'elt'
    ; warning
    @(241.30 mm, 570.23 mm): Symbol #PWR184 [GND]
[endpoint_off_grid]: Symbol pin or wire end off connection grid
    ; warning
    @(245.11 mm, 2100.58 mm): Horizontal Wire, length 0.635 mm
[endpoint_off_grid]: Symbol pin or wire end off connection grid
    ; warning
    @(244.475 mm, 2100.58 mm): Vertical Wire, length 1.27 mm
[endpoint_off_grid]: Symbol pin or wire end off connection grid
    ; warning
    @(245.11 mm, 2280.92 mm): Horizontal Wire, length 0.635 mm
[endpoint_off_grid]: Symbol pin or wire end off connection grid
    ; warning
    @(244.475 mm, 2280.92 mm): Vertical Wire, length 1.27 mm
[endpoint_off_grid]: Symbol pin or wire end off connection grid
    ; warning
    @(245.11 mm, 2461.26 mm): Horizontal Wire, length 0.635 mm
[endpoint_off_grid]: Symbol pin or wire end off connection grid
    ; warning
    @(244.475 mm, 2461.26 mm): Vertical Wire, length 1.27 mm
[endpoint_off_grid]: Symbol pin or wire end off connection grid
    ; warning
    @(245.11 mm, 2641.60 mm): Horizontal Wire, length 0.635 mm
[endpoint_off_grid]: Symbol pin or wire end off connection grid
    ; warning
    @(244.475 mm, 2641.60 mm): Vertical Wire, length 1.27 mm
[endpoint_off_grid]: Symbol pin or wire end off connection grid
    ; warning
    @(245.11 mm, 2821.94 mm): Horizontal Wire, length 0.635 mm
[endpoint_off_grid]: Symbol pin or wire end off connection grid
    ; warning
    @(244.475 mm, 2821.94 mm): Vertical Wire, length 1.27 mm
[endpoint_off_grid]: Symbol pin or wire end off connection grid
    ; warning
    @(245.11 mm, 2098.675 mm): Vertical Wire, length 1.905 mm
[endpoint_off_grid]: Symbol pin or wire end off connection grid
    ; warning
    @(245.11 mm, 2279.015 mm): Vertical Wire, length 1.905 mm
[endpoint_off_grid]: Symbol pin or wire end off connection grid
    ; warning
    @(245.11 mm, 2459.355 mm): Vertical Wire, length 1.905 mm
[endpoint_off_grid]: Symbol pin or wire end off connection grid
    ; warning
    @(245.11 mm, 2639.695 mm): Vertical Wire, length 1.905 mm
[endpoint_off_grid]: Symbol pin or wire end off connection grid
    ; warning
    @(245.11 mm, 2820.035 mm): Vertical Wire, length 1.905 mm
[endpoint_off_grid]: Symbol pin or wire end off connection grid
    ; warning
    @(245.745 mm, 400.685 mm): Horizontal Wire, length 20.955 mm
[endpoint_off_grid]: Symbol pin or wire end off connection grid
    ; warning
    @(245.745 mm, 416.56 mm): Horizontal Wire, length 1.27 mm
[endpoint_off_grid]: Symbol pin or wire end off connection grid
    ; warning
    @(245.745 mm, 432.435 mm): Vertical Wire, length 31.75 mm
[footprint_link_issues]: The current configuration does not include the footprint library 'crow_usb_analog'
    ; warning
    @(246.38 mm, 2077.085 mm): Symbol U_ISO1 [SYM_U_ISO1]
[lib_symbol_issues]: The current configuration does not include the symbol library 'elt'
    ; warning
    @(246.38 mm, 2077.085 mm): Symbol U_ISO1 [SYM_U_ISO1]
[footprint_link_issues]: The current configuration does not include the footprint library 'crow_usb_analog'
    ; warning
    @(246.38 mm, 2257.425 mm): Symbol U_ISO2 [SYM_U_ISO2]
[lib_symbol_issues]: The current configuration does not include the symbol library 'elt'
    ; warning
    @(246.38 mm, 2257.425 mm): Symbol U_ISO2 [SYM_U_ISO2]
[footprint_link_issues]: The current configuration does not include the footprint library 'crow_usb_analog'
    ; warning
    @(246.38 mm, 2437.765 mm): Symbol U_ISO3 [SYM_U_ISO3]
[lib_symbol_issues]: The current configuration does not include the symbol library 'elt'
    ; warning
    @(246.38 mm, 2437.765 mm): Symbol U_ISO3 [SYM_U_ISO3]
[footprint_link_issues]: The current configuration does not include the footprint library 'crow_usb_analog'
    ; warning
    @(246.38 mm, 2618.105 mm): Symbol U_ISO4 [SYM_U_ISO4]
[lib_symbol_issues]: The current configuration does not include the symbol library 'elt'
    ; warning
    @(246.38 mm, 2618.105 mm): Symbol U_ISO4 [SYM_U_ISO4]
[footprint_link_issues]: The current configuration does not include the footprint library 'crow_usb_analog'
    ; warning
    @(246.38 mm, 2798.445 mm): Symbol U_ISO5 [SYM_U_ISO5]
[lib_symbol_issues]: The current configuration does not include the symbol library 'elt'
    ; warning
    @(246.38 mm, 2798.445 mm): Symbol U_ISO5 [SYM_U_ISO5]
[endpoint_off_grid]: Symbol pin or wire end off connection grid
    ; warning
    @(247.65 mm, 2053.59 mm): Horizontal Wire, length 0.635 mm
[endpoint_off_grid]: Symbol pin or wire end off connection grid
    ; warning
    @(247.65 mm, 2109.47 mm): Horizontal Wire, length 0.635 mm
[endpoint_off_grid]: Symbol pin or wire end off connection grid
    ; warning
    @(247.65 mm, 2233.93 mm): Horizontal Wire, length 0.635 mm
[endpoint_off_grid]: Symbol pin or wire end off connection grid
    ; warning
    @(247.65 mm, 2289.81 mm): Horizontal Wire, length 0.635 mm
[endpoint_off_grid]: Symbol pin or wire end off connection grid
    ; warning
    @(247.65 mm, 2414.27 mm): Horizontal Wire, length 0.635 mm
[endpoint_off_grid]: Symbol pin or wire end off connection grid
    ; warning
    @(247.65 mm, 2470.15 mm): Horizontal Wire, length 0.635 mm
[endpoint_off_grid]: Symbol pin or wire end off connection grid
    ; warning
    @(247.65 mm, 2594.61 mm): Horizontal Wire, length 0.635 mm
[endpoint_off_grid]: Symbol pin or wire end off connection grid
    ; warning
    @(247.65 mm, 2650.49 mm): Horizontal Wire, length 0.635 mm
[endpoint_off_grid]: Symbol pin or wire end off connection grid
    ; warning
    @(247.65 mm, 2774.95 mm): Horizontal Wire, length 0.635 mm
[endpoint_off_grid]: Symbol pin or wire end off connection grid
    ; warning
    @(247.65 mm, 2830.83 mm): Horizontal Wire, length 0.635 mm
[endpoint_off_grid]: Symbol pin or wire end off connection grid
    ; warning
    @(247.65 mm, 2055.495 mm): Vertical Wire, length 1.905 mm
[endpoint_off_grid]: Symbol pin or wire end off connection grid
    ; warning
    @(247.65 mm, 2098.675 mm): Vertical Wire, length 10.795 mm
[endpoint_off_grid]: Symbol pin or wire end off connection grid
    ; warning
    @(247.65 mm, 2235.835 mm): Vertical Wire, length 1.905 mm
[endpoint_off_grid]: Symbol pin or wire end off connection grid
    ; warning
    @(247.65 mm, 2279.015 mm): Vertical Wire, length 10.795 mm
[endpoint_off_grid]: Symbol pin or wire end off connection grid
    ; warning
    @(247.65 mm, 2416.175 mm): Vertical Wire, length 1.905 mm
[endpoint_off_grid]: Symbol pin or wire end off connection grid
    ; warning
    @(247.65 mm, 2459.355 mm): Vertical Wire, length 10.795 mm
[endpoint_off_grid]: Symbol pin or wire end off connection grid
    ; warning
    @(247.65 mm, 2596.515 mm): Vertical Wire, length 1.905 mm
[endpoint_off_grid]: Symbol pin or wire end off connection grid
    ; warning
    @(247.65 mm, 2639.695 mm): Vertical Wire, length 10.795 mm
[endpoint_off_grid]: Symbol pin or wire end off connection grid
    ; warning
    @(247.65 mm, 2776.855 mm): Vertical Wire, length 1.905 mm
[endpoint_off_grid]: Symbol pin or wire end off connection grid
    ; warning
    @(247.65 mm, 2820.035 mm): Vertical Wire, length 10.795 mm
[endpoint_off_grid]: Symbol pin or wire end off connection grid
    ; warning
    @(259.08 mm, 2856.23 mm): Horizontal Wire, length 5.715 mm
[footprint_link_issues]: The current configuration does not include the footprint library 'crow_usb_power_aux'
    ; warning
    @(254.00 mm, 426.72 mm): Symbol C_LDO_OUT_1 [SYM_C_LDO_OUT_1]
[lib_symbol_issues]: The current configuration does not include the symbol library 'elt'
    ; warning
    @(254.00 mm, 426.72 mm): Symbol C_LDO_OUT_1 [SYM_C_LDO_OUT_1]
[lib_symbol_issues]: The current configuration does not include the symbol library 'elt'
    ; warning
    @(254.00 mm, 430.53 mm): Symbol #PWR193 [GND]
[endpoint_off_grid]: Symbol pin or wire end off connection grid
    ; warning
    @(259.08 mm, 2134.235 mm): Horizontal Wire, length 5.715 mm
[endpoint_off_grid]: Symbol pin or wire end off connection grid
    ; warning
    @(259.08 mm, 2135.505 mm): Vertical Wire, length 1.27 mm
[endpoint_off_grid]: Symbol pin or wire end off connection grid
    ; warning
    @(259.08 mm, 2136.775 mm): Symbol C_ISO1 Pin 1 [Passive, Line]
[endpoint_off_grid]: Symbol pin or wire end off connection grid
    ; warning
    @(259.08 mm, 2136.775 mm): Vertical Wire, length 1.27 mm
[footprint_link_issues]: The current configuration does not include the footprint library 'Capacitor_SMD'
    ; warning
    @(259.08 mm, 2140.585 mm): Symbol C_ISO1 [SYM_C_ISO1]
[lib_symbol_issues]: The current configuration does not include the symbol library 'elt'
    ; warning
    @(259.08 mm, 2140.585 mm): Symbol C_ISO1 [SYM_C_ISO1]
[endpoint_off_grid]: Symbol pin or wire end off connection grid
    ; warning
    @(259.08 mm, 2144.395 mm): Symbol #PWR86 Hidden pin 1 [GND, Power input, Line]
[lib_symbol_issues]: The current configuration does not include the symbol library 'elt'
    ; warning
    @(259.08 mm, 2144.395 mm): Symbol #PWR86 [GND]
[endpoint_off_grid]: Symbol pin or wire end off connection grid
    ; warning
    @(259.08 mm, 2314.575 mm): Horizontal Wire, length 5.715 mm
[endpoint_off_grid]: Symbol pin or wire end off connection grid
    ; warning
    @(259.08 mm, 2315.845 mm): Vertical Wire, length 1.27 mm
[endpoint_off_grid]: Symbol pin or wire end off connection grid
    ; warning
    @(259.08 mm, 2317.115 mm): Symbol C_ISO2 Pin 1 [Passive, Line]
[endpoint_off_grid]: Symbol pin or wire end off connection grid
    ; warning
    @(259.08 mm, 2317.115 mm): Vertical Wire, length 1.27 mm
[footprint_link_issues]: The current configuration does not include the footprint library 'Capacitor_SMD'
    ; warning
    @(259.08 mm, 2320.925 mm): Symbol C_ISO2 [SYM_C_ISO2]
[lib_symbol_issues]: The current configuration does not include the symbol library 'elt'
    ; warning
    @(259.08 mm, 2320.925 mm): Symbol C_ISO2 [SYM_C_ISO2]
[endpoint_off_grid]: Symbol pin or wire end off connection grid
    ; warning
    @(259.08 mm, 2324.735 mm): Symbol #PWR98 Hidden pin 1 [GND, Power input, Line]
[lib_symbol_issues]: The current configuration does not include the symbol library 'elt'
    ; warning
    @(259.08 mm, 2324.735 mm): Symbol #PWR98 [GND]
[endpoint_off_grid]: Symbol pin or wire end off connection grid
    ; warning
    @(259.08 mm, 2494.915 mm): Horizontal Wire, length 5.715 mm
[endpoint_off_grid]: Symbol pin or wire end off connection grid
    ; warning
    @(259.08 mm, 2496.185 mm): Vertical Wire, length 1.27 mm
[endpoint_off_grid]: Symbol pin or wire end off connection grid
    ; warning
    @(259.08 mm, 2497.455 mm): Vertical Wire, length 1.27 mm
[endpoint_off_grid]: Symbol pin or wire end off connection grid
    ; warning
    @(259.08 mm, 2497.455 mm): Symbol C_ISO3 Pin 1 [Passive, Line]
[footprint_link_issues]: The current configuration does not include the footprint library 'Capacitor_SMD'
    ; warning
    @(259.08 mm, 2501.265 mm): Symbol C_ISO3 [SYM_C_ISO3]
[lib_symbol_issues]: The current configuration does not include the symbol library 'elt'
    ; warning
    @(259.08 mm, 2501.265 mm): Symbol C_ISO3 [SYM_C_ISO3]
[endpoint_off_grid]: Symbol pin or wire end off connection grid
    ; warning
    @(259.08 mm, 2505.075 mm): Symbol #PWR110 Hidden pin 1 [GND, Power input, Line]
[lib_symbol_issues]: The current configuration does not include the symbol library 'elt'
    ; warning
    @(259.08 mm, 2505.075 mm): Symbol #PWR110 [GND]
[endpoint_off_grid]: Symbol pin or wire end off connection grid
    ; warning
    @(259.08 mm, 2675.255 mm): Horizontal Wire, length 5.715 mm
[endpoint_off_grid]: Symbol pin or wire end off connection grid
    ; warning
    @(259.08 mm, 2677.16 mm): Vertical Wire, length 1.905 mm
[endpoint_off_grid]: Symbol pin or wire end off connection grid
    ; warning
    @(259.08 mm, 2677.795 mm): Symbol C_ISO4 Pin 1 [Passive, Line]
[endpoint_off_grid]: Symbol pin or wire end off connection grid
    ; warning
    @(259.08 mm, 2677.795 mm): Vertical Wire, length 0.635 mm
[footprint_link_issues]: The current configuration does not include the footprint library 'Capacitor_SMD'
    ; warning
    @(259.08 mm, 2681.605 mm): Symbol C_ISO4 [SYM_C_ISO4]
[lib_symbol_issues]: The current configuration does not include the symbol library 'elt'
    ; warning
    @(259.08 mm, 2681.605 mm): Symbol C_ISO4 [SYM_C_ISO4]
[endpoint_off_grid]: Symbol pin or wire end off connection grid
    ; warning
    @(259.08 mm, 2685.415 mm): Symbol #PWR122 Hidden pin 1 [GND, Power input, Line]
[lib_symbol_issues]: The current configuration does not include the symbol library 'elt'
    ; warning
    @(259.08 mm, 2685.415 mm): Symbol #PWR122 [GND]
[endpoint_off_grid]: Symbol pin or wire end off connection grid
    ; warning
    @(259.08 mm, 2858.135 mm): Symbol C_ISO5 Pin 1 [Passive, Line]
[endpoint_off_grid]: Symbol pin or wire end off connection grid
    ; warning
    @(259.08 mm, 2858.135 mm): Vertical Wire, length 0.635 mm
[footprint_link_issues]: The current configuration does not include the footprint library 'Capacitor_SMD'
    ; warning
    @(259.08 mm, 2861.945 mm): Symbol C_ISO5 [SYM_C_ISO5]
[lib_symbol_issues]: The current configuration does not include the symbol library 'elt'
    ; warning
    @(259.08 mm, 2861.945 mm): Symbol C_ISO5 [SYM_C_ISO5]
[endpoint_off_grid]: Symbol pin or wire end off connection grid
    ; warning
    @(259.08 mm, 2865.755 mm): Symbol #PWR134 Hidden pin 1 [GND, Power input, Line]
[lib_symbol_issues]: The current configuration does not include the symbol library 'elt'
    ; warning
    @(259.08 mm, 2865.755 mm): Symbol #PWR134 [GND]
[endpoint_off_grid]: Symbol pin or wire end off connection grid
    ; warning
    @(259.715 mm, 140.97 mm): Horizontal Wire, length 38.10 mm
[endpoint_off_grid]: Symbol pin or wire end off connection grid
    ; warning
    @(259.715 mm, 143.51 mm): Vertical Wire, length 2.54 mm
[endpoint_off_grid]: Symbol pin or wire end off connection grid
    ; warning
    @(259.715 mm, 144.78 mm): Symbol C_OUT2 Pin 1 [Passive, Line]
[endpoint_off_grid]: Symbol pin or wire end off connection grid
    ; warning
    @(259.715 mm, 144.78 mm): Vertical Wire, length 1.27 mm
[footprint_link_issues]: The current configuration does not include the footprint library 'crow_usb_power_aux'
    ; warning
    @(259.715 mm, 148.59 mm): Symbol C_OUT2 [SYM_C_OUT2]
[lib_symbol_issues]: The current configuration does not include the symbol library 'elt'
    ; warning
    @(259.715 mm, 148.59 mm): Symbol C_OUT2 [SYM_C_OUT2]
[endpoint_off_grid]: Symbol pin or wire end off connection grid
    ; warning
    @(259.715 mm, 152.40 mm): Symbol #PWR18 Hidden pin 1 [GND, Power input, Line]
[lib_symbol_issues]: The current configuration does not include the symbol library 'elt'
    ; warning
    @(259.715 mm, 152.40 mm): Symbol #PWR18 [GND]
[endpoint_off_grid]: Symbol pin or wire end off connection grid
    ; warning
    @(260.985 mm, 370.84 mm): Vertical Wire, length 1.27 mm
[endpoint_off_grid]: Symbol pin or wire end off connection grid
    ; warning
    @(266.70 mm, 370.84 mm): Horizontal Wire, length 5.715 mm
[endpoint_off_grid]: Symbol pin or wire end off connection grid
    ; warning
    @(262.255 mm, 2019.935 mm): Horizontal Wire, length 8.255 mm
[endpoint_off_grid]: Symbol pin or wire end off connection grid
    ; warning
    @(262.255 mm, 2038.985 mm): Vertical Wire, length 19.05 mm
[endpoint_off_grid]: Symbol pin or wire end off connection grid
    ; warning
    @(262.255 mm, 2102.485 mm): Horizontal Wire, length 16.51 mm
[endpoint_off_grid]: Symbol pin or wire end off connection grid
    ; warning
    @(262.255 mm, 2127.885 mm): Vertical Wire, length 25.40 mm
[endpoint_off_grid]: Symbol pin or wire end off connection grid
    ; warning
    @(262.255 mm, 2200.275 mm): Horizontal Wire, length 8.255 mm
[endpoint_off_grid]: Symbol pin or wire end off connection grid
    ; warning
    @(262.255 mm, 2219.325 mm): Vertical Wire, length 19.05 mm
[endpoint_off_grid]: Symbol pin or wire end off connection grid
    ; warning
    @(262.255 mm, 2282.825 mm): Horizontal Wire, length 16.51 mm
[endpoint_off_grid]: Symbol pin or wire end off connection grid
    ; warning
    @(262.255 mm, 2308.225 mm): Vertical Wire, length 25.40 mm
[endpoint_off_grid]: Symbol pin or wire end off connection grid
    ; warning
    @(262.255 mm, 2380.615 mm): Horizontal Wire, length 8.255 mm
[endpoint_off_grid]: Symbol pin or wire end off connection grid
    ; warning
    @(262.255 mm, 2399.665 mm): Vertical Wire, length 19.05 mm
[endpoint_off_grid]: Symbol pin or wire end off connection grid
    ; warning
    @(262.255 mm, 2463.165 mm): Horizontal Wire, length 16.51 mm
[endpoint_off_grid]: Symbol pin or wire end off connection grid
    ; warning
    @(262.255 mm, 2488.565 mm): Vertical Wire, length 25.40 mm
[endpoint_off_grid]: Symbol pin or wire end off connection grid
    ; warning
    @(262.255 mm, 2560.955 mm): Horizontal Wire, length 8.255 mm
[endpoint_off_grid]: Symbol pin or wire end off connection grid
    ; warning
    @(262.255 mm, 2580.005 mm): Vertical Wire, length 19.05 mm
[endpoint_off_grid]: Symbol pin or wire end off connection grid
    ; warning
    @(262.255 mm, 2643.505 mm): Horizontal Wire, length 16.51 mm
[endpoint_off_grid]: Symbol pin or wire end off connection grid
    ; warning
    @(262.255 mm, 2668.905 mm): Vertical Wire, length 25.40 mm
[endpoint_off_grid]: Symbol pin or wire end off connection grid
    ; warning
    @(262.255 mm, 2741.295 mm): Horizontal Wire, length 8.255 mm
[endpoint_off_grid]: Symbol pin or wire end off connection grid
    ; warning
    @(262.255 mm, 2760.345 mm): Vertical Wire, length 19.05 mm
[endpoint_off_grid]: Symbol pin or wire end off connection grid
    ; warning
    @(262.255 mm, 2823.845 mm): Horizontal Wire, length 16.51 mm
[endpoint_off_grid]: Symbol pin or wire end off connection grid
    ; warning
    @(262.255 mm, 2849.245 mm): Vertical Wire, length 25.40 mm
[footprint_link_issues]: The current configuration does not include the footprint library 'Resistor_SMD'
    ; warning
    @(266.70 mm, 375.92 mm): Symbol R_LDO_PG_TOP [SYM_R_LDO_PG_TOP]
[lib_symbol_issues]: The current configuration does not include the symbol library 'elt'
    ; warning
    @(266.70 mm, 375.92 mm): Symbol R_LDO_PG_TOP [SYM_R_LDO_PG_TOP]
[endpoint_off_grid]: Symbol pin or wire end off connection grid
    ; warning
    @(266.70 mm, 400.685 mm): Vertical Wire, length 20.955 mm
[endpoint_off_grid]: Symbol pin or wire end off connection grid
    ; warning
    @(279.40 mm, 520.70 mm): Horizontal Wire, length 9.525 mm
[endpoint_off_grid]: Symbol pin or wire end off connection grid
    ; warning
    @(269.875 mm, 520.70 mm): Vertical Wire, length 38.10 mm
[endpoint_off_grid]: Symbol pin or wire end off connection grid
    ; warning
    @(269.875 mm, 558.80 mm): Horizontal Wire, length 9.525 mm
[endpoint_off_grid]: Symbol pin or wire end off connection grid
    ; warning
    @(270.51 mm, 2013.585 mm): Vertical Wire, length 8.89 mm
[endpoint_off_grid]: Symbol pin or wire end off connection grid
    ; warning
    @(270.51 mm, 2019.935 mm): Vertical Wire, length 2.54 mm
[endpoint_off_grid]: Symbol pin or wire end off connection grid
    ; warning
    @(270.51 mm, 2022.475 mm): Symbol R_ADC_PD1P Pin 1 [Passive, Line]
[footprint_link_issues]: The current configuration does not include the footprint library 'Resistor_SMD'
    ; warning
    @(270.51 mm, 2026.285 mm): Symbol R_ADC_PD1P [SYM_R_ADC_PD1P]
[lib_symbol_issues]: The current configuration does not include the symbol library 'elt'
    ; warning
    @(270.51 mm, 2026.285 mm): Symbol R_ADC_PD1P [SYM_R_ADC_PD1P]
[endpoint_off_grid]: Symbol pin or wire end off connection grid
    ; warning
    @(270.51 mm, 2030.095 mm): Symbol #PWR82 Hidden pin 1 [GND, Power input, Line]
[lib_symbol_issues]: The current configuration does not include the symbol library 'elt'
    ; warning
    @(270.51 mm, 2030.095 mm): Symbol #PWR82 [GND]
[endpoint_off_grid]: Symbol pin or wire end off connection grid
    ; warning
    @(270.51 mm, 2102.485 mm): Vertical Wire, length 5.08 mm
[endpoint_off_grid]: Symbol pin or wire end off connection grid
    ; warning
    @(270.51 mm, 2107.565 mm): Symbol R_ADC_PD1N Pin 1 [Passive, Line]
[footprint_link_issues]: The current configuration does not include the footprint library 'Resistor_SMD'
    ; warning
    @(270.51 mm, 2111.375 mm): Symbol R_ADC_PD1N [SYM_R_ADC_PD1N]
[lib_symbol_issues]: The current configuration does not include the symbol library 'elt'
    ; warning
    @(270.51 mm, 2111.375 mm): Symbol R_ADC_PD1N [SYM_R_ADC_PD1N]
[endpoint_off_grid]: Symbol pin or wire end off connection grid
    ; warning
    @(270.51 mm, 2115.185 mm): Symbol #PWR83 Hidden pin 1 [GND, Power input, Line]
[lib_symbol_issues]: The current configuration does not include the symbol library 'elt'
    ; warning
    @(270.51 mm, 2115.185 mm): Symbol #PWR83 [GND]
[endpoint_off_grid]: Symbol pin or wire end off connection grid
    ; warning
    @(270.51 mm, 2193.925 mm): Vertical Wire, length 8.89 mm
[endpoint_off_grid]: Symbol pin or wire end off connection grid
    ; warning
    @(270.51 mm, 2200.275 mm): Vertical Wire, length 2.54 mm
[endpoint_off_grid]: Symbol pin or wire end off connection grid
    ; warning
    @(270.51 mm, 2202.815 mm): Symbol R_ADC_PD2P Pin 1 [Passive, Line]
[footprint_link_issues]: The current configuration does not include the footprint library 'Resistor_SMD'
    ; warning
    @(270.51 mm, 2206.625 mm): Symbol R_ADC_PD2P [SYM_R_ADC_PD2P]
[lib_symbol_issues]: The current configuration does not include the symbol library 'elt'
    ; warning
    @(270.51 mm, 2206.625 mm): Symbol R_ADC_PD2P [SYM_R_ADC_PD2P]
[endpoint_off_grid]: Symbol pin or wire end off connection grid
    ; warning
    @(270.51 mm, 2210.435 mm): Symbol #PWR94 Hidden pin 1 [GND, Power input, Line]
[lib_symbol_issues]: The current configuration does not include the symbol library 'elt'
    ; warning
    @(270.51 mm, 2210.435 mm): Symbol #PWR94 [GND]
[endpoint_off_grid]: Symbol pin or wire end off connection grid
    ; warning
    @(270.51 mm, 2282.825 mm): Vertical Wire, length 5.08 mm
[endpoint_off_grid]: Symbol pin or wire end off connection grid
    ; warning
    @(270.51 mm, 2287.905 mm): Symbol R_ADC_PD2N Pin 1 [Passive, Line]
[footprint_link_issues]: The current configuration does not include the footprint library 'Resistor_SMD'
    ; warning
    @(270.51 mm, 2291.715 mm): Symbol R_ADC_PD2N [SYM_R_ADC_PD2N]
[lib_symbol_issues]: The current configuration does not include the symbol library 'elt'
    ; warning
    @(270.51 mm, 2291.715 mm): Symbol R_ADC_PD2N [SYM_R_ADC_PD2N]
[endpoint_off_grid]: Symbol pin or wire end off connection grid
    ; warning
    @(270.51 mm, 2295.525 mm): Symbol #PWR95 Hidden pin 1 [GND, Power input, Line]
[lib_symbol_issues]: The current configuration does not include the symbol library 'elt'
    ; warning
    @(270.51 mm, 2295.525 mm): Symbol #PWR95 [GND]
[endpoint_off_grid]: Symbol pin or wire end off connection grid
    ; warning
    @(270.51 mm, 2374.265 mm): Vertical Wire, length 8.89 mm
[endpoint_off_grid]: Symbol pin or wire end off connection grid
    ; warning
    @(270.51 mm, 2380.615 mm): Vertical Wire, length 2.54 mm
[endpoint_off_grid]: Symbol pin or wire end off connection grid
    ; warning
    @(270.51 mm, 2383.155 mm): Symbol R_ADC_PD3P Pin 1 [Passive, Line]
[footprint_link_issues]: The current configuration does not include the footprint library 'Resistor_SMD'
    ; warning
    @(270.51 mm, 2386.965 mm): Symbol R_ADC_PD3P [SYM_R_ADC_PD3P]
[lib_symbol_issues]: The current configuration does not include the symbol library 'elt'
    ; warning
    @(270.51 mm, 2386.965 mm): Symbol R_ADC_PD3P [SYM_R_ADC_PD3P]
[endpoint_off_grid]: Symbol pin or wire end off connection grid
    ; warning
    @(270.51 mm, 2390.775 mm): Symbol #PWR106 Hidden pin 1 [GND, Power input, Line]
[lib_symbol_issues]: The current configuration does not include the symbol library 'elt'
    ; warning
    @(270.51 mm, 2390.775 mm): Symbol #PWR106 [GND]
[endpoint_off_grid]: Symbol pin or wire end off connection grid
    ; warning
    @(270.51 mm, 2463.165 mm): Vertical Wire, length 5.08 mm
[endpoint_off_grid]: Symbol pin or wire end off connection grid
    ; warning
    @(270.51 mm, 2468.245 mm): Symbol R_ADC_PD3N Pin 1 [Passive, Line]
[footprint_link_issues]: The current configuration does not include the footprint library 'Resistor_SMD'
    ; warning
    @(270.51 mm, 2472.055 mm): Symbol R_ADC_PD3N [SYM_R_ADC_PD3N]
[lib_symbol_issues]: The current configuration does not include the symbol library 'elt'
    ; warning
    @(270.51 mm, 2472.055 mm): Symbol R_ADC_PD3N [SYM_R_ADC_PD3N]
[endpoint_off_grid]: Symbol pin or wire end off connection grid
    ; warning
    @(270.51 mm, 2475.865 mm): Symbol #PWR107 Hidden pin 1 [GND, Power input, Line]
[lib_symbol_issues]: The current configuration does not include the symbol library 'elt'
    ; warning
    @(270.51 mm, 2475.865 mm): Symbol #PWR107 [GND]
[endpoint_off_grid]: Symbol pin or wire end off connection grid
    ; warning
    @(270.51 mm, 2554.605 mm): Vertical Wire, length 8.89 mm
[endpoint_off_grid]: Symbol pin or wire end off connection grid
    ; warning
    @(270.51 mm, 2560.955 mm): Vertical Wire, length 2.54 mm
[endpoint_off_grid]: Symbol pin or wire end off connection grid
    ; warning
    @(270.51 mm, 2563.495 mm): Symbol R_ADC_PD4P Pin 1 [Passive, Line]
[footprint_link_issues]: The current configuration does not include the footprint library 'Resistor_SMD'
    ; warning
    @(270.51 mm, 2567.305 mm): Symbol R_ADC_PD4P [SYM_R_ADC_PD4P]
[lib_symbol_issues]: The current configuration does not include the symbol library 'elt'
    ; warning
    @(270.51 mm, 2567.305 mm): Symbol R_ADC_PD4P [SYM_R_ADC_PD4P]
[endpoint_off_grid]: Symbol pin or wire end off connection grid
    ; warning
    @(270.51 mm, 2571.115 mm): Symbol #PWR118 Hidden pin 1 [GND, Power input, Line]
[lib_symbol_issues]: The current configuration does not include the symbol library 'elt'
    ; warning
    @(270.51 mm, 2571.115 mm): Symbol #PWR118 [GND]
[endpoint_off_grid]: Symbol pin or wire end off connection grid
    ; warning
    @(270.51 mm, 2643.505 mm): Vertical Wire, length 5.08 mm
[endpoint_off_grid]: Symbol pin or wire end off connection grid
    ; warning
    @(270.51 mm, 2648.585 mm): Symbol R_ADC_PD4N Pin 1 [Passive, Line]
[footprint_link_issues]: The current configuration does not include the footprint library 'Resistor_SMD'
    ; warning
    @(270.51 mm, 2652.395 mm): Symbol R_ADC_PD4N [SYM_R_ADC_PD4N]
[lib_symbol_issues]: The current configuration does not include the symbol library 'elt'
    ; warning
    @(270.51 mm, 2652.395 mm): Symbol R_ADC_PD4N [SYM_R_ADC_PD4N]
[endpoint_off_grid]: Symbol pin or wire end off connection grid
    ; warning
    @(270.51 mm, 2656.205 mm): Symbol #PWR119 Hidden pin 1 [GND, Power input, Line]
[lib_symbol_issues]: The current configuration does not include the symbol library 'elt'
    ; warning
    @(270.51 mm, 2656.205 mm): Symbol #PWR119 [GND]
[endpoint_off_grid]: Symbol pin or wire end off connection grid
    ; warning
    @(270.51 mm, 2734.945 mm): Vertical Wire, length 8.89 mm
[endpoint_off_grid]: Symbol pin or wire end off connection grid
    ; warning
    @(270.51 mm, 2741.295 mm): Vertical Wire, length 2.54 mm
[endpoint_off_grid]: Symbol pin or wire end off connection grid
    ; warning
    @(270.51 mm, 2743.835 mm): Symbol R_ADC_PD5P Pin 1 [Passive, Line]
[footprint_link_issues]: The current configuration does not include the footprint library 'Resistor_SMD'
    ; warning
    @(270.51 mm, 2747.645 mm): Symbol R_ADC_PD5P [SYM_R_ADC_PD5P]
[lib_symbol_issues]: The current configuration does not include the symbol library 'elt'
    ; warning
    @(270.51 mm, 2747.645 mm): Symbol R_ADC_PD5P [SYM_R_ADC_PD5P]
[endpoint_off_grid]: Symbol pin or wire end off connection grid
    ; warning
    @(270.51 mm, 2751.455 mm): Symbol #PWR130 Hidden pin 1 [GND, Power input, Line]
[lib_symbol_issues]: The current configuration does not include the symbol library 'elt'
    ; warning
    @(270.51 mm, 2751.455 mm): Symbol #PWR130 [GND]
[endpoint_off_grid]: Symbol pin or wire end off connection grid
    ; warning
    @(270.51 mm, 2823.845 mm): Vertical Wire, length 5.08 mm
[endpoint_off_grid]: Symbol pin or wire end off connection grid
    ; warning
    @(270.51 mm, 2828.925 mm): Symbol R_ADC_PD5N Pin 1 [Passive, Line]
[footprint_link_issues]: The current configuration does not include the footprint library 'Resistor_SMD'
    ; warning
    @(270.51 mm, 2832.735 mm): Symbol R_ADC_PD5N [SYM_R_ADC_PD5N]
[lib_symbol_issues]: The current configuration does not include the symbol library 'elt'
    ; warning
    @(270.51 mm, 2832.735 mm): Symbol R_ADC_PD5N [SYM_R_ADC_PD5N]
[endpoint_off_grid]: Symbol pin or wire end off connection grid
    ; warning
    @(270.51 mm, 2836.545 mm): Symbol #PWR131 Hidden pin 1 [GND, Power input, Line]
[lib_symbol_issues]: The current configuration does not include the symbol library 'elt'
    ; warning
    @(270.51 mm, 2836.545 mm): Symbol #PWR131 [GND]
[endpoint_off_grid]: Symbol pin or wire end off connection grid
    ; warning
    @(278.765 mm, 2013.585 mm): Horizontal Wire, length 8.255 mm
[endpoint_off_grid]: Symbol pin or wire end off connection grid
    ; warning
    @(278.765 mm, 2038.985 mm): Horizontal Wire, length 16.51 mm
[endpoint_off_grid]: Symbol pin or wire end off connection grid
    ; warning
    @(278.765 mm, 2102.485 mm): Horizontal Wire, length 8.255 mm
[endpoint_off_grid]: Symbol pin or wire end off connection grid
    ; warning
    @(278.765 mm, 2102.485 mm): Horizontal Wire, length 4.445 mm
[endpoint_off_grid]: Symbol pin or wire end off connection grid
    ; warning
    @(278.765 mm, 2127.885 mm): Horizontal Wire, length 16.51 mm
[endpoint_off_grid]: Symbol pin or wire end off connection grid
    ; warning
    @(278.765 mm, 2193.925 mm): Horizontal Wire, length 8.255 mm
[endpoint_off_grid]: Symbol pin or wire end off connection grid
    ; warning
    @(278.765 mm, 2219.325 mm): Horizontal Wire, length 16.51 mm
[endpoint_off_grid]: Symbol pin or wire end off connection grid
    ; warning
    @(278.765 mm, 2282.825 mm): Horizontal Wire, length 8.255 mm
[endpoint_off_grid]: Symbol pin or wire end off connection grid
    ; warning
    @(278.765 mm, 2282.825 mm): Horizontal Wire, length 4.445 mm
[endpoint_off_grid]: Symbol pin or wire end off connection grid
    ; warning
    @(278.765 mm, 2308.225 mm): Horizontal Wire, length 16.51 mm
[endpoint_off_grid]: Symbol pin or wire end off connection grid
    ; warning
    @(278.765 mm, 2374.265 mm): Horizontal Wire, length 8.255 mm
[endpoint_off_grid]: Symbol pin or wire end off connection grid
    ; warning
    @(278.765 mm, 2399.665 mm): Horizontal Wire, length 16.51 mm
[endpoint_off_grid]: Symbol pin or wire end off connection grid
    ; warning
    @(278.765 mm, 2463.165 mm): Horizontal Wire, length 8.255 mm
[endpoint_off_grid]: Symbol pin or wire end off connection grid
    ; warning
    @(278.765 mm, 2463.165 mm): Horizontal Wire, length 4.445 mm
[endpoint_off_grid]: Symbol pin or wire end off connection grid
    ; warning
    @(278.765 mm, 2488.565 mm): Horizontal Wire, length 16.51 mm
[endpoint_off_grid]: Symbol pin or wire end off connection grid
    ; warning
    @(278.765 mm, 2554.605 mm): Horizontal Wire, length 8.255 mm
[endpoint_off_grid]: Symbol pin or wire end off connection grid
    ; warning
    @(278.765 mm, 2580.005 mm): Horizontal Wire, length 16.51 mm
[endpoint_off_grid]: Symbol pin or wire end off connection grid
    ; warning
    @(278.765 mm, 2643.505 mm): Horizontal Wire, length 4.445 mm
[endpoint_off_grid]: Symbol pin or wire end off connection grid
    ; warning
    @(278.765 mm, 2643.505 mm): Horizontal Wire, length 8.255 mm
[endpoint_off_grid]: Symbol pin or wire end off connection grid
    ; warning
    @(278.765 mm, 2668.905 mm): Horizontal Wire, length 16.51 mm
[endpoint_off_grid]: Symbol pin or wire end off connection grid
    ; warning
    @(278.765 mm, 2734.945 mm): Horizontal Wire, length 8.255 mm
[endpoint_off_grid]: Symbol pin or wire end off connection grid
    ; warning
    @(278.765 mm, 2760.345 mm): Horizontal Wire, length 16.51 mm
[endpoint_off_grid]: Symbol pin or wire end off connection grid
    ; warning
    @(278.765 mm, 2823.845 mm): Horizontal Wire, length 8.255 mm
[endpoint_off_grid]: Symbol pin or wire end off connection grid
    ; warning
    @(278.765 mm, 2823.845 mm): Horizontal Wire, length 4.445 mm
[endpoint_off_grid]: Symbol pin or wire end off connection grid
    ; warning
    @(278.765 mm, 2849.245 mm): Horizontal Wire, length 16.51 mm
[footprint_link_issues]: The current configuration does not include the footprint library 'crow_usb_analog'
    ; warning
    @(279.40 mm, 528.32 mm): Symbol C_HOLD7 [SYM_C_HOLD7]
[lib_symbol_issues]: The current configuration does not include the symbol library 'elt'
    ; warning
    @(279.40 mm, 528.32 mm): Symbol C_HOLD7 [SYM_C_HOLD7]
[lib_symbol_issues]: The current configuration does not include the symbol library 'elt'
    ; warning
    @(279.40 mm, 532.13 mm): Symbol #PWR179 [GND]
[footprint_link_issues]: The current configuration does not include the footprint library 'crow_usb_analog'
    ; warning
    @(279.40 mm, 566.42 mm): Symbol C_HOLD13 [SYM_C_HOLD13]
[lib_symbol_issues]: The current configuration does not include the symbol library 'elt'
    ; warning
    @(279.40 mm, 566.42 mm): Symbol C_HOLD13 [SYM_C_HOLD13]
[lib_symbol_issues]: The current configuration does not include the symbol library 'elt'
    ; warning
    @(279.40 mm, 570.23 mm): Symbol #PWR185 [GND]
[footprint_link_issues]: The current configuration does not include the footprint library 'crow_usb_power_aux'
    ; warning
    @(280.67 mm, 71.12 mm): Symbol D_IN [SYM_D_IN]
[lib_symbol_issues]: The current configuration does not include the symbol library 'elt'
    ; warning
    @(280.67 mm, 71.12 mm): Symbol D_IN [SYM_D_IN]
[endpoint_off_grid]: Symbol pin or wire end off connection grid
    ; warning
    @(283.21 mm, 2013.585 mm): Horizontal Wire, length 4.445 mm
[endpoint_off_grid]: Symbol pin or wire end off connection grid
    ; warning
    @(283.21 mm, 2013.585 mm): Symbol C_ADC_AC1P1 Pin 1 [Passive, Line]
[endpoint_off_grid]: Symbol pin or wire end off connection grid
    ; warning
    @(283.21 mm, 2038.985 mm): Symbol C_ADC_AC1P2 Pin 1 [Passive, Line]
[endpoint_off_grid]: Symbol pin or wire end off connection grid
    ; warning
    @(283.21 mm, 2038.985 mm): Horizontal Wire, length 4.445 mm
[endpoint_off_grid]: Symbol pin or wire end off connection grid
    ; warning
    @(283.21 mm, 2102.485 mm): Symbol C_ADC_AC1N1 Pin 1 [Passive, Line]
[endpoint_off_grid]: Symbol pin or wire end off connection grid
    ; warning
    @(283.21 mm, 2102.485 mm): Horizontal Wire, length 4.445 mm
[endpoint_off_grid]: Symbol pin or wire end off connection grid
    ; warning
    @(283.21 mm, 2127.885 mm): Horizontal Wire, length 4.445 mm
[endpoint_off_grid]: Symbol pin or wire end off connection grid
    ; warning
    @(283.21 mm, 2127.885 mm): Symbol C_ADC_AC1N2 Pin 1 [Passive, Line]
[endpoint_off_grid]: Symbol pin or wire end off connection grid
    ; warning
    @(283.21 mm, 2193.925 mm): Symbol C_ADC_AC2P1 Pin 1 [Passive, Line]
[endpoint_off_grid]: Symbol pin or wire end off connection grid
    ; warning
    @(283.21 mm, 2193.925 mm): Horizontal Wire, length 4.445 mm
[endpoint_off_grid]: Symbol pin or wire end off connection grid
    ; warning
    @(283.21 mm, 2219.325 mm): Horizontal Wire, length 4.445 mm
[endpoint_off_grid]: Symbol pin or wire end off connection grid
    ; warning
    @(283.21 mm, 2219.325 mm): Symbol C_ADC_AC2P2 Pin 1 [Passive, Line]
[endpoint_off_grid]: Symbol pin or wire end off connection grid
    ; warning
    @(283.21 mm, 2282.825 mm): Horizontal Wire, length 4.445 mm
[endpoint_off_grid]: Symbol pin or wire end off connection grid
    ; warning
    @(283.21 mm, 2282.825 mm): Symbol C_ADC_AC2N1 Pin 1 [Passive, Line]
[endpoint_off_grid]: Symbol pin or wire end off connection grid
    ; warning
    @(283.21 mm, 2308.225 mm): Horizontal Wire, length 4.445 mm
[endpoint_off_grid]: Symbol pin or wire end off connection grid
    ; warning
    @(283.21 mm, 2308.225 mm): Symbol C_ADC_AC2N2 Pin 1 [Passive, Line]
[endpoint_off_grid]: Symbol pin or wire end off connection grid
    ; warning
    @(283.21 mm, 2374.265 mm): Horizontal Wire, length 4.445 mm
[endpoint_off_grid]: Symbol pin or wire end off connection grid
    ; warning
    @(283.21 mm, 2374.265 mm): Symbol C_ADC_AC3P1 Pin 1 [Passive, Line]
[endpoint_off_grid]: Symbol pin or wire end off connection grid
    ; warning
    @(283.21 mm, 2399.665 mm): Symbol C_ADC_AC3P2 Pin 1 [Passive, Line]
[endpoint_off_grid]: Symbol pin or wire end off connection grid
    ; warning
    @(283.21 mm, 2399.665 mm): Horizontal Wire, length 4.445 mm
[endpoint_off_grid]: Symbol pin or wire end off connection grid
    ; warning
    @(283.21 mm, 2463.165 mm): Symbol C_ADC_AC3N1 Pin 1 [Passive, Line]
[endpoint_off_grid]: Symbol pin or wire end off connection grid
    ; warning
    @(283.21 mm, 2463.165 mm): Horizontal Wire, length 4.445 mm
[endpoint_off_grid]: Symbol pin or wire end off connection grid
    ; warning
    @(283.21 mm, 2488.565 mm): Horizontal Wire, length 4.445 mm
[endpoint_off_grid]: Symbol pin or wire end off connection grid
    ; warning
    @(283.21 mm, 2488.565 mm): Symbol C_ADC_AC3N2 Pin 1 [Passive, Line]
[endpoint_off_grid]: Symbol pin or wire end off connection grid
    ; warning
    @(283.21 mm, 2554.605 mm): Symbol C_ADC_AC4P1 Pin 1 [Passive, Line]
[endpoint_off_grid]: Symbol pin or wire end off connection grid
    ; warning
    @(283.21 mm, 2554.605 mm): Horizontal Wire, length 4.445 mm
[endpoint_off_grid]: Symbol pin or wire end off connection grid
    ; warning
    @(283.21 mm, 2580.005 mm): Symbol C_ADC_AC4P2 Pin 1 [Passive, Line]
[endpoint_off_grid]: Symbol pin or wire end off connection grid
    ; warning
    @(283.21 mm, 2580.005 mm): Horizontal Wire, length 4.445 mm
[endpoint_off_grid]: Symbol pin or wire end off connection grid
    ; warning
    @(283.21 mm, 2643.505 mm): Horizontal Wire, length 4.445 mm
[endpoint_off_grid]: Symbol pin or wire end off connection grid
    ; warning
    @(283.21 mm, 2643.505 mm): Symbol C_ADC_AC4N1 Pin 1 [Passive, Line]
[endpoint_off_grid]: Symbol pin or wire end off connection grid
    ; warning
    @(283.21 mm, 2668.905 mm): Horizontal Wire, length 4.445 mm
[endpoint_off_grid]: Symbol pin or wire end off connection grid
    ; warning
    @(283.21 mm, 2668.905 mm): Symbol C_ADC_AC4N2 Pin 1 [Passive, Line]
[endpoint_off_grid]: Symbol pin or wire end off connection grid
    ; warning
    @(283.21 mm, 2734.945 mm): Symbol C_ADC_AC5P1 Pin 1 [Passive, Line]
[endpoint_off_grid]: Symbol pin or wire end off connection grid
    ; warning
    @(283.21 mm, 2734.945 mm): Horizontal Wire, length 4.445 mm
[endpoint_off_grid]: Symbol pin or wire end off connection grid
    ; warning
    @(283.21 mm, 2760.345 mm): Horizontal Wire, length 4.445 mm
[endpoint_off_grid]: Symbol pin or wire end off connection grid
    ; warning
    @(283.21 mm, 2760.345 mm): Symbol C_ADC_AC5P2 Pin 1 [Passive, Line]
[endpoint_off_grid]: Symbol pin or wire end off connection grid
    ; warning
    @(283.21 mm, 2823.845 mm): Symbol C_ADC_AC5N1 Pin 1 [Passive, Line]
[endpoint_off_grid]: Symbol pin or wire end off connection grid
    ; warning
    @(283.21 mm, 2823.845 mm): Horizontal Wire, length 4.445 mm
[endpoint_off_grid]: Symbol pin or wire end off connection grid
    ; warning
    @(283.21 mm, 2849.245 mm): Horizontal Wire, length 4.445 mm
[endpoint_off_grid]: Symbol pin or wire end off connection grid
    ; warning
    @(283.21 mm, 2849.245 mm): Symbol C_ADC_AC5N2 Pin 1 [Passive, Line]
[footprint_link_issues]: The current configuration does not include the footprint library 'crow_usb_power_aux'
    ; warning
    @(287.02 mm, 2013.585 mm): Symbol C_ADC_AC1P1 [SYM_C_ADC_AC1P1]
[lib_symbol_issues]: The current configuration does not include the symbol library 'elt'
    ; warning
    @(287.02 mm, 2013.585 mm): Symbol C_ADC_AC1P1 [SYM_C_ADC_AC1P1]
[footprint_link_issues]: The current configuration does not include the footprint library 'crow_usb_power_aux'
    ; warning
    @(287.02 mm, 2038.985 mm): Symbol C_ADC_AC1P2 [SYM_C_ADC_AC1P2]
[lib_symbol_issues]: The current configuration does not include the symbol library 'elt'
    ; warning
    @(287.02 mm, 2038.985 mm): Symbol C_ADC_AC1P2 [SYM_C_ADC_AC1P2]
[footprint_link_issues]: The current configuration does not include the footprint library 'crow_usb_power_aux'
    ; warning
    @(287.02 mm, 2102.485 mm): Symbol C_ADC_AC1N1 [SYM_C_ADC_AC1N1]
[lib_symbol_issues]: The current configuration does not include the symbol library 'elt'
    ; warning
    @(287.02 mm, 2102.485 mm): Symbol C_ADC_AC1N1 [SYM_C_ADC_AC1N1]
[footprint_link_issues]: The current configuration does not include the footprint library 'crow_usb_power_aux'
    ; warning
    @(287.02 mm, 2127.885 mm): Symbol C_ADC_AC1N2 [SYM_C_ADC_AC1N2]
[lib_symbol_issues]: The current configuration does not include the symbol library 'elt'
    ; warning
    @(287.02 mm, 2127.885 mm): Symbol C_ADC_AC1N2 [SYM_C_ADC_AC1N2]
[footprint_link_issues]: The current configuration does not include the footprint library 'crow_usb_power_aux'
    ; warning
    @(287.02 mm, 2193.925 mm): Symbol C_ADC_AC2P1 [SYM_C_ADC_AC2P1]
[lib_symbol_issues]: The current configuration does not include the symbol library 'elt'
    ; warning
    @(287.02 mm, 2193.925 mm): Symbol C_ADC_AC2P1 [SYM_C_ADC_AC2P1]
[footprint_link_issues]: The current configuration does not include the footprint library 'crow_usb_power_aux'
    ; warning
    @(287.02 mm, 2219.325 mm): Symbol C_ADC_AC2P2 [SYM_C_ADC_AC2P2]
[lib_symbol_issues]: The current configuration does not include the symbol library 'elt'
    ; warning
    @(287.02 mm, 2219.325 mm): Symbol C_ADC_AC2P2 [SYM_C_ADC_AC2P2]
[footprint_link_issues]: The current configuration does not include the footprint library 'crow_usb_power_aux'
    ; warning
    @(287.02 mm, 2282.825 mm): Symbol C_ADC_AC2N1 [SYM_C_ADC_AC2N1]
[lib_symbol_issues]: The current configuration does not include the symbol library 'elt'
    ; warning
    @(287.02 mm, 2282.825 mm): Symbol C_ADC_AC2N1 [SYM_C_ADC_AC2N1]
[footprint_link_issues]: The current configuration does not include the footprint library 'crow_usb_power_aux'
    ; warning
    @(287.02 mm, 2308.225 mm): Symbol C_ADC_AC2N2 [SYM_C_ADC_AC2N2]
[lib_symbol_issues]: The current configuration does not include the symbol library 'elt'
    ; warning
    @(287.02 mm, 2308.225 mm): Symbol C_ADC_AC2N2 [SYM_C_ADC_AC2N2]
[footprint_link_issues]: The current configuration does not include the footprint library 'crow_usb_power_aux'
    ; warning
    @(287.02 mm, 2374.265 mm): Symbol C_ADC_AC3P1 [SYM_C_ADC_AC3P1]
[lib_symbol_issues]: The current configuration does not include the symbol library 'elt'
    ; warning
    @(287.02 mm, 2374.265 mm): Symbol C_ADC_AC3P1 [SYM_C_ADC_AC3P1]
[footprint_link_issues]: The current configuration does not include the footprint library 'crow_usb_power_aux'
    ; warning
    @(287.02 mm, 2399.665 mm): Symbol C_ADC_AC3P2 [SYM_C_ADC_AC3P2]
[lib_symbol_issues]: The current configuration does not include the symbol library 'elt'
    ; warning
    @(287.02 mm, 2399.665 mm): Symbol C_ADC_AC3P2 [SYM_C_ADC_AC3P2]
[footprint_link_issues]: The current configuration does not include the footprint library 'crow_usb_power_aux'
    ; warning
    @(287.02 mm, 2463.165 mm): Symbol C_ADC_AC3N1 [SYM_C_ADC_AC3N1]
[lib_symbol_issues]: The current configuration does not include the symbol library 'elt'
    ; warning
    @(287.02 mm, 2463.165 mm): Symbol C_ADC_AC3N1 [SYM_C_ADC_AC3N1]
[footprint_link_issues]: The current configuration does not include the footprint library 'crow_usb_power_aux'
    ; warning
    @(287.02 mm, 2488.565 mm): Symbol C_ADC_AC3N2 [SYM_C_ADC_AC3N2]
[lib_symbol_issues]: The current configuration does not include the symbol library 'elt'
    ; warning
    @(287.02 mm, 2488.565 mm): Symbol C_ADC_AC3N2 [SYM_C_ADC_AC3N2]
[footprint_link_issues]: The current configuration does not include the footprint library 'crow_usb_power_aux'
    ; warning
    @(287.02 mm, 2554.605 mm): Symbol C_ADC_AC4P1 [SYM_C_ADC_AC4P1]
[lib_symbol_issues]: The current configuration does not include the symbol library 'elt'
    ; warning
    @(287.02 mm, 2554.605 mm): Symbol C_ADC_AC4P1 [SYM_C_ADC_AC4P1]
[footprint_link_issues]: The current configuration does not include the footprint library 'crow_usb_power_aux'
    ; warning
    @(287.02 mm, 2580.005 mm): Symbol C_ADC_AC4P2 [SYM_C_ADC_AC4P2]
[lib_symbol_issues]: The current configuration does not include the symbol library 'elt'
    ; warning
    @(287.02 mm, 2580.005 mm): Symbol C_ADC_AC4P2 [SYM_C_ADC_AC4P2]
[footprint_link_issues]: The current configuration does not include the footprint library 'crow_usb_power_aux'
    ; warning
    @(287.02 mm, 2643.505 mm): Symbol C_ADC_AC4N1 [SYM_C_ADC_AC4N1]
[lib_symbol_issues]: The current configuration does not include the symbol library 'elt'
    ; warning
    @(287.02 mm, 2643.505 mm): Symbol C_ADC_AC4N1 [SYM_C_ADC_AC4N1]
[footprint_link_issues]: The current configuration does not include the footprint library 'crow_usb_power_aux'
    ; warning
    @(287.02 mm, 2668.905 mm): Symbol C_ADC_AC4N2 [SYM_C_ADC_AC4N2]
[lib_symbol_issues]: The current configuration does not include the symbol library 'elt'
    ; warning
    @(287.02 mm, 2668.905 mm): Symbol C_ADC_AC4N2 [SYM_C_ADC_AC4N2]
[footprint_link_issues]: The current configuration does not include the footprint library 'crow_usb_power_aux'
    ; warning
    @(287.02 mm, 2734.945 mm): Symbol C_ADC_AC5P1 [SYM_C_ADC_AC5P1]
[lib_symbol_issues]: The current configuration does not include the symbol library 'elt'
    ; warning
    @(287.02 mm, 2734.945 mm): Symbol C_ADC_AC5P1 [SYM_C_ADC_AC5P1]
[footprint_link_issues]: The current configuration does not include the footprint library 'crow_usb_power_aux'
    ; warning
    @(287.02 mm, 2760.345 mm): Symbol C_ADC_AC5P2 [SYM_C_ADC_AC5P2]
[lib_symbol_issues]: The current configuration does not include the symbol library 'elt'
    ; warning
    @(287.02 mm, 2760.345 mm): Symbol C_ADC_AC5P2 [SYM_C_ADC_AC5P2]
[footprint_link_issues]: The current configuration does not include the footprint library 'crow_usb_power_aux'
    ; warning
    @(287.02 mm, 2823.845 mm): Symbol C_ADC_AC5N1 [SYM_C_ADC_AC5N1]
[lib_symbol_issues]: The current configuration does not include the symbol library 'elt'
    ; warning
    @(287.02 mm, 2823.845 mm): Symbol C_ADC_AC5N1 [SYM_C_ADC_AC5N1]
[footprint_link_issues]: The current configuration does not include the footprint library 'crow_usb_power_aux'
    ; warning
    @(287.02 mm, 2849.245 mm): Symbol C_ADC_AC5N2 [SYM_C_ADC_AC5N2]
[lib_symbol_issues]: The current configuration does not include the symbol library 'elt'
    ; warning
    @(287.02 mm, 2849.245 mm): Symbol C_ADC_AC5N2 [SYM_C_ADC_AC5N2]
[endpoint_off_grid]: Symbol pin or wire end off connection grid
    ; warning
    @(290.83 mm, 2038.985 mm): Horizontal Wire, length 4.445 mm
[endpoint_off_grid]: Symbol pin or wire end off connection grid
    ; warning
    @(290.83 mm, 2127.885 mm): Horizontal Wire, length 4.445 mm
[endpoint_off_grid]: Symbol pin or wire end off connection grid
    ; warning
    @(290.83 mm, 2219.325 mm): Horizontal Wire, length 4.445 mm
[endpoint_off_grid]: Symbol pin or wire end off connection grid
    ; warning
    @(290.83 mm, 2308.225 mm): Horizontal Wire, length 4.445 mm
[endpoint_off_grid]: Symbol pin or wire end off connection grid
    ; warning
    @(290.83 mm, 2399.665 mm): Horizontal Wire, length 4.445 mm
[endpoint_off_grid]: Symbol pin or wire end off connection grid
    ; warning
    @(290.83 mm, 2488.565 mm): Horizontal Wire, length 4.445 mm
[endpoint_off_grid]: Symbol pin or wire end off connection grid
    ; warning
    @(290.83 mm, 2580.005 mm): Horizontal Wire, length 4.445 mm
[endpoint_off_grid]: Symbol pin or wire end off connection grid
    ; warning
    @(290.83 mm, 2668.905 mm): Horizontal Wire, length 4.445 mm
[endpoint_off_grid]: Symbol pin or wire end off connection grid
    ; warning
    @(290.83 mm, 2760.345 mm): Horizontal Wire, length 4.445 mm
[endpoint_off_grid]: Symbol pin or wire end off connection grid
    ; warning
    @(290.83 mm, 2849.245 mm): Horizontal Wire, length 4.445 mm
[footprint_link_issues]: The current configuration does not include the footprint library 'Capacitor_SMD'
    ; warning
    @(292.10 mm, 337.82 mm): Symbol C_LDO_NR5 [SYM_C_LDO_NR5]
[lib_symbol_issues]: The current configuration does not include the symbol library 'elt'
    ; warning
    @(292.10 mm, 337.82 mm): Symbol C_LDO_NR5 [SYM_C_LDO_NR5]
[lib_symbol_issues]: The current configuration does not include the symbol library 'elt'
    ; warning
    @(292.10 mm, 341.63 mm): Symbol #PWR197 [GND]
[footprint_link_issues]: The current configuration does not include the footprint library 'crow_usb_power_aux'
    ; warning
    @(292.10 mm, 426.72 mm): Symbol C_LDO_OUT_2 [SYM_C_LDO_OUT_2]
[lib_symbol_issues]: The current configuration does not include the symbol library 'elt'
    ; warning
    @(292.10 mm, 426.72 mm): Symbol C_LDO_OUT_2 [SYM_C_LDO_OUT_2]
[lib_symbol_issues]: The current configuration does not include the symbol library 'elt'
    ; warning
    @(292.10 mm, 430.53 mm): Symbol #PWR194 [GND]
[lib_symbol_issues]: The current configuration does not include the symbol library 'elt'
    ; warning
    @(293.37 mm, 71.12 mm): Symbol #PWR03 [GND]
[endpoint_off_grid]: Symbol pin or wire end off connection grid
    ; warning
    @(295.275 mm, 2013.585 mm): Horizontal Wire, length 4.445 mm
[endpoint_off_grid]: Symbol pin or wire end off connection grid
    ; warning
    @(295.275 mm, 2038.985 mm): Horizontal Wire, length 0.635 mm
[endpoint_off_grid]: Symbol pin or wire end off connection grid
    ; warning
    @(295.275 mm, 2102.485 mm): Horizontal Wire, length 4.445 mm
[endpoint_off_grid]: Symbol pin or wire end off connection grid
    ; warning
    @(295.275 mm, 2102.485 mm): Horizontal Wire, length 4.445 mm
[endpoint_off_grid]: Symbol pin or wire end off connection grid
    ; warning
    @(295.275 mm, 2127.885 mm): Horizontal Wire, length 0.635 mm
[endpoint_off_grid]: Symbol pin or wire end off connection grid
    ; warning
    @(295.275 mm, 2193.925 mm): Horizontal Wire, length 4.445 mm
[endpoint_off_grid]: Symbol pin or wire end off connection grid
    ; warning
    @(295.275 mm, 2219.325 mm): Horizontal Wire, length 0.635 mm
[endpoint_off_grid]: Symbol pin or wire end off connection grid
    ; warning
    @(295.275 mm, 2282.825 mm): Horizontal Wire, length 4.445 mm
[endpoint_off_grid]: Symbol pin or wire end off connection grid
    ; warning
    @(295.275 mm, 2282.825 mm): Horizontal Wire, length 4.445 mm
[endpoint_off_grid]: Symbol pin or wire end off connection grid
    ; warning
    @(295.275 mm, 2308.225 mm): Horizontal Wire, length 0.635 mm
[endpoint_off_grid]: Symbol pin or wire end off connection grid
    ; warning
    @(295.275 mm, 2374.265 mm): Horizontal Wire, length 4.445 mm
[endpoint_off_grid]: Symbol pin or wire end off connection grid
    ; warning
    @(295.275 mm, 2399.665 mm): Horizontal Wire, length 0.635 mm
[endpoint_off_grid]: Symbol pin or wire end off connection grid
    ; warning
    @(295.275 mm, 2463.165 mm): Horizontal Wire, length 4.445 mm
[endpoint_off_grid]: Symbol pin or wire end off connection grid
    ; warning
    @(295.275 mm, 2463.165 mm): Horizontal Wire, length 4.445 mm
[endpoint_off_grid]: Symbol pin or wire end off connection grid
    ; warning
    @(295.275 mm, 2488.565 mm): Horizontal Wire, length 0.635 mm
[endpoint_off_grid]: Symbol pin or wire end off connection grid
    ; warning
    @(295.275 mm, 2554.605 mm): Horizontal Wire, length 4.445 mm
[endpoint_off_grid]: Symbol pin or wire end off connection grid
    ; warning
    @(295.275 mm, 2580.005 mm): Horizontal Wire, length 0.635 mm
[endpoint_off_grid]: Symbol pin or wire end off connection grid
    ; warning
    @(295.275 mm, 2643.505 mm): Horizontal Wire, length 4.445 mm
[endpoint_off_grid]: Symbol pin or wire end off connection grid
    ; warning
    @(295.275 mm, 2643.505 mm): Horizontal Wire, length 4.445 mm
[endpoint_off_grid]: Symbol pin or wire end off connection grid
    ; warning
    @(295.275 mm, 2668.905 mm): Horizontal Wire, length 0.635 mm
[endpoint_off_grid]: Symbol pin or wire end off connection grid
    ; warning
    @(295.275 mm, 2734.945 mm): Horizontal Wire, length 4.445 mm
[endpoint_off_grid]: Symbol pin or wire end off connection grid
    ; warning
    @(295.275 mm, 2760.345 mm): Horizontal Wire, length 0.635 mm
[endpoint_off_grid]: Symbol pin or wire end off connection grid
    ; warning
    @(295.275 mm, 2823.845 mm): Horizontal Wire, length 4.445 mm
[endpoint_off_grid]: Symbol pin or wire end off connection grid
    ; warning
    @(295.275 mm, 2823.845 mm): Horizontal Wire, length 4.445 mm
[endpoint_off_grid]: Symbol pin or wire end off connection grid
    ; warning
    @(295.275 mm, 2849.245 mm): Horizontal Wire, length 0.635 mm
[endpoint_off_grid]: Symbol pin or wire end off connection grid
    ; warning
    @(295.91 mm, 2018.665 mm): Horizontal Wire, length 6.35 mm
[endpoint_off_grid]: Symbol pin or wire end off connection grid
    ; warning
    @(295.91 mm, 2038.985 mm): Vertical Wire, length 20.32 mm
[endpoint_off_grid]: Symbol pin or wire end off connection grid
    ; warning
    @(295.91 mm, 2102.485 mm): Horizontal Wire, length 0.635 mm
[endpoint_off_grid]: Symbol pin or wire end off connection grid
    ; warning
    @(295.91 mm, 2127.885 mm): Vertical Wire, length 25.40 mm
[endpoint_off_grid]: Symbol pin or wire end off connection grid
    ; warning
    @(295.91 mm, 2199.005 mm): Horizontal Wire, length 6.35 mm
[endpoint_off_grid]: Symbol pin or wire end off connection grid
    ; warning
    @(295.91 mm, 2219.325 mm): Vertical Wire, length 20.32 mm
[endpoint_off_grid]: Symbol pin or wire end off connection grid
    ; warning
    @(295.91 mm, 2282.825 mm): Horizontal Wire, length 0.635 mm
[endpoint_off_grid]: Symbol pin or wire end off connection grid
    ; warning
    @(295.91 mm, 2308.225 mm): Vertical Wire, length 25.40 mm
[endpoint_off_grid]: Symbol pin or wire end off connection grid
    ; warning
    @(295.91 mm, 2379.345 mm): Horizontal Wire, length 6.35 mm
[endpoint_off_grid]: Symbol pin or wire end off connection grid
    ; warning
    @(295.91 mm, 2399.665 mm): Vertical Wire, length 20.32 mm
[endpoint_off_grid]: Symbol pin or wire end off connection grid
    ; warning
    @(295.91 mm, 2463.165 mm): Horizontal Wire, length 0.635 mm
[endpoint_off_grid]: Symbol pin or wire end off connection grid
    ; warning
    @(295.91 mm, 2488.565 mm): Vertical Wire, length 25.40 mm
[endpoint_off_grid]: Symbol pin or wire end off connection grid
    ; warning
    @(295.91 mm, 2580.005 mm): Vertical Wire, length 19.685 mm
[endpoint_off_grid]: Symbol pin or wire end off connection grid
    ; warning
    @(295.91 mm, 2643.505 mm): Horizontal Wire, length 0.635 mm
[endpoint_off_grid]: Symbol pin or wire end off connection grid
    ; warning
    @(295.91 mm, 2668.905 mm): Vertical Wire, length 25.40 mm
[endpoint_off_grid]: Symbol pin or wire end off connection grid
    ; warning
    @(295.91 mm, 2760.345 mm): Vertical Wire, length 19.685 mm
[endpoint_off_grid]: Symbol pin or wire end off connection grid
    ; warning
    @(295.91 mm, 2823.845 mm): Horizontal Wire, length 0.635 mm
[endpoint_off_grid]: Symbol pin or wire end off connection grid
    ; warning
    @(295.91 mm, 2849.245 mm): Vertical Wire, length 25.40 mm
[endpoint_off_grid]: Symbol pin or wire end off connection grid
    ; warning
    @(297.815 mm, 140.97 mm): Vertical Wire, length 2.54 mm
[endpoint_off_grid]: Symbol pin or wire end off connection grid
    ; warning
    @(297.815 mm, 143.51 mm): Vertical Wire, length 1.27 mm
[endpoint_off_grid]: Symbol pin or wire end off connection grid
    ; warning
    @(297.815 mm, 144.78 mm): Symbol C_OUT3 Pin 1 [Passive, Line]
[footprint_link_issues]: The current configuration does not include the footprint library 'crow_usb_power_aux'
    ; warning
    @(297.815 mm, 148.59 mm): Symbol C_OUT3 [SYM_C_OUT3]
[lib_symbol_issues]: The current configuration does not include the symbol library 'elt'
    ; warning
    @(297.815 mm, 148.59 mm): Symbol C_OUT3 [SYM_C_OUT3]
[endpoint_off_grid]: Symbol pin or wire end off connection grid
    ; warning
    @(297.815 mm, 152.40 mm): Symbol #PWR19 Hidden pin 1 [GND, Power input, Line]
[lib_symbol_issues]: The current configuration does not include the symbol library 'elt'
    ; warning
    @(297.815 mm, 152.40 mm): Symbol #PWR19 [GND]
[endpoint_off_grid]: Symbol pin or wire end off connection grid
    ; warning
    @(302.26 mm, 2013.585 mm): Horizontal Wire, length 6.985 mm
[endpoint_off_grid]: Symbol pin or wire end off connection grid
    ; warning
    @(302.26 mm, 2018.665 mm): Vertical Wire, length 2.54 mm
[endpoint_off_grid]: Symbol pin or wire end off connection grid
    ; warning
    @(302.26 mm, 2021.205 mm): Vertical Wire, length 7.62 mm
[endpoint_off_grid]: Symbol pin or wire end off connection grid
    ; warning
    @(302.26 mm, 2021.205 mm): Vertical Wire, length 1.27 mm
[endpoint_off_grid]: Symbol pin or wire end off connection grid
    ; warning
    @(302.26 mm, 2022.475 mm): Vertical Wire, length 1.27 mm
[endpoint_off_grid]: Symbol pin or wire end off connection grid
    ; warning
    @(302.26 mm, 2022.475 mm): Symbol C_ADC_CM1P Pin 1 [Passive, Line]
[footprint_link_issues]: The current configuration does not include the footprint library 'Capacitor_SMD'
    ; warning
    @(302.26 mm, 2026.285 mm): Symbol C_ADC_CM1P [SYM_C_ADC_CM1P]
[lib_symbol_issues]: The current configuration does not include the symbol library 'elt'
    ; warning
    @(302.26 mm, 2026.285 mm): Symbol C_ADC_CM1P [SYM_C_ADC_CM1P]
[endpoint_off_grid]: Symbol pin or wire end off connection grid
    ; warning
    @(302.26 mm, 2030.095 mm): Symbol #PWR84 Hidden pin 1 [GND, Power input, Line]
[lib_symbol_issues]: The current configuration does not include the symbol library 'elt'
    ; warning
    @(302.26 mm, 2030.095 mm): Symbol #PWR84 [GND]
[endpoint_off_grid]: Symbol pin or wire end off connection grid
    ; warning
    @(302.26 mm, 2102.485 mm): Horizontal Wire, length 6.985 mm
[endpoint_off_grid]: Symbol pin or wire end off connection grid
    ; warning
    @(302.26 mm, 2106.295 mm): Vertical Wire, length 3.81 mm
[endpoint_off_grid]: Symbol pin or wire end off connection grid
    ; warning
    @(302.26 mm, 2107.565 mm): Vertical Wire, length 1.27 mm
[endpoint_off_grid]: Symbol pin or wire end off connection grid
    ; warning
    @(302.26 mm, 2107.565 mm): Symbol C_ADC_CM1N Pin 1 [Passive, Line]
[footprint_link_issues]: The current configuration does not include the footprint library 'Capacitor_SMD'
    ; warning
    @(302.26 mm, 2111.375 mm): Symbol C_ADC_CM1N [SYM_C_ADC_CM1N]
[lib_symbol_issues]: The current configuration does not include the symbol library 'elt'
    ; warning
    @(302.26 mm, 2111.375 mm): Symbol C_ADC_CM1N [SYM_C_ADC_CM1N]
[endpoint_off_grid]: Symbol pin or wire end off connection grid
    ; warning
    @(302.26 mm, 2115.185 mm): Symbol #PWR85 Hidden pin 1 [GND, Power input, Line]
[lib_symbol_issues]: The current configuration does not include the symbol library 'elt'
    ; warning
    @(302.26 mm, 2115.185 mm): Symbol #PWR85 [GND]
[endpoint_off_grid]: Symbol pin or wire end off connection grid
    ; warning
    @(302.26 mm, 2193.925 mm): Horizontal Wire, length 6.985 mm
[endpoint_off_grid]: Symbol pin or wire end off connection grid
    ; warning
    @(302.26 mm, 2199.005 mm): Vertical Wire, length 2.54 mm
[endpoint_off_grid]: Symbol pin or wire end off connection grid
    ; warning
    @(302.26 mm, 2201.545 mm): Vertical Wire, length 1.27 mm
[endpoint_off_grid]: Symbol pin or wire end off connection grid
    ; warning
    @(302.26 mm, 2201.545 mm): Vertical Wire, length 7.62 mm
[endpoint_off_grid]: Symbol pin or wire end off connection grid
    ; warning
    @(302.26 mm, 2202.815 mm): Vertical Wire, length 1.27 mm
[endpoint_off_grid]: Symbol pin or wire end off connection grid
    ; warning
    @(302.26 mm, 2202.815 mm): Symbol C_ADC_CM2P Pin 1 [Passive, Line]
[footprint_link_issues]: The current configuration does not include the footprint library 'Capacitor_SMD'
    ; warning
    @(302.26 mm, 2206.625 mm): Symbol C_ADC_CM2P [SYM_C_ADC_CM2P]
[lib_symbol_issues]: The current configuration does not include the symbol library 'elt'
    ; warning
    @(302.26 mm, 2206.625 mm): Symbol C_ADC_CM2P [SYM_C_ADC_CM2P]
[endpoint_off_grid]: Symbol pin or wire end off connection grid
    ; warning
    @(302.26 mm, 2210.435 mm): Symbol #PWR96 Hidden pin 1 [GND, Power input, Line]
[lib_symbol_issues]: The current configuration does not include the symbol library 'elt'
    ; warning
    @(302.26 mm, 2210.435 mm): Symbol #PWR96 [GND]
[endpoint_off_grid]: Symbol pin or wire end off connection grid
    ; warning
    @(302.26 mm, 2282.825 mm): Horizontal Wire, length 6.985 mm
[endpoint_off_grid]: Symbol pin or wire end off connection grid
    ; warning
    @(302.26 mm, 2286.635 mm): Vertical Wire, length 3.81 mm
[endpoint_off_grid]: Symbol pin or wire end off connection grid
    ; warning
    @(302.26 mm, 2287.905 mm): Vertical Wire, length 1.27 mm
[endpoint_off_grid]: Symbol pin or wire end off connection grid
    ; warning
    @(302.26 mm, 2287.905 mm): Symbol C_ADC_CM2N Pin 1 [Passive, Line]
[footprint_link_issues]: The current configuration does not include the footprint library 'Capacitor_SMD'
    ; warning
    @(302.26 mm, 2291.715 mm): Symbol C_ADC_CM2N [SYM_C_ADC_CM2N]
[lib_symbol_issues]: The current configuration does not include the symbol library 'elt'
    ; warning
    @(302.26 mm, 2291.715 mm): Symbol C_ADC_CM2N [SYM_C_ADC_CM2N]
[endpoint_off_grid]: Symbol pin or wire end off connection grid
    ; warning
    @(302.26 mm, 2295.525 mm): Symbol #PWR97 Hidden pin 1 [GND, Power input, Line]
[lib_symbol_issues]: The current configuration does not include the symbol library 'elt'
    ; warning
    @(302.26 mm, 2295.525 mm): Symbol #PWR97 [GND]
[endpoint_off_grid]: Symbol pin or wire end off connection grid
    ; warning
    @(302.26 mm, 2374.265 mm): Horizontal Wire, length 6.985 mm
[endpoint_off_grid]: Symbol pin or wire end off connection grid
    ; warning
    @(302.26 mm, 2379.345 mm): Vertical Wire, length 2.54 mm
[endpoint_off_grid]: Symbol pin or wire end off connection grid
    ; warning
    @(302.26 mm, 2381.885 mm): Vertical Wire, length 7.62 mm
[endpoint_off_grid]: Symbol pin or wire end off connection grid
    ; warning
    @(302.26 mm, 2381.885 mm): Vertical Wire, length 1.27 mm
[endpoint_off_grid]: Symbol pin or wire end off connection grid
    ; warning
    @(302.26 mm, 2383.155 mm): Symbol C_ADC_CM3P Pin 1 [Passive, Line]
[endpoint_off_grid]: Symbol pin or wire end off connection grid
    ; warning
    @(302.26 mm, 2383.155 mm): Vertical Wire, length 1.27 mm
[footprint_link_issues]: The current configuration does not include the footprint library 'Capacitor_SMD'
    ; warning
    @(302.26 mm, 2386.965 mm): Symbol C_ADC_CM3P [SYM_C_ADC_CM3P]
[lib_symbol_issues]: The current configuration does not include the symbol library 'elt'
    ; warning
    @(302.26 mm, 2386.965 mm): Symbol C_ADC_CM3P [SYM_C_ADC_CM3P]
[endpoint_off_grid]: Symbol pin or wire end off connection grid
    ; warning
    @(302.26 mm, 2390.775 mm): Symbol #PWR108 Hidden pin 1 [GND, Power input, Line]
[lib_symbol_issues]: The current configuration does not include the symbol library 'elt'
    ; warning
    @(302.26 mm, 2390.775 mm): Symbol #PWR108 [GND]
[endpoint_off_grid]: Symbol pin or wire end off connection grid
    ; warning
    @(302.26 mm, 2463.165 mm): Horizontal Wire, length 6.985 mm
[endpoint_off_grid]: Symbol pin or wire end off connection grid
    ; warning
    @(302.26 mm, 2466.975 mm): Vertical Wire, length 3.81 mm
[endpoint_off_grid]: Symbol pin or wire end off connection grid
    ; warning
    @(302.26 mm, 2468.245 mm): Symbol C_ADC_CM3N Pin 1 [Passive, Line]
[endpoint_off_grid]: Symbol pin or wire end off connection grid
    ; warning
    @(302.26 mm, 2468.245 mm): Vertical Wire, length 1.27 mm
[footprint_link_issues]: The current configuration does not include the footprint library 'Capacitor_SMD'
    ; warning
    @(302.26 mm, 2472.055 mm): Symbol C_ADC_CM3N [SYM_C_ADC_CM3N]
[lib_symbol_issues]: The current configuration does not include the symbol library 'elt'
    ; warning
    @(302.26 mm, 2472.055 mm): Symbol C_ADC_CM3N [SYM_C_ADC_CM3N]
[endpoint_off_grid]: Symbol pin or wire end off connection grid
    ; warning
    @(302.26 mm, 2475.865 mm): Symbol #PWR109 Hidden pin 1 [GND, Power input, Line]
[lib_symbol_issues]: The current configuration does not include the symbol library 'elt'
    ; warning
    @(302.26 mm, 2475.865 mm): Symbol #PWR109 [GND]
[endpoint_off_grid]: Symbol pin or wire end off connection grid
    ; warning
    @(302.26 mm, 2554.605 mm): Horizontal Wire, length 6.985 mm
[endpoint_off_grid]: Symbol pin or wire end off connection grid
    ; warning
    @(302.26 mm, 2562.86 mm): Vertical Wire, length 8.255 mm
[endpoint_off_grid]: Symbol pin or wire end off connection grid
    ; warning
    @(302.26 mm, 2562.86 mm): Vertical Wire, length 0.635 mm
[endpoint_off_grid]: Symbol pin or wire end off connection grid
    ; warning
    @(302.26 mm, 2563.495 mm): Symbol C_ADC_CM4P Pin 1 [Passive, Line]
[endpoint_off_grid]: Symbol pin or wire end off connection grid
    ; warning
    @(302.26 mm, 2563.495 mm): Vertical Wire, length 0.635 mm
[footprint_link_issues]: The current configuration does not include the footprint library 'Capacitor_SMD'
    ; warning
    @(302.26 mm, 2567.305 mm): Symbol C_ADC_CM4P [SYM_C_ADC_CM4P]
[lib_symbol_issues]: The current configuration does not include the symbol library 'elt'
    ; warning
    @(302.26 mm, 2567.305 mm): Symbol C_ADC_CM4P [SYM_C_ADC_CM4P]
[endpoint_off_grid]: Symbol pin or wire end off connection grid
    ; warning
    @(302.26 mm, 2571.115 mm): Symbol #PWR120 Hidden pin 1 [GND, Power input, Line]
[lib_symbol_issues]: The current configuration does not include the symbol library 'elt'
    ; warning
    @(302.26 mm, 2571.115 mm): Symbol #PWR120 [GND]
[endpoint_off_grid]: Symbol pin or wire end off connection grid
    ; warning
    @(302.26 mm, 2643.505 mm): Horizontal Wire, length 6.985 mm
[endpoint_off_grid]: Symbol pin or wire end off connection grid
    ; warning
    @(302.26 mm, 2647.95 mm): Vertical Wire, length 4.445 mm
[endpoint_off_grid]: Symbol pin or wire end off connection grid
    ; warning
    @(302.26 mm, 2648.585 mm): Symbol C_ADC_CM4N Pin 1 [Passive, Line]
[endpoint_off_grid]: Symbol pin or wire end off connection grid
    ; warning
    @(302.26 mm, 2648.585 mm): Vertical Wire, length 0.635 mm
[footprint_link_issues]: The current configuration does not include the footprint library 'Capacitor_SMD'
    ; warning
    @(302.26 mm, 2652.395 mm): Symbol C_ADC_CM4N [SYM_C_ADC_CM4N]
[lib_symbol_issues]: The current configuration does not include the symbol library 'elt'
    ; warning
    @(302.26 mm, 2652.395 mm): Symbol C_ADC_CM4N [SYM_C_ADC_CM4N]
[endpoint_off_grid]: Symbol pin or wire end off connection grid
    ; warning
    @(302.26 mm, 2656.205 mm): Symbol #PWR121 Hidden pin 1 [GND, Power input, Line]
[lib_symbol_issues]: The current configuration does not include the symbol library 'elt'
    ; warning
    @(302.26 mm, 2656.205 mm): Symbol #PWR121 [GND]
[endpoint_off_grid]: Symbol pin or wire end off connection grid
    ; warning
    @(302.26 mm, 2734.945 mm): Horizontal Wire, length 6.985 mm
[endpoint_off_grid]: Symbol pin or wire end off connection grid
    ; warning
    @(302.26 mm, 2743.20 mm): Vertical Wire, length 8.255 mm
[endpoint_off_grid]: Symbol pin or wire end off connection grid
    ; warning
    @(302.26 mm, 2743.835 mm): Vertical Wire, length 0.635 mm
[endpoint_off_grid]: Symbol pin or wire end off connection grid
    ; warning
    @(302.26 mm, 2743.835 mm): Symbol C_ADC_CM5P Pin 1 [Passive, Line]
[endpoint_off_grid]: Symbol pin or wire end off connection grid
    ; warning
    @(302.26 mm, 2743.20 mm): Vertical Wire, length 0.635 mm
[footprint_link_issues]: The current configuration does not include the footprint library 'Capacitor_SMD'
    ; warning
    @(302.26 mm, 2747.645 mm): Symbol C_ADC_CM5P [SYM_C_ADC_CM5P]
[lib_symbol_issues]: The current configuration does not include the symbol library 'elt'
    ; warning
    @(302.26 mm, 2747.645 mm): Symbol C_ADC_CM5P [SYM_C_ADC_CM5P]
[endpoint_off_grid]: Symbol pin or wire end off connection grid
    ; warning
    @(302.26 mm, 2751.455 mm): Symbol #PWR132 Hidden pin 1 [GND, Power input, Line]
[lib_symbol_issues]: The current configuration does not include the symbol library 'elt'
    ; warning
    @(302.26 mm, 2751.455 mm): Symbol #PWR132 [GND]
[endpoint_off_grid]: Symbol pin or wire end off connection grid
    ; warning
    @(302.26 mm, 2823.845 mm): Horizontal Wire, length 6.985 mm
[endpoint_off_grid]: Symbol pin or wire end off connection grid
    ; warning
    @(302.26 mm, 2828.29 mm): Vertical Wire, length 4.445 mm
[endpoint_off_grid]: Symbol pin or wire end off connection grid
    ; warning
    @(302.26 mm, 2828.925 mm): Symbol C_ADC_CM5N Pin 1 [Passive, Line]
[endpoint_off_grid]: Symbol pin or wire end off connection grid
    ; warning
    @(302.26 mm, 2828.925 mm): Vertical Wire, length 0.635 mm
[footprint_link_issues]: The current configuration does not include the footprint library 'Capacitor_SMD'
    ; warning
    @(302.26 mm, 2832.735 mm): Symbol C_ADC_CM5N [SYM_C_ADC_CM5N]
[lib_symbol_issues]: The current configuration does not include the symbol library 'elt'
    ; warning
    @(302.26 mm, 2832.735 mm): Symbol C_ADC_CM5N [SYM_C_ADC_CM5N]
[endpoint_off_grid]: Symbol pin or wire end off connection grid
    ; warning
    @(302.26 mm, 2836.545 mm): Symbol #PWR133 Hidden pin 1 [GND, Power input, Line]
[lib_symbol_issues]: The current configuration does not include the symbol library 'elt'
    ; warning
    @(302.26 mm, 2836.545 mm): Symbol #PWR133 [GND]
[endpoint_off_grid]: Symbol pin or wire end off connection grid
    ; warning
    @(307.975 mm, 520.70 mm): Vertical Wire, length 38.10 mm
[endpoint_off_grid]: Symbol pin or wire end off connection grid
    ; warning
    @(317.50 mm, 520.70 mm): Horizontal Wire, length 9.525 mm
[endpoint_off_grid]: Symbol pin or wire end off connection grid
    ; warning
    @(307.975 mm, 558.80 mm): Horizontal Wire, length 9.525 mm
[endpoint_off_grid]: Symbol pin or wire end off connection grid
    ; warning
    @(317.50 mm, 370.84 mm): Horizontal Wire, length 5.715 mm
[endpoint_off_grid]: Symbol pin or wire end off connection grid
    ; warning
    @(311.785 mm, 370.84 mm): Vertical Wire, length 1.27 mm
[endpoint_off_grid]: Symbol pin or wire end off connection grid
    ; warning
    @(317.50 mm, 381.00 mm): Horizontal Wire, length 5.715 mm
[footprint_link_issues]: The current configuration does not include the footprint library 'Resistor_SMD'
    ; warning
    @(317.50 mm, 375.92 mm): Symbol R_LDO_PG_BOT_A [SYM_R_LDO_PG_BOT_A]
[lib_symbol_issues]: The current configuration does not include the symbol library 'elt'
    ; warning
    @(317.50 mm, 375.92 mm): Symbol R_LDO_PG_BOT_A [SYM_R_LDO_PG_BOT_A]
[footprint_link_issues]: The current configuration does not include the footprint library 'crow_usb_analog'
    ; warning
    @(317.50 mm, 528.32 mm): Symbol C_HOLD8 [SYM_C_HOLD8]
[lib_symbol_issues]: The current configuration does not include the symbol library 'elt'
    ; warning
    @(317.50 mm, 528.32 mm): Symbol C_HOLD8 [SYM_C_HOLD8]
[lib_symbol_issues]: The current configuration does not include the symbol library 'elt'
    ; warning
    @(317.50 mm, 532.13 mm): Symbol #PWR180 [GND]
[footprint_link_issues]: The current configuration does not include the footprint library 'crow_usb_analog'
    ; warning
    @(317.50 mm, 566.42 mm): Symbol C_HOLD14 [SYM_C_HOLD14]
[lib_symbol_issues]: The current configuration does not include the symbol library 'elt'
    ; warning
    @(317.50 mm, 566.42 mm): Symbol C_HOLD14 [SYM_C_HOLD14]
[lib_symbol_issues]: The current configuration does not include the symbol library 'elt'
    ; warning
    @(317.50 mm, 570.23 mm): Symbol #PWR186 [GND]
[footprint_link_issues]: The current configuration does not include the footprint library 'Capacitor_SMD'
    ; warning
    @(318.77 mm, 33.02 mm): Symbol C_IN1 [SYM_C_IN1]
[lib_symbol_issues]: The current configuration does not include the symbol library 'elt'
    ; warning
    @(318.77 mm, 33.02 mm): Symbol C_IN1 [SYM_C_IN1]
[lib_symbol_issues]: The current configuration does not include the symbol library 'elt'
    ; warning
    @(318.77 mm, 36.83 mm): Symbol #PWR04 [GND]
[footprint_link_issues]: The current configuration does not include the footprint library 'Capacitor_SMD'
    ; warning
    @(356.87 mm, 33.02 mm): Symbol C_IN2 [SYM_C_IN2]
[lib_symbol_issues]: The current configuration does not include the symbol library 'elt'
    ; warning
    @(356.87 mm, 33.02 mm): Symbol C_IN2 [SYM_C_IN2]
[lib_symbol_issues]: The current configuration does not include the symbol library 'elt'
    ; warning
    @(356.87 mm, 36.83 mm): Symbol #PWR05 [GND]
[endpoint_off_grid]: Symbol pin or wire end off connection grid
    ; warning
    @(362.585 mm, 370.84 mm): Vertical Wire, length 1.27 mm
[endpoint_off_grid]: Symbol pin or wire end off connection grid
    ; warning
    @(368.30 mm, 370.84 mm): Horizontal Wire, length 5.715 mm
[footprint_link_issues]: The current configuration does not include the footprint library 'Resistor_SMD'
    ; warning
    @(368.30 mm, 375.92 mm): Symbol R_LDO_PG_BOT_B [SYM_R_LDO_PG_BOT_B]
[lib_symbol_issues]: The current configuration does not include the symbol library 'elt'
    ; warning
    @(368.30 mm, 375.92 mm): Symbol R_LDO_PG_BOT_B [SYM_R_LDO_PG_BOT_B]
[lib_symbol_issues]: The current configuration does not include the symbol library 'elt'
    ; warning
    @(368.30 mm, 379.73 mm): Symbol #PWR199 [GND]
[footprint_link_issues]: The current configuration does not include the footprint library 'Capacitor_SMD'
    ; warning
    @(394.97 mm, 33.02 mm): Symbol C_IN3 [SYM_C_IN3]
[lib_symbol_issues]: The current configuration does not include the symbol library 'elt'
    ; warning
    @(394.97 mm, 33.02 mm): Symbol C_IN3 [SYM_C_IN3]
[lib_symbol_issues]: The current configuration does not include the symbol library 'elt'
    ; warning
    @(394.97 mm, 36.83 mm): Symbol #PWR06 [GND]
[footprint_link_issues]: The current configuration does not include the footprint library 'Capacitor_SMD'
    ; warning
    @(433.07 mm, 33.02 mm): Symbol C_IN_HF [SYM_C_IN_HF]
[lib_symbol_issues]: The current configuration does not include the symbol library 'elt'
    ; warning
    @(433.07 mm, 33.02 mm): Symbol C_IN_HF [SYM_C_IN_HF]
[lib_symbol_issues]: The current configuration does not include the symbol library 'elt'
    ; warning
    @(433.07 mm, 36.83 mm): Symbol #PWR07 [GND]
[endpoint_off_grid]: Symbol pin or wire end off connection grid
    ; warning
    @(504.19 mm, 451.485 mm): Horizontal Wire, length 2.54 mm
[endpoint_off_grid]: Symbol pin or wire end off connection grid
    ; warning
    @(504.19 mm, 454.025 mm): Horizontal Wire, length 2.54 mm
[endpoint_off_grid]: Symbol pin or wire end off connection grid
    ; warning
    @(504.19 mm, 454.025 mm): Vertical Wire, length 2.54 mm
[endpoint_off_grid]: Symbol pin or wire end off connection grid
    ; warning
    @(504.19 mm, 456.565 mm): Vertical Wire, length 2.54 mm
[endpoint_off_grid]: Symbol pin or wire end off connection grid
    ; warning
    @(504.19 mm, 2055.495 mm): Horizontal Wire, length 24.13 mm
[endpoint_off_grid]: Symbol pin or wire end off connection grid
    ; warning
    @(504.19 mm, 2078.355 mm): Horizontal Wire, length 22.225 mm
[endpoint_off_grid]: Symbol pin or wire end off connection grid
    ; warning
    @(504.19 mm, 2078.355 mm): Vertical Wire, length 22.86 mm
[endpoint_off_grid]: Symbol pin or wire end off connection grid
    ; warning
    @(504.19 mm, 2087.245 mm): Vertical Wire, length 8.89 mm
[endpoint_off_grid]: Symbol pin or wire end off connection grid
    ; warning
    @(504.825 mm, 2662.555 mm): Horizontal Wire, length 33.02 mm
[endpoint_off_grid]: Symbol pin or wire end off connection grid
    ; warning
    @(504.825 mm, 2670.81 mm): Vertical Wire, length 8.255 mm
[endpoint_off_grid]: Symbol pin or wire end off connection grid
    ; warning
    @(505.46 mm, 2703.195 mm): Vertical Wire, length 17.145 mm
[endpoint_off_grid]: Symbol pin or wire end off connection grid
    ; warning
    @(506.095 mm, 815.975 mm): Vertical Wire, length 1.27 mm
[endpoint_off_grid]: Symbol pin or wire end off connection grid
    ; warning
    @(506.095 mm, 879.475 mm): Vertical Wire, length 1.27 mm
[endpoint_off_grid]: Symbol pin or wire end off connection grid
    ; warning
    @(506.73 mm, 451.485 mm): Symbol J8 Pin 1 [12V_1, Passive, Line]
[endpoint_off_grid]: Symbol pin or wire end off connection grid
    ; warning
    @(506.73 mm, 454.025 mm): Horizontal Wire, length 2.54 mm
[endpoint_off_grid]: Symbol pin or wire end off connection grid
    ; warning
    @(506.73 mm, 456.565 mm): Horizontal Wire, length 2.54 mm
[lib_symbol_issues]: The current configuration does not include the symbol library 'elt'
    ; warning
    @(506.73 mm, 2583.18 mm): Symbol #PWR355 [GND]
[endpoint_off_grid]: Symbol pin or wire end off connection grid
    ; warning
    @(507.365 mm, 2670.81 mm): Symbol Y_AUDIO Pin 1 [OE, Passive, Line]
[endpoint_off_grid]: Symbol pin or wire end off connection grid
    ; warning
    @(507.365 mm, 2670.81 mm): Horizontal Wire, length 2.54 mm
[endpoint_off_grid]: Symbol pin or wire end off connection grid
    ; warning
    @(507.365 mm, 2673.35 mm): Symbol #PWR357 Hidden pin 1 [GND, Power input, Line]
[lib_symbol_issues]: The current configuration does not include the symbol library 'elt'
    ; warning
    @(507.365 mm, 2673.35 mm): Symbol #PWR357 [GND]
[lib_symbol_issues]: The current configuration does not include the symbol library 'elt'
    ; warning
    @(508.00 mm, 2734.31 mm): Symbol #PWR362 [GND]
[endpoint_off_grid]: Symbol pin or wire end off connection grid
    ; warning
    @(508.635 mm, 1596.39 mm): Vertical Wire, length 20.955 mm
[endpoint_off_grid]: Symbol pin or wire end off connection grid
    ; warning
    @(515.62 mm, 1596.39 mm): Horizontal Wire, length 6.985 mm
[endpoint_off_grid]: Symbol pin or wire end off connection grid
    ; warning
    @(508.635 mm, 1617.345 mm): Horizontal Wire, length 186.69 mm
[endpoint_off_grid]: Symbol pin or wire end off connection grid
    ; warning
    @(508.635 mm, 1724.66 mm): Vertical Wire, length 20.955 mm
[endpoint_off_grid]: Symbol pin or wire end off connection grid
    ; warning
    @(515.62 mm, 1724.66 mm): Horizontal Wire, length 6.985 mm
[endpoint_off_grid]: Symbol pin or wire end off connection grid
    ; warning
    @(508.635 mm, 1745.615 mm): Horizontal Wire, length 186.69 mm
[endpoint_off_grid]: Symbol pin or wire end off connection grid
    ; warning
    @(509.905 mm, 1520.825 mm): Vertical Wire, length 2.54 mm
[endpoint_off_grid]: Symbol pin or wire end off connection grid
    ; warning
    @(509.905 mm, 1523.365 mm): Vertical Wire, length 1.27 mm
[endpoint_off_grid]: Symbol pin or wire end off connection grid
    ; warning
    @(509.905 mm, 1524.635 mm): Symbol C_XU_3V3_OK_VDD Pin 1 [Passive, Line]
[footprint_link_issues]: The current configuration does not include the footprint library 'Capacitor_SMD'
    ; warning
    @(509.905 mm, 1528.445 mm): Symbol C_XU_3V3_OK_VDD [SYM_C_XU_3V3_OK_VDD]
[lib_symbol_issues]: The current configuration does not include the symbol library 'elt'
    ; warning
    @(509.905 mm, 1528.445 mm): Symbol C_XU_3V3_OK_VDD [SYM_C_XU_3V3_OK_VDD]
[endpoint_off_grid]: Symbol pin or wire end off connection grid
    ; warning
    @(509.905 mm, 1532.255 mm): Symbol #PWR314 Hidden pin 1 [GND, Power input, Line]
[lib_symbol_issues]: The current configuration does not include the symbol library 'elt'
    ; warning
    @(509.905 mm, 1532.255 mm): Symbol #PWR314 [GND]
[endpoint_off_grid]: Symbol pin or wire end off connection grid
    ; warning
    @(509.905 mm, 2225.675 mm): Horizontal Wire, length 50.80 mm
[endpoint_off_grid]: Symbol pin or wire end off connection grid
    ; warning
    @(509.905 mm, 2228.215 mm): Vertical Wire, length 2.54 mm
[endpoint_off_grid]: Symbol pin or wire end off connection grid
    ; warning
    @(509.905 mm, 2229.485 mm): Vertical Wire, length 1.27 mm
[endpoint_off_grid]: Symbol pin or wire end off connection grid
    ; warning
    @(509.905 mm, 2229.485 mm): Symbol C_XU_VDD_5 Pin 1 [Passive, Line]
[footprint_link_issues]: The current configuration does not include the footprint library 'Capacitor_SMD'
    ; warning
    @(509.905 mm, 2233.295 mm): Symbol C_XU_VDD_5 [SYM_C_XU_VDD_5]
[lib_symbol_issues]: The current configuration does not include the symbol library 'elt'
    ; warning
    @(509.905 mm, 2233.295 mm): Symbol C_XU_VDD_5 [SYM_C_XU_VDD_5]
[endpoint_off_grid]: Symbol pin or wire end off connection grid
    ; warning
    @(509.905 mm, 2237.105 mm): Symbol #PWR324 Hidden pin 1 [GND, Power input, Line]
[lib_symbol_issues]: The current configuration does not include the symbol library 'elt'
    ; warning
    @(509.905 mm, 2237.105 mm): Symbol #PWR324 [GND]
[endpoint_off_grid]: Symbol pin or wire end off connection grid
    ; warning
    @(509.905 mm, 2289.175 mm): Horizontal Wire, length 50.80 mm
[endpoint_off_grid]: Symbol pin or wire end off connection grid
    ; warning
    @(509.905 mm, 2291.715 mm): Vertical Wire, length 2.54 mm
[endpoint_off_grid]: Symbol pin or wire end off connection grid
    ; warning
    @(509.905 mm, 2292.985 mm): Symbol C_XU_VDD_68 Pin 1 [Passive, Line]
[endpoint_off_grid]: Symbol pin or wire end off connection grid
    ; warning
    @(509.905 mm, 2292.985 mm): Vertical Wire, length 1.27 mm
[footprint_link_issues]: The current configuration does not include the footprint library 'Capacitor_SMD'
    ; warning
    @(509.905 mm, 2296.795 mm): Symbol C_XU_VDD_68 [SYM_C_XU_VDD_68]
[lib_symbol_issues]: The current configuration does not include the symbol library 'elt'
    ; warning
    @(509.905 mm, 2296.795 mm): Symbol C_XU_VDD_68 [SYM_C_XU_VDD_68]
[endpoint_off_grid]: Symbol pin or wire end off connection grid
    ; warning
    @(509.905 mm, 2300.605 mm): Symbol #PWR332 Hidden pin 1 [GND, Power input, Line]
[lib_symbol_issues]: The current configuration does not include the symbol library 'elt'
    ; warning
    @(509.905 mm, 2300.605 mm): Symbol #PWR332 [GND]
[endpoint_off_grid]: Symbol pin or wire end off connection grid
    ; warning
    @(509.905 mm, 2352.675 mm): Horizontal Wire, length 50.80 mm
[endpoint_off_grid]: Symbol pin or wire end off connection grid
    ; warning
    @(509.905 mm, 2355.215 mm): Vertical Wire, length 2.54 mm
[endpoint_off_grid]: Symbol pin or wire end off connection grid
    ; warning
    @(509.905 mm, 2356.485 mm): Vertical Wire, length 1.27 mm
[endpoint_off_grid]: Symbol pin or wire end off connection grid
    ; warning
    @(509.905 mm, 2356.485 mm): Symbol C_XU_VDDIO_17 Pin 1 [Passive, Line]
[footprint_link_issues]: The current configuration does not include the footprint library 'Capacitor_SMD'
    ; warning
    @(509.905 mm, 2360.295 mm): Symbol C_XU_VDDIO_17 [SYM_C_XU_VDDIO_17]
[lib_symbol_issues]: The current configuration does not include the symbol library 'elt'
    ; warning
    @(509.905 mm, 2360.295 mm): Symbol C_XU_VDDIO_17 [SYM_C_XU_VDDIO_17]
[endpoint_off_grid]: Symbol pin or wire end off connection grid
    ; warning
    @(509.905 mm, 2364.105 mm): Symbol #PWR340 Hidden pin 1 [GND, Power input, Line]
[lib_symbol_issues]: The current configuration does not include the symbol library 'elt'
    ; warning
    @(509.905 mm, 2364.105 mm): Symbol #PWR340 [GND]
[endpoint_off_grid]: Symbol pin or wire end off connection grid
    ; warning
    @(511.81 mm, 815.975 mm): Horizontal Wire, length 5.715 mm
[endpoint_off_grid]: Symbol pin or wire end off connection grid
    ; warning
    @(511.81 mm, 817.245 mm): Vertical Wire, length 1.27 mm
[endpoint_off_grid]: Symbol pin or wire end off connection grid
    ; warning
    @(511.81 mm, 817.245 mm): Symbol R_VMID1_TOP Pin 1 [Passive, Line]
[footprint_link_issues]: The current configuration does not include the footprint library 'Resistor_SMD'
    ; warning
    @(511.81 mm, 821.055 mm): Symbol R_VMID1_TOP [SYM_R_VMID1_TOP]
[lib_symbol_issues]: The current configuration does not include the symbol library 'elt'
    ; warning
    @(511.81 mm, 821.055 mm): Symbol R_VMID1_TOP [SYM_R_VMID1_TOP]
[endpoint_off_grid]: Symbol pin or wire end off connection grid
    ; warning
    @(511.81 mm, 833.755 mm): Vertical Wire, length 0.635 mm
[endpoint_off_grid]: Symbol pin or wire end off connection grid
    ; warning
    @(511.81 mm, 842.645 mm): Vertical Wire, length 8.89 mm
[endpoint_off_grid]: Symbol pin or wire end off connection grid
    ; warning
    @(511.81 mm, 842.645 mm): Symbol R_VMID1_BOT Pin 1 [Passive, Line]
[endpoint_off_grid]: Symbol pin or wire end off connection grid
    ; warning
    @(511.81 mm, 842.645 mm): Vertical Wire, length 17.78 mm
[footprint_link_issues]: The current configuration does not include the footprint library 'Resistor_SMD'
    ; warning
    @(511.81 mm, 846.455 mm): Symbol R_VMID1_BOT [SYM_R_VMID1_BOT]
[lib_symbol_issues]: The current configuration does not include the symbol library 'elt'
    ; warning
    @(511.81 mm, 846.455 mm): Symbol R_VMID1_BOT [SYM_R_VMID1_BOT]
[endpoint_off_grid]: Symbol pin or wire end off connection grid
    ; warning
    @(511.81 mm, 850.265 mm): Symbol #PWR227 Hidden pin 1 [GND, Power input, Line]
[lib_symbol_issues]: The current configuration does not include the symbol library 'elt'
    ; warning
    @(511.81 mm, 850.265 mm): Symbol #PWR227 [GND]
[endpoint_off_grid]: Symbol pin or wire end off connection grid
    ; warning
    @(511.81 mm, 879.475 mm): Horizontal Wire, length 5.715 mm
[endpoint_off_grid]: Symbol pin or wire end off connection grid
    ; warning
    @(511.81 mm, 880.745 mm): Vertical Wire, length 1.27 mm
[endpoint_off_grid]: Symbol pin or wire end off connection grid
    ; warning
    @(511.81 mm, 880.745 mm): Symbol R_VMID2_TOP Pin 1 [Passive, Line]
[footprint_link_issues]: The current configuration does not include the footprint library 'Resistor_SMD'
    ; warning
    @(511.81 mm, 884.555 mm): Symbol R_VMID2_TOP [SYM_R_VMID2_TOP]
[lib_symbol_issues]: The current configuration does not include the symbol library 'elt'
    ; warning
    @(511.81 mm, 884.555 mm): Symbol R_VMID2_TOP [SYM_R_VMID2_TOP]
[endpoint_off_grid]: Symbol pin or wire end off connection grid
    ; warning
    @(511.81 mm, 888.365 mm): Vertical Wire, length 8.89 mm
[endpoint_off_grid]: Symbol pin or wire end off connection grid
    ; warning
    @(511.81 mm, 897.255 mm): Vertical Wire, length 0.635 mm
[endpoint_off_grid]: Symbol pin or wire end off connection grid
    ; warning
    @(511.81 mm, 906.145 mm): Symbol R_VMID2_BOT Pin 1 [Passive, Line]
[endpoint_off_grid]: Symbol pin or wire end off connection grid
    ; warning
    @(511.81 mm, 906.145 mm): Vertical Wire, length 17.78 mm
[footprint_link_issues]: The current configuration does not include the footprint library 'Resistor_SMD'
    ; warning
    @(511.81 mm, 909.955 mm): Symbol R_VMID2_BOT [SYM_R_VMID2_BOT]
[lib_symbol_issues]: The current configuration does not include the symbol library 'elt'
    ; warning
    @(511.81 mm, 909.955 mm): Symbol R_VMID2_BOT [SYM_R_VMID2_BOT]
[endpoint_off_grid]: Symbol pin or wire end off connection grid
    ; warning
    @(511.81 mm, 913.765 mm): Symbol #PWR230 Hidden pin 1 [GND, Power input, Line]
[lib_symbol_issues]: The current configuration does not include the symbol library 'elt'
    ; warning
    @(511.81 mm, 913.765 mm): Symbol #PWR230 [GND]
[endpoint_off_grid]: Symbol pin or wire end off connection grid
    ; warning
    @(512.445 mm, 699.77 mm): Horizontal Wire, length 38.10 mm
[endpoint_off_grid]: Symbol pin or wire end off connection grid
    ; warning
    @(512.445 mm, 701.04 mm): Horizontal Wire, length 1.27 mm
[endpoint_off_grid]: Symbol pin or wire end off connection grid
    ; warning
    @(512.445 mm, 702.31 mm): Vertical Wire, length 2.54 mm
[endpoint_off_grid]: Symbol pin or wire end off connection grid
    ; warning
    @(512.445 mm, 702.945 mm): Symbol C_ADC_A_AVDD_10U Pin 1 [Passive, Line]
[endpoint_off_grid]: Symbol pin or wire end off connection grid
    ; warning
    @(512.445 mm, 702.945 mm): Vertical Wire, length 0.635 mm
[footprint_link_issues]: The current configuration does not include the footprint library 'Capacitor_SMD'
    ; warning
    @(512.445 mm, 706.755 mm): Symbol C_ADC_A_AVDD_10U [SYM_C_ADC_A_AVDD_10U]
[lib_symbol_issues]: The current configuration does not include the symbol library 'elt'
    ; warning
    @(512.445 mm, 706.755 mm): Symbol C_ADC_A_AVDD_10U [SYM_C_ADC_A_AVDD_10U]
[endpoint_off_grid]: Symbol pin or wire end off connection grid
    ; warning
    @(512.445 mm, 710.565 mm): Symbol #PWR237 Hidden pin 1 [GND, Power input, Line]
[lib_symbol_issues]: The current configuration does not include the symbol library 'elt'
    ; warning
    @(512.445 mm, 710.565 mm): Symbol #PWR237 [GND]
[endpoint_off_grid]: Symbol pin or wire end off connection grid
    ; warning
    @(512.445 mm, 737.87 mm): Horizontal Wire, length 38.10 mm
[endpoint_off_grid]: Symbol pin or wire end off connection grid
    ; warning
    @(512.445 mm, 740.41 mm): Vertical Wire, length 2.54 mm
[endpoint_off_grid]: Symbol pin or wire end off connection grid
    ; warning
    @(512.445 mm, 741.045 mm): Symbol C_ADC_A_AREG_1U Pin 1 [Passive, Line]
[endpoint_off_grid]: Symbol pin or wire end off connection grid
    ; warning
    @(512.445 mm, 741.045 mm): Vertical Wire, length 0.635 mm
[footprint_link_issues]: The current configuration does not include the footprint library 'Capacitor_SMD'
    ; warning
    @(512.445 mm, 744.855 mm): Symbol C_ADC_A_AREG_1U [SYM_C_ADC_A_AREG_1U]
[lib_symbol_issues]: The current configuration does not include the symbol library 'elt'
    ; warning
    @(512.445 mm, 744.855 mm): Symbol C_ADC_A_AREG_1U [SYM_C_ADC_A_AREG_1U]
[endpoint_off_grid]: Symbol pin or wire end off connection grid
    ; warning
    @(512.445 mm, 748.665 mm): Symbol #PWR241 Hidden pin 1 [GND, Power input, Line]
[lib_symbol_issues]: The current configuration does not include the symbol library 'elt'
    ; warning
    @(512.445 mm, 748.665 mm): Symbol #PWR241 [GND]
[endpoint_off_grid]: Symbol pin or wire end off connection grid
    ; warning
    @(512.445 mm, 775.97 mm): Horizontal Wire, length 38.10 mm
[endpoint_off_grid]: Symbol pin or wire end off connection grid
    ; warning
    @(512.445 mm, 777.24 mm): Horizontal Wire, length 1.27 mm
[endpoint_off_grid]: Symbol pin or wire end off connection grid
    ; warning
    @(512.445 mm, 778.51 mm): Vertical Wire, length 2.54 mm
[endpoint_off_grid]: Symbol pin or wire end off connection grid
    ; warning
    @(512.445 mm, 779.145 mm): Vertical Wire, length 0.635 mm
[endpoint_off_grid]: Symbol pin or wire end off connection grid
    ; warning
    @(512.445 mm, 779.145 mm): Symbol C_ADC_A_DREG_1U Pin 1 [Passive, Line]
[footprint_link_issues]: The current configuration does not include the footprint library 'Capacitor_SMD'
    ; warning
    @(512.445 mm, 782.955 mm): Symbol C_ADC_A_DREG_1U [SYM_C_ADC_A_DREG_1U]
[lib_symbol_issues]: The current configuration does not include the symbol library 'elt'
    ; warning
    @(512.445 mm, 782.955 mm): Symbol C_ADC_A_DREG_1U [SYM_C_ADC_A_DREG_1U]
[endpoint_off_grid]: Symbol pin or wire end off connection grid
    ; warning
    @(512.445 mm, 786.765 mm): Symbol #PWR245 Hidden pin 1 [GND, Power input, Line]
[lib_symbol_issues]: The current configuration does not include the symbol library 'elt'
    ; warning
    @(512.445 mm, 786.765 mm): Symbol #PWR245 [GND]
[endpoint_off_grid]: Symbol pin or wire end off connection grid
    ; warning
    @(513.08 mm, 1585.595 mm): Horizontal Wire, length 34.29 mm
[endpoint_off_grid]: Symbol pin or wire end off connection grid
    ; warning
    @(513.08 mm, 1593.85 mm): Vertical Wire, length 8.255 mm
[endpoint_off_grid]: Symbol pin or wire end off connection grid
    ; warning
    @(513.08 mm, 1993.265 mm): Vertical Wire, length 16.51 mm
[endpoint_off_grid]: Symbol pin or wire end off connection grid
    ; warning
    @(513.08 mm, 2009.775 mm): Horizontal Wire, length 15.24 mm
[endpoint_off_grid]: Symbol pin or wire end off connection grid
    ; warning
    @(514.35 mm, 1400.175 mm): Vertical Wire, length 20.955 mm
[lib_symbol_issues]: The current configuration does not include the symbol library 'elt'
    ; warning
    @(515.62 mm, 1598.93 mm): Symbol #PWR294 [GND]
[lib_symbol_issues]: The current configuration does not include the symbol library 'elt'
    ; warning
    @(515.62 mm, 1727.20 mm): Symbol #PWR300 [GND]
[endpoint_off_grid]: Symbol pin or wire end off connection grid
    ; warning
    @(517.525 mm, 1628.14 mm): Horizontal Wire, length 38.10 mm
[endpoint_off_grid]: Symbol pin or wire end off connection grid
    ; warning
    @(517.525 mm, 1630.68 mm): Vertical Wire, length 2.54 mm
[endpoint_off_grid]: Symbol pin or wire end off connection grid
    ; warning
    @(517.525 mm, 1631.95 mm): Symbol C_U_1V8_IN_1 Pin 1 [Passive, Line]
[endpoint_off_grid]: Symbol pin or wire end off connection grid
    ; warning
    @(517.525 mm, 1631.95 mm): Vertical Wire, length 1.27 mm
[footprint_link_issues]: The current configuration does not include the footprint library 'Capacitor_SMD'
    ; warning
    @(517.525 mm, 1635.76 mm): Symbol C_U_1V8_IN_1 [SYM_C_U_1V8_IN_1]
[lib_symbol_issues]: The current configuration does not include the symbol library 'elt'
    ; warning
    @(517.525 mm, 1635.76 mm): Symbol C_U_1V8_IN_1 [SYM_C_U_1V8_IN_1]
[endpoint_off_grid]: Symbol pin or wire end off connection grid
    ; warning
    @(517.525 mm, 1639.57 mm): Symbol #PWR296 Hidden pin 1 [GND, Power input, Line]
[lib_symbol_issues]: The current configuration does not include the symbol library 'elt'
    ; warning
    @(517.525 mm, 1639.57 mm): Symbol #PWR296 [GND]
[endpoint_off_grid]: Symbol pin or wire end off connection grid
    ; warning
    @(517.525 mm, 1756.41 mm): Horizontal Wire, length 38.10 mm
[endpoint_off_grid]: Symbol pin or wire end off connection grid
    ; warning
    @(517.525 mm, 1758.95 mm): Vertical Wire, length 2.54 mm
[endpoint_off_grid]: Symbol pin or wire end off connection grid
    ; warning
    @(517.525 mm, 1760.22 mm): Vertical Wire, length 1.27 mm
[endpoint_off_grid]: Symbol pin or wire end off connection grid
    ; warning
    @(517.525 mm, 1760.22 mm): Symbol C_U_CORE_IN_1 Pin 1 [Passive, Line]
[footprint_link_issues]: The current configuration does not include the footprint library 'Capacitor_SMD'
    ; warning
    @(517.525 mm, 1764.03 mm): Symbol C_U_CORE_IN_1 [SYM_C_U_CORE_IN_1]
[lib_symbol_issues]: The current configuration does not include the symbol library 'elt'
    ; warning
    @(517.525 mm, 1764.03 mm): Symbol C_U_CORE_IN_1 [SYM_C_U_CORE_IN_1]
[endpoint_off_grid]: Symbol pin or wire end off connection grid
    ; warning
    @(517.525 mm, 1767.84 mm): Symbol #PWR302 Hidden pin 1 [GND, Power input, Line]
[lib_symbol_issues]: The current configuration does not include the symbol library 'elt'
    ; warning
    @(517.525 mm, 1767.84 mm): Symbol #PWR302 [GND]
[endpoint_off_grid]: Symbol pin or wire end off connection grid
    ; warning
    @(517.525 mm, 1808.48 mm): Horizontal Wire, length 5.715 mm
[endpoint_off_grid]: Symbol pin or wire end off connection grid
    ; warning
    @(517.525 mm, 1809.75 mm): Vertical Wire, length 1.27 mm
[endpoint_off_grid]: Symbol pin or wire end off connection grid
    ; warning
    @(517.525 mm, 1811.02 mm): Symbol C_CORE_OK Pin 1 [Passive, Line]
[endpoint_off_grid]: Symbol pin or wire end off connection grid
    ; warning
    @(517.525 mm, 1811.02 mm): Vertical Wire, length 1.27 mm
[footprint_link_issues]: The current configuration does not include the footprint library 'Capacitor_SMD'
    ; warning
    @(517.525 mm, 1814.83 mm): Symbol C_CORE_OK [SYM_C_CORE_OK]
[lib_symbol_issues]: The current configuration does not include the symbol library 'elt'
    ; warning
    @(517.525 mm, 1814.83 mm): Symbol C_CORE_OK [SYM_C_CORE_OK]
[endpoint_off_grid]: Symbol pin or wire end off connection grid
    ; warning
    @(517.525 mm, 1818.64 mm): Symbol #PWR311 Hidden pin 1 [GND, Power input, Line]
[lib_symbol_issues]: The current configuration does not include the symbol library 'elt'
    ; warning
    @(517.525 mm, 1818.64 mm): Symbol #PWR311 [GND]
[endpoint_off_grid]: Symbol pin or wire end off connection grid
    ; warning
    @(518.16 mm, 1397.635 mm): Vertical Wire, length 8.255 mm
[footprint_link_issues]: The current configuration does not include the footprint library 'Resistor_SMD'
    ; warning
    @(519.43 mm, 1242.06 mm): Symbol R_ADC_START_DELAY [SYM_R_ADC_START_DELAY]
[lib_symbol_issues]: The current configuration does not include the symbol library 'elt'
    ; warning
    @(519.43 mm, 1242.06 mm): Symbol R_ADC_START_DELAY [SYM_R_ADC_START_DELAY]
[endpoint_off_grid]: Symbol pin or wire end off connection grid
    ; warning
    @(519.43 mm, 1975.485 mm): Vertical Wire, length 5.08 mm
[endpoint_off_grid]: Symbol pin or wire end off connection grid
    ; warning
    @(519.43 mm, 1980.565 mm): Horizontal Wire, length 6.35 mm
[endpoint_off_grid]: Symbol pin or wire end off connection grid
    ; warning
    @(520.70 mm, 1011.555 mm): Horizontal Wire, length 16.51 mm
[endpoint_off_grid]: Symbol pin or wire end off connection grid
    ; warning
    @(520.70 mm, 1397.635 mm): Symbol U_3V3X Pin 1 [EN, Passive, Line]
[endpoint_off_grid]: Symbol pin or wire end off connection grid
    ; warning
    @(520.70 mm, 1397.635 mm): Horizontal Wire, length 2.54 mm
[endpoint_off_grid]: Symbol pin or wire end off connection grid
    ; warning
    @(520.70 mm, 1400.175 mm): Horizontal Wire, length 6.35 mm
[endpoint_off_grid]: Symbol pin or wire end off connection grid
    ; warning
    @(520.70 mm, 1402.715 mm): Symbol #PWR288 Hidden pin 1 [GND, Power input, Line]
[lib_symbol_issues]: The current configuration does not include the symbol library 'elt'
    ; warning
    @(520.70 mm, 1402.715 mm): Symbol #PWR288 [GND]
[endpoint_off_grid]: Symbol pin or wire end off connection grid
    ; warning
    @(521.335 mm, 942.34 mm): Horizontal Wire, length 5.715 mm
[endpoint_off_grid]: Symbol pin or wire end off connection grid
    ; warning
    @(521.335 mm, 943.61 mm): Vertical Wire, length 1.27 mm
[endpoint_off_grid]: Symbol pin or wire end off connection grid
    ; warning
    @(521.335 mm, 943.61 mm): Symbol R_ADC_1V8_OK_TOP Pin 1 [Passive, Line]
[footprint_link_issues]: The current configuration does not include the footprint library 'Resistor_SMD'
    ; warning
    @(521.335 mm, 947.42 mm): Symbol R_ADC_1V8_OK_TOP [SYM_R_ADC_1V8_OK_TOP]
[lib_symbol_issues]: The current configuration does not include the symbol library 'elt'
    ; warning
    @(521.335 mm, 947.42 mm): Symbol R_ADC_1V8_OK_TOP [SYM_R_ADC_1V8_OK_TOP]
[endpoint_off_grid]: Symbol pin or wire end off connection grid
    ; warning
    @(521.335 mm, 951.23 mm): Vertical Wire, length 1.27 mm
[endpoint_off_grid]: Symbol pin or wire end off connection grid
    ; warning
    @(521.335 mm, 952.50 mm): Horizontal Wire, length 5.715 mm
[endpoint_off_grid]: Symbol pin or wire end off connection grid
    ; warning
    @(521.335 mm, 983.615 mm): Horizontal Wire, length 39.37 mm
[endpoint_off_grid]: Symbol pin or wire end off connection grid
    ; warning
    @(521.335 mm, 986.155 mm): Vertical Wire, length 2.54 mm
[footprint_link_issues]: The current configuration does not include the footprint library 'Package_TO_SOT_SMD'
    ; warning
    @(521.335 mm, 998.22 mm): Symbol U_RST1 [SYM_U_RST1]
[lib_symbol_issues]: The current configuration does not include the symbol library 'elt'
    ; warning
    @(521.335 mm, 998.22 mm): Symbol U_RST1 [SYM_U_RST1]
[endpoint_off_grid]: Symbol pin or wire end off connection grid
    ; warning
    @(521.335 mm, 1010.92 mm): Symbol #PWR260 Hidden pin 1 [GND, Power input, Line]
[endpoint_off_grid]: Symbol pin or wire end off connection grid
    ; warning
    @(521.335 mm, 1010.92 mm): Symbol U_RST1 Pin 1 [GND, Passive, Line]
[lib_symbol_issues]: The current configuration does not include the symbol library 'elt'
    ; warning
    @(521.335 mm, 1010.92 mm): Symbol #PWR260 [GND]
[endpoint_off_grid]: Symbol pin or wire end off connection grid
    ; warning
    @(521.335 mm, 1043.305 mm): Horizontal Wire, length 1.27 mm
[endpoint_off_grid]: Symbol pin or wire end off connection grid
    ; warning
    @(521.335 mm, 1044.575 mm): Vertical Wire, length 1.27 mm
[endpoint_off_grid]: Symbol pin or wire end off connection grid
    ; warning
    @(521.335 mm, 1045.21 mm): Vertical Wire, length 0.635 mm
[endpoint_off_grid]: Symbol pin or wire end off connection grid
    ; warning
    @(521.335 mm, 1045.21 mm): Symbol C_RST1 Pin 1 [Passive, Line]
[footprint_link_issues]: The current configuration does not include the footprint library 'Capacitor_SMD'
    ; warning
    @(521.335 mm, 1049.02 mm): Symbol C_RST1 [SYM_C_RST1]
[lib_symbol_issues]: The current configuration does not include the symbol library 'elt'
    ; warning
    @(521.335 mm, 1049.02 mm): Symbol C_RST1 [SYM_C_RST1]
[endpoint_off_grid]: Symbol pin or wire end off connection grid
    ; warning
    @(521.335 mm, 1052.83 mm): Symbol #PWR261 Hidden pin 1 [GND, Power input, Line]
[lib_symbol_issues]: The current configuration does not include the symbol library 'elt'
    ; warning
    @(521.335 mm, 1052.83 mm): Symbol #PWR261 [GND]
[endpoint_off_grid]: Symbol pin or wire end off connection grid
    ; warning
    @(521.335 mm, 1082.04 mm): Horizontal Wire, length 5.715 mm
[endpoint_off_grid]: Symbol pin or wire end off connection grid
    ; warning
    @(521.335 mm, 1083.31 mm): Vertical Wire, length 1.27 mm
[endpoint_off_grid]: Symbol pin or wire end off connection grid
    ; warning
    @(521.335 mm, 1083.31 mm): Symbol R_ADC_1V8_OK_BOT Pin 1 [Passive, Line]
[footprint_link_issues]: The current configuration does not include the footprint library 'Resistor_SMD'
    ; warning
    @(521.335 mm, 1087.12 mm): Symbol R_ADC_1V8_OK_BOT [SYM_R_ADC_1V8_OK_BOT]
[lib_symbol_issues]: The current configuration does not include the symbol library 'elt'
    ; warning
    @(521.335 mm, 1087.12 mm): Symbol R_ADC_1V8_OK_BOT [SYM_R_ADC_1V8_OK_BOT]
[endpoint_off_grid]: Symbol pin or wire end off connection grid
    ; warning
    @(521.335 mm, 1090.93 mm): Symbol #PWR262 Hidden pin 1 [GND, Power input, Line]
[lib_symbol_issues]: The current configuration does not include the symbol library 'elt'
    ; warning
    @(521.335 mm, 1090.93 mm): Symbol #PWR262 [GND]
[footprint_link_issues]: The current configuration does not include the footprint library 'crow_usb_digital'
    ; warning
    @(521.335 mm, 2672.08 mm): Symbol Y_AUDIO [SYM_Y_AUDIO]
[lib_symbol_issues]: The current configuration does not include the symbol library 'elt'
    ; warning
    @(521.335 mm, 2672.08 mm): Symbol Y_AUDIO [SYM_Y_AUDIO]
[lib_symbol_issues]: The current configuration does not include the symbol library 'elt'
    ; warning
    @(521.97 mm, 116.84 mm): Symbol #PWR55 [GND]
[lib_symbol_issues]: The current configuration does not include the symbol library 'elt'
    ; warning
    @(521.97 mm, 297.18 mm): Symbol #PWR62 [GND]
[endpoint_off_grid]: Symbol pin or wire end off connection grid
    ; warning
    @(521.97 mm, 478.155 mm): Symbol #PWR69 Hidden pin 1 [GND, Power input, Line]
[lib_symbol_issues]: The current configuration does not include the symbol library 'elt'
    ; warning
    @(521.97 mm, 478.155 mm): Symbol #PWR69 [GND]
[endpoint_off_grid]: Symbol pin or wire end off connection grid
    ; warning
    @(521.97 mm, 1011.555 mm): Horizontal Wire, length 1.27 mm
[endpoint_off_grid]: Symbol pin or wire end off connection grid
    ; warning
    @(522.605 mm, 1011.555 mm): Horizontal Wire, length 0.635 mm
[endpoint_off_grid]: Symbol pin or wire end off connection grid
    ; warning
    @(522.605 mm, 1043.305 mm): Vertical Wire, length 31.75 mm
[endpoint_off_grid]: Symbol pin or wire end off connection grid
    ; warning
    @(522.605 mm, 1431.925 mm): Horizontal Wire, length 38.10 mm
[endpoint_off_grid]: Symbol pin or wire end off connection grid
    ; warning
    @(522.605 mm, 1434.465 mm): Vertical Wire, length 2.54 mm
[endpoint_off_grid]: Symbol pin or wire end off connection grid
    ; warning
    @(522.605 mm, 1435.735 mm): Vertical Wire, length 1.27 mm
[endpoint_off_grid]: Symbol pin or wire end off connection grid
    ; warning
    @(522.605 mm, 1435.735 mm): Symbol C_U_3V3X_IN_1 Pin 1 [Passive, Line]
[footprint_link_issues]: The current configuration does not include the footprint library 'Capacitor_SMD'
    ; warning
    @(522.605 mm, 1439.545 mm): Symbol C_U_3V3X_IN_1 [SYM_C_U_3V3X_IN_1]
[lib_symbol_issues]: The current configuration does not include the symbol library 'elt'
    ; warning
    @(522.605 mm, 1439.545 mm): Symbol C_U_3V3X_IN_1 [SYM_C_U_3V3X_IN_1]
[endpoint_off_grid]: Symbol pin or wire end off connection grid
    ; warning
    @(522.605 mm, 1443.355 mm): Symbol #PWR290 Hidden pin 1 [GND, Power input, Line]
[lib_symbol_issues]: The current configuration does not include the symbol library 'elt'
    ; warning
    @(522.605 mm, 1443.355 mm): Symbol #PWR290 [GND]
[endpoint_off_grid]: Symbol pin or wire end off connection grid
    ; warning
    @(523.24 mm, 427.355 mm): Horizontal Wire, length 2.54 mm
[endpoint_off_grid]: Symbol pin or wire end off connection grid
    ; warning
    @(523.24 mm, 429.895 mm): Vertical Wire, length 2.54 mm
[footprint_link_issues]: The current configuration does not include the footprint library 'crow_usb_analog'
    ; warning
    @(524.51 mm, 92.71 mm): Symbol J6 [SYM_J6]
[lib_symbol_issues]: The current configuration does not include the symbol library 'elt'
    ; warning
    @(524.51 mm, 92.71 mm): Symbol J6 [SYM_J6]
[lib_symbol_issues]: The current configuration does not include the symbol library 'elt'
    ; warning
    @(524.51 mm, 116.84 mm): Symbol #PWR56 [GND]
[footprint_link_issues]: The current configuration does not include the footprint library 'crow_usb_analog'
    ; warning
    @(524.51 mm, 273.05 mm): Symbol J7 [SYM_J7]
[lib_symbol_issues]: The current configuration does not include the symbol library 'elt'
    ; warning
    @(524.51 mm, 273.05 mm): Symbol J7 [SYM_J7]
[lib_symbol_issues]: The current configuration does not include the symbol library 'elt'
    ; warning
    @(524.51 mm, 297.18 mm): Symbol #PWR63 [GND]
[footprint_link_issues]: The current configuration does not include the footprint library 'crow_usb_analog'
    ; warning
    @(524.51 mm, 454.025 mm): Symbol J8 [SYM_J8]
[lib_symbol_issues]: The current configuration does not include the symbol library 'elt'
    ; warning
    @(524.51 mm, 454.025 mm): Symbol J8 [SYM_J8]
[endpoint_off_grid]: Symbol pin or wire end off connection grid
    ; warning
    @(524.51 mm, 478.155 mm): Symbol #PWR70 Hidden pin 1 [GND, Power input, Line]
[lib_symbol_issues]: The current configuration does not include the symbol library 'elt'
    ; warning
    @(524.51 mm, 478.155 mm): Symbol #PWR70 [GND]
[endpoint_off_grid]: Symbol pin or wire end off connection grid
    ; warning
    @(524.51 mm, 2078.355 mm): Vertical Wire, length 2.54 mm
[footprint_link_issues]: The current configuration does not include the footprint library 'Package_SO'
    ; warning
    @(525.145 mm, 2579.37 mm): Symbol U_FLASH [SYM_U_FLASH]
[lib_symbol_issues]: The current configuration does not include the symbol library 'elt'
    ; warning
    @(525.145 mm, 2579.37 mm): Symbol U_FLASH [SYM_U_FLASH]
[endpoint_off_grid]: Symbol pin or wire end off connection grid
    ; warning
    @(525.78 mm, 427.355 mm): Vertical Wire, length 2.54 mm
[endpoint_off_grid]: Symbol pin or wire end off connection grid
    ; warning
    @(525.78 mm, 1964.055 mm): Vertical Wire, length 11.43 mm
[endpoint_off_grid]: Symbol pin or wire end off connection grid
    ; warning
    @(525.78 mm, 1975.485 mm): Horizontal Wire, length 6.35 mm
[endpoint_off_grid]: Symbol pin or wire end off connection grid
    ; warning
    @(525.78 mm, 1980.565 mm): Vertical Wire, length 12.70 mm
[endpoint_off_grid]: Symbol pin or wire end off connection grid
    ; warning
    @(525.78 mm, 1993.265 mm): Horizontal Wire, length 12.70 mm
[endpoint_off_grid]: Symbol pin or wire end off connection grid
    ; warning
    @(526.415 mm, 2078.355 mm): Horizontal Wire, length 1.27 mm
[endpoint_off_grid]: Symbol pin or wire end off connection grid
    ; warning
    @(526.415 mm, 2078.355 mm): Horizontal Wire, length 22.225 mm
[endpoint_off_grid]: Symbol pin or wire end off connection grid
    ; warning
    @(526.415 mm, 2087.245 mm): Horizontal Wire, length 22.225 mm
[lib_symbol_issues]: The current configuration does not include the symbol library 'elt'
    ; warning
    @(527.05 mm, 116.84 mm): Symbol #PWR57 [GND]
[lib_symbol_issues]: The current configuration does not include the symbol library 'elt'
    ; warning
    @(527.05 mm, 297.18 mm): Symbol #PWR64 [GND]
[endpoint_off_grid]: Symbol pin or wire end off connection grid
    ; warning
    @(527.05 mm, 478.155 mm): Symbol #PWR71 Hidden pin 1 [GND, Power input, Line]
[lib_symbol_issues]: The current configuration does not include the symbol library 'elt'
    ; warning
    @(527.05 mm, 478.155 mm): Symbol #PWR71 [GND]
[endpoint_off_grid]: Symbol pin or wire end off connection grid
    ; warning
    @(527.685 mm, 2078.355 mm): Horizontal Wire, length 0.635 mm
[endpoint_off_grid]: Symbol pin or wire end off connection grid
    ; warning
    @(527.685 mm, 2078.355 mm): Horizontal Wire, length 1.27 mm
[endpoint_off_grid]: Symbol pin or wire end off connection grid
    ; warning
    @(527.685 mm, 2087.245 mm): Horizontal Wire, length 1.27 mm
[endpoint_off_grid]: Symbol pin or wire end off connection grid
    ; warning
    @(528.32 mm, 1964.055 mm): Horizontal Wire, length 2.54 mm
[endpoint_off_grid]: Symbol pin or wire end off connection grid
    ; warning
    @(528.32 mm, 2064.385 mm): Horizontal Wire, length 2.54 mm
[endpoint_off_grid]: Symbol pin or wire end off connection grid
    ; warning
    @(528.32 mm, 2078.355 mm): Horizontal Wire, length 0.635 mm
[endpoint_off_grid]: Symbol pin or wire end off connection grid
    ; warning
    @(528.32 mm, 2087.245 mm): Horizontal Wire, length 0.635 mm
[lib_symbol_issues]: The current configuration does not include the symbol library 'elt'
    ; warning
    @(528.32 mm, 2105.66 mm): Symbol #PWR323 [GND]
[endpoint_off_grid]: Symbol pin or wire end off connection grid
    ; warning
    @(529.59 mm, 503.555 mm): Symbol U_ESD8 Pin 1 [NC1, Passive, Line]
[footprint_link_issues]: The current configuration does not include the footprint library 'crow_usb_digital'
    ; warning
    @(530.225 mm, 1597.66 mm): Symbol U_1V8 [SYM_U_1V8]
[lib_symbol_issues]: The current configuration does not include the symbol library 'elt'
    ; warning
    @(530.225 mm, 1597.66 mm): Symbol U_1V8 [SYM_U_1V8]
[endpoint_off_grid]: Symbol pin or wire end off connection grid
    ; warning
    @(530.225 mm, 1678.94 mm): Vertical Wire, length 2.54 mm
[endpoint_off_grid]: Symbol pin or wire end off connection grid
    ; warning
    @(530.225 mm, 1681.48 mm): Vertical Wire, length 1.27 mm
[endpoint_off_grid]: Symbol pin or wire end off connection grid
    ; warning
    @(530.225 mm, 1682.75 mm): Symbol C_1V8_OK_VDD Pin 1 [Passive, Line]
[footprint_link_issues]: The current configuration does not include the footprint library 'Capacitor_SMD'
    ; warning
    @(530.225 mm, 1686.56 mm): Symbol C_1V8_OK_VDD [SYM_C_1V8_OK_VDD]
[lib_symbol_issues]: The current configuration does not include the symbol library 'elt'
    ; warning
    @(530.225 mm, 1686.56 mm): Symbol C_1V8_OK_VDD [SYM_C_1V8_OK_VDD]
[endpoint_off_grid]: Symbol pin or wire end off connection grid
    ; warning
    @(530.225 mm, 1690.37 mm): Symbol #PWR308 Hidden pin 1 [GND, Power input, Line]
[lib_symbol_issues]: The current configuration does not include the symbol library 'elt'
    ; warning
    @(530.225 mm, 1690.37 mm): Symbol #PWR308 [GND]
[footprint_link_issues]: The current configuration does not include the footprint library 'crow_usb_digital'
    ; warning
    @(530.225 mm, 1725.93 mm): Symbol U_CORE [SYM_U_CORE]
[lib_symbol_issues]: The current configuration does not include the symbol library 'elt'
    ; warning
    @(530.225 mm, 1725.93 mm): Symbol U_CORE [SYM_U_CORE]
[endpoint_off_grid]: Symbol pin or wire end off connection grid
    ; warning
    @(523.24 mm, 1242.06 mm): Horizontal Wire, length 9.525 mm
[endpoint_off_grid]: Symbol pin or wire end off connection grid
    ; warning
    @(532.765 mm, 1242.06 mm): Horizontal Wire, length 37.465 mm
[footprint_link_issues]: The current configuration does not include the footprint library 'crow_usb_digital'
    ; warning
    @(535.305 mm, 1401.445 mm): Symbol U_3V3X [SYM_U_3V3X]
[lib_symbol_issues]: The current configuration does not include the symbol library 'elt'
    ; warning
    @(535.305 mm, 1401.445 mm): Symbol U_3V3X [SYM_U_3V3X]
[endpoint_off_grid]: Symbol pin or wire end off connection grid
    ; warning
    @(537.845 mm, 2662.555 mm): Vertical Wire, length 8.255 mm
[endpoint_off_grid]: Symbol pin or wire end off connection grid
    ; warning
    @(537.845 mm, 2670.81 mm): Horizontal Wire, length 2.54 mm
[endpoint_off_grid]: Symbol pin or wire end off connection grid
    ; warning
    @(542.29 mm, 452.755 mm): Horizontal Wire, length 14.605 mm
[endpoint_off_grid]: Symbol pin or wire end off connection grid
    ; warning
    @(542.29 mm, 455.295 mm): Horizontal Wire, length 14.605 mm
[footprint_link_issues]: The current configuration does not include the footprint library 'Package_TO_SOT_SMD'
    ; warning
    @(543.56 mm, 143.51 mm): Symbol U_ESD6 [SYM_U_ESD6]
[lib_symbol_issues]: The current configuration does not include the symbol library 'elt'
    ; warning
    @(543.56 mm, 143.51 mm): Symbol U_ESD6 [SYM_U_ESD6]
[lib_symbol_issues]: The current configuration does not include the symbol library 'elt'
    ; warning
    @(543.56 mm, 152.40 mm): Symbol #PWR61 [GND]
[footprint_link_issues]: The current configuration does not include the footprint library 'Package_TO_SOT_SMD'
    ; warning
    @(543.56 mm, 323.85 mm): Symbol U_ESD7 [SYM_U_ESD7]
[lib_symbol_issues]: The current configuration does not include the symbol library 'elt'
    ; warning
    @(543.56 mm, 323.85 mm): Symbol U_ESD7 [SYM_U_ESD7]
[lib_symbol_issues]: The current configuration does not include the symbol library 'elt'
    ; warning
    @(543.56 mm, 332.74 mm): Symbol #PWR68 [GND]
[footprint_link_issues]: The current configuration does not include the footprint library 'Package_TO_SOT_SMD'
    ; warning
    @(543.56 mm, 504.825 mm): Symbol U_ESD8 [SYM_U_ESD8]
[lib_symbol_issues]: The current configuration does not include the symbol library 'elt'
    ; warning
    @(543.56 mm, 504.825 mm): Symbol U_ESD8 [SYM_U_ESD8]
[endpoint_off_grid]: Symbol pin or wire end off connection grid
    ; warning
    @(543.56 mm, 513.715 mm): Symbol #PWR75 Hidden pin 1 [GND, Power input, Line]
[lib_symbol_issues]: The current configuration does not include the symbol library 'elt'
    ; warning
    @(543.56 mm, 513.715 mm): Symbol #PWR75 [GND]
[endpoint_off_grid]: Symbol pin or wire end off connection grid
    ; warning
    @(544.195 mm, 1520.825 mm): Horizontal Wire, length 34.29 mm
[endpoint_off_grid]: Symbol pin or wire end off connection grid
    ; warning
    @(544.195 mm, 1539.875 mm): Vertical Wire, length 19.05 mm
[endpoint_off_grid]: Symbol pin or wire end off connection grid
    ; warning
    @(544.195 mm, 2818.765 mm): Symbol R_ADC_DATA_PD Pin 1 [Passive, Line]
[lib_symbol_issues]: The current configuration does not include the symbol library 'elt'
    ; warning
    @(544.83 mm, 1601.47 mm): Symbol #PWR295 [GND]
[lib_symbol_issues]: The current configuration does not include the symbol library 'elt'
    ; warning
    @(544.83 mm, 1729.74 mm): Symbol #PWR301 [GND]
[endpoint_off_grid]: Symbol pin or wire end off connection grid
    ; warning
    @(546.735 mm, 1826.26 mm): Vertical Wire, length 13.97 mm
[endpoint_off_grid]: Symbol pin or wire end off connection grid
    ; warning
    @(546.735 mm, 1840.23 mm): Horizontal Wire, length 74.93 mm
[endpoint_off_grid]: Symbol pin or wire end off connection grid
    ; warning
    @(546.735 mm, 2703.195 mm): Horizontal Wire, length 41.275 mm
[endpoint_off_grid]: Symbol pin or wire end off connection grid
    ; warning
    @(546.735 mm, 2705.735 mm): Symbol U_TDM_XLATE Pin 1 [VCCA, Passive, Line]
[endpoint_off_grid]: Symbol pin or wire end off connection grid
    ; warning
    @(546.735 mm, 2705.735 mm): Vertical Wire, length 2.54 mm
[endpoint_off_grid]: Symbol pin or wire end off connection grid
    ; warning
    @(546.735 mm, 2804.795 mm): Symbol #PWR363 Hidden pin 1 [GND, Power input, Line]
[lib_symbol_issues]: The current configuration does not include the symbol library 'elt'
    ; warning
    @(546.735 mm, 2804.795 mm): Symbol #PWR363 [GND]
[endpoint_off_grid]: Symbol pin or wire end off connection grid
    ; warning
    @(547.37 mm, 1585.595 mm): Vertical Wire, length 10.795 mm
[footprint_link_issues]: The current configuration does not include the footprint library 'Package_SO'
    ; warning
    @(548.005 mm, 2755.265 mm): Symbol U_TDM_XLATE [SYM_U_TDM_XLATE]
[lib_symbol_issues]: The current configuration does not include the symbol library 'elt'
    ; warning
    @(548.005 mm, 2755.265 mm): Symbol U_TDM_XLATE [SYM_U_TDM_XLATE]
[footprint_link_issues]: The current configuration does not include the footprint library 'Resistor_SMD'
    ; warning
    @(548.005 mm, 2818.765 mm): Symbol R_ADC_DATA_PD [SYM_R_ADC_DATA_PD]
[lib_symbol_issues]: The current configuration does not include the symbol library 'elt'
    ; warning
    @(548.005 mm, 2818.765 mm): Symbol R_ADC_DATA_PD [SYM_R_ADC_DATA_PD]
[endpoint_off_grid]: Symbol pin or wire end off connection grid
    ; warning
    @(549.275 mm, 1803.40 mm): Symbol U_CORE_OK Pin 1 [RESET_N, Passive, Line]
[endpoint_off_grid]: Symbol pin or wire end off connection grid
    ; warning
    @(549.275 mm, 1814.83 mm): Symbol #PWR310 Hidden pin 1 [GND, Power input, Line]
[lib_symbol_issues]: The current configuration does not include the symbol library 'elt'
    ; warning
    @(549.275 mm, 1814.83 mm): Symbol #PWR310 [GND]
[endpoint_off_grid]: Symbol pin or wire end off connection grid
    ; warning
    @(549.275 mm, 1826.26 mm): Horizontal Wire, length 2.54 mm
[endpoint_off_grid]: Symbol pin or wire end off connection grid
    ; warning
    @(549.275 mm, 2705.735 mm): Horizontal Wire, length 6.35 mm
[endpoint_off_grid]: Symbol pin or wire end off connection grid
    ; warning
    @(549.275 mm, 2804.795 mm): Symbol #PWR364 Hidden pin 1 [GND, Power input, Line]
[lib_symbol_issues]: The current configuration does not include the symbol library 'elt'
    ; warning
    @(549.275 mm, 2804.795 mm): Symbol #PWR364 [GND]
[endpoint_off_grid]: Symbol pin or wire end off connection grid
    ; warning
    @(549.91 mm, 838.835 mm): Horizontal Wire, length 31.75 mm
[endpoint_off_grid]: Symbol pin or wire end off connection grid
    ; warning
    @(549.91 mm, 838.835 mm): Horizontal Wire, length 10.16 mm
[endpoint_off_grid]: Symbol pin or wire end off connection grid
    ; warning
    @(549.91 mm, 841.375 mm): Vertical Wire, length 2.54 mm
[endpoint_off_grid]: Symbol pin or wire end off connection grid
    ; warning
    @(549.91 mm, 842.645 mm): Vertical Wire, length 1.27 mm
[endpoint_off_grid]: Symbol pin or wire end off connection grid
    ; warning
    @(549.91 mm, 842.645 mm): Symbol C_VMID1_EXT_10U Pin 1 [Passive, Line]
[footprint_link_issues]: The current configuration does not include the footprint library 'Capacitor_SMD'
    ; warning
    @(549.91 mm, 846.455 mm): Symbol C_VMID1_EXT_10U [SYM_C_VMID1_EXT_10U]
[lib_symbol_issues]: The current configuration does not include the symbol library 'elt'
    ; warning
    @(549.91 mm, 846.455 mm): Symbol C_VMID1_EXT_10U [SYM_C_VMID1_EXT_10U]
[endpoint_off_grid]: Symbol pin or wire end off connection grid
    ; warning
    @(549.91 mm, 850.265 mm): Symbol #PWR228 Hidden pin 1 [GND, Power input, Line]
[lib_symbol_issues]: The current configuration does not include the symbol library 'elt'
    ; warning
    @(549.91 mm, 850.265 mm): Symbol #PWR228 [GND]
[endpoint_off_grid]: Symbol pin or wire end off connection grid
    ; warning
    @(549.91 mm, 902.335 mm): Horizontal Wire, length 31.75 mm
[endpoint_off_grid]: Symbol pin or wire end off connection grid
    ; warning
    @(549.91 mm, 902.335 mm): Horizontal Wire, length 10.16 mm
[endpoint_off_grid]: Symbol pin or wire end off connection grid
    ; warning
    @(549.91 mm, 904.875 mm): Vertical Wire, length 2.54 mm
[endpoint_off_grid]: Symbol pin or wire end off connection grid
    ; warning
    @(549.91 mm, 906.145 mm): Symbol C_VMID2_EXT_10U Pin 1 [Passive, Line]
[endpoint_off_grid]: Symbol pin or wire end off connection grid
    ; warning
    @(549.91 mm, 906.145 mm): Vertical Wire, length 1.27 mm
[footprint_link_issues]: The current configuration does not include the footprint library 'Capacitor_SMD'
    ; warning
    @(549.91 mm, 909.955 mm): Symbol C_VMID2_EXT_10U [SYM_C_VMID2_EXT_10U]
[lib_symbol_issues]: The current configuration does not include the symbol library 'elt'
    ; warning
    @(549.91 mm, 909.955 mm): Symbol C_VMID2_EXT_10U [SYM_C_VMID2_EXT_10U]
[endpoint_off_grid]: Symbol pin or wire end off connection grid
    ; warning
    @(549.91 mm, 913.765 mm): Symbol #PWR231 Hidden pin 1 [GND, Power input, Line]
[lib_symbol_issues]: The current configuration does not include the symbol library 'elt'
    ; warning
    @(549.91 mm, 913.765 mm): Symbol #PWR231 [GND]
[endpoint_off_grid]: Symbol pin or wire end off connection grid
    ; warning
    @(549.91 mm, 1405.255 mm): Symbol #PWR289 Hidden pin 1 [GND, Power input, Line]
[lib_symbol_issues]: The current configuration does not include the symbol library 'elt'
    ; warning
    @(549.91 mm, 1405.255 mm): Symbol #PWR289 [GND]
[endpoint_off_grid]: Symbol pin or wire end off connection grid
    ; warning
    @(550.545 mm, 699.77 mm): Vertical Wire, length 2.54 mm
[endpoint_off_grid]: Symbol pin or wire end off connection grid
    ; warning
    @(550.545 mm, 702.31 mm): Vertical Wire, length 0.635 mm
[endpoint_off_grid]: Symbol pin or wire end off connection grid
    ; warning
    @(550.545 mm, 702.945 mm): Symbol C_ADC_A_AVDD_100N Pin 1 [Passive, Line]
[footprint_link_issues]: The current configuration does not include the footprint library 'Capacitor_SMD'
    ; warning
    @(550.545 mm, 706.755 mm): Symbol C_ADC_A_AVDD_100N [SYM_C_ADC_A_AVDD_100N]
[lib_symbol_issues]: The current configuration does not include the symbol library 'elt'
    ; warning
    @(550.545 mm, 706.755 mm): Symbol C_ADC_A_AVDD_100N [SYM_C_ADC_A_AVDD_100N]
[endpoint_off_grid]: Symbol pin or wire end off connection grid
    ; warning
    @(550.545 mm, 710.565 mm): Symbol #PWR238 Hidden pin 1 [GND, Power input, Line]
[lib_symbol_issues]: The current configuration does not include the symbol library 'elt'
    ; warning
    @(550.545 mm, 710.565 mm): Symbol #PWR238 [GND]
[endpoint_off_grid]: Symbol pin or wire end off connection grid
    ; warning
    @(550.545 mm, 737.87 mm): Vertical Wire, length 2.54 mm
[endpoint_off_grid]: Symbol pin or wire end off connection grid
    ; warning
    @(550.545 mm, 739.14 mm): Horizontal Wire, length 1.27 mm
[endpoint_off_grid]: Symbol pin or wire end off connection grid
    ; warning
    @(550.545 mm, 740.41 mm): Vertical Wire, length 0.635 mm
[endpoint_off_grid]: Symbol pin or wire end off connection grid
    ; warning
    @(550.545 mm, 741.045 mm): Symbol C_ADC_A_AREG_100N Pin 1 [Passive, Line]
[footprint_link_issues]: The current configuration does not include the footprint library 'Capacitor_SMD'
    ; warning
    @(550.545 mm, 744.855 mm): Symbol C_ADC_A_AREG_100N [SYM_C_ADC_A_AREG_100N]
[lib_symbol_issues]: The current configuration does not include the symbol library 'elt'
    ; warning
    @(550.545 mm, 744.855 mm): Symbol C_ADC_A_AREG_100N [SYM_C_ADC_A_AREG_100N]
[endpoint_off_grid]: Symbol pin or wire end off connection grid
    ; warning
    @(550.545 mm, 748.665 mm): Symbol #PWR242 Hidden pin 1 [GND, Power input, Line]
[lib_symbol_issues]: The current configuration does not include the symbol library 'elt'
    ; warning
    @(550.545 mm, 748.665 mm): Symbol #PWR242 [GND]
[endpoint_off_grid]: Symbol pin or wire end off connection grid
    ; warning
    @(550.545 mm, 775.97 mm): Vertical Wire, length 2.54 mm
[endpoint_off_grid]: Symbol pin or wire end off connection grid
    ; warning
    @(550.545 mm, 778.51 mm): Vertical Wire, length 0.635 mm
[endpoint_off_grid]: Symbol pin or wire end off connection grid
    ; warning
    @(550.545 mm, 779.145 mm): Symbol C_ADC_A_DREG_100N Pin 1 [Passive, Line]
[footprint_link_issues]: The current configuration does not include the footprint library 'Capacitor_SMD'
    ; warning
    @(550.545 mm, 782.955 mm): Symbol C_ADC_A_DREG_100N [SYM_C_ADC_A_DREG_100N]
[lib_symbol_issues]: The current configuration does not include the symbol library 'elt'
    ; warning
    @(550.545 mm, 782.955 mm): Symbol C_ADC_A_DREG_100N [SYM_C_ADC_A_DREG_100N]
[endpoint_off_grid]: Symbol pin or wire end off connection grid
    ; warning
    @(550.545 mm, 786.765 mm): Symbol #PWR246 Hidden pin 1 [GND, Power input, Line]
[lib_symbol_issues]: The current configuration does not include the symbol library 'elt'
    ; warning
    @(550.545 mm, 786.765 mm): Symbol #PWR246 [GND]
[endpoint_off_grid]: Symbol pin or wire end off connection grid
    ; warning
    @(551.815 mm, 2818.765 mm): Symbol #PWR368 Hidden pin 1 [GND, Power input, Line]
[lib_symbol_issues]: The current configuration does not include the symbol library 'elt'
    ; warning
    @(551.815 mm, 2818.765 mm): Symbol #PWR368 [GND]
[endpoint_off_grid]: Symbol pin or wire end off connection grid
    ; warning
    @(552.45 mm, 1389.38 mm): Vertical Wire, length 10.795 mm
[endpoint_off_grid]: Symbol pin or wire end off connection grid
    ; warning
    @(552.45 mm, 1400.175 mm): Horizontal Wire, length 2.54 mm
[endpoint_off_grid]: Symbol pin or wire end off connection grid
    ; warning
    @(554.355 mm, 1517.015 mm): Symbol U_XU_3V3_OK Pin 1 [SENSE, Passive, Line]
[endpoint_off_grid]: Symbol pin or wire end off connection grid
    ; warning
    @(554.355 mm, 1528.445 mm): Symbol #PWR313 Hidden pin 1 [GND, Power input, Line]
[lib_symbol_issues]: The current configuration does not include the symbol library 'elt'
    ; warning
    @(554.355 mm, 1528.445 mm): Symbol #PWR313 [GND]
[endpoint_off_grid]: Symbol pin or wire end off connection grid
    ; warning
    @(554.355 mm, 1539.875 mm): Horizontal Wire, length 10.16 mm
[endpoint_off_grid]: Symbol pin or wire end off connection grid
    ; warning
    @(555.625 mm, 1628.14 mm): Vertical Wire, length 2.54 mm
[endpoint_off_grid]: Symbol pin or wire end off connection grid
    ; warning
    @(555.625 mm, 1630.68 mm): Vertical Wire, length 1.27 mm
[endpoint_off_grid]: Symbol pin or wire end off connection grid
    ; warning
    @(555.625 mm, 1631.95 mm): Symbol C_U_1V8_IN_2 Pin 1 [Passive, Line]
[footprint_link_issues]: The current configuration does not include the footprint library 'Capacitor_SMD'
    ; warning
    @(555.625 mm, 1635.76 mm): Symbol C_U_1V8_IN_2 [SYM_C_U_1V8_IN_2]
[lib_symbol_issues]: The current configuration does not include the symbol library 'elt'
    ; warning
    @(555.625 mm, 1635.76 mm): Symbol C_U_1V8_IN_2 [SYM_C_U_1V8_IN_2]
[endpoint_off_grid]: Symbol pin or wire end off connection grid
    ; warning
    @(555.625 mm, 1639.57 mm): Symbol #PWR297 Hidden pin 1 [GND, Power input, Line]
[lib_symbol_issues]: The current configuration does not include the symbol library 'elt'
    ; warning
    @(555.625 mm, 1639.57 mm): Symbol #PWR297 [GND]
[endpoint_off_grid]: Symbol pin or wire end off connection grid
    ; warning
    @(555.625 mm, 1678.94 mm): Horizontal Wire, length 25.40 mm
[endpoint_off_grid]: Symbol pin or wire end off connection grid
    ; warning
    @(555.625 mm, 1685.29 mm): Vertical Wire, length 6.35 mm
[endpoint_off_grid]: Symbol pin or wire end off connection grid
    ; warning
    @(555.625 mm, 1756.41 mm): Vertical Wire, length 2.54 mm
[endpoint_off_grid]: Symbol pin or wire end off connection grid
    ; warning
    @(555.625 mm, 1758.95 mm): Vertical Wire, length 1.27 mm
[endpoint_off_grid]: Symbol pin or wire end off connection grid
    ; warning
    @(555.625 mm, 1760.22 mm): Symbol C_U_CORE_IN_2 Pin 1 [Passive, Line]
[footprint_link_issues]: The current configuration does not include the footprint library 'Capacitor_SMD'
    ; warning
    @(555.625 mm, 1764.03 mm): Symbol C_U_CORE_IN_2 [SYM_C_U_CORE_IN_2]
[lib_symbol_issues]: The current configuration does not include the symbol library 'elt'
    ; warning
    @(555.625 mm, 1764.03 mm): Symbol C_U_CORE_IN_2 [SYM_C_U_CORE_IN_2]
[endpoint_off_grid]: Symbol pin or wire end off connection grid
    ; warning
    @(555.625 mm, 1767.84 mm): Symbol #PWR303 Hidden pin 1 [GND, Power input, Line]
[lib_symbol_issues]: The current configuration does not include the symbol library 'elt'
    ; warning
    @(555.625 mm, 1767.84 mm): Symbol #PWR303 [GND]
[endpoint_off_grid]: Symbol pin or wire end off connection grid
    ; warning
    @(556.895 mm, 72.39 mm): Horizontal Wire, length 14.605 mm
[endpoint_off_grid]: Symbol pin or wire end off connection grid
    ; warning
    @(542.29 mm, 91.44 mm): Horizontal Wire, length 14.605 mm
[endpoint_off_grid]: Symbol pin or wire end off connection grid
    ; warning
    @(556.895 mm, 91.44 mm): Vertical Wire, length 19.05 mm
[endpoint_off_grid]: Symbol pin or wire end off connection grid
    ; warning
    @(542.29 mm, 93.98 mm): Horizontal Wire, length 14.605 mm
[endpoint_off_grid]: Symbol pin or wire end off connection grid
    ; warning
    @(556.895 mm, 93.98 mm): Vertical Wire, length 19.05 mm
[endpoint_off_grid]: Symbol pin or wire end off connection grid
    ; warning
    @(556.895 mm, 113.03 mm): Horizontal Wire, length 14.605 mm
[endpoint_off_grid]: Symbol pin or wire end off connection grid
    ; warning
    @(556.895 mm, 252.73 mm): Horizontal Wire, length 14.605 mm
[endpoint_off_grid]: Symbol pin or wire end off connection grid
    ; warning
    @(556.895 mm, 271.78 mm): Vertical Wire, length 19.05 mm
[endpoint_off_grid]: Symbol pin or wire end off connection grid
    ; warning
    @(542.29 mm, 271.78 mm): Horizontal Wire, length 14.605 mm
[endpoint_off_grid]: Symbol pin or wire end off connection grid
    ; warning
    @(556.895 mm, 274.32 mm): Vertical Wire, length 19.05 mm
[endpoint_off_grid]: Symbol pin or wire end off connection grid
    ; warning
    @(542.29 mm, 274.32 mm): Horizontal Wire, length 14.605 mm
[endpoint_off_grid]: Symbol pin or wire end off connection grid
    ; warning
    @(556.895 mm, 293.37 mm): Horizontal Wire, length 14.605 mm
[endpoint_off_grid]: Symbol pin or wire end off connection grid
    ; warning
    @(556.895 mm, 433.705 mm): Horizontal Wire, length 14.605 mm
[endpoint_off_grid]: Symbol pin or wire end off connection grid
    ; warning
    @(556.895 mm, 452.755 mm): Vertical Wire, length 19.05 mm
[endpoint_off_grid]: Symbol pin or wire end off connection grid
    ; warning
    @(556.895 mm, 455.295 mm): Vertical Wire, length 19.05 mm
[endpoint_off_grid]: Symbol pin or wire end off connection grid
    ; warning
    @(556.895 mm, 474.345 mm): Horizontal Wire, length 14.605 mm
[endpoint_off_grid]: Symbol pin or wire end off connection grid
    ; warning
    @(560.705 mm, 983.615 mm): Vertical Wire, length 20.32 mm
[endpoint_off_grid]: Symbol pin or wire end off connection grid
    ; warning
    @(560.705 mm, 1003.935 mm): Horizontal Wire, length 5.08 mm
[endpoint_off_grid]: Symbol pin or wire end off connection grid
    ; warning
    @(560.705 mm, 1431.925 mm): Vertical Wire, length 2.54 mm
[endpoint_off_grid]: Symbol pin or wire end off connection grid
    ; warning
    @(560.705 mm, 1434.465 mm): Vertical Wire, length 1.27 mm
[endpoint_off_grid]: Symbol pin or wire end off connection grid
    ; warning
    @(560.705 mm, 1435.735 mm): Symbol C_U_3V3X_IN_2 Pin 1 [Passive, Line]
[footprint_link_issues]: The current configuration does not include the footprint library 'Capacitor_SMD'
    ; warning
    @(560.705 mm, 1439.545 mm): Symbol C_U_3V3X_IN_2 [SYM_C_U_3V3X_IN_2]
[lib_symbol_issues]: The current configuration does not include the symbol library 'elt'
    ; warning
    @(560.705 mm, 1439.545 mm): Symbol C_U_3V3X_IN_2 [SYM_C_U_3V3X_IN_2]
[endpoint_off_grid]: Symbol pin or wire end off connection grid
    ; warning
    @(560.705 mm, 1443.355 mm): Symbol #PWR291 Hidden pin 1 [GND, Power input, Line]
[lib_symbol_issues]: The current configuration does not include the symbol library 'elt'
    ; warning
    @(560.705 mm, 1443.355 mm): Symbol #PWR291 [GND]
[endpoint_off_grid]: Symbol pin or wire end off connection grid
    ; warning
    @(560.705 mm, 2225.675 mm): Vertical Wire, length 2.54 mm
[endpoint_off_grid]: Symbol pin or wire end off connection grid
    ; warning
    @(560.705 mm, 2228.215 mm): Vertical Wire, length 1.27 mm
[endpoint_off_grid]: Symbol pin or wire end off connection grid
    ; warning
    @(560.705 mm, 2229.485 mm): Symbol C_XU_VDD_11 Pin 1 [Passive, Line]
[footprint_link_issues]: The current configuration does not include the footprint library 'Capacitor_SMD'
    ; warning
    @(560.705 mm, 2233.295 mm): Symbol C_XU_VDD_11 [SYM_C_XU_VDD_11]
[lib_symbol_issues]: The current configuration does not include the symbol library 'elt'
    ; warning
    @(560.705 mm, 2233.295 mm): Symbol C_XU_VDD_11 [SYM_C_XU_VDD_11]
[endpoint_off_grid]: Symbol pin or wire end off connection grid
    ; warning
    @(560.705 mm, 2237.105 mm): Symbol #PWR325 Hidden pin 1 [GND, Power input, Line]
[lib_symbol_issues]: The current configuration does not include the symbol library 'elt'
    ; warning
    @(560.705 mm, 2237.105 mm): Symbol #PWR325 [GND]
[endpoint_off_grid]: Symbol pin or wire end off connection grid
    ; warning
    @(560.705 mm, 2289.175 mm): Vertical Wire, length 2.54 mm
[endpoint_off_grid]: Symbol pin or wire end off connection grid
    ; warning
    @(560.705 mm, 2291.715 mm): Vertical Wire, length 1.27 mm
[endpoint_off_grid]: Symbol pin or wire end off connection grid
    ; warning
    @(560.705 mm, 2292.985 mm): Symbol C_XU_VDD_85 Pin 1 [Passive, Line]
[footprint_link_issues]: The current configuration does not include the footprint library 'Capacitor_SMD'
    ; warning
    @(560.705 mm, 2296.795 mm): Symbol C_XU_VDD_85 [SYM_C_XU_VDD_85]
[lib_symbol_issues]: The current configuration does not include the symbol library 'elt'
    ; warning
    @(560.705 mm, 2296.795 mm): Symbol C_XU_VDD_85 [SYM_C_XU_VDD_85]
[endpoint_off_grid]: Symbol pin or wire end off connection grid
    ; warning
    @(560.705 mm, 2300.605 mm): Symbol #PWR333 Hidden pin 1 [GND, Power input, Line]
[lib_symbol_issues]: The current configuration does not include the symbol library 'elt'
    ; warning
    @(560.705 mm, 2300.605 mm): Symbol #PWR333 [GND]
[endpoint_off_grid]: Symbol pin or wire end off connection grid
    ; warning
    @(560.705 mm, 2352.675 mm): Vertical Wire, length 2.54 mm
[endpoint_off_grid]: Symbol pin or wire end off connection grid
    ; warning
    @(560.705 mm, 2355.215 mm): Vertical Wire, length 1.27 mm
[endpoint_off_grid]: Symbol pin or wire end off connection grid
    ; warning
    @(560.705 mm, 2356.485 mm): Symbol C_XU_VDDIO_35 Pin 1 [Passive, Line]
[footprint_link_issues]: The current configuration does not include the footprint library 'Capacitor_SMD'
    ; warning
    @(560.705 mm, 2360.295 mm): Symbol C_XU_VDDIO_35 [SYM_C_XU_VDDIO_35]
[lib_symbol_issues]: The current configuration does not include the symbol library 'elt'
    ; warning
    @(560.705 mm, 2360.295 mm): Symbol C_XU_VDDIO_35 [SYM_C_XU_VDDIO_35]
[endpoint_off_grid]: Symbol pin or wire end off connection grid
    ; warning
    @(560.705 mm, 2364.105 mm): Symbol #PWR341 Hidden pin 1 [GND, Power input, Line]
[lib_symbol_issues]: The current configuration does not include the symbol library 'elt'
    ; warning
    @(560.705 mm, 2364.105 mm): Symbol #PWR341 [GND]
[endpoint_off_grid]: Symbol pin or wire end off connection grid
    ; warning
    @(561.975 mm, 1662.43 mm): Symbol U_1V8_OK Pin 1 [SENSE, Passive, Line]
[endpoint_off_grid]: Symbol pin or wire end off connection grid
    ; warning
    @(561.975 mm, 1673.86 mm): Symbol #PWR307 Hidden pin 1 [GND, Power input, Line]
[lib_symbol_issues]: The current configuration does not include the symbol library 'elt'
    ; warning
    @(561.975 mm, 1673.86 mm): Symbol #PWR307 [GND]
[endpoint_off_grid]: Symbol pin or wire end off connection grid
    ; warning
    @(561.975 mm, 1685.29 mm): Horizontal Wire, length 6.35 mm
[endpoint_off_grid]: Symbol pin or wire end off connection grid
    ; warning
    @(565.785 mm, 992.505 mm): Symbol U_ADC_1V8_OK Pin 1 [SENSE, Passive, Line]
[endpoint_off_grid]: Symbol pin or wire end off connection grid
    ; warning
    @(565.785 mm, 992.505 mm): Horizontal Wire, length 6.35 mm
[endpoint_off_grid]: Symbol pin or wire end off connection grid
    ; warning
    @(570.23 mm, 1259.205 mm): Horizontal Wire, length 1.27 mm
[endpoint_off_grid]: Symbol pin or wire end off connection grid
    ; warning
    @(570.23 mm, 1275.715 mm): Vertical Wire, length 0.635 mm
[endpoint_off_grid]: Symbol pin or wire end off connection grid
    ; warning
    @(570.23 mm, 1242.06 mm): Vertical Wire, length 33.655 mm
[footprint_link_issues]: The current configuration does not include the footprint library 'Capacitor_SMD'
    ; warning
    @(570.23 mm, 1280.16 mm): Symbol C_ADC_START_DELAY [SYM_C_ADC_START_DELAY]
[lib_symbol_issues]: The current configuration does not include the symbol library 'elt'
    ; warning
    @(570.23 mm, 1280.16 mm): Symbol C_ADC_START_DELAY [SYM_C_ADC_START_DELAY]
[lib_symbol_issues]: The current configuration does not include the symbol library 'elt'
    ; warning
    @(570.23 mm, 1283.97 mm): Symbol #PWR280 [GND]
[endpoint_off_grid]: Symbol pin or wire end off connection grid
    ; warning
    @(570.865 mm, 574.675 mm): Horizontal Wire, length 1.27 mm
[endpoint_off_grid]: Symbol pin or wire end off connection grid
    ; warning
    @(570.865 mm, 574.675 mm): Symbol U_ADC_A Pin 1 [AVDD, Passive, Line]
[endpoint_off_grid]: Symbol pin or wire end off connection grid
    ; warning
    @(571.50 mm, 433.705 mm): Symbol C_A8P Pin 1 [Passive, Line]
[endpoint_off_grid]: Symbol pin or wire end off connection grid
    ; warning
    @(571.50 mm, 474.345 mm): Symbol C_A8N Pin 1 [Passive, Line]
[endpoint_off_grid]: Symbol pin or wire end off connection grid
    ; warning
    @(573.405 mm, 574.675 mm): Vertical Wire, length 2.54 mm
[endpoint_off_grid]: Symbol pin or wire end off connection grid
    ; warning
    @(574.675 mm, 661.035 mm): Symbol #PWR233 Hidden pin 1 [GND, Power input, Line]
[lib_symbol_issues]: The current configuration does not include the symbol library 'elt'
    ; warning
    @(574.675 mm, 661.035 mm): Symbol #PWR233 [GND]
[footprint_link_issues]: The current configuration does not include the footprint library 'Capacitor_THT'
    ; warning
    @(575.31 mm, 72.39 mm): Symbol C_A6P [SYM_C_A6P]
[lib_symbol_issues]: The current configuration does not include the symbol library 'elt'
    ; warning
    @(575.31 mm, 72.39 mm): Symbol C_A6P [SYM_C_A6P]
[footprint_link_issues]: The current configuration does not include the footprint library 'Capacitor_THT'
    ; warning
    @(575.31 mm, 113.03 mm): Symbol C_A6N [SYM_C_A6N]
[lib_symbol_issues]: The current configuration does not include the symbol library 'elt'
    ; warning
    @(575.31 mm, 113.03 mm): Symbol C_A6N [SYM_C_A6N]
[footprint_link_issues]: The current configuration does not include the footprint library 'Capacitor_THT'
    ; warning
    @(575.31 mm, 252.73 mm): Symbol C_A7P [SYM_C_A7P]
[lib_symbol_issues]: The current configuration does not include the symbol library 'elt'
    ; warning
    @(575.31 mm, 252.73 mm): Symbol C_A7P [SYM_C_A7P]
[footprint_link_issues]: The current configuration does not include the footprint library 'Capacitor_THT'
    ; warning
    @(575.31 mm, 293.37 mm): Symbol C_A7N [SYM_C_A7N]
[lib_symbol_issues]: The current configuration does not include the symbol library 'elt'
    ; warning
    @(575.31 mm, 293.37 mm): Symbol C_A7N [SYM_C_A7N]
[footprint_link_issues]: The current configuration does not include the footprint library 'Capacitor_THT'
    ; warning
    @(575.31 mm, 433.705 mm): Symbol C_A8P [SYM_C_A8P]
[lib_symbol_issues]: The current configuration does not include the symbol library 'elt'
    ; warning
    @(575.31 mm, 433.705 mm): Symbol C_A8P [SYM_C_A8P]
[footprint_link_issues]: The current configuration does not include the footprint library 'Capacitor_THT'
    ; warning
    @(575.31 mm, 474.345 mm): Symbol C_A8N [SYM_C_A8N]
[lib_symbol_issues]: The current configuration does not include the symbol library 'elt'
    ; warning
    @(575.31 mm, 474.345 mm): Symbol C_A8N [SYM_C_A8N]
[endpoint_off_grid]: Symbol pin or wire end off connection grid
    ; warning
    @(575.945 mm, 574.675 mm): Vertical Wire, length 2.54 mm
[footprint_link_issues]: The current configuration does not include the footprint library 'crow_usb_analog'
    ; warning
    @(575.945 mm, 617.855 mm): Symbol U_ADC_A [SYM_U_ADC_A]
[lib_symbol_issues]: The current configuration does not include the symbol library 'elt'
    ; warning
    @(575.945 mm, 617.855 mm): Symbol U_ADC_A [SYM_U_ADC_A]
[endpoint_off_grid]: Symbol pin or wire end off connection grid
    ; warning
    @(575.945 mm, 2510.79 mm): Horizontal Wire, length 5.715 mm
[endpoint_off_grid]: Symbol pin or wire end off connection grid
    ; warning
    @(575.945 mm, 2512.06 mm): Symbol R_QSPI_CS Pin 1 [Passive, Line]
[endpoint_off_grid]: Symbol pin or wire end off connection grid
    ; warning
    @(575.945 mm, 2512.06 mm): Vertical Wire, length 1.27 mm
[footprint_link_issues]: The current configuration does not include the footprint library 'Resistor_SMD'
    ; warning
    @(575.945 mm, 2515.87 mm): Symbol R_QSPI_CS [SYM_R_QSPI_CS]
[lib_symbol_issues]: The current configuration does not include the symbol library 'elt'
    ; warning
    @(575.945 mm, 2515.87 mm): Symbol R_QSPI_CS [SYM_R_QSPI_CS]
[endpoint_off_grid]: Symbol pin or wire end off connection grid
    ; warning
    @(575.945 mm, 2519.68 mm): Vertical Wire, length 1.27 mm
[endpoint_off_grid]: Symbol pin or wire end off connection grid
    ; warning
    @(575.945 mm, 2520.95 mm): Horizontal Wire, length 5.715 mm
[endpoint_off_grid]: Symbol pin or wire end off connection grid
    ; warning
    @(575.945 mm, 2575.56 mm): Vertical Wire, length 49.53 mm
[endpoint_off_grid]: Symbol pin or wire end off connection grid
    ; warning
    @(543.56 mm, 2575.56 mm): Horizontal Wire, length 32.385 mm
[endpoint_off_grid]: Symbol pin or wire end off connection grid
    ; warning
    @(575.945 mm, 2577.465 mm): Horizontal Wire, length 1.27 mm
[endpoint_off_grid]: Symbol pin or wire end off connection grid
    ; warning
    @(575.945 mm, 2625.09 mm): Vertical Wire, length 1.27 mm
[endpoint_off_grid]: Symbol pin or wire end off connection grid
    ; warning
    @(575.945 mm, 2626.36 mm): Symbol C_FLASH Pin 1 [Passive, Line]
[footprint_link_issues]: The current configuration does not include the footprint library 'Capacitor_SMD'
    ; warning
    @(575.945 mm, 2630.17 mm): Symbol C_FLASH [SYM_C_FLASH]
[lib_symbol_issues]: The current configuration does not include the symbol library 'elt'
    ; warning
    @(575.945 mm, 2630.17 mm): Symbol C_FLASH [SYM_C_FLASH]
[endpoint_off_grid]: Symbol pin or wire end off connection grid
    ; warning
    @(575.945 mm, 2633.98 mm): Symbol #PWR356 Hidden pin 1 [GND, Power input, Line]
[lib_symbol_issues]: The current configuration does not include the symbol library 'elt'
    ; warning
    @(575.945 mm, 2633.98 mm): Symbol #PWR356 [GND]
[endpoint_off_grid]: Symbol pin or wire end off connection grid
    ; warning
    @(577.215 mm, 661.035 mm): Symbol #PWR236 Hidden pin 1 [GND, Power input, Line]
[lib_symbol_issues]: The current configuration does not include the symbol library 'elt'
    ; warning
    @(577.215 mm, 661.035 mm): Symbol #PWR236 [GND]
[endpoint_off_grid]: Symbol pin or wire end off connection grid
    ; warning
    @(577.85 mm, 86.995 mm): Horizontal Wire, length 7.62 mm
[endpoint_off_grid]: Symbol pin or wire end off connection grid
    ; warning
    @(577.85 mm, 88.265 mm): Vertical Wire, length 1.27 mm
[endpoint_off_grid]: Symbol pin or wire end off connection grid
    ; warning
    @(591.82 mm, 87.63 mm): Wire, length 13.984 mm
[endpoint_off_grid]: Symbol pin or wire end off connection grid
    ; warning
    @(577.85 mm, 127.635 mm): Horizontal Wire, length 7.62 mm
[endpoint_off_grid]: Symbol pin or wire end off connection grid
    ; warning
    @(591.82 mm, 128.27 mm): Wire, length 13.984 mm
[endpoint_off_grid]: Symbol pin or wire end off connection grid
    ; warning
    @(577.85 mm, 128.905 mm): Vertical Wire, length 1.27 mm
[endpoint_off_grid]: Symbol pin or wire end off connection grid
    ; warning
    @(577.85 mm, 267.335 mm): Horizontal Wire, length 7.62 mm
[endpoint_off_grid]: Symbol pin or wire end off connection grid
    ; warning
    @(577.85 mm, 268.605 mm): Vertical Wire, length 1.27 mm
[endpoint_off_grid]: Symbol pin or wire end off connection grid
    ; warning
    @(591.82 mm, 267.97 mm): Wire, length 13.984 mm
[endpoint_off_grid]: Symbol pin or wire end off connection grid
    ; warning
    @(577.85 mm, 307.975 mm): Horizontal Wire, length 7.62 mm
[endpoint_off_grid]: Symbol pin or wire end off connection grid
    ; warning
    @(591.82 mm, 308.61 mm): Wire, length 13.984 mm
[endpoint_off_grid]: Symbol pin or wire end off connection grid
    ; warning
    @(577.85 mm, 309.245 mm): Vertical Wire, length 1.27 mm
[endpoint_off_grid]: Symbol pin or wire end off connection grid
    ; warning
    @(577.85 mm, 449.58 mm): Vertical Wire, length 1.905 mm
[endpoint_off_grid]: Symbol pin or wire end off connection grid
    ; warning
    @(577.85 mm, 447.675 mm): Horizontal Wire, length 7.62 mm
[endpoint_off_grid]: Symbol pin or wire end off connection grid
    ; warning
    @(577.85 mm, 490.22 mm): Vertical Wire, length 1.905 mm
[endpoint_off_grid]: Symbol pin or wire end off connection grid
    ; warning
    @(577.85 mm, 488.315 mm): Horizontal Wire, length 7.62 mm
[endpoint_off_grid]: Symbol pin or wire end off connection grid
    ; warning
    @(578.485 mm, 574.675 mm): Vertical Wire, length 2.54 mm
[endpoint_off_grid]: Symbol pin or wire end off connection grid
    ; warning
    @(581.025 mm, 574.675 mm): Horizontal Wire, length 1.27 mm
[endpoint_off_grid]: Symbol pin or wire end off connection grid
    ; warning
    @(581.025 mm, 1597.66 mm): Symbol L_U_1V8 Pin 1 [Passive, Line]
[endpoint_off_grid]: Symbol pin or wire end off connection grid
    ; warning
    @(581.025 mm, 1725.93 mm): Symbol L_U_CORE Pin 1 [Passive, Line]
[footprint_link_issues]: The current configuration does not include the footprint library 'Package_TO_SOT_SMD'
    ; warning
    @(581.025 mm, 1814.83 mm): Symbol U_CORE_OK [SYM_U_CORE_OK]
[lib_symbol_issues]: The current configuration does not include the symbol library 'elt'
    ; warning
    @(581.025 mm, 1814.83 mm): Symbol U_CORE_OK [SYM_U_CORE_OK]
[endpoint_off_grid]: Symbol pin or wire end off connection grid
    ; warning
    @(581.66 mm, 838.835 mm): Vertical Wire, length 2.54 mm
[endpoint_off_grid]: Symbol pin or wire end off connection grid
    ; warning
    @(581.66 mm, 841.375 mm): Vertical Wire, length 1.27 mm
[endpoint_off_grid]: Symbol pin or wire end off connection grid
    ; warning
    @(581.66 mm, 842.645 mm): Symbol C_VMID1_EXT_1U Pin 1 [Passive, Line]
[footprint_link_issues]: The current configuration does not include the footprint library 'Capacitor_SMD'
    ; warning
    @(581.66 mm, 846.455 mm): Symbol C_VMID1_EXT_1U [SYM_C_VMID1_EXT_1U]
[lib_symbol_issues]: The current configuration does not include the symbol library 'elt'
    ; warning
    @(581.66 mm, 846.455 mm): Symbol C_VMID1_EXT_1U [SYM_C_VMID1_EXT_1U]
[endpoint_off_grid]: Symbol pin or wire end off connection grid
    ; warning
    @(581.66 mm, 850.265 mm): Symbol #PWR229 Hidden pin 1 [GND, Power input, Line]
[lib_symbol_issues]: The current configuration does not include the symbol library 'elt'
    ; warning
    @(581.66 mm, 850.265 mm): Symbol #PWR229 [GND]
[endpoint_off_grid]: Symbol pin or wire end off connection grid
    ; warning
    @(581.66 mm, 902.335 mm): Vertical Wire, length 2.54 mm
[endpoint_off_grid]: Symbol pin or wire end off connection grid
    ; warning
    @(581.66 mm, 904.875 mm): Vertical Wire, length 1.27 mm
[endpoint_off_grid]: Symbol pin or wire end off connection grid
    ; warning
    @(581.66 mm, 906.145 mm): Symbol C_VMID2_EXT_1U Pin 1 [Passive, Line]
[footprint_link_issues]: The current configuration does not include the footprint library 'Capacitor_SMD'
    ; warning
    @(581.66 mm, 909.955 mm): Symbol C_VMID2_EXT_1U [SYM_C_VMID2_EXT_1U]
[lib_symbol_issues]: The current configuration does not include the symbol library 'elt'
    ; warning
    @(581.66 mm, 909.955 mm): Symbol C_VMID2_EXT_1U [SYM_C_VMID2_EXT_1U]
[endpoint_off_grid]: Symbol pin or wire end off connection grid
    ; warning
    @(581.66 mm, 913.765 mm): Symbol #PWR232 Hidden pin 1 [GND, Power input, Line]
[lib_symbol_issues]: The current configuration does not include the symbol library 'elt'
    ; warning
    @(581.66 mm, 913.765 mm): Symbol #PWR232 [GND]
[endpoint_off_grid]: Symbol pin or wire end off connection grid
    ; warning
    @(584.20 mm, 2578.10 mm): Vertical Wire, length 8.255 mm
[endpoint_off_grid]: Symbol pin or wire end off connection grid
    ; warning
    @(584.20 mm, 2569.845 mm): Horizontal Wire, length 130.175 mm
[endpoint_off_grid]: Symbol pin or wire end off connection grid
    ; warning
    @(584.20 mm, 2573.655 mm): Horizontal Wire, length 1.27 mm
[endpoint_off_grid]: Symbol pin or wire end off connection grid
    ; warning
    @(586.105 mm, 1401.445 mm): Symbol L_U_3V3X Pin 1 [Passive, Line]
[footprint_link_issues]: The current configuration does not include the footprint library 'crow_usb_analog'
    ; warning
    @(586.105 mm, 1528.445 mm): Symbol U_XU_3V3_OK [SYM_U_XU_3V3_OK]
[lib_symbol_issues]: The current configuration does not include the symbol library 'elt'
    ; warning
    @(586.105 mm, 1528.445 mm): Symbol U_XU_3V3_OK [SYM_U_XU_3V3_OK]
[lib_symbol_issues]: The current configuration does not include the symbol library 'elt'
    ; warning
    @(586.74 mm, 2580.64 mm): Symbol #PWR351 [GND]
[lib_symbol_issues]: The current configuration does not include the symbol library 'elt'
    ; warning
    @(588.01 mm, 2734.31 mm): Symbol #PWR365 [GND]
[endpoint_off_grid]: Symbol pin or wire end off connection grid
    ; warning
    @(588.645 mm, 699.77 mm): Horizontal Wire, length 38.10 mm
[endpoint_off_grid]: Symbol pin or wire end off connection grid
    ; warning
    @(588.645 mm, 701.04 mm): Horizontal Wire, length 1.27 mm
[endpoint_off_grid]: Symbol pin or wire end off connection grid
    ; warning
    @(588.645 mm, 702.31 mm): Vertical Wire, length 2.54 mm
[endpoint_off_grid]: Symbol pin or wire end off connection grid
    ; warning
    @(588.645 mm, 702.945 mm): Vertical Wire, length 0.635 mm
[endpoint_off_grid]: Symbol pin or wire end off connection grid
    ; warning
    @(588.645 mm, 702.945 mm): Symbol C_ADC_A_IOVDD_10U Pin 1 [Passive, Line]
[footprint_link_issues]: The current configuration does not include the footprint library 'Capacitor_SMD'
    ; warning
    @(588.645 mm, 706.755 mm): Symbol C_ADC_A_IOVDD_10U [SYM_C_ADC_A_IOVDD_10U]
[lib_symbol_issues]: The current configuration does not include the symbol library 'elt'
    ; warning
    @(588.645 mm, 706.755 mm): Symbol C_ADC_A_IOVDD_10U [SYM_C_ADC_A_IOVDD_10U]
[endpoint_off_grid]: Symbol pin or wire end off connection grid
    ; warning
    @(588.645 mm, 710.565 mm): Symbol #PWR239 Hidden pin 1 [GND, Power input, Line]
[lib_symbol_issues]: The current configuration does not include the symbol library 'elt'
    ; warning
    @(588.645 mm, 710.565 mm): Symbol #PWR239 [GND]
[endpoint_off_grid]: Symbol pin or wire end off connection grid
    ; warning
    @(588.645 mm, 737.87 mm): Horizontal Wire, length 38.10 mm
[endpoint_off_grid]: Symbol pin or wire end off connection grid
    ; warning
    @(588.645 mm, 739.14 mm): Horizontal Wire, length 1.27 mm
[endpoint_off_grid]: Symbol pin or wire end off connection grid
    ; warning
    @(588.645 mm, 740.41 mm): Vertical Wire, length 2.54 mm
[endpoint_off_grid]: Symbol pin or wire end off connection grid
    ; warning
    @(588.645 mm, 741.045 mm): Vertical Wire, length 0.635 mm
[endpoint_off_grid]: Symbol pin or wire end off connection grid
    ; warning
    @(588.645 mm, 741.045 mm): Symbol C_ADC_A_VREF_10U Pin 1 [Passive, Line]
[footprint_link_issues]: The current configuration does not include the footprint library 'Capacitor_SMD'
    ; warning
    @(588.645 mm, 744.855 mm): Symbol C_ADC_A_VREF_10U [SYM_C_ADC_A_VREF_10U]
[lib_symbol_issues]: The current configuration does not include the symbol library 'elt'
    ; warning
    @(588.645 mm, 744.855 mm): Symbol C_ADC_A_VREF_10U [SYM_C_ADC_A_VREF_10U]
[endpoint_off_grid]: Symbol pin or wire end off connection grid
    ; warning
    @(588.645 mm, 748.665 mm): Symbol #PWR243 Hidden pin 1 [GND, Power input, Line]
[lib_symbol_issues]: The current configuration does not include the symbol library 'elt'
    ; warning
    @(588.645 mm, 748.665 mm): Symbol #PWR243 [GND]
[footprint_link_issues]: The current configuration does not include the footprint library 'Resistor_SMD'
    ; warning
    @(591.82 mm, 83.82 mm): Symbol R_B6P [SYM_R_B6P]
[lib_symbol_issues]: The current configuration does not include the symbol library 'elt'
    ; warning
    @(591.82 mm, 83.82 mm): Symbol R_B6P [SYM_R_B6P]
[footprint_link_issues]: The current configuration does not include the footprint library 'Resistor_SMD'
    ; warning
    @(591.82 mm, 124.46 mm): Symbol R_B6N [SYM_R_B6N]
[lib_symbol_issues]: The current configuration does not include the symbol library 'elt'
    ; warning
    @(591.82 mm, 124.46 mm): Symbol R_B6N [SYM_R_B6N]
[footprint_link_issues]: The current configuration does not include the footprint library 'Resistor_SMD'
    ; warning
    @(591.82 mm, 264.16 mm): Symbol R_B7P [SYM_R_B7P]
[lib_symbol_issues]: The current configuration does not include the symbol library 'elt'
    ; warning
    @(591.82 mm, 264.16 mm): Symbol R_B7P [SYM_R_B7P]
[footprint_link_issues]: The current configuration does not include the footprint library 'Resistor_SMD'
    ; warning
    @(591.82 mm, 304.80 mm): Symbol R_B7N [SYM_R_B7N]
[lib_symbol_issues]: The current configuration does not include the symbol library 'elt'
    ; warning
    @(591.82 mm, 304.80 mm): Symbol R_B7N [SYM_R_B7N]
[endpoint_off_grid]: Symbol pin or wire end off connection grid
    ; warning
    @(591.82 mm, 433.705 mm): Vertical Wire, length 7.62 mm
[endpoint_off_grid]: Symbol pin or wire end off connection grid
    ; warning
    @(591.82 mm, 433.705 mm): Horizontal Wire, length 12.70 mm
[endpoint_off_grid]: Symbol pin or wire end off connection grid
    ; warning
    @(591.82 mm, 437.515 mm): Horizontal Wire, length 1.27 mm
[endpoint_off_grid]: Symbol pin or wire end off connection grid
    ; warning
    @(591.82 mm, 441.325 mm): Vertical Wire, length 7.62 mm
[endpoint_off_grid]: Symbol pin or wire end off connection grid
    ; warning
    @(591.82 mm, 441.325 mm): Symbol R_B8P Pin 1 [Passive, Line]
[footprint_link_issues]: The current configuration does not include the footprint library 'Resistor_SMD'
    ; warning
    @(591.82 mm, 445.135 mm): Symbol R_B8P [SYM_R_B8P]
[lib_symbol_issues]: The current configuration does not include the symbol library 'elt'
    ; warning
    @(591.82 mm, 445.135 mm): Symbol R_B8P [SYM_R_B8P]
[endpoint_off_grid]: Symbol pin or wire end off connection grid
    ; warning
    @(591.82 mm, 448.945 mm): Wire, length 13.984 mm
[endpoint_off_grid]: Symbol pin or wire end off connection grid
    ; warning
    @(591.82 mm, 474.345 mm): Horizontal Wire, length 12.70 mm
[endpoint_off_grid]: Symbol pin or wire end off connection grid
    ; warning
    @(591.82 mm, 474.345 mm): Vertical Wire, length 7.62 mm
[endpoint_off_grid]: Symbol pin or wire end off connection grid
    ; warning
    @(591.82 mm, 478.155 mm): Horizontal Wire, length 1.27 mm
[endpoint_off_grid]: Symbol pin or wire end off connection grid
    ; warning
    @(591.82 mm, 481.965 mm): Vertical Wire, length 7.62 mm
[endpoint_off_grid]: Symbol pin or wire end off connection grid
    ; warning
    @(591.82 mm, 481.965 mm): Symbol R_B8N Pin 1 [Passive, Line]
[footprint_link_issues]: The current configuration does not include the footprint library 'Resistor_SMD'
    ; warning
    @(591.82 mm, 485.775 mm): Symbol R_B8N [SYM_R_B8N]
[lib_symbol_issues]: The current configuration does not include the symbol library 'elt'
    ; warning
    @(591.82 mm, 485.775 mm): Symbol R_B8N [SYM_R_B8N]
[endpoint_off_grid]: Symbol pin or wire end off connection grid
    ; warning
    @(591.82 mm, 489.585 mm): Wire, length 13.984 mm
[endpoint_off_grid]: Symbol pin or wire end off connection grid
    ; warning
    @(504.19 mm, 1229.36 mm): Horizontal Wire, length 89.535 mm
[endpoint_off_grid]: Symbol pin or wire end off connection grid
    ; warning
    @(593.725 mm, 1229.36 mm): Symbol U_ADC_READY_BAD Pin 2 [A, Passive, Line]
[footprint_link_issues]: The current configuration does not include the footprint library 'crow_usb_digital'
    ; warning
    @(593.725 mm, 1597.66 mm): Symbol L_U_1V8 [SYM_L_U_1V8]
[lib_symbol_issues]: The current configuration does not include the symbol library 'elt'
    ; warning
    @(593.725 mm, 1597.66 mm): Symbol L_U_1V8 [SYM_L_U_1V8]
[footprint_link_issues]: The current configuration does not include the footprint library 'crow_usb_analog'
    ; warning
    @(593.725 mm, 1673.86 mm): Symbol U_1V8_OK [SYM_U_1V8_OK]
[lib_symbol_issues]: The current configuration does not include the symbol library 'elt'
    ; warning
    @(593.725 mm, 1673.86 mm): Symbol U_1V8_OK [SYM_U_1V8_OK]
[footprint_link_issues]: The current configuration does not include the footprint library 'crow_usb_digital'
    ; warning
    @(593.725 mm, 1725.93 mm): Symbol L_U_CORE [SYM_L_U_CORE]
[lib_symbol_issues]: The current configuration does not include the symbol library 'elt'
    ; warning
    @(593.725 mm, 1725.93 mm): Symbol L_U_CORE [SYM_L_U_CORE]
[endpoint_off_grid]: Symbol pin or wire end off connection grid
    ; warning
    @(595.63 mm, 1873.25 mm): Horizontal Wire, length 0.635 mm
[endpoint_off_grid]: Symbol pin or wire end off connection grid
    ; warning
    @(595.63 mm, 2192.02 mm): Horizontal Wire, length 0.635 mm
[endpoint_off_grid]: Symbol pin or wire end off connection grid
    ; warning
    @(595.63 mm, 1875.155 mm): Symbol U_XU Pin 2 [X0D01, Passive, Line]
[endpoint_off_grid]: Symbol pin or wire end off connection grid
    ; warning
    @(595.63 mm, 1875.155 mm): Vertical Wire, length 1.905 mm
[endpoint_off_grid]: Symbol pin or wire end off connection grid
    ; warning
    @(595.63 mm, 2190.115 mm): Vertical Wire, length 1.905 mm
[endpoint_off_grid]: Symbol pin or wire end off connection grid
    ; warning
    @(596.265 mm, 1023.62 mm): Symbol #PWR263 Hidden pin 1 [GND, Power input, Line]
[lib_symbol_issues]: The current configuration does not include the symbol library 'elt'
    ; warning
    @(596.265 mm, 1023.62 mm): Symbol #PWR263 [GND]
[endpoint_off_grid]: Symbol pin or wire end off connection grid
    ; warning
    @(597.535 mm, 970.28 mm): Horizontal Wire, length 52.705 mm
[endpoint_off_grid]: Symbol pin or wire end off connection grid
    ; warning
    @(597.535 mm, 971.55 mm): Horizontal Wire, length 1.27 mm
[endpoint_off_grid]: Symbol pin or wire end off connection grid
    ; warning
    @(597.535 mm, 972.82 mm): Vertical Wire, length 2.54 mm
[footprint_link_issues]: The current configuration does not include the footprint library 'crow_usb_analog'
    ; warning
    @(597.535 mm, 998.22 mm): Symbol U_ADC_1V8_OK [SYM_U_ADC_1V8_OK]
[lib_symbol_issues]: The current configuration does not include the symbol library 'elt'
    ; warning
    @(597.535 mm, 998.22 mm): Symbol U_ADC_1V8_OK [SYM_U_ADC_1V8_OK]
[footprint_link_issues]: The current configuration does not include the footprint library 'crow_usb_digital'
    ; warning
    @(598.805 mm, 1401.445 mm): Symbol L_U_3V3X [SYM_L_U_3V3X]
[lib_symbol_issues]: The current configuration does not include the symbol library 'elt'
    ; warning
    @(598.805 mm, 1401.445 mm): Symbol L_U_3V3X [SYM_L_U_3V3X]
[endpoint_off_grid]: Symbol pin or wire end off connection grid
    ; warning
    @(607.695 mm, 72.39 mm): Horizontal Wire, length 15.875 mm
[endpoint_off_grid]: Symbol pin or wire end off connection grid
    ; warning
    @(608.33 mm, 72.39 mm): Horizontal Wire, length 0.635 mm
[endpoint_off_grid]: Symbol pin or wire end off connection grid
    ; warning
    @(607.695 mm, 113.03 mm): Horizontal Wire, length 15.875 mm
[endpoint_off_grid]: Symbol pin or wire end off connection grid
    ; warning
    @(608.33 mm, 113.03 mm): Horizontal Wire, length 0.635 mm
[endpoint_off_grid]: Symbol pin or wire end off connection grid
    ; warning
    @(608.33 mm, 252.73 mm): Horizontal Wire, length 0.635 mm
[endpoint_off_grid]: Symbol pin or wire end off connection grid
    ; warning
    @(607.695 mm, 252.73 mm): Horizontal Wire, length 15.875 mm
[endpoint_off_grid]: Symbol pin or wire end off connection grid
    ; warning
    @(608.33 mm, 293.37 mm): Horizontal Wire, length 0.635 mm
[endpoint_off_grid]: Symbol pin or wire end off connection grid
    ; warning
    @(607.695 mm, 293.37 mm): Horizontal Wire, length 15.875 mm
[endpoint_off_grid]: Symbol pin or wire end off connection grid
    ; warning
    @(607.695 mm, 433.705 mm): Horizontal Wire, length 15.875 mm
[endpoint_off_grid]: Symbol pin or wire end off connection grid
    ; warning
    @(607.695 mm, 474.345 mm): Horizontal Wire, length 15.875 mm
[endpoint_off_grid]: Symbol pin or wire end off connection grid
    ; warning
    @(608.33 mm, 433.705 mm): Symbol R_IN8P Pin 1 [Passive, Line]
[endpoint_off_grid]: Symbol pin or wire end off connection grid
    ; warning
    @(608.33 mm, 433.705 mm): Horizontal Wire, length 0.635 mm
[endpoint_off_grid]: Symbol pin or wire end off connection grid
    ; warning
    @(608.33 mm, 474.345 mm): Horizontal Wire, length 0.635 mm
[endpoint_off_grid]: Symbol pin or wire end off connection grid
    ; warning
    @(608.33 mm, 474.345 mm): Symbol R_IN8N Pin 1 [Passive, Line]
[endpoint_off_grid]: Symbol pin or wire end off connection grid
    ; warning
    @(611.505 mm, 1401.445 mm): Horizontal Wire, length 88.90 mm
[endpoint_off_grid]: Symbol pin or wire end off connection grid
    ; warning
    @(611.505 mm, 2225.675 mm): Horizontal Wire, length 50.80 mm
[endpoint_off_grid]: Symbol pin or wire end off connection grid
    ; warning
    @(611.505 mm, 2228.215 mm): Vertical Wire, length 2.54 mm
[endpoint_off_grid]: Symbol pin or wire end off connection grid
    ; warning
    @(611.505 mm, 2229.485 mm): Symbol C_XU_VDD_14 Pin 1 [Passive, Line]
[endpoint_off_grid]: Symbol pin or wire end off connection grid
    ; warning
    @(611.505 mm, 2229.485 mm): Vertical Wire, length 1.27 mm
[footprint_link_issues]: The current configuration does not include the footprint library 'Capacitor_SMD'
    ; warning
    @(611.505 mm, 2233.295 mm): Symbol C_XU_VDD_14 [SYM_C_XU_VDD_14]
[lib_symbol_issues]: The current configuration does not include the symbol library 'elt'
    ; warning
    @(611.505 mm, 2233.295 mm): Symbol C_XU_VDD_14 [SYM_C_XU_VDD_14]
[endpoint_off_grid]: Symbol pin or wire end off connection grid
    ; warning
    @(611.505 mm, 2237.105 mm): Symbol #PWR326 Hidden pin 1 [GND, Power input, Line]
[lib_symbol_issues]: The current configuration does not include the symbol library 'elt'
    ; warning
    @(611.505 mm, 2237.105 mm): Symbol #PWR326 [GND]
[endpoint_off_grid]: Symbol pin or wire end off connection grid
    ; warning
    @(611.505 mm, 2289.175 mm): Horizontal Wire, length 50.80 mm
[endpoint_off_grid]: Symbol pin or wire end off connection grid
    ; warning
    @(611.505 mm, 2291.715 mm): Vertical Wire, length 2.54 mm
[endpoint_off_grid]: Symbol pin or wire end off connection grid
    ; warning
    @(611.505 mm, 2292.985 mm): Symbol C_XU_VDD_95 Pin 1 [Passive, Line]
[endpoint_off_grid]: Symbol pin or wire end off connection grid
    ; warning
    @(611.505 mm, 2292.985 mm): Vertical Wire, length 1.27 mm
[footprint_link_issues]: The current configuration does not include the footprint library 'Capacitor_SMD'
    ; warning
    @(611.505 mm, 2296.795 mm): Symbol C_XU_VDD_95 [SYM_C_XU_VDD_95]
[lib_symbol_issues]: The current configuration does not include the symbol library 'elt'
    ; warning
    @(611.505 mm, 2296.795 mm): Symbol C_XU_VDD_95 [SYM_C_XU_VDD_95]
[endpoint_off_grid]: Symbol pin or wire end off connection grid
    ; warning
    @(611.505 mm, 2300.605 mm): Symbol #PWR334 Hidden pin 1 [GND, Power input, Line]
[lib_symbol_issues]: The current configuration does not include the symbol library 'elt'
    ; warning
    @(611.505 mm, 2300.605 mm): Symbol #PWR334 [GND]
[endpoint_off_grid]: Symbol pin or wire end off connection grid
    ; warning
    @(611.505 mm, 2352.675 mm): Horizontal Wire, length 50.80 mm
[endpoint_off_grid]: Symbol pin or wire end off connection grid
    ; warning
    @(611.505 mm, 2355.215 mm): Vertical Wire, length 2.54 mm
[endpoint_off_grid]: Symbol pin or wire end off connection grid
    ; warning
    @(611.505 mm, 2356.485 mm): Symbol C_XU_VDDIO_56 Pin 1 [Passive, Line]
[endpoint_off_grid]: Symbol pin or wire end off connection grid
    ; warning
    @(611.505 mm, 2356.485 mm): Vertical Wire, length 1.27 mm
[footprint_link_issues]: The current configuration does not include the footprint library 'Capacitor_SMD'
    ; warning
    @(611.505 mm, 2360.295 mm): Symbol C_XU_VDDIO_56 [SYM_C_XU_VDDIO_56]
[lib_symbol_issues]: The current configuration does not include the symbol library 'elt'
    ; warning
    @(611.505 mm, 2360.295 mm): Symbol C_XU_VDDIO_56 [SYM_C_XU_VDDIO_56]
[endpoint_off_grid]: Symbol pin or wire end off connection grid
    ; warning
    @(611.505 mm, 2364.105 mm): Symbol #PWR342 Hidden pin 1 [GND, Power input, Line]
[lib_symbol_issues]: The current configuration does not include the symbol library 'elt'
    ; warning
    @(611.505 mm, 2364.105 mm): Symbol #PWR342 [GND]
[footprint_link_issues]: The current configuration does not include the footprint library 'Resistor_SMD'
    ; warning
    @(612.14 mm, 72.39 mm): Symbol R_IN6P [SYM_R_IN6P]
[lib_symbol_issues]: The current configuration does not include the symbol library 'elt'
    ; warning
    @(612.14 mm, 72.39 mm): Symbol R_IN6P [SYM_R_IN6P]
[footprint_link_issues]: The current configuration does not include the footprint library 'Resistor_SMD'
    ; warning
    @(612.14 mm, 113.03 mm): Symbol R_IN6N [SYM_R_IN6N]
[lib_symbol_issues]: The current configuration does not include the symbol library 'elt'
    ; warning
    @(612.14 mm, 113.03 mm): Symbol R_IN6N [SYM_R_IN6N]
[footprint_link_issues]: The current configuration does not include the footprint library 'Resistor_SMD'
    ; warning
    @(612.14 mm, 252.73 mm): Symbol R_IN7P [SYM_R_IN7P]
[lib_symbol_issues]: The current configuration does not include the symbol library 'elt'
    ; warning
    @(612.14 mm, 252.73 mm): Symbol R_IN7P [SYM_R_IN7P]
[footprint_link_issues]: The current configuration does not include the footprint library 'Resistor_SMD'
    ; warning
    @(612.14 mm, 293.37 mm): Symbol R_IN7N [SYM_R_IN7N]
[lib_symbol_issues]: The current configuration does not include the symbol library 'elt'
    ; warning
    @(612.14 mm, 293.37 mm): Symbol R_IN7N [SYM_R_IN7N]
[footprint_link_issues]: The current configuration does not include the footprint library 'Resistor_SMD'
    ; warning
    @(612.14 mm, 433.705 mm): Symbol R_IN8P [SYM_R_IN8P]
[lib_symbol_issues]: The current configuration does not include the symbol library 'elt'
    ; warning
    @(612.14 mm, 433.705 mm): Symbol R_IN8P [SYM_R_IN8P]
[footprint_link_issues]: The current configuration does not include the footprint library 'Resistor_SMD'
    ; warning
    @(612.14 mm, 474.345 mm): Symbol R_IN8N [SYM_R_IN8N]
[lib_symbol_issues]: The current configuration does not include the symbol library 'elt'
    ; warning
    @(612.14 mm, 474.345 mm): Symbol R_IN8N [SYM_R_IN8N]
[endpoint_off_grid]: Symbol pin or wire end off connection grid
    ; warning
    @(612.775 mm, 613.41 mm): Symbol #PWR234 Hidden pin 1 [GND, Power input, Line]
[lib_symbol_issues]: The current configuration does not include the symbol library 'elt'
    ; warning
    @(612.775 mm, 613.41 mm): Symbol #PWR234 [GND]
[endpoint_off_grid]: Symbol pin or wire end off connection grid
    ; warning
    @(612.775 mm, 622.30 mm): Symbol #PWR235 Hidden pin 1 [GND, Power input, Line]
[lib_symbol_issues]: The current configuration does not include the symbol library 'elt'
    ; warning
    @(612.775 mm, 622.30 mm): Symbol #PWR235 [GND]
[footprint_link_issues]: The current configuration does not include the footprint library 'crow_usb_digital'
    ; warning
    @(614.045 mm, 2579.37 mm): Symbol Y_XU [SYM_Y_XU]
[lib_symbol_issues]: The current configuration does not include the symbol library 'elt'
    ; warning
    @(614.045 mm, 2579.37 mm): Symbol Y_XU [SYM_Y_XU]
[endpoint_off_grid]: Symbol pin or wire end off connection grid
    ; warning
    @(615.95 mm, 433.705 mm): Horizontal Wire, length 0.635 mm
[endpoint_off_grid]: Symbol pin or wire end off connection grid
    ; warning
    @(615.95 mm, 474.345 mm): Horizontal Wire, length 0.635 mm
[endpoint_off_grid]: Symbol pin or wire end off connection grid
    ; warning
    @(615.95 mm, 72.39 mm): Horizontal Wire, length 0.635 mm
[endpoint_off_grid]: Symbol pin or wire end off connection grid
    ; warning
    @(616.585 mm, 72.39 mm): Horizontal Wire, length 3.175 mm
[endpoint_off_grid]: Symbol pin or wire end off connection grid
    ; warning
    @(615.95 mm, 113.03 mm): Horizontal Wire, length 0.635 mm
[endpoint_off_grid]: Symbol pin or wire end off connection grid
    ; warning
    @(616.585 mm, 113.03 mm): Horizontal Wire, length 3.175 mm
[endpoint_off_grid]: Symbol pin or wire end off connection grid
    ; warning
    @(616.585 mm, 252.73 mm): Horizontal Wire, length 3.175 mm
[endpoint_off_grid]: Symbol pin or wire end off connection grid
    ; warning
    @(615.95 mm, 252.73 mm): Horizontal Wire, length 0.635 mm
[endpoint_off_grid]: Symbol pin or wire end off connection grid
    ; warning
    @(616.585 mm, 293.37 mm): Horizontal Wire, length 3.175 mm
[endpoint_off_grid]: Symbol pin or wire end off connection grid
    ; warning
    @(615.95 mm, 293.37 mm): Horizontal Wire, length 0.635 mm
[endpoint_off_grid]: Symbol pin or wire end off connection grid
    ; warning
    @(616.585 mm, 433.705 mm): Horizontal Wire, length 3.175 mm
[endpoint_off_grid]: Symbol pin or wire end off connection grid
    ; warning
    @(616.585 mm, 474.345 mm): Horizontal Wire, length 3.175 mm
[endpoint_off_grid]: Symbol pin or wire end off connection grid
    ; warning
    @(619.125 mm, 2672.08 mm): Symbol C_AUDIO_OSC Pin 1 [Passive, Line]
[endpoint_off_grid]: Symbol pin or wire end off connection grid
    ; warning
    @(619.76 mm, 433.705 mm): Vertical Wire, length 5.08 mm
[endpoint_off_grid]: Symbol pin or wire end off connection grid
    ; warning
    @(619.76 mm, 438.785 mm): Horizontal Wire, length 2.54 mm
[endpoint_off_grid]: Symbol pin or wire end off connection grid
    ; warning
    @(619.76 mm, 438.785 mm): Vertical Wire, length 3.81 mm
[endpoint_off_grid]: Symbol pin or wire end off connection grid
    ; warning
    @(619.76 mm, 459.105 mm): Horizontal Wire, length 2.54 mm
[endpoint_off_grid]: Symbol pin or wire end off connection grid
    ; warning
    @(619.76 mm, 465.455 mm): Horizontal Wire, length 1.27 mm
[endpoint_off_grid]: Symbol pin or wire end off connection grid
    ; warning
    @(619.76 mm, 474.345 mm): Vertical Wire, length 15.24 mm
[endpoint_off_grid]: Symbol pin or wire end off connection grid
    ; warning
    @(621.03 mm, 1873.25 mm): Horizontal Wire, length 0.635 mm
[endpoint_off_grid]: Symbol pin or wire end off connection grid
    ; warning
    @(620.395 mm, 2755.265 mm): Symbol C_XLATE_A Pin 1 [Passive, Line]
[endpoint_off_grid]: Symbol pin or wire end off connection grid
    ; warning
    @(620.395 mm, 2818.765 mm): Symbol R_BCLK_RAW_PD Pin 1 [Passive, Line]
[footprint_link_issues]: The current configuration does not include the footprint library 'crow_usb_digital'
    ; warning
    @(621.03 mm, 1229.36 mm): Symbol U_ADC_READY_BAD [SYM_U_ADC_READY_BAD]
[lib_symbol_issues]: The current configuration does not include the symbol library 'elt'
    ; warning
    @(621.03 mm, 1229.36 mm): Symbol U_ADC_READY_BAD [SYM_U_ADC_READY_BAD]
[lib_symbol_issues]: The current configuration does not include the symbol library 'elt'
    ; warning
    @(621.03 mm, 1253.49 mm): Symbol #PWR281 [GND]
[endpoint_off_grid]: Symbol pin or wire end off connection grid
    ; warning
    @(621.03 mm, 1875.155 mm): Vertical Wire, length 1.905 mm
[endpoint_off_grid]: Symbol pin or wire end off connection grid
    ; warning
    @(621.665 mm, 1803.40 mm): Horizontal Wire, length 8.89 mm
[endpoint_off_grid]: Symbol pin or wire end off connection grid
    ; warning
    @(621.665 mm, 1840.23 mm): Vertical Wire, length 36.83 mm
[endpoint_off_grid]: Symbol pin or wire end off connection grid
    ; warning
    @(622.30 mm, 462.915 mm): Horizontal Wire, length 3.81 mm
[endpoint_off_grid]: Symbol pin or wire end off connection grid
    ; warning
    @(622.30 mm, 469.265 mm): Vertical Wire, length 6.35 mm
[footprint_link_issues]: The current configuration does not include the footprint library 'Capacitor_SMD'
    ; warning
    @(622.935 mm, 2672.08 mm): Symbol C_AUDIO_OSC [SYM_C_AUDIO_OSC]
[lib_symbol_issues]: The current configuration does not include the symbol library 'elt'
    ; warning
    @(622.935 mm, 2672.08 mm): Symbol C_AUDIO_OSC [SYM_C_AUDIO_OSC]
[footprint_link_issues]: The current configuration does not include the footprint library 'Capacitor_SMD'
    ; warning
    @(624.205 mm, 2755.265 mm): Symbol C_XLATE_A [SYM_C_XLATE_A]
[lib_symbol_issues]: The current configuration does not include the symbol library 'elt'
    ; warning
    @(624.205 mm, 2755.265 mm): Symbol C_XLATE_A [SYM_C_XLATE_A]
[footprint_link_issues]: The current configuration does not include the footprint library 'Resistor_SMD'
    ; warning
    @(624.205 mm, 2818.765 mm): Symbol R_BCLK_RAW_PD [SYM_R_BCLK_RAW_PD]
[lib_symbol_issues]: The current configuration does not include the symbol library 'elt'
    ; warning
    @(624.205 mm, 2818.765 mm): Symbol R_BCLK_RAW_PD [SYM_R_BCLK_RAW_PD]
[endpoint_off_grid]: Symbol pin or wire end off connection grid
    ; warning
    @(626.745 mm, 699.77 mm): Vertical Wire, length 2.54 mm
[endpoint_off_grid]: Symbol pin or wire end off connection grid
    ; warning
    @(626.745 mm, 702.31 mm): Vertical Wire, length 0.635 mm
[endpoint_off_grid]: Symbol pin or wire end off connection grid
    ; warning
    @(626.745 mm, 702.945 mm): Symbol C_ADC_A_IOVDD_100N Pin 1 [Passive, Line]
[footprint_link_issues]: The current configuration does not include the footprint library 'Capacitor_SMD'
    ; warning
    @(626.745 mm, 706.755 mm): Symbol C_ADC_A_IOVDD_100N [SYM_C_ADC_A_IOVDD_100N]
[lib_symbol_issues]: The current configuration does not include the symbol library 'elt'
    ; warning
    @(626.745 mm, 706.755 mm): Symbol C_ADC_A_IOVDD_100N [SYM_C_ADC_A_IOVDD_100N]
[endpoint_off_grid]: Symbol pin or wire end off connection grid
    ; warning
    @(626.745 mm, 710.565 mm): Symbol #PWR240 Hidden pin 1 [GND, Power input, Line]
[lib_symbol_issues]: The current configuration does not include the symbol library 'elt'
    ; warning
    @(626.745 mm, 710.565 mm): Symbol #PWR240 [GND]
[endpoint_off_grid]: Symbol pin or wire end off connection grid
    ; warning
    @(626.745 mm, 737.87 mm): Vertical Wire, length 2.54 mm
[endpoint_off_grid]: Symbol pin or wire end off connection grid
    ; warning
    @(626.745 mm, 740.41 mm): Vertical Wire, length 0.635 mm
[endpoint_off_grid]: Symbol pin or wire end off connection grid
    ; warning
    @(626.745 mm, 741.045 mm): Symbol C_ADC_A_VREF_100N Pin 1 [Passive, Line]
[footprint_link_issues]: The current configuration does not include the footprint library 'Capacitor_SMD'
    ; warning
    @(626.745 mm, 744.855 mm): Symbol C_ADC_A_VREF_100N [SYM_C_ADC_A_VREF_100N]
[lib_symbol_issues]: The current configuration does not include the symbol library 'elt'
    ; warning
    @(626.745 mm, 744.855 mm): Symbol C_ADC_A_VREF_100N [SYM_C_ADC_A_VREF_100N]
[endpoint_off_grid]: Symbol pin or wire end off connection grid
    ; warning
    @(626.745 mm, 748.665 mm): Symbol #PWR244 Hidden pin 1 [GND, Power input, Line]
[lib_symbol_issues]: The current configuration does not include the symbol library 'elt'
    ; warning
    @(626.745 mm, 748.665 mm): Symbol #PWR244 [GND]
[endpoint_off_grid]: Symbol pin or wire end off connection grid
    ; warning
    @(626.745 mm, 2672.08 mm): Symbol #PWR358 Hidden pin 1 [GND, Power input, Line]
[lib_symbol_issues]: The current configuration does not include the symbol library 'elt'
    ; warning
    @(626.745 mm, 2672.08 mm): Symbol #PWR358 [GND]
[endpoint_off_grid]: Symbol pin or wire end off connection grid
    ; warning
    @(628.015 mm, 2755.265 mm): Symbol #PWR366 Hidden pin 1 [GND, Power input, Line]
[lib_symbol_issues]: The current configuration does not include the symbol library 'elt'
    ; warning
    @(628.015 mm, 2755.265 mm): Symbol #PWR366 [GND]
[endpoint_off_grid]: Symbol pin or wire end off connection grid
    ; warning
    @(628.015 mm, 2818.765 mm): Symbol #PWR369 Hidden pin 1 [GND, Power input, Line]
[lib_symbol_issues]: The current configuration does not include the symbol library 'elt'
    ; warning
    @(628.015 mm, 2818.765 mm): Symbol #PWR369 [GND]
[endpoint_off_grid]: Symbol pin or wire end off connection grid
    ; warning
    @(633.73 mm, 1872.615 mm): Vertical Wire, length 2.54 mm
[endpoint_off_grid]: Symbol pin or wire end off connection grid
    ; warning
    @(635.635 mm, 40.64 mm): Horizontal Wire, length 2.54 mm
[endpoint_off_grid]: Symbol pin or wire end off connection grid
    ; warning
    @(635.635 mm, 46.99 mm): Vertical Wire, length 6.35 mm
[endpoint_off_grid]: Symbol pin or wire end off connection grid
    ; warning
    @(641.35 mm, 46.99 mm): Horizontal Wire, length 5.715 mm
[endpoint_off_grid]: Symbol pin or wire end off connection grid
    ; warning
    @(635.635 mm, 132.08 mm): Vertical Wire, length 12.70 mm
[endpoint_off_grid]: Symbol pin or wire end off connection grid
    ; warning
    @(664.21 mm, 132.08 mm): Horizontal Wire, length 28.575 mm
[endpoint_off_grid]: Symbol pin or wire end off connection grid
    ; warning
    @(635.635 mm, 144.78 mm): Horizontal Wire, length 2.54 mm
[endpoint_off_grid]: Symbol pin or wire end off connection grid
    ; warning
    @(635.635 mm, 220.98 mm): Horizontal Wire, length 2.54 mm
[endpoint_off_grid]: Symbol pin or wire end off connection grid
    ; warning
    @(635.635 mm, 227.33 mm): Vertical Wire, length 6.35 mm
[endpoint_off_grid]: Symbol pin or wire end off connection grid
    ; warning
    @(641.35 mm, 227.33 mm): Horizontal Wire, length 5.715 mm
[endpoint_off_grid]: Symbol pin or wire end off connection grid
    ; warning
    @(635.635 mm, 312.42 mm): Vertical Wire, length 12.70 mm
[endpoint_off_grid]: Symbol pin or wire end off connection grid
    ; warning
    @(664.21 mm, 312.42 mm): Horizontal Wire, length 28.575 mm
[endpoint_off_grid]: Symbol pin or wire end off connection grid
    ; warning
    @(635.635 mm, 325.12 mm): Horizontal Wire, length 2.54 mm
[endpoint_off_grid]: Symbol pin or wire end off connection grid
    ; warning
    @(635.635 mm, 401.955 mm): Horizontal Wire, length 2.54 mm
[endpoint_off_grid]: Symbol pin or wire end off connection grid
    ; warning
    @(635.635 mm, 408.305 mm): Vertical Wire, length 6.35 mm
[endpoint_off_grid]: Symbol pin or wire end off connection grid
    ; warning
    @(635.635 mm, 493.395 mm): Vertical Wire, length 12.70 mm
[endpoint_off_grid]: Symbol pin or wire end off connection grid
    ; warning
    @(635.635 mm, 506.095 mm): Horizontal Wire, length 2.54 mm
[endpoint_off_grid]: Symbol pin or wire end off connection grid
    ; warning
    @(635.635 mm, 942.34 mm): Horizontal Wire, length 5.715 mm
[endpoint_off_grid]: Symbol pin or wire end off connection grid
    ; warning
    @(635.635 mm, 943.61 mm): Symbol R_ADC_3V3X_OK_TOP Pin 1 [Passive, Line]
[endpoint_off_grid]: Symbol pin or wire end off connection grid
    ; warning
    @(635.635 mm, 943.61 mm): Vertical Wire, length 1.27 mm
[footprint_link_issues]: The current configuration does not include the footprint library 'Resistor_SMD'
    ; warning
    @(635.635 mm, 947.42 mm): Symbol R_ADC_3V3X_OK_TOP [SYM_R_ADC_3V3X_OK_TOP]
[lib_symbol_issues]: The current configuration does not include the symbol library 'elt'
    ; warning
    @(635.635 mm, 947.42 mm): Symbol R_ADC_3V3X_OK_TOP [SYM_R_ADC_3V3X_OK_TOP]
[endpoint_off_grid]: Symbol pin or wire end off connection grid
    ; warning
    @(635.635 mm, 951.23 mm): Vertical Wire, length 1.27 mm
[endpoint_off_grid]: Symbol pin or wire end off connection grid
    ; warning
    @(635.635 mm, 952.50 mm): Horizontal Wire, length 5.715 mm
[endpoint_off_grid]: Symbol pin or wire end off connection grid
    ; warning
    @(635.635 mm, 1082.04 mm): Horizontal Wire, length 5.715 mm
[endpoint_off_grid]: Symbol pin or wire end off connection grid
    ; warning
    @(635.635 mm, 1083.31 mm): Symbol R_ADC_3V3X_OK_BOT Pin 1 [Passive, Line]
[endpoint_off_grid]: Symbol pin or wire end off connection grid
    ; warning
    @(635.635 mm, 1083.31 mm): Vertical Wire, length 1.27 mm
[footprint_link_issues]: The current configuration does not include the footprint library 'Resistor_SMD'
    ; warning
    @(635.635 mm, 1087.12 mm): Symbol R_ADC_3V3X_OK_BOT [SYM_R_ADC_3V3X_OK_BOT]
[lib_symbol_issues]: The current configuration does not include the symbol library 'elt'
    ; warning
    @(635.635 mm, 1087.12 mm): Symbol R_ADC_3V3X_OK_BOT [SYM_R_ADC_3V3X_OK_BOT]
[endpoint_off_grid]: Symbol pin or wire end off connection grid
    ; warning
    @(635.635 mm, 1090.93 mm): Symbol #PWR264 Hidden pin 1 [GND, Power input, Line]
[lib_symbol_issues]: The current configuration does not include the symbol library 'elt'
    ; warning
    @(635.635 mm, 1090.93 mm): Symbol #PWR264 [GND]
[endpoint_off_grid]: Symbol pin or wire end off connection grid
    ; warning
    @(638.175 mm, 40.64 mm): Horizontal Wire, length 0.635 mm
[endpoint_off_grid]: Symbol pin or wire end off connection grid
    ; warning
    @(638.175 mm, 144.78 mm): Horizontal Wire, length 0.635 mm
[endpoint_off_grid]: Symbol pin or wire end off connection grid
    ; warning
    @(638.175 mm, 220.98 mm): Horizontal Wire, length 0.635 mm
[endpoint_off_grid]: Symbol pin or wire end off connection grid
    ; warning
    @(638.175 mm, 325.12 mm): Horizontal Wire, length 0.635 mm
[endpoint_off_grid]: Symbol pin or wire end off connection grid
    ; warning
    @(638.175 mm, 401.955 mm): Horizontal Wire, length 0.635 mm
[endpoint_off_grid]: Symbol pin or wire end off connection grid
    ; warning
    @(638.175 mm, 506.095 mm): Horizontal Wire, length 0.635 mm
[footprint_link_issues]: The current configuration does not include the footprint library 'Package_SO'
    ; warning
    @(638.81 mm, 92.71 mm): Symbol U_AFE6 [SYM_U_AFE6]
[lib_symbol_issues]: The current configuration does not include the symbol library 'elt'
    ; warning
    @(638.81 mm, 92.71 mm): Symbol U_AFE6 [SYM_U_AFE6]
[lib_symbol_issues]: The current configuration does not include the symbol library 'elt'
    ; warning
    @(638.81 mm, 119.38 mm): Symbol #PWR136 [GND]
[footprint_link_issues]: The current configuration does not include the footprint library 'Capacitor_SMD'
    ; warning
    @(638.81 mm, 172.72 mm): Symbol C_OPA6 [SYM_C_OPA6]
[lib_symbol_issues]: The current configuration does not include the symbol library 'elt'
    ; warning
    @(638.81 mm, 172.72 mm): Symbol C_OPA6 [SYM_C_OPA6]
[lib_symbol_issues]: The current configuration does not include the symbol library 'elt'
    ; warning
    @(638.81 mm, 176.53 mm): Symbol #PWR147 [GND]
[footprint_link_issues]: The current configuration does not include the footprint library 'Package_SO'
    ; warning
    @(638.81 mm, 273.05 mm): Symbol U_AFE7 [SYM_U_AFE7]
[lib_symbol_issues]: The current configuration does not include the symbol library 'elt'
    ; warning
    @(638.81 mm, 273.05 mm): Symbol U_AFE7 [SYM_U_AFE7]
[lib_symbol_issues]: The current configuration does not include the symbol library 'elt'
    ; warning
    @(638.81 mm, 299.72 mm): Symbol #PWR148 [GND]
[footprint_link_issues]: The current configuration does not include the footprint library 'Capacitor_SMD'
    ; warning
    @(638.81 mm, 353.06 mm): Symbol C_OPA7 [SYM_C_OPA7]
[lib_symbol_issues]: The current configuration does not include the symbol library 'elt'
    ; warning
    @(638.81 mm, 353.06 mm): Symbol C_OPA7 [SYM_C_OPA7]
[lib_symbol_issues]: The current configuration does not include the symbol library 'elt'
    ; warning
    @(638.81 mm, 356.87 mm): Symbol #PWR159 [GND]
[endpoint_off_grid]: Symbol pin or wire end off connection grid
    ; warning
    @(638.81 mm, 401.955 mm): Symbol C_FB8P Pin 1 [Passive, Line]
[endpoint_off_grid]: Symbol pin or wire end off connection grid
    ; warning
    @(638.81 mm, 427.355 mm): Vertical Wire, length 1.905 mm
[footprint_link_issues]: The current configuration does not include the footprint library 'Package_SO'
    ; warning
    @(638.81 mm, 454.025 mm): Symbol U_AFE8 [SYM_U_AFE8]
[lib_symbol_issues]: The current configuration does not include the symbol library 'elt'
    ; warning
    @(638.81 mm, 454.025 mm): Symbol U_AFE8 [SYM_U_AFE8]
[endpoint_off_grid]: Symbol pin or wire end off connection grid
    ; warning
    @(638.81 mm, 480.695 mm): Symbol #PWR160 Hidden pin 1 [GND, Power input, Line]
[lib_symbol_issues]: The current configuration does not include the symbol library 'elt'
    ; warning
    @(638.81 mm, 480.695 mm): Symbol #PWR160 [GND]
[endpoint_off_grid]: Symbol pin or wire end off connection grid
    ; warning
    @(638.81 mm, 506.095 mm): Symbol C_FB8N Pin 1 [Passive, Line]
[endpoint_off_grid]: Symbol pin or wire end off connection grid
    ; warning
    @(638.81 mm, 530.225 mm): Horizontal Wire, length 5.08 mm
[endpoint_off_grid]: Symbol pin or wire end off connection grid
    ; warning
    @(638.81 mm, 530.225 mm): Symbol C_OPA8 Pin 1 [Passive, Line]
[footprint_link_issues]: The current configuration does not include the footprint library 'Capacitor_SMD'
    ; warning
    @(638.81 mm, 534.035 mm): Symbol C_OPA8 [SYM_C_OPA8]
[lib_symbol_issues]: The current configuration does not include the symbol library 'elt'
    ; warning
    @(638.81 mm, 534.035 mm): Symbol C_OPA8 [SYM_C_OPA8]
[endpoint_off_grid]: Symbol pin or wire end off connection grid
    ; warning
    @(638.81 mm, 537.845 mm): Symbol #PWR171 Hidden pin 1 [GND, Power input, Line]
[lib_symbol_issues]: The current configuration does not include the symbol library 'elt'
    ; warning
    @(638.81 mm, 537.845 mm): Symbol #PWR171 [GND]
[endpoint_off_grid]: Symbol pin or wire end off connection grid
    ; warning
    @(641.35 mm, 408.305 mm): Horizontal Wire, length 5.715 mm
[endpoint_off_grid]: Symbol pin or wire end off connection grid
    ; warning
    @(641.35 mm, 414.655 mm): Vertical Wire, length 6.35 mm
[endpoint_off_grid]: Symbol pin or wire end off connection grid
    ; warning
    @(641.35 mm, 1431.925 mm): Vertical Wire, length 33.02 mm
[endpoint_off_grid]: Symbol pin or wire end off connection grid
    ; warning
    @(641.35 mm, 1464.945 mm): Horizontal Wire, length 10.795 mm
[lib_symbol_issues]: The current configuration does not include the symbol library 'elt'
    ; warning
    @(641.35 mm, 2578.10 mm): Symbol #PWR352 [GND]
[footprint_link_issues]: The current configuration does not include the footprint library 'Capacitor_SMD'
    ; warning
    @(642.62 mm, 40.64 mm): Symbol C_FB6P [SYM_C_FB6P]
[lib_symbol_issues]: The current configuration does not include the symbol library 'elt'
    ; warning
    @(642.62 mm, 40.64 mm): Symbol C_FB6P [SYM_C_FB6P]
[footprint_link_issues]: The current configuration does not include the footprint library 'Capacitor_SMD'
    ; warning
    @(642.62 mm, 144.78 mm): Symbol C_FB6N [SYM_C_FB6N]
[lib_symbol_issues]: The current configuration does not include the symbol library 'elt'
    ; warning
    @(642.62 mm, 144.78 mm): Symbol C_FB6N [SYM_C_FB6N]
[footprint_link_issues]: The current configuration does not include the footprint library 'Capacitor_SMD'
    ; warning
    @(642.62 mm, 220.98 mm): Symbol C_FB7P [SYM_C_FB7P]
[lib_symbol_issues]: The current configuration does not include the symbol library 'elt'
    ; warning
    @(642.62 mm, 220.98 mm): Symbol C_FB7P [SYM_C_FB7P]
[footprint_link_issues]: The current configuration does not include the footprint library 'Capacitor_SMD'
    ; warning
    @(642.62 mm, 325.12 mm): Symbol C_FB7N [SYM_C_FB7N]
[lib_symbol_issues]: The current configuration does not include the symbol library 'elt'
    ; warning
    @(642.62 mm, 325.12 mm): Symbol C_FB7N [SYM_C_FB7N]
[footprint_link_issues]: The current configuration does not include the footprint library 'Capacitor_SMD'
    ; warning
    @(642.62 mm, 401.955 mm): Symbol C_FB8P [SYM_C_FB8P]
[lib_symbol_issues]: The current configuration does not include the symbol library 'elt'
    ; warning
    @(642.62 mm, 401.955 mm): Symbol C_FB8P [SYM_C_FB8P]
[footprint_link_issues]: The current configuration does not include the footprint library 'Capacitor_SMD'
    ; warning
    @(642.62 mm, 506.095 mm): Symbol C_FB8N [SYM_C_FB8N]
[lib_symbol_issues]: The current configuration does not include the symbol library 'elt'
    ; warning
    @(642.62 mm, 506.095 mm): Symbol C_FB8N [SYM_C_FB8N]
[endpoint_off_grid]: Symbol pin or wire end off connection grid
    ; warning
    @(644.525 mm, 1628.14 mm): Horizontal Wire, length 25.40 mm
[endpoint_off_grid]: Symbol pin or wire end off connection grid
    ; warning
    @(644.525 mm, 1630.68 mm): Vertical Wire, length 2.54 mm
[endpoint_off_grid]: Symbol pin or wire end off connection grid
    ; warning
    @(644.525 mm, 1631.95 mm): Symbol C_U_1V8_OUT_1 Pin 1 [Passive, Line]
[endpoint_off_grid]: Symbol pin or wire end off connection grid
    ; warning
    @(644.525 mm, 1631.95 mm): Vertical Wire, length 1.27 mm
[footprint_link_issues]: The current configuration does not include the footprint library 'crow_usb_power_aux'
    ; warning
    @(644.525 mm, 1635.76 mm): Symbol C_U_1V8_OUT_1 [SYM_C_U_1V8_OUT_1]
[lib_symbol_issues]: The current configuration does not include the symbol library 'elt'
    ; warning
    @(644.525 mm, 1635.76 mm): Symbol C_U_1V8_OUT_1 [SYM_C_U_1V8_OUT_1]
[endpoint_off_grid]: Symbol pin or wire end off connection grid
    ; warning
    @(644.525 mm, 1639.57 mm): Symbol #PWR298 Hidden pin 1 [GND, Power input, Line]
[lib_symbol_issues]: The current configuration does not include the symbol library 'elt'
    ; warning
    @(644.525 mm, 1639.57 mm): Symbol #PWR298 [GND]
[endpoint_off_grid]: Symbol pin or wire end off connection grid
    ; warning
    @(644.525 mm, 1756.41 mm): Horizontal Wire, length 8.255 mm
[endpoint_off_grid]: Symbol pin or wire end off connection grid
    ; warning
    @(644.525 mm, 1758.95 mm): Vertical Wire, length 2.54 mm
[endpoint_off_grid]: Symbol pin or wire end off connection grid
    ; warning
    @(644.525 mm, 1760.22 mm): Symbol C_U_CORE_OUT_1 Pin 1 [Passive, Line]
[endpoint_off_grid]: Symbol pin or wire end off connection grid
    ; warning
    @(644.525 mm, 1760.22 mm): Vertical Wire, length 1.27 mm
[footprint_link_issues]: The current configuration does not include the footprint library 'crow_usb_power_aux'
    ; warning
    @(644.525 mm, 1764.03 mm): Symbol C_U_CORE_OUT_1 [SYM_C_U_CORE_OUT_1]
[lib_symbol_issues]: The current configuration does not include the symbol library 'elt'
    ; warning
    @(644.525 mm, 1764.03 mm): Symbol C_U_CORE_OUT_1 [SYM_C_U_CORE_OUT_1]
[endpoint_off_grid]: Symbol pin or wire end off connection grid
    ; warning
    @(644.525 mm, 1767.84 mm): Symbol #PWR304 Hidden pin 1 [GND, Power input, Line]
[lib_symbol_issues]: The current configuration does not include the symbol library 'elt'
    ; warning
    @(644.525 mm, 1767.84 mm): Symbol #PWR304 [GND]
[endpoint_off_grid]: Symbol pin or wire end off connection grid
    ; warning
    @(646.43 mm, 1871.345 mm): Vertical Wire, length 1.27 mm
[endpoint_off_grid]: Symbol pin or wire end off connection grid
    ; warning
    @(646.43 mm, 1872.615 mm): Horizontal Wire, length 12.70 mm
[endpoint_off_grid]: Symbol pin or wire end off connection grid
    ; warning
    @(646.43 mm, 1873.885 mm): Horizontal Wire, length 1.27 mm
[endpoint_off_grid]: Symbol pin or wire end off connection grid
    ; warning
    @(646.43 mm, 1875.155 mm): Vertical Wire, length 2.54 mm
[endpoint_off_grid]: Symbol pin or wire end off connection grid
    ; warning
    @(636.27 mm, 1789.43 mm): Horizontal Wire, length 10.795 mm
[endpoint_off_grid]: Symbol pin or wire end off connection grid
    ; warning
    @(647.065 mm, 1789.43 mm): Horizontal Wire, length 6.35 mm
[endpoint_off_grid]: Symbol pin or wire end off connection grid
    ; warning
    @(648.335 mm, 1229.36 mm): Horizontal Wire, length 24.13 mm
[endpoint_off_grid]: Symbol pin or wire end off connection grid
    ; warning
    @(648.335 mm, 2503.17 mm): Symbol R_XTAL_FB Pin 1 [Passive, Line]
[endpoint_off_grid]: Symbol pin or wire end off connection grid
    ; warning
    @(649.605 mm, 132.08 mm): Vertical Wire, length 1.27 mm
[endpoint_off_grid]: Symbol pin or wire end off connection grid
    ; warning
    @(649.605 mm, 312.42 mm): Vertical Wire, length 1.27 mm
[endpoint_off_grid]: Symbol pin or wire end off connection grid
    ; warning
    @(649.605 mm, 493.395 mm): Vertical Wire, length 1.27 mm
[endpoint_off_grid]: Symbol pin or wire end off connection grid
    ; warning
    @(649.605 mm, 1431.925 mm): Horizontal Wire, length 8.255 mm
[endpoint_off_grid]: Symbol pin or wire end off connection grid
    ; warning
    @(649.605 mm, 1434.465 mm): Vertical Wire, length 2.54 mm
[endpoint_off_grid]: Symbol pin or wire end off connection grid
    ; warning
    @(649.605 mm, 1435.735 mm): Vertical Wire, length 1.27 mm
[endpoint_off_grid]: Symbol pin or wire end off connection grid
    ; warning
    @(649.605 mm, 1435.735 mm): Symbol C_U_3V3X_OUT_1 Pin 1 [Passive, Line]
[footprint_link_issues]: The current configuration does not include the footprint library 'crow_usb_power_aux'
    ; warning
    @(649.605 mm, 1439.545 mm): Symbol C_U_3V3X_OUT_1 [SYM_C_U_3V3X_OUT_1]
[lib_symbol_issues]: The current configuration does not include the symbol library 'elt'
    ; warning
    @(649.605 mm, 1439.545 mm): Symbol C_U_3V3X_OUT_1 [SYM_C_U_3V3X_OUT_1]
[endpoint_off_grid]: Symbol pin or wire end off connection grid
    ; warning
    @(649.605 mm, 1443.355 mm): Symbol #PWR292 Hidden pin 1 [GND, Power input, Line]
[lib_symbol_issues]: The current configuration does not include the symbol library 'elt'
    ; warning
    @(649.605 mm, 1443.355 mm): Symbol #PWR292 [GND]
[endpoint_off_grid]: Symbol pin or wire end off connection grid
    ; warning
    @(650.24 mm, 1003.935 mm): Horizontal Wire, length 4.445 mm
[endpoint_off_grid]: Symbol pin or wire end off connection grid
    ; warning
    @(650.24 mm, 1000.76 mm): Vertical Wire, length 3.175 mm
[endpoint_off_grid]: Symbol pin or wire end off connection grid
    ; warning
    @(652.145 mm, 1464.945 mm): Horizontal Wire, length 6.35 mm
[footprint_link_issues]: The current configuration does not include the footprint library 'Resistor_SMD'
    ; warning
    @(652.145 mm, 2503.17 mm): Symbol R_XTAL_FB [SYM_R_XTAL_FB]
[lib_symbol_issues]: The current configuration does not include the symbol library 'elt'
    ; warning
    @(652.145 mm, 2503.17 mm): Symbol R_XTAL_FB [SYM_R_XTAL_FB]
[endpoint_off_grid]: Symbol pin or wire end off connection grid
    ; warning
    @(653.415 mm, 995.68 mm): Vertical Wire, length 5.08 mm
[endpoint_off_grid]: Symbol pin or wire end off connection grid
    ; warning
    @(650.24 mm, 995.68 mm): Horizontal Wire, length 3.175 mm
[endpoint_off_grid]: Symbol pin or wire end off connection grid
    ; warning
    @(653.415 mm, 1000.76 mm): Horizontal Wire, length 3.175 mm
[endpoint_off_grid]: Symbol pin or wire end off connection grid
    ; warning
    @(653.415 mm, 1661.16 mm): Symbol R_1V8_FB_TOP Pin 1 [Passive, Line]
[endpoint_off_grid]: Symbol pin or wire end off connection grid
    ; warning
    @(653.415 mm, 1789.43 mm): Symbol R_CORE_FB_TOP Pin 1 [Passive, Line]
[endpoint_off_grid]: Symbol pin or wire end off connection grid
    ; warning
    @(654.685 mm, 992.505 mm): Horizontal Wire, length 5.08 mm
[endpoint_off_grid]: Symbol pin or wire end off connection grid
    ; warning
    @(654.685 mm, 992.505 mm): Symbol U_ADC_3V3X_OK Pin 1 [SENSE, Passive, Line]
[endpoint_off_grid]: Symbol pin or wire end off connection grid
    ; warning
    @(655.32 mm, 448.945 mm): Symbol U_AFE8 Pin 1 [OUTA, Passive, Line]
[endpoint_off_grid]: Symbol pin or wire end off connection grid
    ; warning
    @(655.955 mm, 2503.17 mm): Horizontal Wire, length 3.175 mm
[endpoint_off_grid]: Symbol pin or wire end off connection grid
    ; warning
    @(656.59 mm, 2442.845 mm): Vertical Wire, length 1.27 mm
[footprint_link_issues]: The current configuration does not include the footprint library 'Resistor_SMD'
    ; warning
    @(657.225 mm, 1661.16 mm): Symbol R_1V8_FB_TOP [SYM_R_1V8_FB_TOP]
[lib_symbol_issues]: The current configuration does not include the symbol library 'elt'
    ; warning
    @(657.225 mm, 1661.16 mm): Symbol R_1V8_FB_TOP [SYM_R_1V8_FB_TOP]
[endpoint_off_grid]: Symbol pin or wire end off connection grid
    ; warning
    @(657.225 mm, 1682.75 mm): Symbol C_CORE_EN_CT Pin 1 [Passive, Line]
[endpoint_off_grid]: Symbol pin or wire end off connection grid
    ; warning
    @(657.225 mm, 1682.75 mm): Horizontal Wire, length 8.89 mm
[footprint_link_issues]: The current configuration does not include the footprint library 'Capacitor_SMD'
    ; warning
    @(657.225 mm, 1686.56 mm): Symbol C_CORE_EN_CT [SYM_C_CORE_EN_CT]
[lib_symbol_issues]: The current configuration does not include the symbol library 'elt'
    ; warning
    @(657.225 mm, 1686.56 mm): Symbol C_CORE_EN_CT [SYM_C_CORE_EN_CT]
[endpoint_off_grid]: Symbol pin or wire end off connection grid
    ; warning
    @(657.225 mm, 1690.37 mm): Symbol #PWR309 Hidden pin 1 [GND, Power input, Line]
[lib_symbol_issues]: The current configuration does not include the symbol library 'elt'
    ; warning
    @(657.225 mm, 1690.37 mm): Symbol #PWR309 [GND]
[footprint_link_issues]: The current configuration does not include the footprint library 'Resistor_SMD'
    ; warning
    @(657.225 mm, 1789.43 mm): Symbol R_CORE_FB_TOP [SYM_R_CORE_FB_TOP]
[lib_symbol_issues]: The current configuration does not include the symbol library 'elt'
    ; warning
    @(657.225 mm, 1789.43 mm): Symbol R_CORE_FB_TOP [SYM_R_CORE_FB_TOP]
[endpoint_off_grid]: Symbol pin or wire end off connection grid
    ; warning
    @(657.225 mm, 1822.45 mm): Horizontal Wire, length 5.715 mm
[endpoint_off_grid]: Symbol pin or wire end off connection grid
    ; warning
    @(657.225 mm, 1823.72 mm): Symbol R_XU_RST_PU Pin 1 [Passive, Line]
[endpoint_off_grid]: Symbol pin or wire end off connection grid
    ; warning
    @(657.225 mm, 1823.72 mm): Vertical Wire, length 1.27 mm
[footprint_link_issues]: The current configuration does not include the footprint library 'Resistor_SMD'
    ; warning
    @(657.225 mm, 1827.53 mm): Symbol R_XU_RST_PU [SYM_R_XU_RST_PU]
[lib_symbol_issues]: The current configuration does not include the symbol library 'elt'
    ; warning
    @(657.225 mm, 1827.53 mm): Symbol R_XU_RST_PU [SYM_R_XU_RST_PU]
[endpoint_off_grid]: Symbol pin or wire end off connection grid
    ; warning
    @(657.225 mm, 1831.34 mm): Vertical Wire, length 1.27 mm
[endpoint_off_grid]: Symbol pin or wire end off connection grid
    ; warning
    @(657.225 mm, 1832.61 mm): Horizontal Wire, length 5.715 mm
[endpoint_off_grid]: Symbol pin or wire end off connection grid
    ; warning
    @(658.495 mm, 1464.945 mm): Symbol R_3V3X_FB_TOP Pin 1 [Passive, Line]
[endpoint_off_grid]: Symbol pin or wire end off connection grid
    ; warning
    @(659.13 mm, 1871.345 mm): Horizontal Wire, length 12.70 mm
[endpoint_off_grid]: Symbol pin or wire end off connection grid
    ; warning
    @(659.13 mm, 1875.155 mm): Vertical Wire, length 3.81 mm
[endpoint_off_grid]: Symbol pin or wire end off connection grid
    ; warning
    @(660.40 mm, 442.595 mm): Vertical Wire, length 6.35 mm
[endpoint_off_grid]: Symbol pin or wire end off connection grid
    ; warning
    @(660.40 mm, 448.945 mm): Horizontal Wire, length 5.08 mm
[endpoint_off_grid]: Symbol pin or wire end off connection grid
    ; warning
    @(660.40 mm, 448.945 mm): Vertical Wire, length 2.54 mm
[endpoint_off_grid]: Symbol pin or wire end off connection grid
    ; warning
    @(666.75 mm, 1789.43 mm): Horizontal Wire, length 5.715 mm
[footprint_link_issues]: The current configuration does not include the footprint library 'Resistor_SMD'
    ; warning
    @(662.305 mm, 1464.945 mm): Symbol R_3V3X_FB_TOP [SYM_R_3V3X_FB_TOP]
[lib_symbol_issues]: The current configuration does not include the symbol library 'elt'
    ; warning
    @(662.305 mm, 1464.945 mm): Symbol R_3V3X_FB_TOP [SYM_R_3V3X_FB_TOP]
[endpoint_off_grid]: Symbol pin or wire end off connection grid
    ; warning
    @(662.305 mm, 2225.675 mm): Vertical Wire, length 2.54 mm
[endpoint_off_grid]: Symbol pin or wire end off connection grid
    ; warning
    @(662.305 mm, 2228.215 mm): Vertical Wire, length 1.27 mm
[endpoint_off_grid]: Symbol pin or wire end off connection grid
    ; warning
    @(662.305 mm, 2229.485 mm): Symbol C_XU_VDD_18 Pin 1 [Passive, Line]
[footprint_link_issues]: The current configuration does not include the footprint library 'Capacitor_SMD'
    ; warning
    @(662.305 mm, 2233.295 mm): Symbol C_XU_VDD_18 [SYM_C_XU_VDD_18]
[lib_symbol_issues]: The current configuration does not include the symbol library 'elt'
    ; warning
    @(662.305 mm, 2233.295 mm): Symbol C_XU_VDD_18 [SYM_C_XU_VDD_18]
[endpoint_off_grid]: Symbol pin or wire end off connection grid
    ; warning
    @(662.305 mm, 2237.105 mm): Symbol #PWR327 Hidden pin 1 [GND, Power input, Line]
[lib_symbol_issues]: The current configuration does not include the symbol library 'elt'
    ; warning
    @(662.305 mm, 2237.105 mm): Symbol #PWR327 [GND]
[endpoint_off_grid]: Symbol pin or wire end off connection grid
    ; warning
    @(662.305 mm, 2289.175 mm): Vertical Wire, length 2.54 mm
[endpoint_off_grid]: Symbol pin or wire end off connection grid
    ; warning
    @(662.305 mm, 2291.715 mm): Vertical Wire, length 1.27 mm
[endpoint_off_grid]: Symbol pin or wire end off connection grid
    ; warning
    @(662.305 mm, 2292.985 mm): Symbol C_XU_VDD_104 Pin 1 [Passive, Line]
[footprint_link_issues]: The current configuration does not include the footprint library 'Capacitor_SMD'
    ; warning
    @(662.305 mm, 2296.795 mm): Symbol C_XU_VDD_104 [SYM_C_XU_VDD_104]
[lib_symbol_issues]: The current configuration does not include the symbol library 'elt'
    ; warning
    @(662.305 mm, 2296.795 mm): Symbol C_XU_VDD_104 [SYM_C_XU_VDD_104]
[endpoint_off_grid]: Symbol pin or wire end off connection grid
    ; warning
    @(662.305 mm, 2300.605 mm): Symbol #PWR335 Hidden pin 1 [GND, Power input, Line]
[lib_symbol_issues]: The current configuration does not include the symbol library 'elt'
    ; warning
    @(662.305 mm, 2300.605 mm): Symbol #PWR335 [GND]
[endpoint_off_grid]: Symbol pin or wire end off connection grid
    ; warning
    @(662.305 mm, 2352.675 mm): Vertical Wire, length 2.54 mm
[endpoint_off_grid]: Symbol pin or wire end off connection grid
    ; warning
    @(662.305 mm, 2355.215 mm): Vertical Wire, length 1.27 mm
[endpoint_off_grid]: Symbol pin or wire end off connection grid
    ; warning
    @(662.305 mm, 2356.485 mm): Symbol C_XU_VDDIO_72 Pin 1 [Passive, Line]
[footprint_link_issues]: The current configuration does not include the footprint library 'Capacitor_SMD'
    ; warning
    @(662.305 mm, 2360.295 mm): Symbol C_XU_VDDIO_72 [SYM_C_XU_VDDIO_72]
[lib_symbol_issues]: The current configuration does not include the symbol library 'elt'
    ; warning
    @(662.305 mm, 2360.295 mm): Symbol C_XU_VDDIO_72 [SYM_C_XU_VDDIO_72]
[endpoint_off_grid]: Symbol pin or wire end off connection grid
    ; warning
    @(662.305 mm, 2364.105 mm): Symbol #PWR343 Hidden pin 1 [GND, Power input, Line]
[lib_symbol_issues]: The current configuration does not include the symbol library 'elt'
    ; warning
    @(662.305 mm, 2364.105 mm): Symbol #PWR343 [GND]
[endpoint_off_grid]: Symbol pin or wire end off connection grid
    ; warning
    @(662.305 mm, 2442.845 mm): Horizontal Wire, length 5.715 mm
[endpoint_off_grid]: Symbol pin or wire end off connection grid
    ; warning
    @(662.305 mm, 2444.115 mm): Vertical Wire, length 1.27 mm
[endpoint_off_grid]: Symbol pin or wire end off connection grid
    ; warning
    @(662.305 mm, 2445.385 mm): Symbol C_XU_USB33 Pin 1 [Passive, Line]
[endpoint_off_grid]: Symbol pin or wire end off connection grid
    ; warning
    @(662.305 mm, 2445.385 mm): Vertical Wire, length 1.27 mm
[footprint_link_issues]: The current configuration does not include the footprint library 'Capacitor_SMD'
    ; warning
    @(662.305 mm, 2449.195 mm): Symbol C_XU_USB33 [SYM_C_XU_USB33]
[lib_symbol_issues]: The current configuration does not include the symbol library 'elt'
    ; warning
    @(662.305 mm, 2449.195 mm): Symbol C_XU_USB33 [SYM_C_XU_USB33]
[endpoint_off_grid]: Symbol pin or wire end off connection grid
    ; warning
    @(662.305 mm, 2453.005 mm): Symbol #PWR347 Hidden pin 1 [GND, Power input, Line]
[lib_symbol_issues]: The current configuration does not include the symbol library 'elt'
    ; warning
    @(662.305 mm, 2453.005 mm): Symbol #PWR347 [GND]
[endpoint_off_grid]: Symbol pin or wire end off connection grid
    ; warning
    @(663.575 mm, 97.79 mm): Horizontal Wire, length 8.255 mm
[endpoint_off_grid]: Symbol pin or wire end off connection grid
    ; warning
    @(671.83 mm, 104.14 mm): Horizontal Wire, length 8.255 mm
[endpoint_off_grid]: Symbol pin or wire end off connection grid
    ; warning
    @(663.575 mm, 104.14 mm): Vertical Wire, length 6.35 mm
[endpoint_off_grid]: Symbol pin or wire end off connection grid
    ; warning
    @(663.575 mm, 278.13 mm): Horizontal Wire, length 8.255 mm
[endpoint_off_grid]: Symbol pin or wire end off connection grid
    ; warning
    @(671.83 mm, 284.48 mm): Horizontal Wire, length 8.255 mm
[endpoint_off_grid]: Symbol pin or wire end off connection grid
    ; warning
    @(663.575 mm, 284.48 mm): Vertical Wire, length 6.35 mm
[endpoint_off_grid]: Symbol pin or wire end off connection grid
    ; warning
    @(663.575 mm, 459.105 mm): Horizontal Wire, length 8.255 mm
[endpoint_off_grid]: Symbol pin or wire end off connection grid
    ; warning
    @(663.575 mm, 465.455 mm): Vertical Wire, length 6.35 mm
[endpoint_off_grid]: Symbol pin or wire end off connection grid
    ; warning
    @(664.21 mm, 414.655 mm): Symbol R_X8P Pin 1 [Passive, Line]
[endpoint_off_grid]: Symbol pin or wire end off connection grid
    ; warning
    @(664.21 mm, 414.655 mm): Horizontal Wire, length 22.86 mm
[endpoint_off_grid]: Symbol pin or wire end off connection grid
    ; warning
    @(664.21 mm, 493.395 mm): Horizontal Wire, length 28.575 mm
[endpoint_off_grid]: Symbol pin or wire end off connection grid
    ; warning
    @(664.21 mm, 493.395 mm): Symbol R_X8N Pin 1 [Passive, Line]
[endpoint_off_grid]: Symbol pin or wire end off connection grid
    ; warning
    @(665.48 mm, 442.595 mm): Horizontal Wire, length 5.08 mm
[endpoint_off_grid]: Symbol pin or wire end off connection grid
    ; warning
    @(666.115 mm, 1661.16 mm): Horizontal Wire, length 5.08 mm
[endpoint_off_grid]: Symbol pin or wire end off connection grid
    ; warning
    @(666.75 mm, 442.595 mm): Symbol R_OUT8P Pin 1 [Passive, Line]
[endpoint_off_grid]: Symbol pin or wire end off connection grid
    ; warning
    @(666.75 mm, 442.595 mm): Horizontal Wire, length 1.27 mm
[endpoint_off_grid]: Symbol pin or wire end off connection grid
    ; warning
    @(667.385 mm, 1661.16 mm): Horizontal Wire, length 1.27 mm
[endpoint_off_grid]: Symbol pin or wire end off connection grid
    ; warning
    @(667.385 mm, 1665.605 mm): Vertical Wire, length 4.445 mm
[footprint_link_issues]: The current configuration does not include the footprint library 'Resistor_SMD'
    ; warning
    @(668.02 mm, 53.34 mm): Symbol R_X6P [SYM_R_X6P]
[lib_symbol_issues]: The current configuration does not include the symbol library 'elt'
    ; warning
    @(668.02 mm, 53.34 mm): Symbol R_X6P [SYM_R_X6P]
[footprint_link_issues]: The current configuration does not include the footprint library 'Resistor_SMD'
    ; warning
    @(668.02 mm, 132.08 mm): Symbol R_X6N [SYM_R_X6N]
[lib_symbol_issues]: The current configuration does not include the symbol library 'elt'
    ; warning
    @(668.02 mm, 132.08 mm): Symbol R_X6N [SYM_R_X6N]
[footprint_link_issues]: The current configuration does not include the footprint library 'Resistor_SMD'
    ; warning
    @(668.02 mm, 233.68 mm): Symbol R_X7P [SYM_R_X7P]
[lib_symbol_issues]: The current configuration does not include the symbol library 'elt'
    ; warning
    @(668.02 mm, 233.68 mm): Symbol R_X7P [SYM_R_X7P]
[footprint_link_issues]: The current configuration does not include the footprint library 'Resistor_SMD'
    ; warning
    @(668.02 mm, 312.42 mm): Symbol R_X7N [SYM_R_X7N]
[lib_symbol_issues]: The current configuration does not include the symbol library 'elt'
    ; warning
    @(668.02 mm, 312.42 mm): Symbol R_X7N [SYM_R_X7N]
[footprint_link_issues]: The current configuration does not include the footprint library 'Resistor_SMD'
    ; warning
    @(668.02 mm, 414.655 mm): Symbol R_X8P [SYM_R_X8P]
[lib_symbol_issues]: The current configuration does not include the symbol library 'elt'
    ; warning
    @(668.02 mm, 414.655 mm): Symbol R_X8P [SYM_R_X8P]
[footprint_link_issues]: The current configuration does not include the footprint library 'Resistor_SMD'
    ; warning
    @(668.02 mm, 493.395 mm): Symbol R_X8N [SYM_R_X8N]
[lib_symbol_issues]: The current configuration does not include the symbol library 'elt'
    ; warning
    @(668.02 mm, 493.395 mm): Symbol R_X8N [SYM_R_X8N]
[endpoint_off_grid]: Symbol pin or wire end off connection grid
    ; warning
    @(669.29 mm, 1522.095 mm): Vertical Wire, length 1.27 mm
[endpoint_off_grid]: Symbol pin or wire end off connection grid
    ; warning
    @(669.925 mm, 1628.14 mm): Vertical Wire, length 16.51 mm
[endpoint_off_grid]: Symbol pin or wire end off connection grid
    ; warning
    @(669.925 mm, 1644.65 mm): Symbol R_CORE_EN_PU Pin 1 [Passive, Line]
[footprint_link_issues]: The current configuration does not include the footprint library 'Resistor_SMD'
    ; warning
    @(669.925 mm, 1648.46 mm): Symbol R_CORE_EN_PU [SYM_R_CORE_EN_PU]
[lib_symbol_issues]: The current configuration does not include the symbol library 'elt'
    ; warning
    @(669.925 mm, 1648.46 mm): Symbol R_CORE_EN_PU [SYM_R_CORE_EN_PU]
[endpoint_off_grid]: Symbol pin or wire end off connection grid
    ; warning
    @(669.925 mm, 1652.27 mm): Vertical Wire, length 1.27 mm
[endpoint_off_grid]: Symbol pin or wire end off connection grid
    ; warning
    @(669.925 mm, 1653.54 mm): Horizontal Wire, length 5.715 mm
[footprint_link_issues]: The current configuration does not include the footprint library 'Resistor_SMD'
    ; warning
    @(670.56 mm, 81.28 mm): Symbol R_OUT6P [SYM_R_OUT6P]
[lib_symbol_issues]: The current configuration does not include the symbol library 'elt'
    ; warning
    @(670.56 mm, 81.28 mm): Symbol R_OUT6P [SYM_R_OUT6P]
[footprint_link_issues]: The current configuration does not include the footprint library 'Resistor_SMD'
    ; warning
    @(670.56 mm, 261.62 mm): Symbol R_OUT7P [SYM_R_OUT7P]
[lib_symbol_issues]: The current configuration does not include the symbol library 'elt'
    ; warning
    @(670.56 mm, 261.62 mm): Symbol R_OUT7P [SYM_R_OUT7P]
[footprint_link_issues]: The current configuration does not include the footprint library 'Resistor_SMD'
    ; warning
    @(670.56 mm, 442.595 mm): Symbol R_OUT8P [SYM_R_OUT8P]
[lib_symbol_issues]: The current configuration does not include the symbol library 'elt'
    ; warning
    @(670.56 mm, 442.595 mm): Symbol R_OUT8P [SYM_R_OUT8P]
[endpoint_off_grid]: Symbol pin or wire end off connection grid
    ; warning
    @(671.83 mm, 414.655 mm): Horizontal Wire, length 6.35 mm
[endpoint_off_grid]: Symbol pin or wire end off connection grid
    ; warning
    @(671.83 mm, 465.455 mm): Horizontal Wire, length 8.255 mm
[footprint_link_issues]: The current configuration does not include the footprint library 'crow_usb_analog'
    ; warning
    @(671.83 mm, 1305.56 mm): Symbol Q_ADC_DELAY_DISCH [SYM_Q_ADC_DELAY_DISCH]
[lib_symbol_issues]: The current configuration does not include the symbol library 'elt'
    ; warning
    @(671.83 mm, 1305.56 mm): Symbol Q_ADC_DELAY_DISCH [SYM_Q_ADC_DELAY_DISCH]
[lib_symbol_issues]: The current configuration does not include the symbol library 'elt'
    ; warning
    @(671.83 mm, 1313.18 mm): Symbol #PWR284 [GND]
[endpoint_off_grid]: Symbol pin or wire end off connection grid
    ; warning
    @(671.83 mm, 2192.655 mm): Vertical Wire, length 2.54 mm
[endpoint_off_grid]: Symbol pin or wire end off connection grid
    ; warning
    @(672.465 mm, 1229.36 mm): Vertical Wire, length 12.70 mm
[endpoint_off_grid]: Symbol pin or wire end off connection grid
    ; warning
    @(672.465 mm, 1242.06 mm): Horizontal Wire, length 23.495 mm
[endpoint_off_grid]: Symbol pin or wire end off connection grid
    ; warning
    @(672.465 mm, 1464.945 mm): Horizontal Wire, length 6.35 mm
[endpoint_off_grid]: Symbol pin or wire end off connection grid
    ; warning
    @(672.465 mm, 1661.16 mm): Vertical Wire, length 4.445 mm
[endpoint_off_grid]: Symbol pin or wire end off connection grid
    ; warning
    @(672.465 mm, 1663.065 mm): Horizontal Wire, length 1.27 mm
[endpoint_off_grid]: Symbol pin or wire end off connection grid
    ; warning
    @(672.465 mm, 1665.605 mm): Horizontal Wire, length 5.08 mm
[endpoint_off_grid]: Symbol pin or wire end off connection grid
    ; warning
    @(673.10 mm, 465.455 mm): Horizontal Wire, length 1.27 mm
[endpoint_off_grid]: Symbol pin or wire end off connection grid
    ; warning
    @(673.10 mm, 465.455 mm): Symbol R_OUT8N Pin 1 [Passive, Line]
[endpoint_off_grid]: Symbol pin or wire end off connection grid
    ; warning
    @(675.005 mm, 1522.095 mm): Horizontal Wire, length 5.715 mm
[endpoint_off_grid]: Symbol pin or wire end off connection grid
    ; warning
    @(675.005 mm, 1523.365 mm): Vertical Wire, length 1.27 mm
[endpoint_off_grid]: Symbol pin or wire end off connection grid
    ; warning
    @(675.005 mm, 1524.635 mm): Symbol C_XU_3V3_OK_CT Pin 1 [Passive, Line]
[endpoint_off_grid]: Symbol pin or wire end off connection grid
    ; warning
    @(675.005 mm, 1524.635 mm): Vertical Wire, length 1.27 mm
[footprint_link_issues]: The current configuration does not include the footprint library 'Capacitor_SMD'
    ; warning
    @(675.005 mm, 1528.445 mm): Symbol C_XU_3V3_OK_CT [SYM_C_XU_3V3_OK_CT]
[lib_symbol_issues]: The current configuration does not include the symbol library 'elt'
    ; warning
    @(675.005 mm, 1528.445 mm): Symbol C_XU_3V3_OK_CT [SYM_C_XU_3V3_OK_CT]
[endpoint_off_grid]: Symbol pin or wire end off connection grid
    ; warning
    @(675.005 mm, 1532.255 mm): Symbol #PWR315 Hidden pin 1 [GND, Power input, Line]
[lib_symbol_issues]: The current configuration does not include the symbol library 'elt'
    ; warning
    @(675.005 mm, 1532.255 mm): Symbol #PWR315 [GND]
[endpoint_off_grid]: Symbol pin or wire end off connection grid
    ; warning
    @(675.64 mm, 442.595 mm): Horizontal Wire, length 1.27 mm
[footprint_link_issues]: The current configuration does not include the footprint library 'Resistor_SMD'
    ; warning
    @(676.91 mm, 104.14 mm): Symbol R_OUT6N [SYM_R_OUT6N]
[lib_symbol_issues]: The current configuration does not include the symbol library 'elt'
    ; warning
    @(676.91 mm, 104.14 mm): Symbol R_OUT6N [SYM_R_OUT6N]
[footprint_link_issues]: The current configuration does not include the footprint library 'Resistor_SMD'
    ; warning
    @(676.91 mm, 284.48 mm): Symbol R_OUT7N [SYM_R_OUT7N]
[lib_symbol_issues]: The current configuration does not include the symbol library 'elt'
    ; warning
    @(676.91 mm, 284.48 mm): Symbol R_OUT7N [SYM_R_OUT7N]
[footprint_link_issues]: The current configuration does not include the footprint library 'Resistor_SMD'
    ; warning
    @(676.91 mm, 465.455 mm): Symbol R_OUT8N [SYM_R_OUT8N]
[lib_symbol_issues]: The current configuration does not include the symbol library 'elt'
    ; warning
    @(676.91 mm, 465.455 mm): Symbol R_OUT8N [SYM_R_OUT8N]
[endpoint_off_grid]: Symbol pin or wire end off connection grid
    ; warning
    @(678.18 mm, 414.655 mm): Vertical Wire, length 27.94 mm
[endpoint_off_grid]: Symbol pin or wire end off connection grid
    ; warning
    @(678.18 mm, 442.595 mm): Horizontal Wire, length 2.54 mm
[endpoint_off_grid]: Symbol pin or wire end off connection grid
    ; warning
    @(681.355 mm, 1789.43 mm): Vertical Wire, length 1.27 mm
[endpoint_off_grid]: Symbol pin or wire end off connection grid
    ; warning
    @(697.23 mm, 1866.90 mm): Horizontal Wire, length 15.875 mm
[endpoint_off_grid]: Symbol pin or wire end off connection grid
    ; warning
    @(681.99 mm, 465.455 mm): Horizontal Wire, length 1.27 mm
[endpoint_off_grid]: Symbol pin or wire end off connection grid
    ; warning
    @(684.53 mm, 1875.155 mm): Symbol #PWR318 Hidden pin 1 [GND, Power input, Line]
[lib_symbol_issues]: The current configuration does not include the symbol library 'elt'
    ; warning
    @(684.53 mm, 1875.155 mm): Symbol #PWR318 [GND]
[endpoint_off_grid]: Symbol pin or wire end off connection grid
    ; warning
    @(685.165 mm, 1023.62 mm): Symbol #PWR265 Hidden pin 1 [GND, Power input, Line]
[lib_symbol_issues]: The current configuration does not include the symbol library 'elt'
    ; warning
    @(685.165 mm, 1023.62 mm): Symbol #PWR265 [GND]
[endpoint_off_grid]: Symbol pin or wire end off connection grid
    ; warning
    @(686.435 mm, 34.925 mm): Horizontal Wire, length 6.985 mm
[endpoint_off_grid]: Symbol pin or wire end off connection grid
    ; warning
    @(686.435 mm, 64.135 mm): Vertical Wire, length 29.21 mm
[endpoint_off_grid]: Symbol pin or wire end off connection grid
    ; warning
    @(686.435 mm, 113.665 mm): Horizontal Wire, length 6.985 mm
[endpoint_off_grid]: Symbol pin or wire end off connection grid
    ; warning
    @(686.435 mm, 142.875 mm): Vertical Wire, length 29.21 mm
[endpoint_off_grid]: Symbol pin or wire end off connection grid
    ; warning
    @(686.435 mm, 215.265 mm): Horizontal Wire, length 6.985 mm
[endpoint_off_grid]: Symbol pin or wire end off connection grid
    ; warning
    @(686.435 mm, 244.475 mm): Vertical Wire, length 29.21 mm
[endpoint_off_grid]: Symbol pin or wire end off connection grid
    ; warning
    @(686.435 mm, 294.005 mm): Horizontal Wire, length 6.985 mm
[endpoint_off_grid]: Symbol pin or wire end off connection grid
    ; warning
    @(686.435 mm, 323.215 mm): Vertical Wire, length 29.21 mm
[endpoint_off_grid]: Symbol pin or wire end off connection grid
    ; warning
    @(686.435 mm, 395.605 mm): Horizontal Wire, length 6.985 mm
[endpoint_off_grid]: Symbol pin or wire end off connection grid
    ; warning
    @(686.435 mm, 424.815 mm): Vertical Wire, length 29.21 mm
[endpoint_off_grid]: Symbol pin or wire end off connection grid
    ; warning
    @(686.435 mm, 474.345 mm): Horizontal Wire, length 6.985 mm
[endpoint_off_grid]: Symbol pin or wire end off connection grid
    ; warning
    @(686.435 mm, 503.555 mm): Vertical Wire, length 29.21 mm
[endpoint_off_grid]: Symbol pin or wire end off connection grid
    ; warning
    @(686.435 mm, 960.12 mm): Horizontal Wire, length 48.895 mm
[endpoint_off_grid]: Symbol pin or wire end off connection grid
    ; warning
    @(686.435 mm, 966.47 mm): Horizontal Wire, length 1.27 mm
[endpoint_off_grid]: Symbol pin or wire end off connection grid
    ; warning
    @(686.435 mm, 972.82 mm): Vertical Wire, length 12.70 mm
[footprint_link_issues]: The current configuration does not include the footprint library 'crow_usb_analog'
    ; warning
    @(686.435 mm, 998.22 mm): Symbol U_ADC_3V3X_OK [SYM_U_ADC_3V3X_OK]
[lib_symbol_issues]: The current configuration does not include the symbol library 'elt'
    ; warning
    @(686.435 mm, 998.22 mm): Symbol U_ADC_3V3X_OK [SYM_U_ADC_3V3X_OK]
[endpoint_off_grid]: Symbol pin or wire end off connection grid
    ; warning
    @(686.435 mm, 1464.945 mm): Vertical Wire, length 1.27 mm
[endpoint_off_grid]: Symbol pin or wire end off connection grid
    ; warning
    @(693.42 mm, 34.925 mm): Vertical Wire, length 2.54 mm
[endpoint_off_grid]: Symbol pin or wire end off connection grid
    ; warning
    @(693.42 mm, 37.465 mm): Vertical Wire, length 0.635 mm
[footprint_link_issues]: The current configuration does not include the footprint library 'Capacitor_SMD'
    ; warning
    @(693.42 mm, 41.91 mm): Symbol C_FILTER6P1 [SYM_C_FILTER6P1]
[lib_symbol_issues]: The current configuration does not include the symbol library 'elt'
    ; warning
    @(693.42 mm, 41.91 mm): Symbol C_FILTER6P1 [SYM_C_FILTER6P1]
[lib_symbol_issues]: The current configuration does not include the symbol library 'elt'
    ; warning
    @(693.42 mm, 45.72 mm): Symbol #PWR137 [GND]
[endpoint_off_grid]: Symbol pin or wire end off connection grid
    ; warning
    @(693.42 mm, 64.135 mm): Horizontal Wire, length 6.985 mm
[endpoint_off_grid]: Symbol pin or wire end off connection grid
    ; warning
    @(693.42 mm, 65.405 mm): Horizontal Wire, length 1.27 mm
[endpoint_off_grid]: Symbol pin or wire end off connection grid
    ; warning
    @(693.42 mm, 66.675 mm): Vertical Wire, length 2.54 mm
[endpoint_off_grid]: Symbol pin or wire end off connection grid
    ; warning
    @(693.42 mm, 67.31 mm): Vertical Wire, length 0.635 mm
[footprint_link_issues]: The current configuration does not include the footprint library 'Capacitor_SMD'
    ; warning
    @(693.42 mm, 71.12 mm): Symbol C_FILTER6P2 [SYM_C_FILTER6P2]
[lib_symbol_issues]: The current configuration does not include the symbol library 'elt'
    ; warning
    @(693.42 mm, 71.12 mm): Symbol C_FILTER6P2 [SYM_C_FILTER6P2]
[lib_symbol_issues]: The current configuration does not include the symbol library 'elt'
    ; warning
    @(693.42 mm, 74.93 mm): Symbol #PWR138 [GND]
[endpoint_off_grid]: Symbol pin or wire end off connection grid
    ; warning
    @(693.42 mm, 113.665 mm): Vertical Wire, length 2.54 mm
[endpoint_off_grid]: Symbol pin or wire end off connection grid
    ; warning
    @(693.42 mm, 116.205 mm): Vertical Wire, length 0.635 mm
[endpoint_off_grid]: Symbol pin or wire end off connection grid
    ; warning
    @(693.42 mm, 116.84 mm): Vertical Wire, length 0.635 mm
[endpoint_off_grid]: Symbol pin or wire end off connection grid
    ; warning
    @(693.42 mm, 116.205 mm): Vertical Wire, length 12.065 mm
[footprint_link_issues]: The current configuration does not include the footprint library 'Capacitor_SMD'
    ; warning
    @(693.42 mm, 120.65 mm): Symbol C_FILTER6N1 [SYM_C_FILTER6N1]
[lib_symbol_issues]: The current configuration does not include the symbol library 'elt'
    ; warning
    @(693.42 mm, 120.65 mm): Symbol C_FILTER6N1 [SYM_C_FILTER6N1]
[lib_symbol_issues]: The current configuration does not include the symbol library 'elt'
    ; warning
    @(693.42 mm, 124.46 mm): Symbol #PWR139 [GND]
[endpoint_off_grid]: Symbol pin or wire end off connection grid
    ; warning
    @(693.42 mm, 142.875 mm): Horizontal Wire, length 6.985 mm
[endpoint_off_grid]: Symbol pin or wire end off connection grid
    ; warning
    @(693.42 mm, 144.145 mm): Horizontal Wire, length 1.27 mm
[endpoint_off_grid]: Symbol pin or wire end off connection grid
    ; warning
    @(693.42 mm, 145.415 mm): Vertical Wire, length 2.54 mm
[endpoint_off_grid]: Symbol pin or wire end off connection grid
    ; warning
    @(693.42 mm, 146.05 mm): Vertical Wire, length 0.635 mm
[footprint_link_issues]: The current configuration does not include the footprint library 'Capacitor_SMD'
    ; warning
    @(693.42 mm, 149.86 mm): Symbol C_FILTER6N2 [SYM_C_FILTER6N2]
[lib_symbol_issues]: The current configuration does not include the symbol library 'elt'
    ; warning
    @(693.42 mm, 149.86 mm): Symbol C_FILTER6N2 [SYM_C_FILTER6N2]
[lib_symbol_issues]: The current configuration does not include the symbol library 'elt'
    ; warning
    @(693.42 mm, 153.67 mm): Symbol #PWR140 [GND]
[endpoint_off_grid]: Symbol pin or wire end off connection grid
    ; warning
    @(693.42 mm, 215.265 mm): Vertical Wire, length 2.54 mm
[endpoint_off_grid]: Symbol pin or wire end off connection grid
    ; warning
    @(693.42 mm, 217.805 mm): Vertical Wire, length 0.635 mm
[footprint_link_issues]: The current configuration does not include the footprint library 'Capacitor_SMD'
    ; warning
    @(693.42 mm, 222.25 mm): Symbol C_FILTER7P1 [SYM_C_FILTER7P1]
[lib_symbol_issues]: The current configuration does not include the symbol library 'elt'
    ; warning
    @(693.42 mm, 222.25 mm): Symbol C_FILTER7P1 [SYM_C_FILTER7P1]
[lib_symbol_issues]: The current configuration does not include the symbol library 'elt'
    ; warning
    @(693.42 mm, 226.06 mm): Symbol #PWR149 [GND]
[endpoint_off_grid]: Symbol pin or wire end off connection grid
    ; warning
    @(693.42 mm, 244.475 mm): Horizontal Wire, length 6.985 mm
[endpoint_off_grid]: Symbol pin or wire end off connection grid
    ; warning
    @(693.42 mm, 245.745 mm): Horizontal Wire, length 1.27 mm
[endpoint_off_grid]: Symbol pin or wire end off connection grid
    ; warning
    @(693.42 mm, 247.015 mm): Vertical Wire, length 2.54 mm
[endpoint_off_grid]: Symbol pin or wire end off connection grid
    ; warning
    @(693.42 mm, 247.65 mm): Vertical Wire, length 0.635 mm
[footprint_link_issues]: The current configuration does not include the footprint library 'Capacitor_SMD'
    ; warning
    @(693.42 mm, 251.46 mm): Symbol C_FILTER7P2 [SYM_C_FILTER7P2]
[lib_symbol_issues]: The current configuration does not include the symbol library 'elt'
    ; warning
    @(693.42 mm, 251.46 mm): Symbol C_FILTER7P2 [SYM_C_FILTER7P2]
[lib_symbol_issues]: The current configuration does not include the symbol library 'elt'
    ; warning
    @(693.42 mm, 255.27 mm): Symbol #PWR150 [GND]
[endpoint_off_grid]: Symbol pin or wire end off connection grid
    ; warning
    @(693.42 mm, 294.005 mm): Vertical Wire, length 2.54 mm
[endpoint_off_grid]: Symbol pin or wire end off connection grid
    ; warning
    @(693.42 mm, 296.545 mm): Vertical Wire, length 0.635 mm
[endpoint_off_grid]: Symbol pin or wire end off connection grid
    ; warning
    @(693.42 mm, 297.18 mm): Vertical Wire, length 0.635 mm
[endpoint_off_grid]: Symbol pin or wire end off connection grid
    ; warning
    @(693.42 mm, 296.545 mm): Vertical Wire, length 12.065 mm
[footprint_link_issues]: The current configuration does not include the footprint library 'Capacitor_SMD'
    ; warning
    @(693.42 mm, 300.99 mm): Symbol C_FILTER7N1 [SYM_C_FILTER7N1]
[lib_symbol_issues]: The current configuration does not include the symbol library 'elt'
    ; warning
    @(693.42 mm, 300.99 mm): Symbol C_FILTER7N1 [SYM_C_FILTER7N1]
[lib_symbol_issues]: The current configuration does not include the symbol library 'elt'
    ; warning
    @(693.42 mm, 304.80 mm): Symbol #PWR151 [GND]
[endpoint_off_grid]: Symbol pin or wire end off connection grid
    ; warning
    @(693.42 mm, 323.215 mm): Horizontal Wire, length 6.985 mm
[endpoint_off_grid]: Symbol pin or wire end off connection grid
    ; warning
    @(693.42 mm, 324.485 mm): Horizontal Wire, length 1.27 mm
[endpoint_off_grid]: Symbol pin or wire end off connection grid
    ; warning
    @(693.42 mm, 326.39 mm): Vertical Wire, length 0.635 mm
[endpoint_off_grid]: Symbol pin or wire end off connection grid
    ; warning
    @(693.42 mm, 325.755 mm): Vertical Wire, length 2.54 mm
[footprint_link_issues]: The current configuration does not include the footprint library 'Capacitor_SMD'
    ; warning
    @(693.42 mm, 330.20 mm): Symbol C_FILTER7N2 [SYM_C_FILTER7N2]
[lib_symbol_issues]: The current configuration does not include the symbol library 'elt'
    ; warning
    @(693.42 mm, 330.20 mm): Symbol C_FILTER7N2 [SYM_C_FILTER7N2]
[lib_symbol_issues]: The current configuration does not include the symbol library 'elt'
    ; warning
    @(693.42 mm, 334.01 mm): Symbol #PWR152 [GND]
[endpoint_off_grid]: Symbol pin or wire end off connection grid
    ; warning
    @(693.42 mm, 395.605 mm): Vertical Wire, length 2.54 mm
[endpoint_off_grid]: Symbol pin or wire end off connection grid
    ; warning
    @(693.42 mm, 398.145 mm): Vertical Wire, length 1.27 mm
[endpoint_off_grid]: Symbol pin or wire end off connection grid
    ; warning
    @(693.42 mm, 399.415 mm): Symbol C_FILTER8P1 Pin 1 [Passive, Line]
[footprint_link_issues]: The current configuration does not include the footprint library 'Capacitor_SMD'
    ; warning
    @(693.42 mm, 403.225 mm): Symbol C_FILTER8P1 [SYM_C_FILTER8P1]
[lib_symbol_issues]: The current configuration does not include the symbol library 'elt'
    ; warning
    @(693.42 mm, 403.225 mm): Symbol C_FILTER8P1 [SYM_C_FILTER8P1]
[endpoint_off_grid]: Symbol pin or wire end off connection grid
    ; warning
    @(693.42 mm, 407.035 mm): Symbol #PWR161 Hidden pin 1 [GND, Power input, Line]
[lib_symbol_issues]: The current configuration does not include the symbol library 'elt'
    ; warning
    @(693.42 mm, 407.035 mm): Symbol #PWR161 [GND]
[endpoint_off_grid]: Symbol pin or wire end off connection grid
    ; warning
    @(693.42 mm, 424.815 mm): Horizontal Wire, length 6.985 mm
[endpoint_off_grid]: Symbol pin or wire end off connection grid
    ; warning
    @(693.42 mm, 427.355 mm): Vertical Wire, length 2.54 mm
[endpoint_off_grid]: Symbol pin or wire end off connection grid
    ; warning
    @(693.42 mm, 428.625 mm): Vertical Wire, length 1.27 mm
[endpoint_off_grid]: Symbol pin or wire end off connection grid
    ; warning
    @(693.42 mm, 428.625 mm): Symbol C_FILTER8P2 Pin 1 [Passive, Line]
[footprint_link_issues]: The current configuration does not include the footprint library 'Capacitor_SMD'
    ; warning
    @(693.42 mm, 432.435 mm): Symbol C_FILTER8P2 [SYM_C_FILTER8P2]
[lib_symbol_issues]: The current configuration does not include the symbol library 'elt'
    ; warning
    @(693.42 mm, 432.435 mm): Symbol C_FILTER8P2 [SYM_C_FILTER8P2]
[endpoint_off_grid]: Symbol pin or wire end off connection grid
    ; warning
    @(693.42 mm, 436.245 mm): Symbol #PWR162 Hidden pin 1 [GND, Power input, Line]
[lib_symbol_issues]: The current configuration does not include the symbol library 'elt'
    ; warning
    @(693.42 mm, 436.245 mm): Symbol #PWR162 [GND]
[endpoint_off_grid]: Symbol pin or wire end off connection grid
    ; warning
    @(693.42 mm, 465.455 mm): Horizontal Wire, length 11.43 mm
[endpoint_off_grid]: Symbol pin or wire end off connection grid
    ; warning
    @(693.42 mm, 474.345 mm): Vertical Wire, length 2.54 mm
[endpoint_off_grid]: Symbol pin or wire end off connection grid
    ; warning
    @(693.42 mm, 476.885 mm): Vertical Wire, length 11.43 mm
[endpoint_off_grid]: Symbol pin or wire end off connection grid
    ; warning
    @(693.42 mm, 476.885 mm): Vertical Wire, length 1.27 mm
[endpoint_off_grid]: Symbol pin or wire end off connection grid
    ; warning
    @(693.42 mm, 478.155 mm): Vertical Wire, length 1.27 mm
[endpoint_off_grid]: Symbol pin or wire end off connection grid
    ; warning
    @(693.42 mm, 478.155 mm): Symbol C_FILTER8N1 Pin 1 [Passive, Line]
[footprint_link_issues]: The current configuration does not include the footprint library 'Capacitor_SMD'
    ; warning
    @(693.42 mm, 481.965 mm): Symbol C_FILTER8N1 [SYM_C_FILTER8N1]
[lib_symbol_issues]: The current configuration does not include the symbol library 'elt'
    ; warning
    @(693.42 mm, 481.965 mm): Symbol C_FILTER8N1 [SYM_C_FILTER8N1]
[endpoint_off_grid]: Symbol pin or wire end off connection grid
    ; warning
    @(693.42 mm, 485.775 mm): Symbol #PWR163 Hidden pin 1 [GND, Power input, Line]
[lib_symbol_issues]: The current configuration does not include the symbol library 'elt'
    ; warning
    @(693.42 mm, 485.775 mm): Symbol #PWR163 [GND]
[endpoint_off_grid]: Symbol pin or wire end off connection grid
    ; warning
    @(693.42 mm, 503.555 mm): Horizontal Wire, length 6.985 mm
[endpoint_off_grid]: Symbol pin or wire end off connection grid
    ; warning
    @(693.42 mm, 506.095 mm): Vertical Wire, length 2.54 mm
[endpoint_off_grid]: Symbol pin or wire end off connection grid
    ; warning
    @(693.42 mm, 507.365 mm): Vertical Wire, length 1.27 mm
[endpoint_off_grid]: Symbol pin or wire end off connection grid
    ; warning
    @(693.42 mm, 507.365 mm): Symbol C_FILTER8N2 Pin 1 [Passive, Line]
[footprint_link_issues]: The current configuration does not include the footprint library 'Capacitor_SMD'
    ; warning
    @(693.42 mm, 511.175 mm): Symbol C_FILTER8N2 [SYM_C_FILTER8N2]
[lib_symbol_issues]: The current configuration does not include the symbol library 'elt'
    ; warning
    @(693.42 mm, 511.175 mm): Symbol C_FILTER8N2 [SYM_C_FILTER8N2]
[endpoint_off_grid]: Symbol pin or wire end off connection grid
    ; warning
    @(693.42 mm, 514.985 mm): Symbol #PWR164 Hidden pin 1 [GND, Power input, Line]
[lib_symbol_issues]: The current configuration does not include the symbol library 'elt'
    ; warning
    @(693.42 mm, 514.985 mm): Symbol #PWR164 [GND]
[endpoint_off_grid]: Symbol pin or wire end off connection grid
    ; warning
    @(695.325 mm, 1604.01 mm): Horizontal Wire, length 5.715 mm
[endpoint_off_grid]: Symbol pin or wire end off connection grid
    ; warning
    @(695.325 mm, 1605.28 mm): Vertical Wire, length 1.27 mm
[endpoint_off_grid]: Symbol pin or wire end off connection grid
    ; warning
    @(695.325 mm, 1606.55 mm): Vertical Wire, length 1.27 mm
[endpoint_off_grid]: Symbol pin or wire end off connection grid
    ; warning
    @(695.325 mm, 1606.55 mm): Symbol C_1V8_FF Pin 1 [Passive, Line]
[footprint_link_issues]: The current configuration does not include the footprint library 'Capacitor_SMD'
    ; warning
    @(695.325 mm, 1610.36 mm): Symbol C_1V8_FF [SYM_C_1V8_FF]
[lib_symbol_issues]: The current configuration does not include the symbol library 'elt'
    ; warning
    @(695.325 mm, 1610.36 mm): Symbol C_1V8_FF [SYM_C_1V8_FF]
[endpoint_off_grid]: Symbol pin or wire end off connection grid
    ; warning
    @(695.325 mm, 1614.805 mm): Vertical Wire, length 0.635 mm
[endpoint_off_grid]: Symbol pin or wire end off connection grid
    ; warning
    @(695.325 mm, 1617.345 mm): Vertical Wire, length 2.54 mm
[endpoint_off_grid]: Symbol pin or wire end off connection grid
    ; warning
    @(695.325 mm, 1725.93 mm): Horizontal Wire, length 88.90 mm
[endpoint_off_grid]: Symbol pin or wire end off connection grid
    ; warning
    @(695.325 mm, 1729.74 mm): Horizontal Wire, length 1.27 mm
[endpoint_off_grid]: Symbol pin or wire end off connection grid
    ; warning
    @(695.325 mm, 1733.55 mm): Vertical Wire, length 7.62 mm
[endpoint_off_grid]: Symbol pin or wire end off connection grid
    ; warning
    @(695.325 mm, 1734.82 mm): Vertical Wire, length 1.27 mm
[endpoint_off_grid]: Symbol pin or wire end off connection grid
    ; warning
    @(695.325 mm, 1734.82 mm): Symbol C_CORE_FF Pin 1 [Passive, Line]
[footprint_link_issues]: The current configuration does not include the footprint library 'Capacitor_SMD'
    ; warning
    @(695.325 mm, 1738.63 mm): Symbol C_CORE_FF [SYM_C_CORE_FF]
[lib_symbol_issues]: The current configuration does not include the symbol library 'elt'
    ; warning
    @(695.325 mm, 1738.63 mm): Symbol C_CORE_FF [SYM_C_CORE_FF]
[endpoint_off_grid]: Symbol pin or wire end off connection grid
    ; warning
    @(695.325 mm, 1743.075 mm): Vertical Wire, length 0.635 mm
[endpoint_off_grid]: Symbol pin or wire end off connection grid
    ; warning
    @(695.325 mm, 1745.615 mm): Vertical Wire, length 2.54 mm
[endpoint_off_grid]: Symbol pin or wire end off connection grid
    ; warning
    @(696.595 mm, 1661.16 mm): Horizontal Wire, length 24.13 mm
[endpoint_off_grid]: Symbol pin or wire end off connection grid
    ; warning
    @(696.595 mm, 2755.265 mm): Symbol C_XLATE_B Pin 1 [Passive, Line]
[endpoint_off_grid]: Symbol pin or wire end off connection grid
    ; warning
    @(696.595 mm, 2818.765 mm): Symbol R_FSYNC_RAW_PD Pin 1 [Passive, Line]
[endpoint_off_grid]: Symbol pin or wire end off connection grid
    ; warning
    @(697.23 mm, 1202.69 mm): Vertical Wire, length 9.525 mm
[endpoint_off_grid]: Symbol pin or wire end off connection grid
    ; warning
    @(697.23 mm, 1212.215 mm): Vertical Wire, length 0.635 mm
[footprint_link_issues]: The current configuration does not include the footprint library 'Capacitor_SMD'
    ; warning
    @(697.23 mm, 1216.66 mm): Symbol C_ADC_READY_BAD [SYM_C_ADC_READY_BAD]
[lib_symbol_issues]: The current configuration does not include the symbol library 'elt'
    ; warning
    @(697.23 mm, 1216.66 mm): Symbol C_ADC_READY_BAD [SYM_C_ADC_READY_BAD]
[lib_symbol_issues]: The current configuration does not include the symbol library 'elt'
    ; warning
    @(697.23 mm, 1220.47 mm): Symbol #PWR282 [GND]
[endpoint_off_grid]: Symbol pin or wire end off connection grid
    ; warning
    @(697.23 mm, 1875.155 mm): Vertical Wire, length 8.255 mm
[endpoint_off_grid]: Symbol pin or wire end off connection grid
    ; warning
    @(699.135 mm, 2579.37 mm): Symbol R_XTAL_DRIVE Pin 1 [Passive, Line]
[endpoint_off_grid]: Symbol pin or wire end off connection grid
    ; warning
    @(700.405 mm, 1401.445 mm): Vertical Wire, length 7.62 mm
[endpoint_off_grid]: Symbol pin or wire end off connection grid
    ; warning
    @(700.405 mm, 1409.065 mm): Vertical Wire, length 1.27 mm
[endpoint_off_grid]: Symbol pin or wire end off connection grid
    ; warning
    @(700.405 mm, 1410.335 mm): Symbol C_3V3X_FF Pin 1 [Passive, Line]
[footprint_link_issues]: The current configuration does not include the footprint library 'Capacitor_SMD'
    ; warning
    @(700.405 mm, 1414.145 mm): Symbol C_3V3X_FF [SYM_C_3V3X_FF]
[lib_symbol_issues]: The current configuration does not include the symbol library 'elt'
    ; warning
    @(700.405 mm, 1414.145 mm): Symbol C_3V3X_FF [SYM_C_3V3X_FF]
[endpoint_off_grid]: Symbol pin or wire end off connection grid
    ; warning
    @(700.405 mm, 1418.59 mm): Vertical Wire, length 0.635 mm
[endpoint_off_grid]: Symbol pin or wire end off connection grid
    ; warning
    @(514.35 mm, 1421.13 mm): Horizontal Wire, length 186.055 mm
[endpoint_off_grid]: Symbol pin or wire end off connection grid
    ; warning
    @(700.405 mm, 1421.13 mm): Vertical Wire, length 2.54 mm
[footprint_link_issues]: The current configuration does not include the footprint library 'Capacitor_SMD'
    ; warning
    @(700.405 mm, 2755.265 mm): Symbol C_XLATE_B [SYM_C_XLATE_B]
[lib_symbol_issues]: The current configuration does not include the symbol library 'elt'
    ; warning
    @(700.405 mm, 2755.265 mm): Symbol C_XLATE_B [SYM_C_XLATE_B]
[footprint_link_issues]: The current configuration does not include the footprint library 'Resistor_SMD'
    ; warning
    @(700.405 mm, 2818.765 mm): Symbol R_FSYNC_RAW_PD [SYM_R_FSYNC_RAW_PD]
[lib_symbol_issues]: The current configuration does not include the symbol library 'elt'
    ; warning
    @(700.405 mm, 2818.765 mm): Symbol R_FSYNC_RAW_PD [SYM_R_FSYNC_RAW_PD]
[endpoint_off_grid]: Symbol pin or wire end off connection grid
    ; warning
    @(701.04 mm, 1288.415 mm): Vertical Wire, length 17.145 mm
[endpoint_off_grid]: Symbol pin or wire end off connection grid
    ; warning
    @(701.04 mm, 1464.945 mm): Horizontal Wire, length 28.575 mm
[footprint_link_issues]: The current configuration does not include the footprint library 'Resistor_SMD'
    ; warning
    @(702.945 mm, 2579.37 mm): Symbol R_XTAL_DRIVE [SYM_R_XTAL_DRIVE]
[lib_symbol_issues]: The current configuration does not include the symbol library 'elt'
    ; warning
    @(702.945 mm, 2579.37 mm): Symbol R_XTAL_DRIVE [SYM_R_XTAL_DRIVE]
[endpoint_off_grid]: Symbol pin or wire end off connection grid
    ; warning
    @(704.215 mm, 1661.16 mm): Symbol R_1V8_FB_BOTTOM Pin 1 [Passive, Line]
[endpoint_off_grid]: Symbol pin or wire end off connection grid
    ; warning
    @(704.215 mm, 1661.16 mm): Horizontal Wire, length 7.62 mm
[endpoint_off_grid]: Symbol pin or wire end off connection grid
    ; warning
    @(704.215 mm, 1789.43 mm): Symbol R_CORE_FB_BOTTOM Pin 1 [Passive, Line]
[endpoint_off_grid]: Symbol pin or wire end off connection grid
    ; warning
    @(704.215 mm, 1789.43 mm): Horizontal Wire, length 8.255 mm
[endpoint_off_grid]: Symbol pin or wire end off connection grid
    ; warning
    @(704.215 mm, 2755.265 mm): Symbol #PWR367 Hidden pin 1 [GND, Power input, Line]
[lib_symbol_issues]: The current configuration does not include the symbol library 'elt'
    ; warning
    @(704.215 mm, 2755.265 mm): Symbol #PWR367 [GND]
[endpoint_off_grid]: Symbol pin or wire end off connection grid
    ; warning
    @(704.215 mm, 2818.765 mm): Symbol #PWR370 Hidden pin 1 [GND, Power input, Line]
[lib_symbol_issues]: The current configuration does not include the symbol library 'elt'
    ; warning
    @(704.215 mm, 2818.765 mm): Symbol #PWR370 [GND]
[endpoint_off_grid]: Symbol pin or wire end off connection grid
    ; warning
    @(706.755 mm, 87.63 mm): Symbol U_ISO6 Pin 1 [S1A_UNUSED, Passive, Line]
[endpoint_off_grid]: Symbol pin or wire end off connection grid
    ; warning
    @(706.755 mm, 97.79 mm): Symbol #PWR141 Hidden pin 1 [GND, Power input, Line]
[lib_symbol_issues]: The current configuration does not include the symbol library 'elt'
    ; warning
    @(706.755 mm, 97.79 mm): Symbol #PWR141 [GND]
[endpoint_off_grid]: Symbol pin or wire end off connection grid
    ; warning
    @(706.755 mm, 267.97 mm): Symbol U_ISO7 Pin 1 [S1A_UNUSED, Passive, Line]
[endpoint_off_grid]: Symbol pin or wire end off connection grid
    ; warning
    @(706.755 mm, 278.13 mm): Symbol #PWR153 Hidden pin 1 [GND, Power input, Line]
[lib_symbol_issues]: The current configuration does not include the symbol library 'elt'
    ; warning
    @(706.755 mm, 278.13 mm): Symbol #PWR153 [GND]
[endpoint_off_grid]: Symbol pin or wire end off connection grid
    ; warning
    @(706.755 mm, 448.945 mm): Symbol U_ISO8 Pin 1 [S1A_UNUSED, Passive, Line]
[endpoint_off_grid]: Symbol pin or wire end off connection grid
    ; warning
    @(706.755 mm, 459.105 mm): Symbol #PWR165 Hidden pin 1 [GND, Power input, Line]
[lib_symbol_issues]: The current configuration does not include the symbol library 'elt'
    ; warning
    @(706.755 mm, 459.105 mm): Symbol #PWR165 [GND]
[endpoint_off_grid]: Symbol pin or wire end off connection grid
    ; warning
    @(707.39 mm, 2442.845 mm): Vertical Wire, length 1.27 mm
[endpoint_off_grid]: Symbol pin or wire end off connection grid
    ; warning
    @(708.025 mm, 1630.68 mm): Horizontal Wire, length 5.715 mm
[endpoint_off_grid]: Symbol pin or wire end off connection grid
    ; warning
    @(708.025 mm, 1631.95 mm): Symbol R_1V8_OK_TOP Pin 1 [Passive, Line]
[endpoint_off_grid]: Symbol pin or wire end off connection grid
    ; warning
    @(708.025 mm, 1631.95 mm): Vertical Wire, length 1.27 mm
[footprint_link_issues]: The current configuration does not include the footprint library 'Resistor_SMD'
    ; warning
    @(708.025 mm, 1635.76 mm): Symbol R_1V8_OK_TOP [SYM_R_1V8_OK_TOP]
[lib_symbol_issues]: The current configuration does not include the symbol library 'elt'
    ; warning
    @(708.025 mm, 1635.76 mm): Symbol R_1V8_OK_TOP [SYM_R_1V8_OK_TOP]
[endpoint_off_grid]: Symbol pin or wire end off connection grid
    ; warning
    @(708.025 mm, 1639.57 mm): Vertical Wire, length 1.27 mm
[endpoint_off_grid]: Symbol pin or wire end off connection grid
    ; warning
    @(708.025 mm, 1640.84 mm): Horizontal Wire, length 5.715 mm
[footprint_link_issues]: The current configuration does not include the footprint library 'Resistor_SMD'
    ; warning
    @(708.025 mm, 1661.16 mm): Symbol R_1V8_FB_BOTTOM [SYM_R_1V8_FB_BOTTOM]
[lib_symbol_issues]: The current configuration does not include the symbol library 'elt'
    ; warning
    @(708.025 mm, 1661.16 mm): Symbol R_1V8_FB_BOTTOM [SYM_R_1V8_FB_BOTTOM]
[footprint_link_issues]: The current configuration does not include the footprint library 'Resistor_SMD'
    ; warning
    @(708.025 mm, 1789.43 mm): Symbol R_CORE_FB_BOTTOM [SYM_R_CORE_FB_BOTTOM]
[lib_symbol_issues]: The current configuration does not include the symbol library 'elt'
    ; warning
    @(708.025 mm, 1789.43 mm): Symbol R_CORE_FB_BOTTOM [SYM_R_CORE_FB_BOTTOM]
[endpoint_off_grid]: Symbol pin or wire end off connection grid
    ; warning
    @(709.295 mm, 1464.945 mm): Horizontal Wire, length 8.255 mm
[endpoint_off_grid]: Symbol pin or wire end off connection grid
    ; warning
    @(709.295 mm, 1464.945 mm): Symbol R_3V3X_FB_BOTTOM Pin 1 [Passive, Line]
[endpoint_off_grid]: Symbol pin or wire end off connection grid
    ; warning
    @(709.93 mm, 1865.63 mm): Horizontal Wire, length 0.635 mm
[endpoint_off_grid]: Symbol pin or wire end off connection grid
    ; warning
    @(709.295 mm, 1865.63 mm): Vertical Wire, length 1.27 mm
[footprint_link_issues]: The current configuration does not include the footprint library 'Resistor_SMD'
    ; warning
    @(709.93 mm, 1242.06 mm): Symbol R_ADC_DELAY_GATE_PD [SYM_R_ADC_DELAY_GATE_PD]
[lib_symbol_issues]: The current configuration does not include the symbol library 'elt'
    ; warning
    @(709.93 mm, 1242.06 mm): Symbol R_ADC_DELAY_GATE_PD [SYM_R_ADC_DELAY_GATE_PD]
[endpoint_off_grid]: Symbol pin or wire end off connection grid
    ; warning
    @(709.93 mm, 1875.155 mm): Vertical Wire, length 9.525 mm
[endpoint_off_grid]: Symbol pin or wire end off connection grid
    ; warning
    @(711.835 mm, 1661.16 mm): Symbol #PWR299 Hidden pin 1 [GND, Power input, Line]
[lib_symbol_issues]: The current configuration does not include the symbol library 'elt'
    ; warning
    @(711.835 mm, 1661.16 mm): Symbol #PWR299 [GND]
[endpoint_off_grid]: Symbol pin or wire end off connection grid
    ; warning
    @(711.835 mm, 1789.43 mm): Symbol #PWR305 Hidden pin 1 [GND, Power input, Line]
[lib_symbol_issues]: The current configuration does not include the symbol library 'elt'
    ; warning
    @(711.835 mm, 1789.43 mm): Symbol #PWR305 [GND]
[endpoint_off_grid]: Symbol pin or wire end off connection grid
    ; warning
    @(711.835 mm, 2579.37 mm): Horizontal Wire, length 5.08 mm
[endpoint_off_grid]: Symbol pin or wire end off connection grid
    ; warning
    @(712.47 mm, 1030.605 mm): Vertical Wire, length 1.27 mm
[footprint_link_issues]: The current configuration does not include the footprint library 'Resistor_SMD'
    ; warning
    @(713.105 mm, 1464.945 mm): Symbol R_3V3X_FB_BOTTOM [SYM_R_3V3X_FB_BOTTOM]
[lib_symbol_issues]: The current configuration does not include the symbol library 'elt'
    ; warning
    @(713.105 mm, 1464.945 mm): Symbol R_3V3X_FB_BOTTOM [SYM_R_3V3X_FB_BOTTOM]
[endpoint_off_grid]: Symbol pin or wire end off connection grid
    ; warning
    @(713.105 mm, 2225.675 mm): Horizontal Wire, length 50.80 mm
[endpoint_off_grid]: Symbol pin or wire end off connection grid
    ; warning
    @(713.105 mm, 2228.215 mm): Vertical Wire, length 2.54 mm
[endpoint_off_grid]: Symbol pin or wire end off connection grid
    ; warning
    @(713.105 mm, 2229.485 mm): Vertical Wire, length 1.27 mm
[endpoint_off_grid]: Symbol pin or wire end off connection grid
    ; warning
    @(713.105 mm, 2229.485 mm): Symbol C_XU_VDD_39 Pin 1 [Passive, Line]
[footprint_link_issues]: The current configuration does not include the footprint library 'Capacitor_SMD'
    ; warning
    @(713.105 mm, 2233.295 mm): Symbol C_XU_VDD_39 [SYM_C_XU_VDD_39]
[lib_symbol_issues]: The current configuration does not include the symbol library 'elt'
    ; warning
    @(713.105 mm, 2233.295 mm): Symbol C_XU_VDD_39 [SYM_C_XU_VDD_39]
[endpoint_off_grid]: Symbol pin or wire end off connection grid
    ; warning
    @(713.105 mm, 2237.105 mm): Symbol #PWR328 Hidden pin 1 [GND, Power input, Line]
[lib_symbol_issues]: The current configuration does not include the symbol library 'elt'
    ; warning
    @(713.105 mm, 2237.105 mm): Symbol #PWR328 [GND]
[endpoint_off_grid]: Symbol pin or wire end off connection grid
    ; warning
    @(713.105 mm, 2289.175 mm): Horizontal Wire, length 50.80 mm
[endpoint_off_grid]: Symbol pin or wire end off connection grid
    ; warning
    @(713.105 mm, 2291.715 mm): Vertical Wire, length 2.54 mm
[endpoint_off_grid]: Symbol pin or wire end off connection grid
    ; warning
    @(713.105 mm, 2292.985 mm): Vertical Wire, length 1.27 mm
[endpoint_off_grid]: Symbol pin or wire end off connection grid
    ; warning
    @(713.105 mm, 2292.985 mm): Symbol C_XU_VDD_105 Pin 1 [Passive, Line]
[footprint_link_issues]: The current configuration does not include the footprint library 'Capacitor_SMD'
    ; warning
    @(713.105 mm, 2296.795 mm): Symbol C_XU_VDD_105 [SYM_C_XU_VDD_105]
[lib_symbol_issues]: The current configuration does not include the symbol library 'elt'
    ; warning
    @(713.105 mm, 2296.795 mm): Symbol C_XU_VDD_105 [SYM_C_XU_VDD_105]
[endpoint_off_grid]: Symbol pin or wire end off connection grid
    ; warning
    @(713.105 mm, 2300.605 mm): Symbol #PWR336 Hidden pin 1 [GND, Power input, Line]
[lib_symbol_issues]: The current configuration does not include the symbol library 'elt'
    ; warning
    @(713.105 mm, 2300.605 mm): Symbol #PWR336 [GND]
[endpoint_off_grid]: Symbol pin or wire end off connection grid
    ; warning
    @(713.105 mm, 2352.675 mm): Horizontal Wire, length 50.80 mm
[endpoint_off_grid]: Symbol pin or wire end off connection grid
    ; warning
    @(713.105 mm, 2355.215 mm): Vertical Wire, length 2.54 mm
[endpoint_off_grid]: Symbol pin or wire end off connection grid
    ; warning
    @(713.105 mm, 2356.485 mm): Vertical Wire, length 1.27 mm
[endpoint_off_grid]: Symbol pin or wire end off connection grid
    ; warning
    @(713.105 mm, 2356.485 mm): Symbol C_XU_VDDIO_89 Pin 1 [Passive, Line]
[footprint_link_issues]: The current configuration does not include the footprint library 'Capacitor_SMD'
    ; warning
    @(713.105 mm, 2360.295 mm): Symbol C_XU_VDDIO_89 [SYM_C_XU_VDDIO_89]
[lib_symbol_issues]: The current configuration does not include the symbol library 'elt'
    ; warning
    @(713.105 mm, 2360.295 mm): Symbol C_XU_VDDIO_89 [SYM_C_XU_VDDIO_89]
[endpoint_off_grid]: Symbol pin or wire end off connection grid
    ; warning
    @(713.105 mm, 2364.105 mm): Symbol #PWR344 Hidden pin 1 [GND, Power input, Line]
[lib_symbol_issues]: The current configuration does not include the symbol library 'elt'
    ; warning
    @(713.105 mm, 2364.105 mm): Symbol #PWR344 [GND]
[endpoint_off_grid]: Symbol pin or wire end off connection grid
    ; warning
    @(713.105 mm, 2442.845 mm): Horizontal Wire, length 5.715 mm
[endpoint_off_grid]: Symbol pin or wire end off connection grid
    ; warning
    @(713.105 mm, 2444.115 mm): Vertical Wire, length 1.27 mm
[endpoint_off_grid]: Symbol pin or wire end off connection grid
    ; warning
    @(713.105 mm, 2445.385 mm): Vertical Wire, length 1.27 mm
[endpoint_off_grid]: Symbol pin or wire end off connection grid
    ; warning
    @(713.105 mm, 2445.385 mm): Symbol C_XU_USB18 Pin 1 [Passive, Line]
[footprint_link_issues]: The current configuration does not include the footprint library 'Capacitor_SMD'
    ; warning
    @(713.105 mm, 2449.195 mm): Symbol C_XU_USB18 [SYM_C_XU_USB18]
[lib_symbol_issues]: The current configuration does not include the symbol library 'elt'
    ; warning
    @(713.105 mm, 2449.195 mm): Symbol C_XU_USB18 [SYM_C_XU_USB18]
[endpoint_off_grid]: Symbol pin or wire end off connection grid
    ; warning
    @(713.105 mm, 2453.005 mm): Symbol #PWR348 Hidden pin 1 [GND, Power input, Line]
[lib_symbol_issues]: The current configuration does not include the symbol library 'elt'
    ; warning
    @(713.105 mm, 2453.005 mm): Symbol #PWR348 [GND]
[lib_symbol_issues]: The current configuration does not include the symbol library 'elt'
    ; warning
    @(713.74 mm, 1242.06 mm): Symbol #PWR283 [GND]
[endpoint_off_grid]: Symbol pin or wire end off connection grid
    ; warning
    @(714.375 mm, 2569.845 mm): Vertical Wire, length 9.525 mm
[endpoint_off_grid]: Symbol pin or wire end off connection grid
    ; warning
    @(714.375 mm, 2579.37 mm): Horizontal Wire, length 2.54 mm
[endpoint_off_grid]: Symbol pin or wire end off connection grid
    ; warning
    @(715.645 mm, 2496.82 mm): Horizontal Wire, length 5.715 mm
[endpoint_off_grid]: Symbol pin or wire end off connection grid
    ; warning
    @(715.645 mm, 2498.09 mm): Vertical Wire, length 1.27 mm
[endpoint_off_grid]: Symbol pin or wire end off connection grid
    ; warning
    @(715.645 mm, 2499.36 mm): Vertical Wire, length 1.27 mm
[endpoint_off_grid]: Symbol pin or wire end off connection grid
    ; warning
    @(715.645 mm, 2499.36 mm): Symbol C_XTAL_IN Pin 1 [Passive, Line]
[footprint_link_issues]: The current configuration does not include the footprint library 'Capacitor_SMD'
    ; warning
    @(715.645 mm, 2503.17 mm): Symbol C_XTAL_IN [SYM_C_XTAL_IN]
[lib_symbol_issues]: The current configuration does not include the symbol library 'elt'
    ; warning
    @(715.645 mm, 2503.17 mm): Symbol C_XTAL_IN [SYM_C_XTAL_IN]
[endpoint_off_grid]: Symbol pin or wire end off connection grid
    ; warning
    @(715.645 mm, 2506.98 mm): Symbol #PWR353 Hidden pin 1 [GND, Power input, Line]
[lib_symbol_issues]: The current configuration does not include the symbol library 'elt'
    ; warning
    @(715.645 mm, 2506.98 mm): Symbol #PWR353 [GND]
[endpoint_off_grid]: Symbol pin or wire end off connection grid
    ; warning
    @(716.915 mm, 1464.945 mm): Symbol #PWR293 Hidden pin 1 [GND, Power input, Line]
[lib_symbol_issues]: The current configuration does not include the symbol library 'elt'
    ; warning
    @(716.915 mm, 1464.945 mm): Symbol #PWR293 [GND]
[endpoint_off_grid]: Symbol pin or wire end off connection grid
    ; warning
    @(718.185 mm, 998.22 mm): Horizontal Wire, length 48.895 mm
[endpoint_off_grid]: Symbol pin or wire end off connection grid
    ; warning
    @(718.185 mm, 1030.605 mm): Horizontal Wire, length 5.715 mm
[endpoint_off_grid]: Symbol pin or wire end off connection grid
    ; warning
    @(718.185 mm, 1031.875 mm): Vertical Wire, length 1.27 mm
[endpoint_off_grid]: Symbol pin or wire end off connection grid
    ; warning
    @(718.185 mm, 1032.51 mm): Vertical Wire, length 0.635 mm
[endpoint_off_grid]: Symbol pin or wire end off connection grid
    ; warning
    @(718.185 mm, 1032.51 mm): Symbol C_ADC_DIGITAL_OK Pin 1 [Passive, Line]
[footprint_link_issues]: The current configuration does not include the footprint library 'Capacitor_SMD'
    ; warning
    @(718.185 mm, 1036.32 mm): Symbol C_ADC_DIGITAL_OK [SYM_C_ADC_DIGITAL_OK]
[lib_symbol_issues]: The current configuration does not include the symbol library 'elt'
    ; warning
    @(718.185 mm, 1036.32 mm): Symbol C_ADC_DIGITAL_OK [SYM_C_ADC_DIGITAL_OK]
[endpoint_off_grid]: Symbol pin or wire end off connection grid
    ; warning
    @(718.185 mm, 1040.13 mm): Symbol #PWR266 Hidden pin 1 [GND, Power input, Line]
[lib_symbol_issues]: The current configuration does not include the symbol library 'elt'
    ; warning
    @(718.185 mm, 1040.13 mm): Symbol #PWR266 [GND]
[endpoint_off_grid]: Symbol pin or wire end off connection grid
    ; warning
    @(720.09 mm, 1497.965 mm): Vertical Wire, length 1.27 mm
[endpoint_off_grid]: Symbol pin or wire end off connection grid
    ; warning
    @(720.725 mm, 1668.78 mm): Horizontal Wire, length 5.715 mm
[endpoint_off_grid]: Symbol pin or wire end off connection grid
    ; warning
    @(720.725 mm, 1670.05 mm): Symbol R_1V8_OK_BOT Pin 1 [Passive, Line]
[endpoint_off_grid]: Symbol pin or wire end off connection grid
    ; warning
    @(720.725 mm, 1670.05 mm): Vertical Wire, length 1.27 mm
[footprint_link_issues]: The current configuration does not include the footprint library 'Resistor_SMD'
    ; warning
    @(720.725 mm, 1673.86 mm): Symbol R_1V8_OK_BOT [SYM_R_1V8_OK_BOT]
[lib_symbol_issues]: The current configuration does not include the symbol library 'elt'
    ; warning
    @(720.725 mm, 1673.86 mm): Symbol R_1V8_OK_BOT [SYM_R_1V8_OK_BOT]
[endpoint_off_grid]: Symbol pin or wire end off connection grid
    ; warning
    @(720.725 mm, 1677.67 mm): Symbol #PWR306 Hidden pin 1 [GND, Power input, Line]
[lib_symbol_issues]: The current configuration does not include the symbol library 'elt'
    ; warning
    @(720.725 mm, 1677.67 mm): Symbol #PWR306 [GND]
[endpoint_off_grid]: Symbol pin or wire end off connection grid
    ; warning
    @(722.63 mm, 1875.155 mm): Symbol #PWR320 Hidden pin 1 [GND, Power input, Line]
[lib_symbol_issues]: The current configuration does not include the symbol library 'elt'
    ; warning
    @(722.63 mm, 1875.155 mm): Symbol #PWR320 [GND]
[endpoint_off_grid]: Symbol pin or wire end off connection grid
    ; warning
    @(723.265 mm, 116.205 mm): Vertical Wire, length 1.27 mm
[endpoint_off_grid]: Symbol pin or wire end off connection grid
    ; warning
    @(723.265 mm, 296.545 mm): Vertical Wire, length 1.27 mm
[endpoint_off_grid]: Symbol pin or wire end off connection grid
    ; warning
    @(723.265 mm, 477.52 mm): Vertical Wire, length 1.27 mm
[endpoint_off_grid]: Symbol pin or wire end off connection grid
    ; warning
    @(723.90 mm, 477.52 mm): Horizontal Wire, length 0.635 mm
[endpoint_off_grid]: Symbol pin or wire end off connection grid
    ; warning
    @(723.90 mm, 114.30 mm): Vertical Wire, length 1.905 mm
[endpoint_off_grid]: Symbol pin or wire end off connection grid
    ; warning
    @(723.90 mm, 116.205 mm): Horizontal Wire, length 0.635 mm
[endpoint_off_grid]: Symbol pin or wire end off connection grid
    ; warning
    @(723.90 mm, 294.64 mm): Vertical Wire, length 1.905 mm
[endpoint_off_grid]: Symbol pin or wire end off connection grid
    ; warning
    @(723.90 mm, 296.545 mm): Horizontal Wire, length 0.635 mm
[endpoint_off_grid]: Symbol pin or wire end off connection grid
    ; warning
    @(723.90 mm, 475.615 mm): Vertical Wire, length 1.905 mm
[footprint_link_issues]: The current configuration does not include the footprint library 'crow_usb_analog'
    ; warning
    @(725.17 mm, 92.71 mm): Symbol U_ISO6 [SYM_U_ISO6]
[lib_symbol_issues]: The current configuration does not include the symbol library 'elt'
    ; warning
    @(725.17 mm, 92.71 mm): Symbol U_ISO6 [SYM_U_ISO6]
[footprint_link_issues]: The current configuration does not include the footprint library 'crow_usb_analog'
    ; warning
    @(725.17 mm, 273.05 mm): Symbol U_ISO7 [SYM_U_ISO7]
[lib_symbol_issues]: The current configuration does not include the symbol library 'elt'
    ; warning
    @(725.17 mm, 273.05 mm): Symbol U_ISO7 [SYM_U_ISO7]
[footprint_link_issues]: The current configuration does not include the footprint library 'crow_usb_analog'
    ; warning
    @(725.17 mm, 454.025 mm): Symbol U_ISO8 [SYM_U_ISO8]
[lib_symbol_issues]: The current configuration does not include the symbol library 'elt'
    ; warning
    @(725.17 mm, 454.025 mm): Symbol U_ISO8 [SYM_U_ISO8]
[endpoint_off_grid]: Symbol pin or wire end off connection grid
    ; warning
    @(726.44 mm, 486.41 mm): Horizontal Wire, length 0.635 mm
[endpoint_off_grid]: Symbol pin or wire end off connection grid
    ; warning
    @(725.805 mm, 1497.965 mm): Horizontal Wire, length 5.715 mm
[endpoint_off_grid]: Symbol pin or wire end off connection grid
    ; warning
    @(725.805 mm, 1499.235 mm): Vertical Wire, length 1.27 mm
[endpoint_off_grid]: Symbol pin or wire end off connection grid
    ; warning
    @(725.805 mm, 1499.235 mm): Symbol R_XU_3V3_OK_TOP Pin 1 [Passive, Line]
[footprint_link_issues]: The current configuration does not include the footprint library 'Resistor_SMD'
    ; warning
    @(725.805 mm, 1503.045 mm): Symbol R_XU_3V3_OK_TOP [SYM_R_XU_3V3_OK_TOP]
[lib_symbol_issues]: The current configuration does not include the symbol library 'elt'
    ; warning
    @(725.805 mm, 1503.045 mm): Symbol R_XU_3V3_OK_TOP [SYM_R_XU_3V3_OK_TOP]
[endpoint_off_grid]: Symbol pin or wire end off connection grid
    ; warning
    @(725.805 mm, 1506.855 mm): Vertical Wire, length 43.18 mm
[endpoint_off_grid]: Symbol pin or wire end off connection grid
    ; warning
    @(725.805 mm, 1528.445 mm): Horizontal Wire, length 1.27 mm
[endpoint_off_grid]: Symbol pin or wire end off connection grid
    ; warning
    @(725.805 mm, 1550.035 mm): Symbol R_XU_3V3_OK_BOT Pin 1 [Passive, Line]
[footprint_link_issues]: The current configuration does not include the footprint library 'Resistor_SMD'
    ; warning
    @(725.805 mm, 1553.845 mm): Symbol R_XU_3V3_OK_BOT [SYM_R_XU_3V3_OK_BOT]
[lib_symbol_issues]: The current configuration does not include the symbol library 'elt'
    ; warning
    @(725.805 mm, 1553.845 mm): Symbol R_XU_3V3_OK_BOT [SYM_R_XU_3V3_OK_BOT]
[endpoint_off_grid]: Symbol pin or wire end off connection grid
    ; warning
    @(725.805 mm, 1557.655 mm): Symbol #PWR312 Hidden pin 1 [GND, Power input, Line]
[lib_symbol_issues]: The current configuration does not include the symbol library 'elt'
    ; warning
    @(725.805 mm, 1557.655 mm): Symbol #PWR312 [GND]
[endpoint_off_grid]: Symbol pin or wire end off connection grid
    ; warning
    @(726.44 mm, 71.12 mm): Vertical Wire, length 1.905 mm
[endpoint_off_grid]: Symbol pin or wire end off connection grid
    ; warning
    @(726.44 mm, 69.215 mm): Horizontal Wire, length 0.635 mm
[endpoint_off_grid]: Symbol pin or wire end off connection grid
    ; warning
    @(726.44 mm, 114.30 mm): Vertical Wire, length 10.795 mm
[endpoint_off_grid]: Symbol pin or wire end off connection grid
    ; warning
    @(726.44 mm, 125.095 mm): Horizontal Wire, length 0.635 mm
[endpoint_off_grid]: Symbol pin or wire end off connection grid
    ; warning
    @(726.44 mm, 251.46 mm): Vertical Wire, length 1.905 mm
[endpoint_off_grid]: Symbol pin or wire end off connection grid
    ; warning
    @(726.44 mm, 249.555 mm): Horizontal Wire, length 0.635 mm
[endpoint_off_grid]: Symbol pin or wire end off connection grid
    ; warning
    @(726.44 mm, 305.435 mm): Horizontal Wire, length 0.635 mm
[endpoint_off_grid]: Symbol pin or wire end off connection grid
    ; warning
    @(726.44 mm, 294.64 mm): Vertical Wire, length 10.795 mm
[endpoint_off_grid]: Symbol pin or wire end off connection grid
    ; warning
    @(726.44 mm, 429.895 mm): Horizontal Wire, length 0.635 mm
[endpoint_off_grid]: Symbol pin or wire end off connection grid
    ; warning
    @(726.44 mm, 432.435 mm): Vertical Wire, length 2.54 mm
[endpoint_off_grid]: Symbol pin or wire end off connection grid
    ; warning
    @(726.44 mm, 475.615 mm): Vertical Wire, length 10.795 mm
[endpoint_off_grid]: Symbol pin or wire end off connection grid
    ; warning
    @(734.06 mm, 1288.415 mm): Horizontal Wire, length 33.02 mm
[endpoint_off_grid]: Symbol pin or wire end off connection grid
    ; warning
    @(734.06 mm, 1290.955 mm): Symbol U_RST2 Pin 2 [B, Passive, Line]
[endpoint_off_grid]: Symbol pin or wire end off connection grid
    ; warning
    @(734.06 mm, 1290.955 mm): Vertical Wire, length 2.54 mm
[lib_symbol_issues]: The current configuration does not include the symbol library 'elt'
    ; warning
    @(734.06 mm, 1320.80 mm): Symbol #PWR278 [GND]
[footprint_link_issues]: The current configuration does not include the footprint library 'Package_SO'
    ; warning
    @(735.33 mm, 1305.56 mm): Symbol U_RST2 [SYM_U_RST2]
[lib_symbol_issues]: The current configuration does not include the symbol library 'elt'
    ; warning
    @(735.33 mm, 1305.56 mm): Symbol U_RST2 [SYM_U_RST2]
[endpoint_off_grid]: Symbol pin or wire end off connection grid
    ; warning
    @(735.33 mm, 1350.645 mm): Horizontal Wire, length 5.715 mm
[endpoint_off_grid]: Symbol pin or wire end off connection grid
    ; warning
    @(735.33 mm, 1351.915 mm): Vertical Wire, length 1.27 mm
[endpoint_off_grid]: Symbol pin or wire end off connection grid
    ; warning
    @(735.33 mm, 1352.55 mm): Vertical Wire, length 0.635 mm
[footprint_link_issues]: The current configuration does not include the footprint library 'Capacitor_SMD'
    ; warning
    @(735.33 mm, 1356.36 mm): Symbol C_RST2 [SYM_C_RST2]
[lib_symbol_issues]: The current configuration does not include the symbol library 'elt'
    ; warning
    @(735.33 mm, 1356.36 mm): Symbol C_RST2 [SYM_C_RST2]
[lib_symbol_issues]: The current configuration does not include the symbol library 'elt'
    ; warning
    @(735.33 mm, 1360.17 mm): Symbol #PWR285 [GND]
[endpoint_off_grid]: Symbol pin or wire end off connection grid
    ; warning
    @(736.60 mm, 1290.955 mm): Vertical Wire, length 17.145 mm
[lib_symbol_issues]: The current configuration does not include the symbol library 'elt'
    ; warning
    @(736.60 mm, 1320.80 mm): Symbol #PWR279 [GND]
[endpoint_off_grid]: Symbol pin or wire end off connection grid
    ; warning
    @(737.87 mm, 150.495 mm): Horizontal Wire, length 5.715 mm
[endpoint_off_grid]: Symbol pin or wire end off connection grid
    ; warning
    @(737.87 mm, 151.765 mm): Vertical Wire, length 1.27 mm
[endpoint_off_grid]: Symbol pin or wire end off connection grid
    ; warning
    @(737.87 mm, 152.40 mm): Vertical Wire, length 0.635 mm
[footprint_link_issues]: The current configuration does not include the footprint library 'Capacitor_SMD'
    ; warning
    @(737.87 mm, 156.21 mm): Symbol C_ISO6 [SYM_C_ISO6]
[lib_symbol_issues]: The current configuration does not include the symbol library 'elt'
    ; warning
    @(737.87 mm, 156.21 mm): Symbol C_ISO6 [SYM_C_ISO6]
[lib_symbol_issues]: The current configuration does not include the symbol library 'elt'
    ; warning
    @(737.87 mm, 160.02 mm): Symbol #PWR146 [GND]
[endpoint_off_grid]: Symbol pin or wire end off connection grid
    ; warning
    @(737.87 mm, 330.835 mm): Horizontal Wire, length 5.715 mm
[endpoint_off_grid]: Symbol pin or wire end off connection grid
    ; warning
    @(737.87 mm, 332.105 mm): Vertical Wire, length 1.27 mm
[endpoint_off_grid]: Symbol pin or wire end off connection grid
    ; warning
    @(737.87 mm, 332.74 mm): Vertical Wire, length 0.635 mm
[footprint_link_issues]: The current configuration does not include the footprint library 'Capacitor_SMD'
    ; warning
    @(737.87 mm, 336.55 mm): Symbol C_ISO7 [SYM_C_ISO7]
[lib_symbol_issues]: The current configuration does not include the symbol library 'elt'
    ; warning
    @(737.87 mm, 336.55 mm): Symbol C_ISO7 [SYM_C_ISO7]
[lib_symbol_issues]: The current configuration does not include the symbol library 'elt'
    ; warning
    @(737.87 mm, 340.36 mm): Symbol #PWR158 [GND]
[endpoint_off_grid]: Symbol pin or wire end off connection grid
    ; warning
    @(737.87 mm, 511.175 mm): Horizontal Wire, length 5.715 mm
[endpoint_off_grid]: Symbol pin or wire end off connection grid
    ; warning
    @(737.87 mm, 512.445 mm): Vertical Wire, length 1.27 mm
[endpoint_off_grid]: Symbol pin or wire end off connection grid
    ; warning
    @(737.87 mm, 513.715 mm): Symbol C_ISO8 Pin 1 [Passive, Line]
[endpoint_off_grid]: Symbol pin or wire end off connection grid
    ; warning
    @(737.87 mm, 513.715 mm): Vertical Wire, length 1.27 mm
[footprint_link_issues]: The current configuration does not include the footprint library 'Capacitor_SMD'
    ; warning
    @(737.87 mm, 517.525 mm): Symbol C_ISO8 [SYM_C_ISO8]
[lib_symbol_issues]: The current configuration does not include the symbol library 'elt'
    ; warning
    @(737.87 mm, 517.525 mm): Symbol C_ISO8 [SYM_C_ISO8]
[endpoint_off_grid]: Symbol pin or wire end off connection grid
    ; warning
    @(737.87 mm, 521.335 mm): Symbol #PWR170 Hidden pin 1 [GND, Power input, Line]
[lib_symbol_issues]: The current configuration does not include the symbol library 'elt'
    ; warning
    @(737.87 mm, 521.335 mm): Symbol #PWR170 [GND]
[endpoint_off_grid]: Symbol pin or wire end off connection grid
    ; warning
    @(741.045 mm, 35.56 mm): Horizontal Wire, length 8.255 mm
[endpoint_off_grid]: Symbol pin or wire end off connection grid
    ; warning
    @(741.045 mm, 54.61 mm): Vertical Wire, length 19.05 mm
[endpoint_off_grid]: Symbol pin or wire end off connection grid
    ; warning
    @(741.045 mm, 118.11 mm): Horizontal Wire, length 16.51 mm
[endpoint_off_grid]: Symbol pin or wire end off connection grid
    ; warning
    @(741.045 mm, 143.51 mm): Vertical Wire, length 25.40 mm
[endpoint_off_grid]: Symbol pin or wire end off connection grid
    ; warning
    @(741.045 mm, 215.90 mm): Horizontal Wire, length 8.255 mm
[endpoint_off_grid]: Symbol pin or wire end off connection grid
    ; warning
    @(741.045 mm, 234.95 mm): Vertical Wire, length 19.05 mm
[endpoint_off_grid]: Symbol pin or wire end off connection grid
    ; warning
    @(741.045 mm, 298.45 mm): Horizontal Wire, length 16.51 mm
[endpoint_off_grid]: Symbol pin or wire end off connection grid
    ; warning
    @(741.045 mm, 323.85 mm): Vertical Wire, length 25.40 mm
[endpoint_off_grid]: Symbol pin or wire end off connection grid
    ; warning
    @(741.045 mm, 396.875 mm): Horizontal Wire, length 8.255 mm
[endpoint_off_grid]: Symbol pin or wire end off connection grid
    ; warning
    @(741.045 mm, 415.925 mm): Vertical Wire, length 19.05 mm
[endpoint_off_grid]: Symbol pin or wire end off connection grid
    ; warning
    @(741.045 mm, 479.425 mm): Horizontal Wire, length 16.51 mm
[endpoint_off_grid]: Symbol pin or wire end off connection grid
    ; warning
    @(741.045 mm, 504.825 mm): Vertical Wire, length 25.40 mm
[endpoint_off_grid]: Symbol pin or wire end off connection grid
    ; warning
    @(735.33 mm, 960.12 mm): Horizontal Wire, length 10.795 mm
[endpoint_off_grid]: Symbol pin or wire end off connection grid
    ; warning
    @(746.125 mm, 960.12 mm): Symbol R_ADC_DIGITAL_OK_PU Pin 1 [Passive, Line]
[endpoint_off_grid]: Symbol pin or wire end off connection grid
    ; warning
    @(748.03 mm, 1872.615 mm): Vertical Wire, length 2.54 mm
[footprint_link_issues]: The current configuration does not include the footprint library 'Resistor_SMD'
    ; warning
    @(749.30 mm, 41.91 mm): Symbol R_ADC_PD6P [SYM_R_ADC_PD6P]
[lib_symbol_issues]: The current configuration does not include the symbol library 'elt'
    ; warning
    @(749.30 mm, 41.91 mm): Symbol R_ADC_PD6P [SYM_R_ADC_PD6P]
[lib_symbol_issues]: The current configuration does not include the symbol library 'elt'
    ; warning
    @(749.30 mm, 45.72 mm): Symbol #PWR142 [GND]
[footprint_link_issues]: The current configuration does not include the footprint library 'Resistor_SMD'
    ; warning
    @(749.30 mm, 127.00 mm): Symbol R_ADC_PD6N [SYM_R_ADC_PD6N]
[lib_symbol_issues]: The current configuration does not include the symbol library 'elt'
    ; warning
    @(749.30 mm, 127.00 mm): Symbol R_ADC_PD6N [SYM_R_ADC_PD6N]
[lib_symbol_issues]: The current configuration does not include the symbol library 'elt'
    ; warning
    @(749.30 mm, 130.81 mm): Symbol #PWR143 [GND]
[footprint_link_issues]: The current configuration does not include the footprint library 'Resistor_SMD'
    ; warning
    @(749.30 mm, 222.25 mm): Symbol R_ADC_PD7P [SYM_R_ADC_PD7P]
[lib_symbol_issues]: The current configuration does not include the symbol library 'elt'
    ; warning
    @(749.30 mm, 222.25 mm): Symbol R_ADC_PD7P [SYM_R_ADC_PD7P]
[lib_symbol_issues]: The current configuration does not include the symbol library 'elt'
    ; warning
    @(749.30 mm, 226.06 mm): Symbol #PWR154 [GND]
[footprint_link_issues]: The current configuration does not include the footprint library 'Resistor_SMD'
    ; warning
    @(749.30 mm, 307.34 mm): Symbol R_ADC_PD7N [SYM_R_ADC_PD7N]
[lib_symbol_issues]: The current configuration does not include the symbol library 'elt'
    ; warning
    @(749.30 mm, 307.34 mm): Symbol R_ADC_PD7N [SYM_R_ADC_PD7N]
[lib_symbol_issues]: The current configuration does not include the symbol library 'elt'
    ; warning
    @(749.30 mm, 311.15 mm): Symbol #PWR155 [GND]
[endpoint_off_grid]: Symbol pin or wire end off connection grid
    ; warning
    @(749.30 mm, 390.525 mm): Vertical Wire, length 8.89 mm
[endpoint_off_grid]: Symbol pin or wire end off connection grid
    ; warning
    @(749.30 mm, 396.875 mm): Vertical Wire, length 2.54 mm
[endpoint_off_grid]: Symbol pin or wire end off connection grid
    ; warning
    @(749.30 mm, 399.415 mm): Symbol R_ADC_PD8P Pin 1 [Passive, Line]
[footprint_link_issues]: The current configuration does not include the footprint library 'Resistor_SMD'
    ; warning
    @(749.30 mm, 403.225 mm): Symbol R_ADC_PD8P [SYM_R_ADC_PD8P]
[lib_symbol_issues]: The current configuration does not include the symbol library 'elt'
    ; warning
    @(749.30 mm, 403.225 mm): Symbol R_ADC_PD8P [SYM_R_ADC_PD8P]
[endpoint_off_grid]: Symbol pin or wire end off connection grid
    ; warning
    @(749.30 mm, 407.035 mm): Symbol #PWR166 Hidden pin 1 [GND, Power input, Line]
[lib_symbol_issues]: The current configuration does not include the symbol library 'elt'
    ; warning
    @(749.30 mm, 407.035 mm): Symbol #PWR166 [GND]
[endpoint_off_grid]: Symbol pin or wire end off connection grid
    ; warning
    @(749.30 mm, 479.425 mm): Vertical Wire, length 5.08 mm
[endpoint_off_grid]: Symbol pin or wire end off connection grid
    ; warning
    @(749.30 mm, 484.505 mm): Symbol R_ADC_PD8N Pin 1 [Passive, Line]
[footprint_link_issues]: The current configuration does not include the footprint library 'Resistor_SMD'
    ; warning
    @(749.30 mm, 488.315 mm): Symbol R_ADC_PD8N [SYM_R_ADC_PD8N]
[lib_symbol_issues]: The current configuration does not include the symbol library 'elt'
    ; warning
    @(749.30 mm, 488.315 mm): Symbol R_ADC_PD8N [SYM_R_ADC_PD8N]
[endpoint_off_grid]: Symbol pin or wire end off connection grid
    ; warning
    @(749.30 mm, 492.125 mm): Symbol #PWR167 Hidden pin 1 [GND, Power input, Line]
[lib_symbol_issues]: The current configuration does not include the symbol library 'elt'
    ; warning
    @(749.30 mm, 492.125 mm): Symbol #PWR167 [GND]
[footprint_link_issues]: The current configuration does not include the footprint library 'Resistor_SMD'
    ; warning
    @(749.935 mm, 960.12 mm): Symbol R_ADC_DIGITAL_OK_PU [SYM_R_ADC_DIGITAL_OK_PU]
[lib_symbol_issues]: The current configuration does not include the symbol library 'elt'
    ; warning
    @(749.935 mm, 960.12 mm): Symbol R_ADC_DIGITAL_OK_PU [SYM_R_ADC_DIGITAL_OK_PU]
[endpoint_off_grid]: Symbol pin or wire end off connection grid
    ; warning
    @(764.54 mm, 960.12 mm): Horizontal Wire, length 10.795 mm
[endpoint_off_grid]: Symbol pin or wire end off connection grid
    ; warning
    @(762.00 mm, 29.21 mm): Horizontal Wire, length 4.445 mm
[endpoint_off_grid]: Symbol pin or wire end off connection grid
    ; warning
    @(757.555 mm, 29.21 mm): Horizontal Wire, length 8.255 mm
[endpoint_off_grid]: Symbol pin or wire end off connection grid
    ; warning
    @(762.00 mm, 54.61 mm): Horizontal Wire, length 4.445 mm
[endpoint_off_grid]: Symbol pin or wire end off connection grid
    ; warning
    @(757.555 mm, 54.61 mm): Horizontal Wire, length 16.51 mm
[endpoint_off_grid]: Symbol pin or wire end off connection grid
    ; warning
    @(757.555 mm, 118.11 mm): Horizontal Wire, length 8.255 mm
[endpoint_off_grid]: Symbol pin or wire end off connection grid
    ; warning
    @(757.555 mm, 118.11 mm): Horizontal Wire, length 4.445 mm
[endpoint_off_grid]: Symbol pin or wire end off connection grid
    ; warning
    @(762.00 mm, 118.11 mm): Horizontal Wire, length 4.445 mm
[endpoint_off_grid]: Symbol pin or wire end off connection grid
    ; warning
    @(757.555 mm, 143.51 mm): Horizontal Wire, length 16.51 mm
[endpoint_off_grid]: Symbol pin or wire end off connection grid
    ; warning
    @(762.00 mm, 143.51 mm): Horizontal Wire, length 4.445 mm
[endpoint_off_grid]: Symbol pin or wire end off connection grid
    ; warning
    @(762.00 mm, 209.55 mm): Horizontal Wire, length 4.445 mm
[endpoint_off_grid]: Symbol pin or wire end off connection grid
    ; warning
    @(757.555 mm, 209.55 mm): Horizontal Wire, length 8.255 mm
[endpoint_off_grid]: Symbol pin or wire end off connection grid
    ; warning
    @(762.00 mm, 234.95 mm): Horizontal Wire, length 4.445 mm
[endpoint_off_grid]: Symbol pin or wire end off connection grid
    ; warning
    @(757.555 mm, 234.95 mm): Horizontal Wire, length 16.51 mm
[endpoint_off_grid]: Symbol pin or wire end off connection grid
    ; warning
    @(757.555 mm, 298.45 mm): Horizontal Wire, length 4.445 mm
[endpoint_off_grid]: Symbol pin or wire end off connection grid
    ; warning
    @(757.555 mm, 298.45 mm): Horizontal Wire, length 8.255 mm
[endpoint_off_grid]: Symbol pin or wire end off connection grid
    ; warning
    @(762.00 mm, 298.45 mm): Horizontal Wire, length 4.445 mm
[endpoint_off_grid]: Symbol pin or wire end off connection grid
    ; warning
    @(757.555 mm, 323.85 mm): Horizontal Wire, length 16.51 mm
[endpoint_off_grid]: Symbol pin or wire end off connection grid
    ; warning
    @(762.00 mm, 323.85 mm): Horizontal Wire, length 4.445 mm
[endpoint_off_grid]: Symbol pin or wire end off connection grid
    ; warning
    @(757.555 mm, 390.525 mm): Horizontal Wire, length 8.255 mm
[endpoint_off_grid]: Symbol pin or wire end off connection grid
    ; warning
    @(757.555 mm, 415.925 mm): Horizontal Wire, length 16.51 mm
[endpoint_off_grid]: Symbol pin or wire end off connection grid
    ; warning
    @(757.555 mm, 479.425 mm): Horizontal Wire, length 4.445 mm
[endpoint_off_grid]: Symbol pin or wire end off connection grid
    ; warning
    @(757.555 mm, 479.425 mm): Horizontal Wire, length 8.255 mm
[endpoint_off_grid]: Symbol pin or wire end off connection grid
    ; warning
    @(757.555 mm, 504.825 mm): Horizontal Wire, length 16.51 mm
[endpoint_off_grid]: Symbol pin or wire end off connection grid
    ; warning
    @(765.81 mm, 712.47 mm): Horizontal Wire, length 5.715 mm
[endpoint_off_grid]: Symbol pin or wire end off connection grid
    ; warning
    @(760.73 mm, 1872.615 mm): Horizontal Wire, length 12.70 mm
[endpoint_off_grid]: Symbol pin or wire end off connection grid
    ; warning
    @(760.73 mm, 1875.155 mm): Vertical Wire, length 2.54 mm
[endpoint_off_grid]: Symbol pin or wire end off connection grid
    ; warning
    @(762.00 mm, 390.525 mm): Horizontal Wire, length 4.445 mm
[endpoint_off_grid]: Symbol pin or wire end off connection grid
    ; warning
    @(762.00 mm, 390.525 mm): Symbol C_ADC_AC8P1 Pin 1 [Passive, Line]
[endpoint_off_grid]: Symbol pin or wire end off connection grid
    ; warning
    @(762.00 mm, 415.925 mm): Symbol C_ADC_AC8P2 Pin 1 [Passive, Line]
[endpoint_off_grid]: Symbol pin or wire end off connection grid
    ; warning
    @(762.00 mm, 415.925 mm): Horizontal Wire, length 4.445 mm
[endpoint_off_grid]: Symbol pin or wire end off connection grid
    ; warning
    @(762.00 mm, 479.425 mm): Horizontal Wire, length 4.445 mm
[endpoint_off_grid]: Symbol pin or wire end off connection grid
    ; warning
    @(762.00 mm, 479.425 mm): Symbol C_ADC_AC8N1 Pin 1 [Passive, Line]
[endpoint_off_grid]: Symbol pin or wire end off connection grid
    ; warning
    @(762.00 mm, 504.825 mm): Horizontal Wire, length 4.445 mm
[endpoint_off_grid]: Symbol pin or wire end off connection grid
    ; warning
    @(762.00 mm, 504.825 mm): Symbol C_ADC_AC8N2 Pin 1 [Passive, Line]
[endpoint_off_grid]: Symbol pin or wire end off connection grid
    ; warning
    @(763.905 mm, 2225.675 mm): Vertical Wire, length 2.54 mm
[endpoint_off_grid]: Symbol pin or wire end off connection grid
    ; warning
    @(763.905 mm, 2228.215 mm): Vertical Wire, length 1.27 mm
[endpoint_off_grid]: Symbol pin or wire end off connection grid
    ; warning
    @(763.905 mm, 2229.485 mm): Symbol C_XU_VDD_45 Pin 1 [Passive, Line]
[footprint_link_issues]: The current configuration does not include the footprint library 'Capacitor_SMD'
    ; warning
    @(763.905 mm, 2233.295 mm): Symbol C_XU_VDD_45 [SYM_C_XU_VDD_45]
[lib_symbol_issues]: The current configuration does not include the symbol library 'elt'
    ; warning
    @(763.905 mm, 2233.295 mm): Symbol C_XU_VDD_45 [SYM_C_XU_VDD_45]
[endpoint_off_grid]: Symbol pin or wire end off connection grid
    ; warning
    @(763.905 mm, 2237.105 mm): Symbol #PWR329 Hidden pin 1 [GND, Power input, Line]
[lib_symbol_issues]: The current configuration does not include the symbol library 'elt'
    ; warning
    @(763.905 mm, 2237.105 mm): Symbol #PWR329 [GND]
[endpoint_off_grid]: Symbol pin or wire end off connection grid
    ; warning
    @(763.905 mm, 2289.175 mm): Vertical Wire, length 2.54 mm
[endpoint_off_grid]: Symbol pin or wire end off connection grid
    ; warning
    @(763.905 mm, 2291.715 mm): Vertical Wire, length 1.27 mm
[endpoint_off_grid]: Symbol pin or wire end off connection grid
    ; warning
    @(763.905 mm, 2292.985 mm): Symbol C_XU_VDD_106 Pin 1 [Passive, Line]
[footprint_link_issues]: The current configuration does not include the footprint library 'Capacitor_SMD'
    ; warning
    @(763.905 mm, 2296.795 mm): Symbol C_XU_VDD_106 [SYM_C_XU_VDD_106]
[lib_symbol_issues]: The current configuration does not include the symbol library 'elt'
    ; warning
    @(763.905 mm, 2296.795 mm): Symbol C_XU_VDD_106 [SYM_C_XU_VDD_106]
[endpoint_off_grid]: Symbol pin or wire end off connection grid
    ; warning
    @(763.905 mm, 2300.605 mm): Symbol #PWR337 Hidden pin 1 [GND, Power input, Line]
[lib_symbol_issues]: The current configuration does not include the symbol library 'elt'
    ; warning
    @(763.905 mm, 2300.605 mm): Symbol #PWR337 [GND]
[endpoint_off_grid]: Symbol pin or wire end off connection grid
    ; warning
    @(763.905 mm, 2352.675 mm): Vertical Wire, length 2.54 mm
[endpoint_off_grid]: Symbol pin or wire end off connection grid
    ; warning
    @(763.905 mm, 2355.215 mm): Vertical Wire, length 1.27 mm
[endpoint_off_grid]: Symbol pin or wire end off connection grid
    ; warning
    @(763.905 mm, 2356.485 mm): Symbol C_XU_VDDIO_109 Pin 1 [Passive, Line]
[footprint_link_issues]: The current configuration does not include the footprint library 'Capacitor_SMD'
    ; warning
    @(763.905 mm, 2360.295 mm): Symbol C_XU_VDDIO_109 [SYM_C_XU_VDDIO_109]
[lib_symbol_issues]: The current configuration does not include the symbol library 'elt'
    ; warning
    @(763.905 mm, 2360.295 mm): Symbol C_XU_VDDIO_109 [SYM_C_XU_VDDIO_109]
[endpoint_off_grid]: Symbol pin or wire end off connection grid
    ; warning
    @(763.905 mm, 2364.105 mm): Symbol #PWR345 Hidden pin 1 [GND, Power input, Line]
[lib_symbol_issues]: The current configuration does not include the symbol library 'elt'
    ; warning
    @(763.905 mm, 2364.105 mm): Symbol #PWR345 [GND]
[footprint_link_issues]: The current configuration does not include the footprint library 'crow_usb_power_aux'
    ; warning
    @(765.81 mm, 29.21 mm): Symbol C_ADC_AC6P1 [SYM_C_ADC_AC6P1]
[lib_symbol_issues]: The current configuration does not include the symbol library 'elt'
    ; warning
    @(765.81 mm, 29.21 mm): Symbol C_ADC_AC6P1 [SYM_C_ADC_AC6P1]
[footprint_link_issues]: The current configuration does not include the footprint library 'crow_usb_power_aux'
    ; warning
    @(765.81 mm, 54.61 mm): Symbol C_ADC_AC6P2 [SYM_C_ADC_AC6P2]
[lib_symbol_issues]: The current configuration does not include the symbol library 'elt'
    ; warning
    @(765.81 mm, 54.61 mm): Symbol C_ADC_AC6P2 [SYM_C_ADC_AC6P2]
[footprint_link_issues]: The current configuration does not include the footprint library 'crow_usb_power_aux'
    ; warning
    @(765.81 mm, 118.11 mm): Symbol C_ADC_AC6N1 [SYM_C_ADC_AC6N1]
[lib_symbol_issues]: The current configuration does not include the symbol library 'elt'
    ; warning
    @(765.81 mm, 118.11 mm): Symbol C_ADC_AC6N1 [SYM_C_ADC_AC6N1]
[footprint_link_issues]: The current configuration does not include the footprint library 'crow_usb_power_aux'
    ; warning
    @(765.81 mm, 143.51 mm): Symbol C_ADC_AC6N2 [SYM_C_ADC_AC6N2]
[lib_symbol_issues]: The current configuration does not include the symbol library 'elt'
    ; warning
    @(765.81 mm, 143.51 mm): Symbol C_ADC_AC6N2 [SYM_C_ADC_AC6N2]
[footprint_link_issues]: The current configuration does not include the footprint library 'crow_usb_power_aux'
    ; warning
    @(765.81 mm, 209.55 mm): Symbol C_ADC_AC7P1 [SYM_C_ADC_AC7P1]
[lib_symbol_issues]: The current configuration does not include the symbol library 'elt'
    ; warning
    @(765.81 mm, 209.55 mm): Symbol C_ADC_AC7P1 [SYM_C_ADC_AC7P1]
[footprint_link_issues]: The current configuration does not include the footprint library 'crow_usb_power_aux'
    ; warning
    @(765.81 mm, 234.95 mm): Symbol C_ADC_AC7P2 [SYM_C_ADC_AC7P2]
[lib_symbol_issues]: The current configuration does not include the symbol library 'elt'
    ; warning
    @(765.81 mm, 234.95 mm): Symbol C_ADC_AC7P2 [SYM_C_ADC_AC7P2]
[footprint_link_issues]: The current configuration does not include the footprint library 'crow_usb_power_aux'
    ; warning
    @(765.81 mm, 298.45 mm): Symbol C_ADC_AC7N1 [SYM_C_ADC_AC7N1]
[lib_symbol_issues]: The current configuration does not include the symbol library 'elt'
    ; warning
    @(765.81 mm, 298.45 mm): Symbol C_ADC_AC7N1 [SYM_C_ADC_AC7N1]
[footprint_link_issues]: The current configuration does not include the footprint library 'crow_usb_power_aux'
    ; warning
    @(765.81 mm, 323.85 mm): Symbol C_ADC_AC7N2 [SYM_C_ADC_AC7N2]
[lib_symbol_issues]: The current configuration does not include the symbol library 'elt'
    ; warning
    @(765.81 mm, 323.85 mm): Symbol C_ADC_AC7N2 [SYM_C_ADC_AC7N2]
[footprint_link_issues]: The current configuration does not include the footprint library 'crow_usb_power_aux'
    ; warning
    @(765.81 mm, 390.525 mm): Symbol C_ADC_AC8P1 [SYM_C_ADC_AC8P1]
[lib_symbol_issues]: The current configuration does not include the symbol library 'elt'
    ; warning
    @(765.81 mm, 390.525 mm): Symbol C_ADC_AC8P1 [SYM_C_ADC_AC8P1]
[footprint_link_issues]: The current configuration does not include the footprint library 'crow_usb_power_aux'
    ; warning
    @(765.81 mm, 415.925 mm): Symbol C_ADC_AC8P2 [SYM_C_ADC_AC8P2]
[lib_symbol_issues]: The current configuration does not include the symbol library 'elt'
    ; warning
    @(765.81 mm, 415.925 mm): Symbol C_ADC_AC8P2 [SYM_C_ADC_AC8P2]
[footprint_link_issues]: The current configuration does not include the footprint library 'crow_usb_power_aux'
    ; warning
    @(765.81 mm, 479.425 mm): Symbol C_ADC_AC8N1 [SYM_C_ADC_AC8N1]
[lib_symbol_issues]: The current configuration does not include the symbol library 'elt'
    ; warning
    @(765.81 mm, 479.425 mm): Symbol C_ADC_AC8N1 [SYM_C_ADC_AC8N1]
[footprint_link_issues]: The current configuration does not include the footprint library 'crow_usb_power_aux'
    ; warning
    @(765.81 mm, 504.825 mm): Symbol C_ADC_AC8N2 [SYM_C_ADC_AC8N2]
[lib_symbol_issues]: The current configuration does not include the symbol library 'elt'
    ; warning
    @(765.81 mm, 504.825 mm): Symbol C_ADC_AC8N2 [SYM_C_ADC_AC8N2]
[endpoint_off_grid]: Symbol pin or wire end off connection grid
    ; warning
    @(766.445 mm, 699.77 mm): Horizontal Wire, length 38.10 mm
[endpoint_off_grid]: Symbol pin or wire end off connection grid
    ; warning
    @(766.445 mm, 701.04 mm): Horizontal Wire, length 1.27 mm
[endpoint_off_grid]: Symbol pin or wire end off connection grid
    ; warning
    @(766.445 mm, 702.31 mm): Vertical Wire, length 2.54 mm
[endpoint_off_grid]: Symbol pin or wire end off connection grid
    ; warning
    @(766.445 mm, 702.945 mm): Vertical Wire, length 0.635 mm
[endpoint_off_grid]: Symbol pin or wire end off connection grid
    ; warning
    @(766.445 mm, 702.945 mm): Symbol C_ADC_B_AVDD_10U Pin 1 [Passive, Line]
[footprint_link_issues]: The current configuration does not include the footprint library 'Capacitor_SMD'
    ; warning
    @(766.445 mm, 706.755 mm): Symbol C_ADC_B_AVDD_10U [SYM_C_ADC_B_AVDD_10U]
[lib_symbol_issues]: The current configuration does not include the symbol library 'elt'
    ; warning
    @(766.445 mm, 706.755 mm): Symbol C_ADC_B_AVDD_10U [SYM_C_ADC_B_AVDD_10U]
[endpoint_off_grid]: Symbol pin or wire end off connection grid
    ; warning
    @(766.445 mm, 710.565 mm): Symbol #PWR250 Hidden pin 1 [GND, Power input, Line]
[lib_symbol_issues]: The current configuration does not include the symbol library 'elt'
    ; warning
    @(766.445 mm, 710.565 mm): Symbol #PWR250 [GND]
[endpoint_off_grid]: Symbol pin or wire end off connection grid
    ; warning
    @(766.445 mm, 739.14 mm): Horizontal Wire, length 1.27 mm
[endpoint_off_grid]: Symbol pin or wire end off connection grid
    ; warning
    @(766.445 mm, 740.41 mm): Vertical Wire, length 1.27 mm
[endpoint_off_grid]: Symbol pin or wire end off connection grid
    ; warning
    @(766.445 mm, 741.045 mm): Symbol C_ADC_B_AREG_1U Pin 1 [Passive, Line]
[endpoint_off_grid]: Symbol pin or wire end off connection grid
    ; warning
    @(766.445 mm, 741.045 mm): Vertical Wire, length 0.635 mm
[footprint_link_issues]: The current configuration does not include the footprint library 'Capacitor_SMD'
    ; warning
    @(766.445 mm, 744.855 mm): Symbol C_ADC_B_AREG_1U [SYM_C_ADC_B_AREG_1U]
[lib_symbol_issues]: The current configuration does not include the symbol library 'elt'
    ; warning
    @(766.445 mm, 744.855 mm): Symbol C_ADC_B_AREG_1U [SYM_C_ADC_B_AREG_1U]
[endpoint_off_grid]: Symbol pin or wire end off connection grid
    ; warning
    @(766.445 mm, 748.665 mm): Symbol #PWR254 Hidden pin 1 [GND, Power input, Line]
[lib_symbol_issues]: The current configuration does not include the symbol library 'elt'
    ; warning
    @(766.445 mm, 748.665 mm): Symbol #PWR254 [GND]
[endpoint_off_grid]: Symbol pin or wire end off connection grid
    ; warning
    @(766.445 mm, 775.97 mm): Horizontal Wire, length 38.10 mm
[endpoint_off_grid]: Symbol pin or wire end off connection grid
    ; warning
    @(766.445 mm, 777.24 mm): Horizontal Wire, length 1.27 mm
[endpoint_off_grid]: Symbol pin or wire end off connection grid
    ; warning
    @(766.445 mm, 778.51 mm): Vertical Wire, length 2.54 mm
[endpoint_off_grid]: Symbol pin or wire end off connection grid
    ; warning
    @(766.445 mm, 779.145 mm): Vertical Wire, length 0.635 mm
[endpoint_off_grid]: Symbol pin or wire end off connection grid
    ; warning
    @(766.445 mm, 779.145 mm): Symbol C_ADC_B_DREG_1U Pin 1 [Passive, Line]
[footprint_link_issues]: The current configuration does not include the footprint library 'Capacitor_SMD'
    ; warning
    @(766.445 mm, 782.955 mm): Symbol C_ADC_B_DREG_1U [SYM_C_ADC_B_DREG_1U]
[lib_symbol_issues]: The current configuration does not include the symbol library 'elt'
    ; warning
    @(766.445 mm, 782.955 mm): Symbol C_ADC_B_DREG_1U [SYM_C_ADC_B_DREG_1U]
[endpoint_off_grid]: Symbol pin or wire end off connection grid
    ; warning
    @(766.445 mm, 786.765 mm): Symbol #PWR258 Hidden pin 1 [GND, Power input, Line]
[lib_symbol_issues]: The current configuration does not include the symbol library 'elt'
    ; warning
    @(766.445 mm, 786.765 mm): Symbol #PWR258 [GND]
[endpoint_off_grid]: Symbol pin or wire end off connection grid
    ; warning
    @(766.445 mm, 970.28 mm): Horizontal Wire, length 1.27 mm
[endpoint_off_grid]: Symbol pin or wire end off connection grid
    ; warning
    @(762.00 mm, 970.28 mm): Horizontal Wire, length 4.445 mm
[endpoint_off_grid]: Symbol pin or wire end off connection grid
    ; warning
    @(766.445 mm, 975.36 mm): Horizontal Wire, length 4.445 mm
[endpoint_off_grid]: Symbol pin or wire end off connection grid
    ; warning
    @(766.445 mm, 2481.58 mm): Vertical Wire, length 16.51 mm
[endpoint_off_grid]: Symbol pin or wire end off connection grid
    ; warning
    @(684.53 mm, 2481.58 mm): Horizontal Wire, length 81.915 mm
[endpoint_off_grid]: Symbol pin or wire end off connection grid
    ; warning
    @(766.445 mm, 2498.09 mm): Vertical Wire, length 1.27 mm
[endpoint_off_grid]: Symbol pin or wire end off connection grid
    ; warning
    @(766.445 mm, 2499.36 mm): Symbol C_XTAL_OUT Pin 1 [Passive, Line]
[footprint_link_issues]: The current configuration does not include the footprint library 'Capacitor_SMD'
    ; warning
    @(766.445 mm, 2503.17 mm): Symbol C_XTAL_OUT [SYM_C_XTAL_OUT]
[lib_symbol_issues]: The current configuration does not include the symbol library 'elt'
    ; warning
    @(766.445 mm, 2503.17 mm): Symbol C_XTAL_OUT [SYM_C_XTAL_OUT]
[endpoint_off_grid]: Symbol pin or wire end off connection grid
    ; warning
    @(766.445 mm, 2506.98 mm): Symbol #PWR354 Hidden pin 1 [GND, Power input, Line]
[lib_symbol_issues]: The current configuration does not include the symbol library 'elt'
    ; warning
    @(766.445 mm, 2506.98 mm): Symbol #PWR354 [GND]
[endpoint_off_grid]: Symbol pin or wire end off connection grid
    ; warning
    @(767.715 mm, 712.47 mm): Horizontal Wire, length 0.635 mm
[endpoint_off_grid]: Symbol pin or wire end off connection grid
    ; warning
    @(767.715 mm, 739.14 mm): Vertical Wire, length 26.67 mm
[endpoint_off_grid]: Symbol pin or wire end off connection grid
    ; warning
    @(767.715 mm, 970.28 mm): Horizontal Wire, length 15.875 mm
[endpoint_off_grid]: Symbol pin or wire end off connection grid
    ; warning
    @(783.59 mm, 975.36 mm): Horizontal Wire, length 15.875 mm
[endpoint_off_grid]: Symbol pin or wire end off connection grid
    ; warning
    @(767.715 mm, 975.36 mm): Horizontal Wire, length 1.27 mm
[endpoint_off_grid]: Symbol pin or wire end off connection grid
    ; warning
    @(769.62 mm, 415.925 mm): Horizontal Wire, length 4.445 mm
[endpoint_off_grid]: Symbol pin or wire end off connection grid
    ; warning
    @(769.62 mm, 504.825 mm): Horizontal Wire, length 4.445 mm
[endpoint_off_grid]: Symbol pin or wire end off connection grid
    ; warning
    @(772.795 mm, 2192.655 mm): Horizontal Wire, length 100.965 mm
[endpoint_off_grid]: Symbol pin or wire end off connection grid
    ; warning
    @(773.43 mm, 2190.115 mm): Vertical Wire, length 10.16 mm
[endpoint_off_grid]: Symbol pin or wire end off connection grid
    ; warning
    @(773.43 mm, 2200.275 mm): Horizontal Wire, length 0.635 mm
[endpoint_off_grid]: Symbol pin or wire end off connection grid
    ; warning
    @(774.065 mm, 29.21 mm): Horizontal Wire, length 4.445 mm
[endpoint_off_grid]: Symbol pin or wire end off connection grid
    ; warning
    @(781.05 mm, 29.21 mm): Horizontal Wire, length 6.985 mm
[endpoint_off_grid]: Symbol pin or wire end off connection grid
    ; warning
    @(769.62 mm, 54.61 mm): Horizontal Wire, length 4.445 mm
[endpoint_off_grid]: Symbol pin or wire end off connection grid
    ; warning
    @(774.065 mm, 54.61 mm): Horizontal Wire, length 0.635 mm
[endpoint_off_grid]: Symbol pin or wire end off connection grid
    ; warning
    @(781.05 mm, 118.11 mm): Horizontal Wire, length 6.985 mm
[endpoint_off_grid]: Symbol pin or wire end off connection grid
    ; warning
    @(774.065 mm, 118.11 mm): Horizontal Wire, length 4.445 mm
[endpoint_off_grid]: Symbol pin or wire end off connection grid
    ; warning
    @(774.70 mm, 118.11 mm): Horizontal Wire, length 0.635 mm
[endpoint_off_grid]: Symbol pin or wire end off connection grid
    ; warning
    @(774.065 mm, 118.11 mm): Horizontal Wire, length 4.445 mm
[endpoint_off_grid]: Symbol pin or wire end off connection grid
    ; warning
    @(774.065 mm, 143.51 mm): Horizontal Wire, length 0.635 mm
[endpoint_off_grid]: Symbol pin or wire end off connection grid
    ; warning
    @(769.62 mm, 143.51 mm): Horizontal Wire, length 4.445 mm
[endpoint_off_grid]: Symbol pin or wire end off connection grid
    ; warning
    @(781.05 mm, 209.55 mm): Horizontal Wire, length 6.985 mm
[endpoint_off_grid]: Symbol pin or wire end off connection grid
    ; warning
    @(774.065 mm, 209.55 mm): Horizontal Wire, length 4.445 mm
[endpoint_off_grid]: Symbol pin or wire end off connection grid
    ; warning
    @(774.065 mm, 234.95 mm): Horizontal Wire, length 0.635 mm
[endpoint_off_grid]: Symbol pin or wire end off connection grid
    ; warning
    @(769.62 mm, 234.95 mm): Horizontal Wire, length 4.445 mm
[endpoint_off_grid]: Symbol pin or wire end off connection grid
    ; warning
    @(781.05 mm, 298.45 mm): Horizontal Wire, length 6.985 mm
[endpoint_off_grid]: Symbol pin or wire end off connection grid
    ; warning
    @(774.065 mm, 298.45 mm): Horizontal Wire, length 4.445 mm
[endpoint_off_grid]: Symbol pin or wire end off connection grid
    ; warning
    @(774.70 mm, 298.45 mm): Horizontal Wire, length 0.635 mm
[endpoint_off_grid]: Symbol pin or wire end off connection grid
    ; warning
    @(774.065 mm, 298.45 mm): Horizontal Wire, length 4.445 mm
[endpoint_off_grid]: Symbol pin or wire end off connection grid
    ; warning
    @(774.065 mm, 323.85 mm): Horizontal Wire, length 0.635 mm
[endpoint_off_grid]: Symbol pin or wire end off connection grid
    ; warning
    @(769.62 mm, 323.85 mm): Horizontal Wire, length 4.445 mm
[endpoint_off_grid]: Symbol pin or wire end off connection grid
    ; warning
    @(774.065 mm, 390.525 mm): Horizontal Wire, length 4.445 mm
[endpoint_off_grid]: Symbol pin or wire end off connection grid
    ; warning
    @(774.065 mm, 415.925 mm): Horizontal Wire, length 0.635 mm
[endpoint_off_grid]: Symbol pin or wire end off connection grid
    ; warning
    @(774.065 mm, 479.425 mm): Horizontal Wire, length 4.445 mm
[endpoint_off_grid]: Symbol pin or wire end off connection grid
    ; warning
    @(774.065 mm, 479.425 mm): Horizontal Wire, length 4.445 mm
[endpoint_off_grid]: Symbol pin or wire end off connection grid
    ; warning
    @(774.065 mm, 504.825 mm): Horizontal Wire, length 0.635 mm
[endpoint_off_grid]: Symbol pin or wire end off connection grid
    ; warning
    @(774.065 mm, 2192.655 mm): Horizontal Wire, length 1.27 mm
[endpoint_off_grid]: Symbol pin or wire end off connection grid
    ; warning
    @(774.70 mm, 54.61 mm): Vertical Wire, length 19.685 mm
[endpoint_off_grid]: Symbol pin or wire end off connection grid
    ; warning
    @(774.70 mm, 34.925 mm): Horizontal Wire, length 6.35 mm
[endpoint_off_grid]: Symbol pin or wire end off connection grid
    ; warning
    @(774.70 mm, 215.265 mm): Horizontal Wire, length 6.35 mm
[endpoint_off_grid]: Symbol pin or wire end off connection grid
    ; warning
    @(774.70 mm, 234.95 mm): Vertical Wire, length 19.685 mm
[endpoint_off_grid]: Symbol pin or wire end off connection grid
    ; warning
    @(774.70 mm, 395.605 mm): Horizontal Wire, length 6.35 mm
[endpoint_off_grid]: Symbol pin or wire end off connection grid
    ; warning
    @(774.70 mm, 415.925 mm): Vertical Wire, length 20.32 mm
[endpoint_off_grid]: Symbol pin or wire end off connection grid
    ; warning
    @(774.70 mm, 479.425 mm): Horizontal Wire, length 0.635 mm
[endpoint_off_grid]: Symbol pin or wire end off connection grid
    ; warning
    @(774.70 mm, 504.825 mm): Vertical Wire, length 25.40 mm
[endpoint_off_grid]: Symbol pin or wire end off connection grid
    ; warning
    @(776.605 mm, 2436.495 mm): Symbol FB_PLL Pin 1 [Passive, Line]
[endpoint_off_grid]: Symbol pin or wire end off connection grid
    ; warning
    @(781.05 mm, 34.925 mm): Vertical Wire, length 2.54 mm
[endpoint_off_grid]: Symbol pin or wire end off connection grid
    ; warning
    @(781.05 mm, 37.465 mm): Vertical Wire, length 0.635 mm
[endpoint_off_grid]: Symbol pin or wire end off connection grid
    ; warning
    @(781.05 mm, 37.465 mm): Vertical Wire, length 8.255 mm
[endpoint_off_grid]: Symbol pin or wire end off connection grid
    ; warning
    @(781.05 mm, 38.10 mm): Vertical Wire, length 0.635 mm
[footprint_link_issues]: The current configuration does not include the footprint library 'Capacitor_SMD'
    ; warning
    @(781.05 mm, 41.91 mm): Symbol C_ADC_CM6P [SYM_C_ADC_CM6P]
[lib_symbol_issues]: The current configuration does not include the symbol library 'elt'
    ; warning
    @(781.05 mm, 41.91 mm): Symbol C_ADC_CM6P [SYM_C_ADC_CM6P]
[lib_symbol_issues]: The current configuration does not include the symbol library 'elt'
    ; warning
    @(781.05 mm, 45.72 mm): Symbol #PWR144 [GND]
[endpoint_off_grid]: Symbol pin or wire end off connection grid
    ; warning
    @(781.05 mm, 122.555 mm): Vertical Wire, length 4.445 mm
[endpoint_off_grid]: Symbol pin or wire end off connection grid
    ; warning
    @(781.05 mm, 123.19 mm): Vertical Wire, length 0.635 mm
[footprint_link_issues]: The current configuration does not include the footprint library 'Capacitor_SMD'
    ; warning
    @(781.05 mm, 127.00 mm): Symbol C_ADC_CM6N [SYM_C_ADC_CM6N]
[lib_symbol_issues]: The current configuration does not include the symbol library 'elt'
    ; warning
    @(781.05 mm, 127.00 mm): Symbol C_ADC_CM6N [SYM_C_ADC_CM6N]
[lib_symbol_issues]: The current configuration does not include the symbol library 'elt'
    ; warning
    @(781.05 mm, 130.81 mm): Symbol #PWR145 [GND]
[endpoint_off_grid]: Symbol pin or wire end off connection grid
    ; warning
    @(781.05 mm, 215.265 mm): Vertical Wire, length 2.54 mm
[endpoint_off_grid]: Symbol pin or wire end off connection grid
    ; warning
    @(781.05 mm, 217.805 mm): Vertical Wire, length 0.635 mm
[endpoint_off_grid]: Symbol pin or wire end off connection grid
    ; warning
    @(781.05 mm, 217.805 mm): Vertical Wire, length 8.255 mm
[endpoint_off_grid]: Symbol pin or wire end off connection grid
    ; warning
    @(781.05 mm, 218.44 mm): Vertical Wire, length 0.635 mm
[footprint_link_issues]: The current configuration does not include the footprint library 'Capacitor_SMD'
    ; warning
    @(781.05 mm, 222.25 mm): Symbol C_ADC_CM7P [SYM_C_ADC_CM7P]
[lib_symbol_issues]: The current configuration does not include the symbol library 'elt'
    ; warning
    @(781.05 mm, 222.25 mm): Symbol C_ADC_CM7P [SYM_C_ADC_CM7P]
[lib_symbol_issues]: The current configuration does not include the symbol library 'elt'
    ; warning
    @(781.05 mm, 226.06 mm): Symbol #PWR156 [GND]
[endpoint_off_grid]: Symbol pin or wire end off connection grid
    ; warning
    @(781.05 mm, 302.895 mm): Vertical Wire, length 4.445 mm
[endpoint_off_grid]: Symbol pin or wire end off connection grid
    ; warning
    @(781.05 mm, 303.53 mm): Vertical Wire, length 0.635 mm
[footprint_link_issues]: The current configuration does not include the footprint library 'Capacitor_SMD'
    ; warning
    @(781.05 mm, 307.34 mm): Symbol C_ADC_CM7N [SYM_C_ADC_CM7N]
[lib_symbol_issues]: The current configuration does not include the symbol library 'elt'
    ; warning
    @(781.05 mm, 307.34 mm): Symbol C_ADC_CM7N [SYM_C_ADC_CM7N]
[lib_symbol_issues]: The current configuration does not include the symbol library 'elt'
    ; warning
    @(781.05 mm, 311.15 mm): Symbol #PWR157 [GND]
[endpoint_off_grid]: Symbol pin or wire end off connection grid
    ; warning
    @(781.05 mm, 390.525 mm): Horizontal Wire, length 6.985 mm
[endpoint_off_grid]: Symbol pin or wire end off connection grid
    ; warning
    @(781.05 mm, 395.605 mm): Vertical Wire, length 2.54 mm
[endpoint_off_grid]: Symbol pin or wire end off connection grid
    ; warning
    @(781.05 mm, 398.145 mm): Vertical Wire, length 1.27 mm
[endpoint_off_grid]: Symbol pin or wire end off connection grid
    ; warning
    @(781.05 mm, 398.145 mm): Vertical Wire, length 7.62 mm
[endpoint_off_grid]: Symbol pin or wire end off connection grid
    ; warning
    @(781.05 mm, 399.415 mm): Symbol C_ADC_CM8P Pin 1 [Passive, Line]
[endpoint_off_grid]: Symbol pin or wire end off connection grid
    ; warning
    @(781.05 mm, 399.415 mm): Vertical Wire, length 1.27 mm
[footprint_link_issues]: The current configuration does not include the footprint library 'Capacitor_SMD'
    ; warning
    @(781.05 mm, 403.225 mm): Symbol C_ADC_CM8P [SYM_C_ADC_CM8P]
[lib_symbol_issues]: The current configuration does not include the symbol library 'elt'
    ; warning
    @(781.05 mm, 403.225 mm): Symbol C_ADC_CM8P [SYM_C_ADC_CM8P]
[endpoint_off_grid]: Symbol pin or wire end off connection grid
    ; warning
    @(781.05 mm, 407.035 mm): Symbol #PWR168 Hidden pin 1 [GND, Power input, Line]
[lib_symbol_issues]: The current configuration does not include the symbol library 'elt'
    ; warning
    @(781.05 mm, 407.035 mm): Symbol #PWR168 [GND]
[endpoint_off_grid]: Symbol pin or wire end off connection grid
    ; warning
    @(781.05 mm, 479.425 mm): Horizontal Wire, length 6.985 mm
[endpoint_off_grid]: Symbol pin or wire end off connection grid
    ; warning
    @(781.05 mm, 483.235 mm): Vertical Wire, length 3.81 mm
[endpoint_off_grid]: Symbol pin or wire end off connection grid
    ; warning
    @(781.05 mm, 484.505 mm): Symbol C_ADC_CM8N Pin 1 [Passive, Line]
[endpoint_off_grid]: Symbol pin or wire end off connection grid
    ; warning
    @(781.05 mm, 484.505 mm): Vertical Wire, length 1.27 mm
[footprint_link_issues]: The current configuration does not include the footprint library 'Capacitor_SMD'
    ; warning
    @(781.05 mm, 488.315 mm): Symbol C_ADC_CM8N [SYM_C_ADC_CM8N]
[lib_symbol_issues]: The current configuration does not include the symbol library 'elt'
    ; warning
    @(781.05 mm, 488.315 mm): Symbol C_ADC_CM8N [SYM_C_ADC_CM8N]
[endpoint_off_grid]: Symbol pin or wire end off connection grid
    ; warning
    @(781.05 mm, 492.125 mm): Symbol #PWR169 Hidden pin 1 [GND, Power input, Line]
[lib_symbol_issues]: The current configuration does not include the symbol library 'elt'
    ; warning
    @(781.05 mm, 492.125 mm): Symbol #PWR169 [GND]
[endpoint_off_grid]: Symbol pin or wire end off connection grid
    ; warning
    @(783.59 mm, 1030.605 mm): Vertical Wire, length 55.245 mm
[endpoint_off_grid]: Symbol pin or wire end off connection grid
    ; warning
    @(786.13 mm, 1873.25 mm): Horizontal Wire, length 0.635 mm
[endpoint_off_grid]: Symbol pin or wire end off connection grid
    ; warning
    @(786.13 mm, 1030.605 mm): Horizontal Wire, length 2.54 mm
[endpoint_off_grid]: Symbol pin or wire end off connection grid
    ; warning
    @(786.13 mm, 1030.605 mm): Symbol U_ADC_READY Pin 1 [OE_N, Passive, Line]
[endpoint_off_grid]: Symbol pin or wire end off connection grid
    ; warning
    @(786.13 mm, 1875.155 mm): Vertical Wire, length 1.905 mm
[endpoint_off_grid]: Symbol pin or wire end off connection grid
    ; warning
    @(786.13 mm, 2190.115 mm): Vertical Wire, length 2.54 mm
[endpoint_off_grid]: Symbol pin or wire end off connection grid
    ; warning
    @(786.13 mm, 2192.655 mm): Horizontal Wire, length 12.065 mm
[footprint_link_issues]: The current configuration does not include the footprint library 'crow_usb_digital'
    ; warning
    @(787.40 mm, 2032.635 mm): Symbol U_XU [SYM_U_XU]
[lib_symbol_issues]: The current configuration does not include the symbol library 'elt'
    ; warning
    @(787.40 mm, 2032.635 mm): Symbol U_XU [SYM_U_XU]
[footprint_link_issues]: The current configuration does not include the footprint library 'Inductor_SMD'
    ; warning
    @(789.305 mm, 2436.495 mm): Symbol FB_PLL [SYM_FB_PLL]
[lib_symbol_issues]: The current configuration does not include the symbol library 'elt'
    ; warning
    @(789.305 mm, 2436.495 mm): Symbol FB_PLL [SYM_FB_PLL]
[endpoint_off_grid]: Symbol pin or wire end off connection grid
    ; warning
    @(798.83 mm, 1285.24 mm): Horizontal Wire, length 5.715 mm
[endpoint_off_grid]: Symbol pin or wire end off connection grid
    ; warning
    @(798.195 mm, 1339.85 mm): Horizontal Wire, length 1.27 mm
[endpoint_off_grid]: Symbol pin or wire end off connection grid
    ; warning
    @(798.83 mm, 1339.85 mm): Horizontal Wire, length 0.635 mm
[footprint_link_issues]: The current configuration does not include the footprint library 'Resistor_SMD'
    ; warning
    @(798.83 mm, 1280.16 mm): Symbol R_RST_T [SYM_R_RST_T]
[lib_symbol_issues]: The current configuration does not include the symbol library 'elt'
    ; warning
    @(798.83 mm, 1280.16 mm): Symbol R_RST_T [SYM_R_RST_T]
[footprint_link_issues]: The current configuration does not include the footprint library 'Capacitor_SMD'
    ; warning
    @(798.83 mm, 1318.26 mm): Symbol C_RST_T [SYM_C_RST_T]
[lib_symbol_issues]: The current configuration does not include the symbol library 'elt'
    ; warning
    @(798.83 mm, 1318.26 mm): Symbol C_RST_T [SYM_C_RST_T]
[footprint_link_issues]: The current configuration does not include the footprint library 'Resistor_SMD'
    ; warning
    @(798.83 mm, 1356.36 mm): Symbol R_RESET_GPD [SYM_R_RESET_GPD]
[lib_symbol_issues]: The current configuration does not include the symbol library 'elt'
    ; warning
    @(798.83 mm, 1356.36 mm): Symbol R_RESET_GPD [SYM_R_RESET_GPD]
[lib_symbol_issues]: The current configuration does not include the symbol library 'elt'
    ; warning
    @(798.83 mm, 1360.17 mm): Symbol #PWR287 [GND]
[endpoint_off_grid]: Symbol pin or wire end off connection grid
    ; warning
    @(800.10 mm, 1339.85 mm): Horizontal Wire, length 0.635 mm
[endpoint_off_grid]: Symbol pin or wire end off connection grid
    ; warning
    @(799.465 mm, 1339.85 mm): Horizontal Wire, length 0.635 mm
[endpoint_off_grid]: Symbol pin or wire end off connection grid
    ; warning
    @(804.545 mm, 699.77 mm): Vertical Wire, length 2.54 mm
[endpoint_off_grid]: Symbol pin or wire end off connection grid
    ; warning
    @(804.545 mm, 702.31 mm): Vertical Wire, length 0.635 mm
[endpoint_off_grid]: Symbol pin or wire end off connection grid
    ; warning
    @(804.545 mm, 702.945 mm): Symbol C_ADC_B_AVDD_100N Pin 1 [Passive, Line]
[footprint_link_issues]: The current configuration does not include the footprint library 'Capacitor_SMD'
    ; warning
    @(804.545 mm, 706.755 mm): Symbol C_ADC_B_AVDD_100N [SYM_C_ADC_B_AVDD_100N]
[lib_symbol_issues]: The current configuration does not include the symbol library 'elt'
    ; warning
    @(804.545 mm, 706.755 mm): Symbol C_ADC_B_AVDD_100N [SYM_C_ADC_B_AVDD_100N]
[endpoint_off_grid]: Symbol pin or wire end off connection grid
    ; warning
    @(804.545 mm, 710.565 mm): Symbol #PWR251 Hidden pin 1 [GND, Power input, Line]
[lib_symbol_issues]: The current configuration does not include the symbol library 'elt'
    ; warning
    @(804.545 mm, 710.565 mm): Symbol #PWR251 [GND]
[endpoint_off_grid]: Symbol pin or wire end off connection grid
    ; warning
    @(804.545 mm, 741.045 mm): Horizontal Wire, length 11.43 mm
[endpoint_off_grid]: Symbol pin or wire end off connection grid
    ; warning
    @(804.545 mm, 741.045 mm): Symbol C_ADC_B_AREG_100N Pin 1 [Passive, Line]
[footprint_link_issues]: The current configuration does not include the footprint library 'Capacitor_SMD'
    ; warning
    @(804.545 mm, 744.855 mm): Symbol C_ADC_B_AREG_100N [SYM_C_ADC_B_AREG_100N]
[lib_symbol_issues]: The current configuration does not include the symbol library 'elt'
    ; warning
    @(804.545 mm, 744.855 mm): Symbol C_ADC_B_AREG_100N [SYM_C_ADC_B_AREG_100N]
[endpoint_off_grid]: Symbol pin or wire end off connection grid
    ; warning
    @(804.545 mm, 748.665 mm): Symbol #PWR255 Hidden pin 1 [GND, Power input, Line]
[lib_symbol_issues]: The current configuration does not include the symbol library 'elt'
    ; warning
    @(804.545 mm, 748.665 mm): Symbol #PWR255 [GND]
[endpoint_off_grid]: Symbol pin or wire end off connection grid
    ; warning
    @(804.545 mm, 775.97 mm): Vertical Wire, length 2.54 mm
[endpoint_off_grid]: Symbol pin or wire end off connection grid
    ; warning
    @(804.545 mm, 778.51 mm): Vertical Wire, length 0.635 mm
[endpoint_off_grid]: Symbol pin or wire end off connection grid
    ; warning
    @(804.545 mm, 779.145 mm): Symbol C_ADC_B_DREG_100N Pin 1 [Passive, Line]
[footprint_link_issues]: The current configuration does not include the footprint library 'Capacitor_SMD'
    ; warning
    @(804.545 mm, 782.955 mm): Symbol C_ADC_B_DREG_100N [SYM_C_ADC_B_DREG_100N]
[lib_symbol_issues]: The current configuration does not include the symbol library 'elt'
    ; warning
    @(804.545 mm, 782.955 mm): Symbol C_ADC_B_DREG_100N [SYM_C_ADC_B_DREG_100N]
[endpoint_off_grid]: Symbol pin or wire end off connection grid
    ; warning
    @(804.545 mm, 786.765 mm): Symbol #PWR259 Hidden pin 1 [GND, Power input, Line]
[lib_symbol_issues]: The current configuration does not include the symbol library 'elt'
    ; warning
    @(804.545 mm, 786.765 mm): Symbol #PWR259 [GND]
[endpoint_off_grid]: Symbol pin or wire end off connection grid
    ; warning
    @(808.99 mm, 2290.445 mm): Vertical Wire, length 1.27 mm
[endpoint_off_grid]: Symbol pin or wire end off connection grid
    ; warning
    @(808.99 mm, 2353.945 mm): Vertical Wire, length 1.27 mm
[endpoint_off_grid]: Symbol pin or wire end off connection grid
    ; warning
    @(811.53 mm, 2192.02 mm): Horizontal Wire, length 0.635 mm
[endpoint_off_grid]: Symbol pin or wire end off connection grid
    ; warning
    @(811.53 mm, 2190.115 mm): Vertical Wire, length 1.905 mm
[endpoint_off_grid]: Symbol pin or wire end off connection grid
    ; warning
    @(813.435 mm, 947.42 mm): Horizontal Wire, length 50.80 mm
[endpoint_off_grid]: Symbol pin or wire end off connection grid
    ; warning
    @(813.435 mm, 948.69 mm): Vertical Wire, length 1.27 mm
[footprint_link_issues]: The current configuration does not include the footprint library 'crow_usb_digital'
    ; warning
    @(813.435 mm, 972.82 mm): Symbol U_ADC_DIGITAL_BAD [SYM_U_ADC_DIGITAL_BAD]
[lib_symbol_issues]: The current configuration does not include the symbol library 'elt'
    ; warning
    @(813.435 mm, 972.82 mm): Symbol U_ADC_DIGITAL_BAD [SYM_U_ADC_DIGITAL_BAD]
[endpoint_off_grid]: Symbol pin or wire end off connection grid
    ; warning
    @(813.435 mm, 996.95 mm): Symbol U_ADC_DIGITAL_BAD Pin 3 [GND, Passive, Line]
[endpoint_off_grid]: Symbol pin or wire end off connection grid
    ; warning
    @(813.435 mm, 996.95 mm): Symbol #PWR270 Hidden pin 1 [GND, Power input, Line]
[lib_symbol_issues]: The current configuration does not include the symbol library 'elt'
    ; warning
    @(813.435 mm, 996.95 mm): Symbol #PWR270 [GND]
[endpoint_off_grid]: Symbol pin or wire end off connection grid
    ; warning
    @(813.435 mm, 1009.65 mm): Horizontal Wire, length 50.80 mm
[endpoint_off_grid]: Symbol pin or wire end off connection grid
    ; warning
    @(813.435 mm, 1010.92 mm): Horizontal Wire, length 1.27 mm
[endpoint_off_grid]: Symbol pin or wire end off connection grid
    ; warning
    @(813.435 mm, 1012.19 mm): Vertical Wire, length 2.54 mm
[footprint_link_issues]: The current configuration does not include the footprint library 'crow_usb_digital'
    ; warning
    @(813.435 mm, 1036.32 mm): Symbol U_ADC_READY [SYM_U_ADC_READY]
[lib_symbol_issues]: The current configuration does not include the symbol library 'elt'
    ; warning
    @(813.435 mm, 1036.32 mm): Symbol U_ADC_READY [SYM_U_ADC_READY]
[endpoint_off_grid]: Symbol pin or wire end off connection grid
    ; warning
    @(813.435 mm, 1060.45 mm): Symbol #PWR267 Hidden pin 1 [GND, Power input, Line]
[lib_symbol_issues]: The current configuration does not include the symbol library 'elt'
    ; warning
    @(813.435 mm, 1060.45 mm): Symbol #PWR267 [GND]
[endpoint_off_grid]: Symbol pin or wire end off connection grid
    ; warning
    @(813.435 mm, 1125.22 mm): Horizontal Wire, length 27.305 mm
[endpoint_off_grid]: Symbol pin or wire end off connection grid
    ; warning
    @(813.435 mm, 1126.49 mm): Vertical Wire, length 1.27 mm
[footprint_link_issues]: The current configuration does not include the footprint library 'crow_usb_digital'
    ; warning
    @(813.435 mm, 1150.62 mm): Symbol U_ADC_PWR_BAD [SYM_U_ADC_PWR_BAD]
[lib_symbol_issues]: The current configuration does not include the symbol library 'elt'
    ; warning
    @(813.435 mm, 1150.62 mm): Symbol U_ADC_PWR_BAD [SYM_U_ADC_PWR_BAD]
[endpoint_off_grid]: Symbol pin or wire end off connection grid
    ; warning
    @(813.435 mm, 1174.75 mm): Symbol U_ADC_PWR_BAD Pin 3 [GND, Passive, Line]
[endpoint_off_grid]: Symbol pin or wire end off connection grid
    ; warning
    @(813.435 mm, 1174.75 mm): Symbol #PWR273 Hidden pin 1 [GND, Power input, Line]
[lib_symbol_issues]: The current configuration does not include the symbol library 'elt'
    ; warning
    @(813.435 mm, 1174.75 mm): Symbol #PWR273 [GND]
[endpoint_off_grid]: Symbol pin or wire end off connection grid
    ; warning
    @(814.705 mm, 2225.675 mm): Horizontal Wire, length 50.80 mm
[endpoint_off_grid]: Symbol pin or wire end off connection grid
    ; warning
    @(814.705 mm, 2228.215 mm): Vertical Wire, length 2.54 mm
[endpoint_off_grid]: Symbol pin or wire end off connection grid
    ; warning
    @(814.705 mm, 2229.485 mm): Symbol C_XU_VDD_50 Pin 1 [Passive, Line]
[endpoint_off_grid]: Symbol pin or wire end off connection grid
    ; warning
    @(814.705 mm, 2229.485 mm): Vertical Wire, length 1.27 mm
[footprint_link_issues]: The current configuration does not include the footprint library 'Capacitor_SMD'
    ; warning
    @(814.705 mm, 2233.295 mm): Symbol C_XU_VDD_50 [SYM_C_XU_VDD_50]
[lib_symbol_issues]: The current configuration does not include the symbol library 'elt'
    ; warning
    @(814.705 mm, 2233.295 mm): Symbol C_XU_VDD_50 [SYM_C_XU_VDD_50]
[endpoint_off_grid]: Symbol pin or wire end off connection grid
    ; warning
    @(814.705 mm, 2237.105 mm): Symbol #PWR330 Hidden pin 1 [GND, Power input, Line]
[lib_symbol_issues]: The current configuration does not include the symbol library 'elt'
    ; warning
    @(814.705 mm, 2237.105 mm): Symbol #PWR330 [GND]
[endpoint_off_grid]: Symbol pin or wire end off connection grid
    ; warning
    @(814.705 mm, 2290.445 mm): Horizontal Wire, length 5.715 mm
[endpoint_off_grid]: Symbol pin or wire end off connection grid
    ; warning
    @(814.705 mm, 2291.715 mm): Vertical Wire, length 1.27 mm
[endpoint_off_grid]: Symbol pin or wire end off connection grid
    ; warning
    @(814.705 mm, 2292.985 mm): Vertical Wire, length 1.27 mm
[endpoint_off_grid]: Symbol pin or wire end off connection grid
    ; warning
    @(814.705 mm, 2292.985 mm): Symbol C_XU_VDD_113 Pin 1 [Passive, Line]
[footprint_link_issues]: The current configuration does not include the footprint library 'Capacitor_SMD'
    ; warning
    @(814.705 mm, 2296.795 mm): Symbol C_XU_VDD_113 [SYM_C_XU_VDD_113]
[lib_symbol_issues]: The current configuration does not include the symbol library 'elt'
    ; warning
    @(814.705 mm, 2296.795 mm): Symbol C_XU_VDD_113 [SYM_C_XU_VDD_113]
[endpoint_off_grid]: Symbol pin or wire end off connection grid
    ; warning
    @(814.705 mm, 2300.605 mm): Symbol #PWR338 Hidden pin 1 [GND, Power input, Line]
[lib_symbol_issues]: The current configuration does not include the symbol library 'elt'
    ; warning
    @(814.705 mm, 2300.605 mm): Symbol #PWR338 [GND]
[endpoint_off_grid]: Symbol pin or wire end off connection grid
    ; warning
    @(814.705 mm, 2353.945 mm): Horizontal Wire, length 5.715 mm
[endpoint_off_grid]: Symbol pin or wire end off connection grid
    ; warning
    @(814.705 mm, 2355.215 mm): Vertical Wire, length 1.27 mm
[endpoint_off_grid]: Symbol pin or wire end off connection grid
    ; warning
    @(814.705 mm, 2356.485 mm): Symbol C_XU_VDDIO_121 Pin 1 [Passive, Line]
[endpoint_off_grid]: Symbol pin or wire end off connection grid
    ; warning
    @(814.705 mm, 2356.485 mm): Vertical Wire, length 1.27 mm
[footprint_link_issues]: The current configuration does not include the footprint library 'Capacitor_SMD'
    ; warning
    @(814.705 mm, 2360.295 mm): Symbol C_XU_VDDIO_121 [SYM_C_XU_VDDIO_121]
[lib_symbol_issues]: The current configuration does not include the symbol library 'elt'
    ; warning
    @(814.705 mm, 2360.295 mm): Symbol C_XU_VDDIO_121 [SYM_C_XU_VDDIO_121]
[endpoint_off_grid]: Symbol pin or wire end off connection grid
    ; warning
    @(814.705 mm, 2364.105 mm): Symbol #PWR346 Hidden pin 1 [GND, Power input, Line]
[lib_symbol_issues]: The current configuration does not include the symbol library 'elt'
    ; warning
    @(814.705 mm, 2364.105 mm): Symbol #PWR346 [GND]
[endpoint_off_grid]: Symbol pin or wire end off connection grid
    ; warning
    @(824.23 mm, 2192.02 mm): Horizontal Wire, length 0.635 mm
[endpoint_off_grid]: Symbol pin or wire end off connection grid
    ; warning
    @(824.23 mm, 2190.115 mm): Vertical Wire, length 1.905 mm
[endpoint_off_grid]: Symbol pin or wire end off connection grid
    ; warning
    @(824.865 mm, 574.675 mm): Symbol U_ADC_B Pin 1 [AVDD, Passive, Line]
[endpoint_off_grid]: Symbol pin or wire end off connection grid
    ; warning
    @(824.865 mm, 574.675 mm): Horizontal Wire, length 1.27 mm
[endpoint_off_grid]: Symbol pin or wire end off connection grid
    ; warning
    @(827.405 mm, 574.675 mm): Vertical Wire, length 2.54 mm
[endpoint_off_grid]: Symbol pin or wire end off connection grid
    ; warning
    @(828.675 mm, 661.035 mm): Symbol #PWR247 Hidden pin 1 [GND, Power input, Line]
[lib_symbol_issues]: The current configuration does not include the symbol library 'elt'
    ; warning
    @(828.675 mm, 661.035 mm): Symbol #PWR247 [GND]
[endpoint_off_grid]: Symbol pin or wire end off connection grid
    ; warning
    @(829.945 mm, 574.675 mm): Vertical Wire, length 2.54 mm
[footprint_link_issues]: The current configuration does not include the footprint library 'crow_usb_analog'
    ; warning
    @(829.945 mm, 617.855 mm): Symbol U_ADC_B [SYM_U_ADC_B]
[lib_symbol_issues]: The current configuration does not include the symbol library 'elt'
    ; warning
    @(829.945 mm, 617.855 mm): Symbol U_ADC_B [SYM_U_ADC_B]
[endpoint_off_grid]: Symbol pin or wire end off connection grid
    ; warning
    @(831.215 mm, 661.035 mm): Symbol #PWR249 Hidden pin 1 [GND, Power input, Line]
[lib_symbol_issues]: The current configuration does not include the symbol library 'elt'
    ; warning
    @(831.215 mm, 661.035 mm): Symbol #PWR249 [GND]
[endpoint_off_grid]: Symbol pin or wire end off connection grid
    ; warning
    @(832.485 mm, 574.675 mm): Vertical Wire, length 2.54 mm
[endpoint_off_grid]: Symbol pin or wire end off connection grid
    ; warning
    @(835.025 mm, 574.675 mm): Horizontal Wire, length 1.27 mm
[endpoint_off_grid]: Symbol pin or wire end off connection grid
    ; warning
    @(836.93 mm, 2190.115 mm): Symbol #PWR322 Hidden pin 1 [GND, Power input, Line]
[lib_symbol_issues]: The current configuration does not include the symbol library 'elt'
    ; warning
    @(836.93 mm, 2190.115 mm): Symbol #PWR322 [GND]
[endpoint_off_grid]: Symbol pin or wire end off connection grid
    ; warning
    @(840.105 mm, 2428.875 mm): Horizontal Wire, length 50.80 mm
[endpoint_off_grid]: Symbol pin or wire end off connection grid
    ; warning
    @(840.105 mm, 2431.415 mm): Vertical Wire, length 2.54 mm
[endpoint_off_grid]: Symbol pin or wire end off connection grid
    ; warning
    @(840.105 mm, 2432.685 mm): Symbol C_PLL_1U Pin 1 [Passive, Line]
[endpoint_off_grid]: Symbol pin or wire end off connection grid
    ; warning
    @(840.105 mm, 2432.685 mm): Vertical Wire, length 1.27 mm
[footprint_link_issues]: The current configuration does not include the footprint library 'Capacitor_SMD'
    ; warning
    @(840.105 mm, 2436.495 mm): Symbol C_PLL_1U [SYM_C_PLL_1U]
[lib_symbol_issues]: The current configuration does not include the symbol library 'elt'
    ; warning
    @(840.105 mm, 2436.495 mm): Symbol C_PLL_1U [SYM_C_PLL_1U]
[endpoint_off_grid]: Symbol pin or wire end off connection grid
    ; warning
    @(840.105 mm, 2440.305 mm): Symbol #PWR349 Hidden pin 1 [GND, Power input, Line]
[lib_symbol_issues]: The current configuration does not include the symbol library 'elt'
    ; warning
    @(840.105 mm, 2440.305 mm): Symbol #PWR349 [GND]
[endpoint_off_grid]: Symbol pin or wire end off connection grid
    ; warning
    @(842.645 mm, 699.77 mm): Horizontal Wire, length 0.635 mm
[endpoint_off_grid]: Symbol pin or wire end off connection grid
    ; warning
    @(842.645 mm, 702.31 mm): Vertical Wire, length 2.54 mm
[endpoint_off_grid]: Symbol pin or wire end off connection grid
    ; warning
    @(842.645 mm, 702.945 mm): Vertical Wire, length 0.635 mm
[endpoint_off_grid]: Symbol pin or wire end off connection grid
    ; warning
    @(842.645 mm, 702.945 mm): Symbol C_ADC_B_IOVDD_10U Pin 1 [Passive, Line]
[footprint_link_issues]: The current configuration does not include the footprint library 'Capacitor_SMD'
    ; warning
    @(842.645 mm, 706.755 mm): Symbol C_ADC_B_IOVDD_10U [SYM_C_ADC_B_IOVDD_10U]
[lib_symbol_issues]: The current configuration does not include the symbol library 'elt'
    ; warning
    @(842.645 mm, 706.755 mm): Symbol C_ADC_B_IOVDD_10U [SYM_C_ADC_B_IOVDD_10U]
[endpoint_off_grid]: Symbol pin or wire end off connection grid
    ; warning
    @(842.645 mm, 710.565 mm): Symbol #PWR252 Hidden pin 1 [GND, Power input, Line]
[lib_symbol_issues]: The current configuration does not include the symbol library 'elt'
    ; warning
    @(842.645 mm, 710.565 mm): Symbol #PWR252 [GND]
[endpoint_off_grid]: Symbol pin or wire end off connection grid
    ; warning
    @(842.645 mm, 741.045 mm): Symbol C_ADC_B_VREF_10U Pin 1 [Passive, Line]
[endpoint_off_grid]: Symbol pin or wire end off connection grid
    ; warning
    @(842.645 mm, 741.045 mm): Horizontal Wire, length 11.43 mm
[footprint_link_issues]: The current configuration does not include the footprint library 'Capacitor_SMD'
    ; warning
    @(842.645 mm, 744.855 mm): Symbol C_ADC_B_VREF_10U [SYM_C_ADC_B_VREF_10U]
[lib_symbol_issues]: The current configuration does not include the symbol library 'elt'
    ; warning
    @(842.645 mm, 744.855 mm): Symbol C_ADC_B_VREF_10U [SYM_C_ADC_B_VREF_10U]
[endpoint_off_grid]: Symbol pin or wire end off connection grid
    ; warning
    @(842.645 mm, 748.665 mm): Symbol #PWR256 Hidden pin 1 [GND, Power input, Line]
[lib_symbol_issues]: The current configuration does not include the symbol library 'elt'
    ; warning
    @(842.645 mm, 748.665 mm): Symbol #PWR256 [GND]
[endpoint_off_grid]: Symbol pin or wire end off connection grid
    ; warning
    @(862.33 mm, 1262.38 mm): Horizontal Wire, length 5.715 mm
[endpoint_off_grid]: Symbol pin or wire end off connection grid
    ; warning
    @(856.615 mm, 1262.38 mm): Vertical Wire, length 1.27 mm
[endpoint_off_grid]: Symbol pin or wire end off connection grid
    ; warning
    @(862.33 mm, 1272.54 mm): Horizontal Wire, length 5.715 mm
[endpoint_off_grid]: Symbol pin or wire end off connection grid
    ; warning
    @(859.79 mm, 2290.445 mm): Vertical Wire, length 1.27 mm
[endpoint_off_grid]: Symbol pin or wire end off connection grid
    ; warning
    @(861.695 mm, 1125.22 mm): Horizontal Wire, length 53.34 mm
[endpoint_off_grid]: Symbol pin or wire end off connection grid
    ; warning
    @(861.695 mm, 1136.015 mm): Horizontal Wire, length 1.27 mm
[endpoint_off_grid]: Symbol pin or wire end off connection grid
    ; warning
    @(849.63 mm, 1137.92 mm): Horizontal Wire, length 12.065 mm
[endpoint_off_grid]: Symbol pin or wire end off connection grid
    ; warning
    @(861.695 mm, 1137.92 mm): Vertical Wire, length 12.70 mm
[endpoint_off_grid]: Symbol pin or wire end off connection grid
    ; warning
    @(862.33 mm, 2192.02 mm): Horizontal Wire, length 0.635 mm
[footprint_link_issues]: The current configuration does not include the footprint library 'Resistor_SMD'
    ; warning
    @(862.33 mm, 1267.46 mm): Symbol R_RESET_PU [SYM_R_RESET_PU]
[lib_symbol_issues]: The current configuration does not include the symbol library 'elt'
    ; warning
    @(862.33 mm, 1267.46 mm): Symbol R_RESET_PU [SYM_R_RESET_PU]
[footprint_link_issues]: The current configuration does not include the footprint library 'crow_usb_analog'
    ; warning
    @(862.33 mm, 1305.56 mm): Symbol Q_RST1 [SYM_Q_RST1]
[lib_symbol_issues]: The current configuration does not include the symbol library 'elt'
    ; warning
    @(862.33 mm, 1305.56 mm): Symbol Q_RST1 [SYM_Q_RST1]
[lib_symbol_issues]: The current configuration does not include the symbol library 'elt'
    ; warning
    @(862.33 mm, 1313.18 mm): Symbol #PWR286 [GND]
[endpoint_off_grid]: Symbol pin or wire end off connection grid
    ; warning
    @(862.33 mm, 2190.115 mm): Vertical Wire, length 1.905 mm
[endpoint_off_grid]: Symbol pin or wire end off connection grid
    ; warning
    @(864.235 mm, 947.42 mm): Vertical Wire, length 8.255 mm
[endpoint_off_grid]: Symbol pin or wire end off connection grid
    ; warning
    @(864.235 mm, 948.69 mm): Horizontal Wire, length 1.27 mm
[endpoint_off_grid]: Symbol pin or wire end off connection grid
    ; warning
    @(864.235 mm, 955.675 mm): Vertical Wire, length 0.635 mm
[endpoint_off_grid]: Symbol pin or wire end off connection grid
    ; warning
    @(864.235 mm, 956.31 mm): Symbol C_ADC_DIGITAL_BAD Pin 1 [Passive, Line]
[footprint_link_issues]: The current configuration does not include the footprint library 'Capacitor_SMD'
    ; warning
    @(864.235 mm, 960.12 mm): Symbol C_ADC_DIGITAL_BAD [SYM_C_ADC_DIGITAL_BAD]
[lib_symbol_issues]: The current configuration does not include the symbol library 'elt'
    ; warning
    @(864.235 mm, 960.12 mm): Symbol C_ADC_DIGITAL_BAD [SYM_C_ADC_DIGITAL_BAD]
[endpoint_off_grid]: Symbol pin or wire end off connection grid
    ; warning
    @(864.235 mm, 963.93 mm): Symbol #PWR271 Hidden pin 1 [GND, Power input, Line]
[lib_symbol_issues]: The current configuration does not include the symbol library 'elt'
    ; warning
    @(864.235 mm, 963.93 mm): Symbol #PWR271 [GND]
[endpoint_off_grid]: Symbol pin or wire end off connection grid
    ; warning
    @(864.235 mm, 1009.65 mm): Vertical Wire, length 9.525 mm
[endpoint_off_grid]: Symbol pin or wire end off connection grid
    ; warning
    @(864.235 mm, 1019.175 mm): Vertical Wire, length 0.635 mm
[endpoint_off_grid]: Symbol pin or wire end off connection grid
    ; warning
    @(864.235 mm, 1019.81 mm): Symbol C_ADC_READY Pin 1 [Passive, Line]
[footprint_link_issues]: The current configuration does not include the footprint library 'Capacitor_SMD'
    ; warning
    @(864.235 mm, 1023.62 mm): Symbol C_ADC_READY [SYM_C_ADC_READY]
[lib_symbol_issues]: The current configuration does not include the symbol library 'elt'
    ; warning
    @(864.235 mm, 1023.62 mm): Symbol C_ADC_READY [SYM_C_ADC_READY]
[endpoint_off_grid]: Symbol pin or wire end off connection grid
    ; warning
    @(864.235 mm, 1027.43 mm): Symbol #PWR268 Hidden pin 1 [GND, Power input, Line]
[lib_symbol_issues]: The current configuration does not include the symbol library 'elt'
    ; warning
    @(864.235 mm, 1027.43 mm): Symbol #PWR268 [GND]
[endpoint_off_grid]: Symbol pin or wire end off connection grid
    ; warning
    @(864.235 mm, 1146.81 mm): Symbol C_ADC_PWR_BAD Pin 1 [Passive, Line]
[endpoint_off_grid]: Symbol pin or wire end off connection grid
    ; warning
    @(864.235 mm, 1146.81 mm): Horizontal Wire, length 10.16 mm
[footprint_link_issues]: The current configuration does not include the footprint library 'Capacitor_SMD'
    ; warning
    @(864.235 mm, 1150.62 mm): Symbol C_ADC_PWR_BAD [SYM_C_ADC_PWR_BAD]
[lib_symbol_issues]: The current configuration does not include the symbol library 'elt'
    ; warning
    @(864.235 mm, 1150.62 mm): Symbol C_ADC_PWR_BAD [SYM_C_ADC_PWR_BAD]
[endpoint_off_grid]: Symbol pin or wire end off connection grid
    ; warning
    @(864.235 mm, 1154.43 mm): Symbol #PWR274 Hidden pin 1 [GND, Power input, Line]
[lib_symbol_issues]: The current configuration does not include the symbol library 'elt'
    ; warning
    @(864.235 mm, 1154.43 mm): Symbol #PWR274 [GND]
[endpoint_off_grid]: Symbol pin or wire end off connection grid
    ; warning
    @(865.505 mm, 2225.675 mm): Vertical Wire, length 2.54 mm
[endpoint_off_grid]: Symbol pin or wire end off connection grid
    ; warning
    @(865.505 mm, 2228.215 mm): Vertical Wire, length 1.27 mm
[endpoint_off_grid]: Symbol pin or wire end off connection grid
    ; warning
    @(865.505 mm, 2229.485 mm): Symbol C_XU_VDD_54 Pin 1 [Passive, Line]
[footprint_link_issues]: The current configuration does not include the footprint library 'Capacitor_SMD'
    ; warning
    @(865.505 mm, 2233.295 mm): Symbol C_XU_VDD_54 [SYM_C_XU_VDD_54]
[lib_symbol_issues]: The current configuration does not include the symbol library 'elt'
    ; warning
    @(865.505 mm, 2233.295 mm): Symbol C_XU_VDD_54 [SYM_C_XU_VDD_54]
[endpoint_off_grid]: Symbol pin or wire end off connection grid
    ; warning
    @(865.505 mm, 2237.105 mm): Symbol #PWR331 Hidden pin 1 [GND, Power input, Line]
[lib_symbol_issues]: The current configuration does not include the symbol library 'elt'
    ; warning
    @(865.505 mm, 2237.105 mm): Symbol #PWR331 [GND]
[endpoint_off_grid]: Symbol pin or wire end off connection grid
    ; warning
    @(865.505 mm, 2290.445 mm): Horizontal Wire, length 5.715 mm
[endpoint_off_grid]: Symbol pin or wire end off connection grid
    ; warning
    @(865.505 mm, 2291.715 mm): Vertical Wire, length 1.27 mm
[endpoint_off_grid]: Symbol pin or wire end off connection grid
    ; warning
    @(865.505 mm, 2292.985 mm): Vertical Wire, length 1.27 mm
[endpoint_off_grid]: Symbol pin or wire end off connection grid
    ; warning
    @(865.505 mm, 2292.985 mm): Symbol C_XU_VDDIO_10 Pin 1 [Passive, Line]
[footprint_link_issues]: The current configuration does not include the footprint library 'Capacitor_SMD'
    ; warning
    @(865.505 mm, 2296.795 mm): Symbol C_XU_VDDIO_10 [SYM_C_XU_VDDIO_10]
[lib_symbol_issues]: The current configuration does not include the symbol library 'elt'
    ; warning
    @(865.505 mm, 2296.795 mm): Symbol C_XU_VDDIO_10 [SYM_C_XU_VDDIO_10]
[endpoint_off_grid]: Symbol pin or wire end off connection grid
    ; warning
    @(865.505 mm, 2300.605 mm): Symbol #PWR339 Hidden pin 1 [GND, Power input, Line]
[lib_symbol_issues]: The current configuration does not include the symbol library 'elt'
    ; warning
    @(865.505 mm, 2300.605 mm): Symbol #PWR339 [GND]
[endpoint_off_grid]: Symbol pin or wire end off connection grid
    ; warning
    @(866.775 mm, 613.41 mm): Symbol #PWR248 Hidden pin 1 [GND, Power input, Line]
[lib_symbol_issues]: The current configuration does not include the symbol library 'elt'
    ; warning
    @(866.775 mm, 613.41 mm): Symbol #PWR248 [GND]
[endpoint_off_grid]: Symbol pin or wire end off connection grid
    ; warning
    @(866.775 mm, 622.30 mm): Horizontal Wire, length 13.97 mm
[endpoint_off_grid]: Symbol pin or wire end off connection grid
    ; warning
    @(875.03 mm, 2190.115 mm): Symbol #PWR319 Hidden pin 1 [GND, Power input, Line]
[lib_symbol_issues]: The current configuration does not include the symbol library 'elt'
    ; warning
    @(875.03 mm, 2190.115 mm): Symbol #PWR319 [GND]
[endpoint_off_grid]: Symbol pin or wire end off connection grid
    ; warning
    @(880.745 mm, 622.30 mm): Vertical Wire, length 80.01 mm
[endpoint_off_grid]: Symbol pin or wire end off connection grid
    ; warning
    @(880.745 mm, 702.31 mm): Vertical Wire, length 0.635 mm
[endpoint_off_grid]: Symbol pin or wire end off connection grid
    ; warning
    @(880.745 mm, 702.945 mm): Symbol C_ADC_B_IOVDD_100N Pin 1 [Passive, Line]
[footprint_link_issues]: The current configuration does not include the footprint library 'Capacitor_SMD'
    ; warning
    @(880.745 mm, 706.755 mm): Symbol C_ADC_B_IOVDD_100N [SYM_C_ADC_B_IOVDD_100N]
[lib_symbol_issues]: The current configuration does not include the symbol library 'elt'
    ; warning
    @(880.745 mm, 706.755 mm): Symbol C_ADC_B_IOVDD_100N [SYM_C_ADC_B_IOVDD_100N]
[endpoint_off_grid]: Symbol pin or wire end off connection grid
    ; warning
    @(880.745 mm, 710.565 mm): Symbol #PWR253 Hidden pin 1 [GND, Power input, Line]
[lib_symbol_issues]: The current configuration does not include the symbol library 'elt'
    ; warning
    @(880.745 mm, 710.565 mm): Symbol #PWR253 [GND]
[endpoint_off_grid]: Symbol pin or wire end off connection grid
    ; warning
    @(880.745 mm, 741.045 mm): Symbol C_ADC_B_VREF_100N Pin 1 [Passive, Line]
[endpoint_off_grid]: Symbol pin or wire end off connection grid
    ; warning
    @(880.745 mm, 741.045 mm): Horizontal Wire, length 11.43 mm
[footprint_link_issues]: The current configuration does not include the footprint library 'Capacitor_SMD'
    ; warning
    @(880.745 mm, 744.855 mm): Symbol C_ADC_B_VREF_100N [SYM_C_ADC_B_VREF_100N]
[lib_symbol_issues]: The current configuration does not include the symbol library 'elt'
    ; warning
    @(880.745 mm, 744.855 mm): Symbol C_ADC_B_VREF_100N [SYM_C_ADC_B_VREF_100N]
[endpoint_off_grid]: Symbol pin or wire end off connection grid
    ; warning
    @(880.745 mm, 748.665 mm): Symbol #PWR257 Hidden pin 1 [GND, Power input, Line]
[lib_symbol_issues]: The current configuration does not include the symbol library 'elt'
    ; warning
    @(880.745 mm, 748.665 mm): Symbol #PWR257 [GND]
[endpoint_off_grid]: Symbol pin or wire end off connection grid
    ; warning
    @(887.73 mm, 1873.25 mm): Horizontal Wire, length 0.635 mm
[endpoint_off_grid]: Symbol pin or wire end off connection grid
    ; warning
    @(887.73 mm, 1875.155 mm): Vertical Wire, length 1.905 mm
[endpoint_off_grid]: Symbol pin or wire end off connection grid
    ; warning
    @(887.73 mm, 2190.115 mm): Vertical Wire, length 3.81 mm
[endpoint_off_grid]: Symbol pin or wire end off connection grid
    ; warning
    @(887.73 mm, 2193.925 mm): Horizontal Wire, length 0.635 mm
[endpoint_off_grid]: Symbol pin or wire end off connection grid
    ; warning
    @(890.905 mm, 2428.875 mm): Vertical Wire, length 2.54 mm
[endpoint_off_grid]: Symbol pin or wire end off connection grid
    ; warning
    @(890.905 mm, 2431.415 mm): Vertical Wire, length 1.27 mm
[endpoint_off_grid]: Symbol pin or wire end off connection grid
    ; warning
    @(890.905 mm, 2432.685 mm): Symbol C_PLL_100N Pin 1 [Passive, Line]
[footprint_link_issues]: The current configuration does not include the footprint library 'Capacitor_SMD'
    ; warning
    @(890.905 mm, 2436.495 mm): Symbol C_PLL_100N [SYM_C_PLL_100N]
[lib_symbol_issues]: The current configuration does not include the symbol library 'elt'
    ; warning
    @(890.905 mm, 2436.495 mm): Symbol C_PLL_100N [SYM_C_PLL_100N]
[endpoint_off_grid]: Symbol pin or wire end off connection grid
    ; warning
    @(890.905 mm, 2440.305 mm): Symbol #PWR350 Hidden pin 1 [GND, Power input, Line]
[lib_symbol_issues]: The current configuration does not include the symbol library 'elt'
    ; warning
    @(890.905 mm, 2440.305 mm): Symbol #PWR350 [GND]
[endpoint_off_grid]: Symbol pin or wire end off connection grid
    ; warning
    @(902.335 mm, 972.82 mm): Symbol Q_ADC_DIG_RST Pin 1 [G, Passive, Line]
[footprint_link_issues]: The current configuration does not include the footprint library 'crow_usb_analog'
    ; warning
    @(915.035 mm, 972.82 mm): Symbol Q_ADC_DIG_RST [SYM_Q_ADC_DIG_RST]
[lib_symbol_issues]: The current configuration does not include the symbol library 'elt'
    ; warning
    @(915.035 mm, 972.82 mm): Symbol Q_ADC_DIG_RST [SYM_Q_ADC_DIG_RST]
[endpoint_off_grid]: Symbol pin or wire end off connection grid
    ; warning
    @(915.035 mm, 980.44 mm): Symbol #PWR272 Hidden pin 1 [GND, Power input, Line]
[lib_symbol_issues]: The current configuration does not include the symbol library 'elt'
    ; warning
    @(915.035 mm, 980.44 mm): Symbol #PWR272 [GND]
[endpoint_off_grid]: Symbol pin or wire end off connection grid
    ; warning
    @(915.035 mm, 1031.24 mm): Horizontal Wire, length 5.715 mm
[endpoint_off_grid]: Symbol pin or wire end off connection grid
    ; warning
    @(915.035 mm, 1032.51 mm): Symbol R_ADC_READY_PD Pin 1 [Passive, Line]
[endpoint_off_grid]: Symbol pin or wire end off connection grid
    ; warning
    @(915.035 mm, 1032.51 mm): Vertical Wire, length 1.27 mm
[footprint_link_issues]: The current configuration does not include the footprint library 'Resistor_SMD'
    ; warning
    @(915.035 mm, 1036.32 mm): Symbol R_ADC_READY_PD [SYM_R_ADC_READY_PD]
[lib_symbol_issues]: The current configuration does not include the symbol library 'elt'
    ; warning
    @(915.035 mm, 1036.32 mm): Symbol R_ADC_READY_PD [SYM_R_ADC_READY_PD]
[endpoint_off_grid]: Symbol pin or wire end off connection grid
    ; warning
    @(915.035 mm, 1040.13 mm): Symbol #PWR269 Hidden pin 1 [GND, Power input, Line]
[lib_symbol_issues]: The current configuration does not include the symbol library 'elt'
    ; warning
    @(915.035 mm, 1040.13 mm): Symbol #PWR269 [GND]
[endpoint_off_grid]: Symbol pin or wire end off connection grid
    ; warning
    @(915.035 mm, 1125.22 mm): Vertical Wire, length 21.59 mm
[endpoint_off_grid]: Symbol pin or wire end off connection grid
    ; warning
    @(915.035 mm, 1146.81 mm): Symbol R_ADC_PWR_BAD_PD Pin 1 [Passive, Line]
[footprint_link_issues]: The current configuration does not include the footprint library 'Resistor_SMD'
    ; warning
    @(915.035 mm, 1150.62 mm): Symbol R_ADC_PWR_BAD_PD [SYM_R_ADC_PWR_BAD_PD]
[lib_symbol_issues]: The current configuration does not include the symbol library 'elt'
    ; warning
    @(915.035 mm, 1150.62 mm): Symbol R_ADC_PWR_BAD_PD [SYM_R_ADC_PWR_BAD_PD]
[endpoint_off_grid]: Symbol pin or wire end off connection grid
    ; warning
    @(915.035 mm, 1154.43 mm): Symbol #PWR275 Hidden pin 1 [GND, Power input, Line]
[lib_symbol_issues]: The current configuration does not include the symbol library 'elt'
    ; warning
    @(915.035 mm, 1154.43 mm): Symbol #PWR275 [GND]
[endpoint_off_grid]: Symbol pin or wire end off connection grid
    ; warning
    @(938.53 mm, 2198.37 mm): Horizontal Wire, length 15.875 mm
[endpoint_off_grid]: Symbol pin or wire end off connection grid
    ; warning
    @(925.83 mm, 1872.615 mm): Vertical Wire, length 2.54 mm
[endpoint_off_grid]: Symbol pin or wire end off connection grid
    ; warning
    @(925.83 mm, 2190.115 mm): Symbol #PWR316 Hidden pin 1 [GND, Power input, Line]
[lib_symbol_issues]: The current configuration does not include the symbol library 'elt'
    ; warning
    @(925.83 mm, 2190.115 mm): Symbol #PWR316 [GND]
[endpoint_off_grid]: Symbol pin or wire end off connection grid
    ; warning
    @(938.53 mm, 2190.115 mm): Vertical Wire, length 8.255 mm
[endpoint_off_grid]: Symbol pin or wire end off connection grid
    ; warning
    @(953.135 mm, 1150.62 mm): Symbol Q_ADC_PWR_RST Pin 1 [G, Passive, Line]
[endpoint_off_grid]: Symbol pin or wire end off connection grid
    ; warning
    @(783.59 mm, 944.88 mm): Horizontal Wire, length 182.245 mm
[endpoint_off_grid]: Symbol pin or wire end off connection grid
    ; warning
    @(965.835 mm, 944.88 mm): Vertical Wire, length 24.13 mm
[endpoint_off_grid]: Symbol pin or wire end off connection grid
    ; warning
    @(965.835 mm, 969.01 mm): Symbol R_ADC_DIG_RST_PD Pin 1 [Passive, Line]
[footprint_link_issues]: The current configuration does not include the footprint library 'Resistor_SMD'
    ; warning
    @(965.835 mm, 972.82 mm): Symbol R_ADC_DIG_RST_PD [SYM_R_ADC_DIG_RST_PD]
[lib_symbol_issues]: The current configuration does not include the symbol library 'elt'
    ; warning
    @(965.835 mm, 972.82 mm): Symbol R_ADC_DIG_RST_PD [SYM_R_ADC_DIG_RST_PD]
[endpoint_off_grid]: Symbol pin or wire end off connection grid
    ; warning
    @(965.835 mm, 976.63 mm): Symbol #PWR277 Hidden pin 1 [GND, Power input, Line]
[lib_symbol_issues]: The current configuration does not include the symbol library 'elt'
    ; warning
    @(965.835 mm, 976.63 mm): Symbol #PWR277 [GND]
[footprint_link_issues]: The current configuration does not include the footprint library 'crow_usb_analog'
    ; warning
    @(965.835 mm, 1150.62 mm): Symbol Q_ADC_PWR_RST [SYM_Q_ADC_PWR_RST]
[lib_symbol_issues]: The current configuration does not include the symbol library 'elt'
    ; warning
    @(965.835 mm, 1150.62 mm): Symbol Q_ADC_PWR_RST [SYM_Q_ADC_PWR_RST]
[endpoint_off_grid]: Symbol pin or wire end off connection grid
    ; warning
    @(965.835 mm, 1158.24 mm): Symbol #PWR276 Hidden pin 1 [GND, Power input, Line]
[lib_symbol_issues]: The current configuration does not include the symbol library 'elt'
    ; warning
    @(965.835 mm, 1158.24 mm): Symbol #PWR276 [GND]
[endpoint_off_grid]: Symbol pin or wire end off connection grid
    ; warning
    @(976.63 mm, 2190.115 mm): Wire, length 12.082 mm
[endpoint_off_grid]: Symbol pin or wire end off connection grid
    ; warning
    @(988.695 mm, 2190.75 mm): Horizontal Wire, length 1.27 mm
[endpoint_off_grid]: Symbol pin or wire end off connection grid
    ; warning
    @(989.33 mm, 2190.115 mm): Vertical Wire, length 5.715 mm
[endpoint_off_grid]: Symbol pin or wire end off connection grid
    ; warning
    @(989.965 mm, 2190.75 mm): Horizontal Wire, length 68.58 mm
[endpoint_off_grid]: Symbol pin or wire end off connection grid
    ; warning
    @(1046.48 mm, 2058.035 mm): Symbol #PWR321 Hidden pin 1 [GND, Power input, Line]
[lib_symbol_issues]: The current configuration does not include the symbol library 'elt'
    ; warning
    @(1046.48 mm, 2058.035 mm): Symbol #PWR321 [GND]
[endpoint_off_grid]: Symbol pin or wire end off connection grid
    ; warning
    @(1046.48 mm, 2075.815 mm): Symbol #PWR317 Hidden pin 1 [GND, Power input, Line]
[lib_symbol_issues]: The current configuration does not include the symbol library 'elt'
    ; warning
    @(1046.48 mm, 2075.815 mm): Symbol #PWR317 [GND]
[endpoint_off_grid]: Symbol pin or wire end off connection grid
    ; warning
    @(1058.545 mm, 2190.75 mm): Vertical Wire, length 1.27 mm
[endpoint_off_grid]: Symbol pin or wire end off connection grid
    ; warning
    @(1075.69 mm, 2094.23 mm): Vertical Wire, length 221.615 mm
[endpoint_off_grid]: Symbol pin or wire end off connection grid
    ; warning
    @(1075.69 mm, 1872.615 mm): Horizontal Wire, length 149.86 mm
[endpoint_off_grid]: Symbol pin or wire end off connection grid
    ; warning
    @(1141.095 mm, 631.825 mm): Vertical Wire, length 4.445 mm
[endpoint_off_grid]: Symbol pin or wire end off connection grid
    ; warning
    @(1141.73 mm, 682.625 mm): Vertical Wire, length 4.445 mm
[endpoint_off_grid]: Symbol pin or wire end off connection grid
    ; warning
    @(1145.54 mm, 205.105 mm): Vertical Wire, length 31.115 mm
[endpoint_off_grid]: Symbol pin or wire end off connection grid
    ; warning
    @(1146.81 mm, 394.335 mm): Vertical Wire, length 8.89 mm
[endpoint_off_grid]: Symbol pin or wire end off connection grid
    ; warning
    @(1146.81 mm, 403.225 mm): Symbol R_ADC_OK_TOP Pin 1 [Passive, Line]
[footprint_link_issues]: The current configuration does not include the footprint library 'Resistor_SMD'
    ; warning
    @(1146.81 mm, 407.035 mm): Symbol R_ADC_OK_TOP [SYM_R_ADC_OK_TOP]
[lib_symbol_issues]: The current configuration does not include the symbol library 'elt'
    ; warning
    @(1146.81 mm, 407.035 mm): Symbol R_ADC_OK_TOP [SYM_R_ADC_OK_TOP]
[endpoint_off_grid]: Symbol pin or wire end off connection grid
    ; warning
    @(1146.81 mm, 410.845 mm): Vertical Wire, length 44.45 mm
[endpoint_off_grid]: Symbol pin or wire end off connection grid
    ; warning
    @(1146.81 mm, 455.295 mm): Horizontal Wire, length 21.59 mm
[endpoint_off_grid]: Symbol pin or wire end off connection grid
    ; warning
    @(1147.445 mm, 682.625 mm): Horizontal Wire, length 5.715 mm
[endpoint_off_grid]: Symbol pin or wire end off connection grid
    ; warning
    @(1148.08 mm, 631.825 mm): Horizontal Wire, length 6.985 mm
[endpoint_off_grid]: Symbol pin or wire end off connection grid
    ; warning
    @(1149.985 mm, 631.825 mm): Horizontal Wire, length 1.905 mm
[endpoint_off_grid]: Symbol pin or wire end off connection grid
    ; warning
    @(1149.985 mm, 631.825 mm): Symbol R_VBUS_B Pin 1 [Passive, Line]
[endpoint_off_grid]: Symbol pin or wire end off connection grid
    ; warning
    @(1149.985 mm, 682.625 mm): Horizontal Wire, length 2.54 mm
[endpoint_off_grid]: Symbol pin or wire end off connection grid
    ; warning
    @(1149.985 mm, 682.625 mm): Symbol R_VBUS_BE Pin 1 [Passive, Line]
[endpoint_off_grid]: Symbol pin or wire end off connection grid
    ; warning
    @(1151.89 mm, 892.175 mm): Horizontal Wire, length 13.97 mm
[endpoint_off_grid]: Symbol pin or wire end off connection grid
    ; warning
    @(1151.89 mm, 902.335 mm): Vertical Wire, length 10.16 mm
[footprint_link_issues]: The current configuration does not include the footprint library 'Resistor_SMD'
    ; warning
    @(1153.795 mm, 631.825 mm): Symbol R_VBUS_B [SYM_R_VBUS_B]
[lib_symbol_issues]: The current configuration does not include the symbol library 'elt'
    ; warning
    @(1153.795 mm, 631.825 mm): Symbol R_VBUS_B [SYM_R_VBUS_B]
[footprint_link_issues]: The current configuration does not include the footprint library 'Resistor_SMD'
    ; warning
    @(1153.795 mm, 682.625 mm): Symbol R_VBUS_BE [SYM_R_VBUS_BE]
[lib_symbol_issues]: The current configuration does not include the symbol library 'elt'
    ; warning
    @(1153.795 mm, 682.625 mm): Symbol R_VBUS_BE [SYM_R_VBUS_BE]
[endpoint_off_grid]: Symbol pin or wire end off connection grid
    ; warning
    @(1156.335 mm, 715.645 mm): Symbol J_JTAG Pin 1 [VREF, Passive, Line]
[endpoint_off_grid]: Symbol pin or wire end off connection grid
    ; warning
    @(1156.335 mm, 720.725 mm): Symbol #PWR393 Hidden pin 1 [GND, Power input, Line]
[lib_symbol_issues]: The current configuration does not include the symbol library 'elt'
    ; warning
    @(1156.335 mm, 720.725 mm): Symbol #PWR393 [GND]
[endpoint_off_grid]: Symbol pin or wire end off connection grid
    ; warning
    @(1156.335 mm, 725.805 mm): Symbol #PWR394 Hidden pin 1 [GND, Power input, Line]
[lib_symbol_issues]: The current configuration does not include the symbol library 'elt'
    ; warning
    @(1156.335 mm, 725.805 mm): Symbol #PWR394 [GND]
[endpoint_off_grid]: Symbol pin or wire end off connection grid
    ; warning
    @(1157.605 mm, 682.625 mm): Symbol #PWR392 Hidden pin 1 [GND, Power input, Line]
[lib_symbol_issues]: The current configuration does not include the symbol library 'elt'
    ; warning
    @(1157.605 mm, 682.625 mm): Symbol #PWR392 [GND]
[endpoint_off_grid]: Symbol pin or wire end off connection grid
    ; warning
    @(1160.145 mm, 631.825 mm): Horizontal Wire, length 2.54 mm
[endpoint_off_grid]: Symbol pin or wire end off connection grid
    ; warning
    @(1160.78 mm, 902.335 mm): Horizontal Wire, length 8.89 mm
[endpoint_off_grid]: Symbol pin or wire end off connection grid
    ; warning
    @(1160.78 mm, 904.875 mm): Vertical Wire, length 2.54 mm
[endpoint_off_grid]: Symbol pin or wire end off connection grid
    ; warning
    @(1162.685 mm, 27.94 mm): Symbol U_FSYNC_FF1 Pin 1 [CLK, Passive, Line]
[endpoint_off_grid]: Symbol pin or wire end off connection grid
    ; warning
    @(1162.685 mm, 35.56 mm): Symbol #PWR372 Hidden pin 1 [GND, Power input, Line]
[lib_symbol_issues]: The current configuration does not include the symbol library 'elt'
    ; warning
    @(1162.685 mm, 35.56 mm): Symbol #PWR372 [GND]
[endpoint_off_grid]: Symbol pin or wire end off connection grid
    ; warning
    @(1163.955 mm, 92.71 mm): Symbol U_FSYNC_OR Pin 1 [A, Passive, Line]
[endpoint_off_grid]: Symbol pin or wire end off connection grid
    ; warning
    @(1163.955 mm, 95.25 mm): Symbol #PWR375 Hidden pin 1 [GND, Power input, Line]
[lib_symbol_issues]: The current configuration does not include the symbol library 'elt'
    ; warning
    @(1163.955 mm, 95.25 mm): Symbol #PWR375 [GND]
[endpoint_off_grid]: Symbol pin or wire end off connection grid
    ; warning
    @(1165.86 mm, 889.635 mm): Symbol J_USB Pin A1 [A1_GND, Passive, Line]
[endpoint_off_grid]: Symbol pin or wire end off connection grid
    ; warning
    @(1165.86 mm, 889.635 mm): Symbol #PWR396 Hidden pin 1 [GND, Power input, Line]
[lib_symbol_issues]: The current configuration does not include the symbol library 'elt'
    ; warning
    @(1165.86 mm, 889.635 mm): Symbol #PWR396 [GND]
[endpoint_off_grid]: Symbol pin or wire end off connection grid
    ; warning
    @(1165.86 mm, 904.875 mm): Horizontal Wire, length 5.08 mm
[endpoint_off_grid]: Symbol pin or wire end off connection grid
    ; warning
    @(1165.86 mm, 907.415 mm): Symbol #PWR397 Hidden pin 1 [GND, Power input, Line]
[lib_symbol_issues]: The current configuration does not include the symbol library 'elt'
    ; warning
    @(1165.86 mm, 907.415 mm): Symbol #PWR397 [GND]
[endpoint_off_grid]: Symbol pin or wire end off connection grid
    ; warning
    @(1165.86 mm, 909.955 mm): Symbol #PWR398 Hidden pin 1 [GND, Power input, Line]
[lib_symbol_issues]: The current configuration does not include the symbol library 'elt'
    ; warning
    @(1165.86 mm, 909.955 mm): Symbol #PWR398 [GND]
[endpoint_off_grid]: Symbol pin or wire end off connection grid
    ; warning
    @(1168.40 mm, 455.295 mm): Symbol U_ADC_OK Pin 1 [SENSE, Passive, Line]
[endpoint_off_grid]: Symbol pin or wire end off connection grid
    ; warning
    @(1168.40 mm, 457.835 mm): Symbol #PWR384 Hidden pin 1 [GND, Power input, Line]
[lib_symbol_issues]: The current configuration does not include the symbol library 'elt'
    ; warning
    @(1168.40 mm, 457.835 mm): Symbol #PWR384 [GND]
[endpoint_off_grid]: Symbol pin or wire end off connection grid
    ; warning
    @(1169.67 mm, 200.025 mm): Symbol U_ADC_I2C_XLATE Pin 1 [SDA_B, Passive, Line]
[endpoint_off_grid]: Symbol pin or wire end off connection grid
    ; warning
    @(1169.67 mm, 202.565 mm): Symbol #PWR359 Hidden pin 1 [GND, Power input, Line]
[lib_symbol_issues]: The current configuration does not include the symbol library 'elt'
    ; warning
    @(1169.67 mm, 202.565 mm): Symbol #PWR359 [GND]
[endpoint_off_grid]: Symbol pin or wire end off connection grid
    ; warning
    @(1169.67 mm, 205.105 mm): Horizontal Wire, length 24.13 mm
[footprint_link_issues]: The current configuration does not include the footprint library 'crow_usb_digital'
    ; warning
    @(1172.845 mm, 720.725 mm): Symbol J_JTAG [SYM_J_JTAG]
[lib_symbol_issues]: The current configuration does not include the symbol library 'elt'
    ; warning
    @(1172.845 mm, 720.725 mm): Symbol J_JTAG [SYM_J_JTAG]
[endpoint_off_grid]: Symbol pin or wire end off connection grid
    ; warning
    @(1174.115 mm, 158.75 mm): Symbol C_FSYNC_INV Pin 1 [Passive, Line]
[footprint_link_issues]: The current configuration does not include the footprint library 'crow_usb_digital'
    ; warning
    @(1177.925 mm, 31.75 mm): Symbol U_FSYNC_FF1 [SYM_U_FSYNC_FF1]
[lib_symbol_issues]: The current configuration does not include the symbol library 'elt'
    ; warning
    @(1177.925 mm, 31.75 mm): Symbol U_FSYNC_FF1 [SYM_U_FSYNC_FF1]
[footprint_link_issues]: The current configuration does not include the footprint library 'Package_TO_SOT_SMD'
    ; warning
    @(1177.925 mm, 95.25 mm): Symbol U_FSYNC_OR [SYM_U_FSYNC_OR]
[lib_symbol_issues]: The current configuration does not include the symbol library 'elt'
    ; warning
    @(1177.925 mm, 95.25 mm): Symbol U_FSYNC_OR [SYM_U_FSYNC_OR]
[footprint_link_issues]: The current configuration does not include the footprint library 'Capacitor_SMD'
    ; warning
    @(1177.925 mm, 158.75 mm): Symbol C_FSYNC_INV [SYM_C_FSYNC_INV]
[lib_symbol_issues]: The current configuration does not include the symbol library 'elt'
    ; warning
    @(1177.925 mm, 158.75 mm): Symbol C_FSYNC_INV [SYM_C_FSYNC_INV]
[endpoint_off_grid]: Symbol pin or wire end off connection grid
    ; warning
    @(1177.925 mm, 394.335 mm): Horizontal Wire, length 31.115 mm
[endpoint_off_grid]: Symbol pin or wire end off connection grid
    ; warning
    @(1177.925 mm, 400.685 mm): Vertical Wire, length 2.54 mm
[endpoint_off_grid]: Symbol pin or wire end off connection grid
    ; warning
    @(1181.10 mm, 267.335 mm): Symbol R_ADC_I2C_SCL_A_PU Pin 1 [Passive, Line]
[endpoint_off_grid]: Symbol pin or wire end off connection grid
    ; warning
    @(1181.10 mm, 330.835 mm): Symbol R_ADC_I2C_SDA_B_PU Pin 1 [Passive, Line]
[endpoint_off_grid]: Symbol pin or wire end off connection grid
    ; warning
    @(1181.10 mm, 394.335 mm): Horizontal Wire, length 3.175 mm
[endpoint_off_grid]: Symbol pin or wire end off connection grid
    ; warning
    @(1181.10 mm, 394.335 mm): Symbol C_ADC_OUT Pin 1 [Passive, Line]
[endpoint_off_grid]: Symbol pin or wire end off connection grid
    ; warning
    @(1181.10 mm, 521.335 mm): Symbol R_ADC_OK_PU Pin 1 [Passive, Line]
[endpoint_off_grid]: Symbol pin or wire end off connection grid
    ; warning
    @(1181.10 mm, 584.835 mm): Symbol R_ADC_CLOCK_OK_PD Pin 1 [Passive, Line]
[endpoint_off_grid]: Symbol pin or wire end off connection grid
    ; warning
    @(1181.735 mm, 158.75 mm): Symbol #PWR378 Hidden pin 1 [GND, Power input, Line]
[lib_symbol_issues]: The current configuration does not include the symbol library 'elt'
    ; warning
    @(1181.735 mm, 158.75 mm): Symbol #PWR378 [GND]
[footprint_link_issues]: The current configuration does not include the footprint library 'crow_usb_digital'
    ; warning
    @(1184.91 mm, 203.835 mm): Symbol U_ADC_I2C_XLATE [SYM_U_ADC_I2C_XLATE]
[lib_symbol_issues]: The current configuration does not include the symbol library 'elt'
    ; warning
    @(1184.91 mm, 203.835 mm): Symbol U_ADC_I2C_XLATE [SYM_U_ADC_I2C_XLATE]
[footprint_link_issues]: The current configuration does not include the footprint library 'Resistor_SMD'
    ; warning
    @(1184.91 mm, 267.335 mm): Symbol R_ADC_I2C_SCL_A_PU [SYM_R_ADC_I2C_SCL_A_PU]
[lib_symbol_issues]: The current configuration does not include the symbol library 'elt'
    ; warning
    @(1184.91 mm, 267.335 mm): Symbol R_ADC_I2C_SCL_A_PU [SYM_R_ADC_I2C_SCL_A_PU]
[footprint_link_issues]: The current configuration does not include the footprint library 'Resistor_SMD'
    ; warning
    @(1184.91 mm, 330.835 mm): Symbol R_ADC_I2C_SDA_B_PU [SYM_R_ADC_I2C_SDA_B_PU]
[lib_symbol_issues]: The current configuration does not include the symbol library 'elt'
    ; warning
    @(1184.91 mm, 330.835 mm): Symbol R_ADC_I2C_SDA_B_PU [SYM_R_ADC_I2C_SDA_B_PU]
[footprint_link_issues]: The current configuration does not include the footprint library 'Capacitor_SMD'
    ; warning
    @(1184.91 mm, 394.335 mm): Symbol C_ADC_OUT [SYM_C_ADC_OUT]
[lib_symbol_issues]: The current configuration does not include the symbol library 'elt'
    ; warning
    @(1184.91 mm, 394.335 mm): Symbol C_ADC_OUT [SYM_C_ADC_OUT]
[footprint_link_issues]: The current configuration does not include the footprint library 'crow_usb_analog'
    ; warning
    @(1184.91 mm, 457.835 mm): Symbol U_ADC_OK [SYM_U_ADC_OK]
[lib_symbol_issues]: The current configuration does not include the symbol library 'elt'
    ; warning
    @(1184.91 mm, 457.835 mm): Symbol U_ADC_OK [SYM_U_ADC_OK]
[footprint_link_issues]: The current configuration does not include the footprint library 'Resistor_SMD'
    ; warning
    @(1184.91 mm, 521.335 mm): Symbol R_ADC_OK_PU [SYM_R_ADC_OK_PU]
[lib_symbol_issues]: The current configuration does not include the symbol library 'elt'
    ; warning
    @(1184.91 mm, 521.335 mm): Symbol R_ADC_OK_PU [SYM_R_ADC_OK_PU]
[footprint_link_issues]: The current configuration does not include the footprint library 'Resistor_SMD'
    ; warning
    @(1184.91 mm, 584.835 mm): Symbol R_ADC_CLOCK_OK_PD [SYM_R_ADC_CLOCK_OK_PD]
[lib_symbol_issues]: The current configuration does not include the symbol library 'elt'
    ; warning
    @(1184.91 mm, 584.835 mm): Symbol R_ADC_CLOCK_OK_PD [SYM_R_ADC_CLOCK_OK_PD]
[footprint_link_issues]: The current configuration does not include the footprint library 'crow_usb_carrier_v1'
    ; warning
    @(1184.91 mm, 899.795 mm): Symbol J_USB [SYM_J_USB]
[lib_symbol_issues]: The current configuration does not include the symbol library 'elt'
    ; warning
    @(1184.91 mm, 899.795 mm): Symbol J_USB [SYM_J_USB]
[endpoint_off_grid]: Symbol pin or wire end off connection grid
    ; warning
    @(1188.72 mm, 394.335 mm): Symbol #PWR382 Hidden pin 1 [GND, Power input, Line]
[lib_symbol_issues]: The current configuration does not include the symbol library 'elt'
    ; warning
    @(1188.72 mm, 394.335 mm): Symbol #PWR382 [GND]
[endpoint_off_grid]: Symbol pin or wire end off connection grid
    ; warning
    @(1188.72 mm, 521.335 mm): Horizontal Wire, length 4.445 mm
[endpoint_off_grid]: Symbol pin or wire end off connection grid
    ; warning
    @(1188.72 mm, 584.835 mm): Symbol #PWR389 Hidden pin 1 [GND, Power input, Line]
[lib_symbol_issues]: The current configuration does not include the symbol library 'elt'
    ; warning
    @(1188.72 mm, 584.835 mm): Symbol #PWR389 [GND]
[endpoint_off_grid]: Symbol pin or wire end off connection grid
    ; warning
    @(1189.355 mm, 718.185 mm): Symbol #PWR395 Hidden pin 1 [GND, Power input, Line]
[lib_symbol_issues]: The current configuration does not include the symbol library 'elt'
    ; warning
    @(1189.355 mm, 718.185 mm): Symbol #PWR395 [GND]
[endpoint_off_grid]: Symbol pin or wire end off connection grid
    ; warning
    @(1191.26 mm, 400.685 mm): Horizontal Wire, length 13.335 mm
[endpoint_off_grid]: Symbol pin or wire end off connection grid
    ; warning
    @(1191.895 mm, 95.25 mm): Horizontal Wire, length 53.34 mm
[endpoint_off_grid]: Symbol pin or wire end off connection grid
    ; warning
    @(1192.53 mm, 400.685 mm): Horizontal Wire, length 1.27 mm
[endpoint_off_grid]: Symbol pin or wire end off connection grid
    ; warning
    @(1193.165 mm, 27.94 mm): Horizontal Wire, length 2.54 mm
[endpoint_off_grid]: Symbol pin or wire end off connection grid
    ; warning
    @(1193.165 mm, 521.335 mm): Horizontal Wire, length 18.415 mm
[endpoint_off_grid]: Symbol pin or wire end off connection grid
    ; warning
    @(1195.705 mm, 27.94 mm): Vertical Wire, length 2.54 mm
[endpoint_off_grid]: Symbol pin or wire end off connection grid
    ; warning
    @(1195.705 mm, 30.48 mm): Horizontal Wire, length 2.54 mm
[endpoint_off_grid]: Symbol pin or wire end off connection grid
    ; warning
    @(1197.61 mm, 400.685 mm): Horizontal Wire, length 5.08 mm
[endpoint_off_grid]: Symbol pin or wire end off connection grid
    ; warning
    @(1197.61 mm, 403.225 mm): Vertical Wire, length 2.54 mm
[endpoint_off_grid]: Symbol pin or wire end off connection grid
    ; warning
    @(1197.61 mm, 403.225 mm): Symbol R_ADC_OK_BOT Pin 1 [Passive, Line]
[footprint_link_issues]: The current configuration does not include the footprint library 'Resistor_SMD'
    ; warning
    @(1197.61 mm, 407.035 mm): Symbol R_ADC_OK_BOT [SYM_R_ADC_OK_BOT]
[lib_symbol_issues]: The current configuration does not include the symbol library 'elt'
    ; warning
    @(1197.61 mm, 407.035 mm): Symbol R_ADC_OK_BOT [SYM_R_ADC_OK_BOT]
[endpoint_off_grid]: Symbol pin or wire end off connection grid
    ; warning
    @(1197.61 mm, 410.845 mm): Symbol #PWR383 Hidden pin 1 [GND, Power input, Line]
[lib_symbol_issues]: The current configuration does not include the symbol library 'elt'
    ; warning
    @(1197.61 mm, 410.845 mm): Symbol #PWR383 [GND]
[endpoint_off_grid]: Symbol pin or wire end off connection grid
    ; warning
    @(1198.88 mm, 267.335 mm): Horizontal Wire, length 10.16 mm
[endpoint_off_grid]: Symbol pin or wire end off connection grid
    ; warning
    @(1198.88 mm, 330.835 mm): Horizontal Wire, length 10.16 mm
[endpoint_off_grid]: Symbol pin or wire end off connection grid
    ; warning
    @(1200.15 mm, 202.565 mm): Horizontal Wire, length 24.13 mm
[endpoint_off_grid]: Symbol pin or wire end off connection grid
    ; warning
    @(1201.42 mm, 236.22 mm): Vertical Wire, length 31.115 mm
[endpoint_off_grid]: Symbol pin or wire end off connection grid
    ; warning
    @(1201.42 mm, 267.335 mm): Horizontal Wire, length 2.54 mm
[endpoint_off_grid]: Symbol pin or wire end off connection grid
    ; warning
    @(1201.42 mm, 460.375 mm): Horizontal Wire, length 25.40 mm
[endpoint_off_grid]: Symbol pin or wire end off connection grid
    ; warning
    @(1202.69 mm, 266.70 mm): Vertical Wire, length 64.135 mm
[endpoint_off_grid]: Symbol pin or wire end off connection grid
    ; warning
    @(1202.69 mm, 330.835 mm): Horizontal Wire, length 3.81 mm
[endpoint_off_grid]: Symbol pin or wire end off connection grid
    ; warning
    @(1203.96 mm, 890.905 mm): Symbol #PWR400 Hidden pin 1 [GND, Power input, Line]
[lib_symbol_issues]: The current configuration does not include the symbol library 'elt'
    ; warning
    @(1203.96 mm, 890.905 mm): Symbol #PWR400 [GND]
[endpoint_off_grid]: Symbol pin or wire end off connection grid
    ; warning
    @(1203.96 mm, 893.445 mm): Symbol #PWR399 Hidden pin 1 [GND, Power input, Line]
[lib_symbol_issues]: The current configuration does not include the symbol library 'elt'
    ; warning
    @(1203.96 mm, 893.445 mm): Symbol #PWR399 [GND]
[endpoint_off_grid]: Symbol pin or wire end off connection grid
    ; warning
    @(1203.96 mm, 895.985 mm): Horizontal Wire, length 13.335 mm
[endpoint_off_grid]: Symbol pin or wire end off connection grid
    ; warning
    @(1211.58 mm, 521.335 mm): Vertical Wire, length 5.08 mm
[endpoint_off_grid]: Symbol pin or wire end off connection grid
    ; warning
    @(1211.58 mm, 526.415 mm): Horizontal Wire, length 17.78 mm
[endpoint_off_grid]: Symbol pin or wire end off connection grid
    ; warning
    @(1213.485 mm, 619.125 mm): Symbol R_VBUS_PU Pin 1 [Passive, Line]
[footprint_link_issues]: The current configuration does not include the footprint library 'Resistor_SMD'
    ; warning
    @(1217.295 mm, 619.125 mm): Symbol R_VBUS_PU [SYM_R_VBUS_PU]
[lib_symbol_issues]: The current configuration does not include the symbol library 'elt'
    ; warning
    @(1217.295 mm, 619.125 mm): Symbol R_VBUS_PU [SYM_R_VBUS_PU]
[endpoint_off_grid]: Symbol pin or wire end off connection grid
    ; warning
    @(1217.295 mm, 895.985 mm): Vertical Wire, length 12.70 mm
[endpoint_off_grid]: Symbol pin or wire end off connection grid
    ; warning
    @(1217.295 mm, 908.685 mm): Horizontal Wire, length 13.335 mm
[endpoint_off_grid]: Symbol pin or wire end off connection grid
    ; warning
    @(1220.47 mm, 631.825 mm): Horizontal Wire, length 1.27 mm
[endpoint_off_grid]: Symbol pin or wire end off connection grid
    ; warning
    @(1220.47 mm, 631.825 mm): Horizontal Wire, length 60.325 mm
[endpoint_off_grid]: Symbol pin or wire end off connection grid
    ; warning
    @(1220.47 mm, 655.955 mm): Vertical Wire, length 24.13 mm
[endpoint_off_grid]: Symbol pin or wire end off connection grid
    ; warning
    @(1221.105 mm, 619.125 mm): Horizontal Wire, length 3.175 mm
[endpoint_off_grid]: Symbol pin or wire end off connection grid
    ; warning
    @(1223.01 mm, 940.435 mm): Horizontal Wire, length 49.53 mm
[endpoint_off_grid]: Symbol pin or wire end off connection grid
    ; warning
    @(1223.01 mm, 972.185 mm): Vertical Wire, length 31.75 mm
[endpoint_off_grid]: Symbol pin or wire end off connection grid
    ; warning
    @(1223.01 mm, 972.185 mm): Symbol R_USB_CC1 Pin 1 [Passive, Line]
[footprint_link_issues]: The current configuration does not include the footprint library 'Resistor_SMD'
    ; warning
    @(1223.01 mm, 975.995 mm): Symbol R_USB_CC1 [SYM_R_USB_CC1]
[lib_symbol_issues]: The current configuration does not include the symbol library 'elt'
    ; warning
    @(1223.01 mm, 975.995 mm): Symbol R_USB_CC1 [SYM_R_USB_CC1]
[endpoint_off_grid]: Symbol pin or wire end off connection grid
    ; warning
    @(1223.01 mm, 979.805 mm): Symbol #PWR401 Hidden pin 1 [GND, Power input, Line]
[lib_symbol_issues]: The current configuration does not include the symbol library 'elt'
    ; warning
    @(1223.01 mm, 979.805 mm): Symbol #PWR401 [GND]
[endpoint_off_grid]: Symbol pin or wire end off connection grid
    ; warning
    @(1224.28 mm, 202.565 mm): Vertical Wire, length 64.135 mm
[endpoint_off_grid]: Symbol pin or wire end off connection grid
    ; warning
    @(1224.28 mm, 619.125 mm): Horizontal Wire, length 11.43 mm
[endpoint_off_grid]: Symbol pin or wire end off connection grid
    ; warning
    @(1226.82 mm, 457.835 mm): Horizontal Wire, length 25.40 mm
[endpoint_off_grid]: Symbol pin or wire end off connection grid
    ; warning
    @(1226.82 mm, 460.375 mm): Vertical Wire, length 2.54 mm
[endpoint_off_grid]: Symbol pin or wire end off connection grid
    ; warning
    @(1229.36 mm, 516.255 mm): Symbol U_ADC_CLOCK_OK Pin 1 [OE_N, Passive, Line]
[endpoint_off_grid]: Symbol pin or wire end off connection grid
    ; warning
    @(1235.71 mm, 619.125 mm): Vertical Wire, length 4.445 mm
[endpoint_off_grid]: Symbol pin or wire end off connection grid
    ; warning
    @(1240.155 mm, 29.21 mm): Symbol U_BCLK_INV Pin 1 [NC, Passive, Line]
[endpoint_off_grid]: Symbol pin or wire end off connection grid
    ; warning
    @(1240.155 mm, 34.29 mm): Symbol #PWR373 Hidden pin 1 [GND, Power input, Line]
[lib_symbol_issues]: The current configuration does not include the symbol library 'elt'
    ; warning
    @(1240.155 mm, 34.29 mm): Symbol #PWR373 [GND]
[endpoint_off_grid]: Symbol pin or wire end off connection grid
    ; warning
    @(1245.235 mm, 95.25 mm): Horizontal Wire, length 5.08 mm
[endpoint_off_grid]: Symbol pin or wire end off connection grid
    ; warning
    @(1248.41 mm, 583.565 mm): Symbol Q_TDM_GATE Pin 1 [G, Passive, Line]
[endpoint_off_grid]: Symbol pin or wire end off connection grid
    ; warning
    @(1248.41 mm, 586.105 mm): Symbol #PWR390 Hidden pin 1 [GND, Power input, Line]
[lib_symbol_issues]: The current configuration does not include the symbol library 'elt'
    ; warning
    @(1248.41 mm, 586.105 mm): Symbol #PWR390 [GND]
[endpoint_off_grid]: Symbol pin or wire end off connection grid
    ; warning
    @(1250.315 mm, 95.25 mm): Symbol C_FSYNC_FF1 Pin 1 [Passive, Line]
[endpoint_off_grid]: Symbol pin or wire end off connection grid
    ; warning
    @(1250.315 mm, 95.25 mm): Vertical Wire, length 2.54 mm
[endpoint_off_grid]: Symbol pin or wire end off connection grid
    ; warning
    @(1250.315 mm, 158.75 mm): Symbol C_FSYNC_OR Pin 1 [Passive, Line]
[endpoint_off_grid]: Symbol pin or wire end off connection grid
    ; warning
    @(1250.315 mm, 203.835 mm): Vertical Wire, length 31.75 mm
[endpoint_off_grid]: Symbol pin or wire end off connection grid
    ; warning
    @(1250.315 mm, 235.585 mm): Horizontal Wire, length 27.305 mm
[endpoint_off_grid]: Symbol pin or wire end off connection grid
    ; warning
    @(1252.22 mm, 457.835 mm): Horizontal Wire, length 5.08 mm
[endpoint_off_grid]: Symbol pin or wire end off connection grid
    ; warning
    @(1252.855 mm, 203.835 mm): Horizontal Wire, length 2.54 mm
[footprint_link_issues]: The current configuration does not include the footprint library 'crow_usb_digital'
    ; warning
    @(1254.125 mm, 31.75 mm): Symbol U_BCLK_INV [SYM_U_BCLK_INV]
[lib_symbol_issues]: The current configuration does not include the symbol library 'elt'
    ; warning
    @(1254.125 mm, 31.75 mm): Symbol U_BCLK_INV [SYM_U_BCLK_INV]
[footprint_link_issues]: The current configuration does not include the footprint library 'Capacitor_SMD'
    ; warning
    @(1254.125 mm, 95.25 mm): Symbol C_FSYNC_FF1 [SYM_C_FSYNC_FF1]
[lib_symbol_issues]: The current configuration does not include the symbol library 'elt'
    ; warning
    @(1254.125 mm, 95.25 mm): Symbol C_FSYNC_FF1 [SYM_C_FSYNC_FF1]
[footprint_link_issues]: The current configuration does not include the footprint library 'Capacitor_SMD'
    ; warning
    @(1254.125 mm, 158.75 mm): Symbol C_FSYNC_OR [SYM_C_FSYNC_OR]
[lib_symbol_issues]: The current configuration does not include the symbol library 'elt'
    ; warning
    @(1254.125 mm, 158.75 mm): Symbol C_FSYNC_OR [SYM_C_FSYNC_OR]
[endpoint_off_grid]: Symbol pin or wire end off connection grid
    ; warning
    @(1257.30 mm, 203.835 mm): Symbol C_ADC_I2C_A Pin 1 [Passive, Line]
[endpoint_off_grid]: Symbol pin or wire end off connection grid
    ; warning
    @(1257.30 mm, 203.835 mm): Horizontal Wire, length 4.445 mm
[endpoint_off_grid]: Symbol pin or wire end off connection grid
    ; warning
    @(1257.30 mm, 267.335 mm): Symbol R_ADC_I2C_SDA_A_PU Pin 1 [Passive, Line]
[endpoint_off_grid]: Symbol pin or wire end off connection grid
    ; warning
    @(1257.30 mm, 330.835 mm): Symbol R_FSYNC_EXT_PD Pin 1 [Passive, Line]
[endpoint_off_grid]: Symbol pin or wire end off connection grid
    ; warning
    @(1257.30 mm, 394.335 mm): Symbol R_BCLK Pin 1 [Passive, Line]
[endpoint_off_grid]: Symbol pin or wire end off connection grid
    ; warning
    @(1257.30 mm, 457.835 mm): Symbol C_ADC_OK_VDD Pin 1 [Passive, Line]
[endpoint_off_grid]: Symbol pin or wire end off connection grid
    ; warning
    @(1257.935 mm, 95.25 mm): Symbol #PWR376 Hidden pin 1 [GND, Power input, Line]
[lib_symbol_issues]: The current configuration does not include the symbol library 'elt'
    ; warning
    @(1257.935 mm, 95.25 mm): Symbol #PWR376 [GND]
[endpoint_off_grid]: Symbol pin or wire end off connection grid
    ; warning
    @(1257.935 mm, 158.75 mm): Symbol #PWR379 Hidden pin 1 [GND, Power input, Line]
[lib_symbol_issues]: The current configuration does not include the symbol library 'elt'
    ; warning
    @(1257.935 mm, 158.75 mm): Symbol #PWR379 [GND]
[footprint_link_issues]: The current configuration does not include the footprint library 'Capacitor_SMD'
    ; warning
    @(1261.11 mm, 203.835 mm): Symbol C_ADC_I2C_A [SYM_C_ADC_I2C_A]
[lib_symbol_issues]: The current configuration does not include the symbol library 'elt'
    ; warning
    @(1261.11 mm, 203.835 mm): Symbol C_ADC_I2C_A [SYM_C_ADC_I2C_A]
[footprint_link_issues]: The current configuration does not include the footprint library 'Resistor_SMD'
    ; warning
    @(1261.11 mm, 267.335 mm): Symbol R_ADC_I2C_SDA_A_PU [SYM_R_ADC_I2C_SDA_A_PU]
[lib_symbol_issues]: The current configuration does not include the symbol library 'elt'
    ; warning
    @(1261.11 mm, 267.335 mm): Symbol R_ADC_I2C_SDA_A_PU [SYM_R_ADC_I2C_SDA_A_PU]
[footprint_link_issues]: The current configuration does not include the footprint library 'Resistor_SMD'
    ; warning
    @(1261.11 mm, 330.835 mm): Symbol R_FSYNC_EXT_PD [SYM_R_FSYNC_EXT_PD]
[lib_symbol_issues]: The current configuration does not include the symbol library 'elt'
    ; warning
    @(1261.11 mm, 330.835 mm): Symbol R_FSYNC_EXT_PD [SYM_R_FSYNC_EXT_PD]
[footprint_link_issues]: The current configuration does not include the footprint library 'Resistor_SMD'
    ; warning
    @(1261.11 mm, 394.335 mm): Symbol R_BCLK [SYM_R_BCLK]
[lib_symbol_issues]: The current configuration does not include the symbol library 'elt'
    ; warning
    @(1261.11 mm, 394.335 mm): Symbol R_BCLK [SYM_R_BCLK]
[footprint_link_issues]: The current configuration does not include the footprint library 'Capacitor_SMD'
    ; warning
    @(1261.11 mm, 457.835 mm): Symbol C_ADC_OK_VDD [SYM_C_ADC_OK_VDD]
[lib_symbol_issues]: The current configuration does not include the symbol library 'elt'
    ; warning
    @(1261.11 mm, 457.835 mm): Symbol C_ADC_OK_VDD [SYM_C_ADC_OK_VDD]
[endpoint_off_grid]: Symbol pin or wire end off connection grid
    ; warning
    @(1261.11 mm, 494.665 mm): Horizontal Wire, length 59.055 mm
[endpoint_off_grid]: Symbol pin or wire end off connection grid
    ; warning
    @(1261.11 mm, 495.935 mm): Horizontal Wire, length 1.27 mm
[endpoint_off_grid]: Symbol pin or wire end off connection grid
    ; warning
    @(1261.11 mm, 497.205 mm): Vertical Wire, length 2.54 mm
[footprint_link_issues]: The current configuration does not include the footprint library 'crow_usb_digital'
    ; warning
    @(1261.11 mm, 521.335 mm): Symbol U_ADC_CLOCK_OK [SYM_U_ADC_CLOCK_OK]
[lib_symbol_issues]: The current configuration does not include the symbol library 'elt'
    ; warning
    @(1261.11 mm, 521.335 mm): Symbol U_ADC_CLOCK_OK [SYM_U_ADC_CLOCK_OK]
[endpoint_off_grid]: Symbol pin or wire end off connection grid
    ; warning
    @(1261.11 mm, 545.465 mm): Symbol #PWR387 Hidden pin 1 [GND, Power input, Line]
[lib_symbol_issues]: The current configuration does not include the symbol library 'elt'
    ; warning
    @(1261.11 mm, 545.465 mm): Symbol #PWR387 [GND]
[footprint_link_issues]: The current configuration does not include the footprint library 'Package_TO_SOT_SMD'
    ; warning
    @(1261.11 mm, 584.835 mm): Symbol Q_TDM_GATE [SYM_Q_TDM_GATE]
[lib_symbol_issues]: The current configuration does not include the symbol library 'elt'
    ; warning
    @(1261.11 mm, 584.835 mm): Symbol Q_TDM_GATE [SYM_Q_TDM_GATE]
[endpoint_off_grid]: Symbol pin or wire end off connection grid
    ; warning
    @(1264.92 mm, 203.835 mm): Symbol #PWR360 Hidden pin 1 [GND, Power input, Line]
[lib_symbol_issues]: The current configuration does not include the symbol library 'elt'
    ; warning
    @(1264.92 mm, 203.835 mm): Symbol #PWR360 [GND]
[endpoint_off_grid]: Symbol pin or wire end off connection grid
    ; warning
    @(1264.92 mm, 330.835 mm): Symbol #PWR371 Hidden pin 1 [GND, Power input, Line]
[lib_symbol_issues]: The current configuration does not include the symbol library 'elt'
    ; warning
    @(1264.92 mm, 330.835 mm): Symbol #PWR371 [GND]
[endpoint_off_grid]: Symbol pin or wire end off connection grid
    ; warning
    @(1264.92 mm, 457.835 mm): Symbol #PWR385 Hidden pin 1 [GND, Power input, Line]
[lib_symbol_issues]: The current configuration does not include the symbol library 'elt'
    ; warning
    @(1264.92 mm, 457.835 mm): Symbol #PWR385 [GND]
[endpoint_off_grid]: Symbol pin or wire end off connection grid
    ; warning
    @(1266.19 mm, 753.745 mm): Horizontal Wire, length 71.12 mm
[endpoint_off_grid]: Symbol pin or wire end off connection grid
    ; warning
    @(1266.19 mm, 800.735 mm): Vertical Wire, length 46.99 mm
[endpoint_off_grid]: Symbol pin or wire end off connection grid
    ; warning
    @(1268.73 mm, 795.655 mm): Symbol U_USB_VBUS_ESD Pin 1 [NC1, Passive, Line]
[endpoint_off_grid]: Symbol pin or wire end off connection grid
    ; warning
    @(1268.73 mm, 800.735 mm): Horizontal Wire, length 2.54 mm
[endpoint_off_grid]: Symbol pin or wire end off connection grid
    ; warning
    @(1272.54 mm, 847.725 mm): Symbol U_USB_ESD Pin 1 [DP, Passive, Line]
[endpoint_off_grid]: Symbol pin or wire end off connection grid
    ; warning
    @(1272.54 mm, 935.355 mm): Symbol U_USB_CC_ESD Pin 1 [NC1, Passive, Line]
[endpoint_off_grid]: Symbol pin or wire end off connection grid
    ; warning
    @(1273.81 mm, 954.405 mm): Horizontal Wire, length 33.02 mm
[endpoint_off_grid]: Symbol pin or wire end off connection grid
    ; warning
    @(1273.81 mm, 963.295 mm): Horizontal Wire, length 1.27 mm
[endpoint_off_grid]: Symbol pin or wire end off connection grid
    ; warning
    @(1273.81 mm, 972.185 mm): Symbol R_USB_CC2 Pin 1 [Passive, Line]
[endpoint_off_grid]: Symbol pin or wire end off connection grid
    ; warning
    @(1273.81 mm, 972.185 mm): Vertical Wire, length 17.78 mm
[footprint_link_issues]: The current configuration does not include the footprint library 'Resistor_SMD'
    ; warning
    @(1273.81 mm, 975.995 mm): Symbol R_USB_CC2 [SYM_R_USB_CC2]
[lib_symbol_issues]: The current configuration does not include the symbol library 'elt'
    ; warning
    @(1273.81 mm, 975.995 mm): Symbol R_USB_CC2 [SYM_R_USB_CC2]
[endpoint_off_grid]: Symbol pin or wire end off connection grid
    ; warning
    @(1273.81 mm, 979.805 mm): Symbol #PWR402 Hidden pin 1 [GND, Power input, Line]
[lib_symbol_issues]: The current configuration does not include the symbol library 'elt'
    ; warning
    @(1273.81 mm, 979.805 mm): Symbol #PWR402 [GND]
[endpoint_off_grid]: Symbol pin or wire end off connection grid
    ; warning
    @(1275.08 mm, 267.335 mm): Horizontal Wire, length 10.16 mm
[endpoint_off_grid]: Symbol pin or wire end off connection grid
    ; warning
    @(1277.62 mm, 235.585 mm): Vertical Wire, length 31.75 mm
[endpoint_off_grid]: Symbol pin or wire end off connection grid
    ; warning
    @(1277.62 mm, 267.335 mm): Horizontal Wire, length 2.54 mm
[endpoint_off_grid]: Symbol pin or wire end off connection grid
    ; warning
    @(1280.795 mm, 655.955 mm): Horizontal Wire, length 60.325 mm
[endpoint_off_grid]: Symbol pin or wire end off connection grid
    ; warning
    @(1280.795 mm, 655.955 mm): Symbol Q_VBUS Pin 1 [G, Passive, Line]
[endpoint_off_grid]: Symbol pin or wire end off connection grid
    ; warning
    @(1280.795 mm, 658.495 mm): Symbol #PWR391 Hidden pin 1 [GND, Power input, Line]
[lib_symbol_issues]: The current configuration does not include the symbol library 'elt'
    ; warning
    @(1280.795 mm, 658.495 mm): Symbol #PWR391 [GND]
[footprint_link_issues]: The current configuration does not include the footprint library 'Package_TO_SOT_SMD'
    ; warning
    @(1286.51 mm, 798.195 mm): Symbol U_USB_VBUS_ESD [SYM_U_USB_VBUS_ESD]
[lib_symbol_issues]: The current configuration does not include the symbol library 'elt'
    ; warning
    @(1286.51 mm, 798.195 mm): Symbol U_USB_VBUS_ESD [SYM_U_USB_VBUS_ESD]
[footprint_link_issues]: The current configuration does not include the footprint library 'Package_TO_SOT_SMD'
    ; warning
    @(1286.51 mm, 848.995 mm): Symbol U_USB_ESD [SYM_U_USB_ESD]
[lib_symbol_issues]: The current configuration does not include the symbol library 'elt'
    ; warning
    @(1286.51 mm, 848.995 mm): Symbol U_USB_ESD [SYM_U_USB_ESD]
[footprint_link_issues]: The current configuration does not include the footprint library 'Package_TO_SOT_SMD'
    ; warning
    @(1286.51 mm, 937.895 mm): Symbol U_USB_CC_ESD [SYM_U_USB_CC_ESD]
[lib_symbol_issues]: The current configuration does not include the symbol library 'elt'
    ; warning
    @(1286.51 mm, 937.895 mm): Symbol U_USB_CC_ESD [SYM_U_USB_CC_ESD]
[footprint_link_issues]: The current configuration does not include the footprint library 'Package_TO_SOT_SMD'
    ; warning
    @(1293.495 mm, 657.225 mm): Symbol Q_VBUS [SYM_Q_VBUS]
[lib_symbol_issues]: The current configuration does not include the symbol library 'elt'
    ; warning
    @(1293.495 mm, 657.225 mm): Symbol Q_VBUS [SYM_Q_VBUS]
[endpoint_off_grid]: Symbol pin or wire end off connection grid
    ; warning
    @(1300.48 mm, 848.995 mm): Symbol #PWR403 Hidden pin 1 [GND, Power input, Line]
[lib_symbol_issues]: The current configuration does not include the symbol library 'elt'
    ; warning
    @(1300.48 mm, 848.995 mm): Symbol #PWR403 [GND]
[endpoint_off_grid]: Symbol pin or wire end off connection grid
    ; warning
    @(1300.48 mm, 939.165 mm): Symbol #PWR404 Hidden pin 1 [GND, Power input, Line]
[lib_symbol_issues]: The current configuration does not include the symbol library 'elt'
    ; warning
    @(1300.48 mm, 939.165 mm): Symbol #PWR404 [GND]
[endpoint_off_grid]: Symbol pin or wire end off connection grid
    ; warning
    @(1304.29 mm, 799.465 mm): Symbol #PWR405 Hidden pin 1 [GND, Power input, Line]
[lib_symbol_issues]: The current configuration does not include the symbol library 'elt'
    ; warning
    @(1304.29 mm, 799.465 mm): Symbol #PWR405 [GND]
[endpoint_off_grid]: Symbol pin or wire end off connection grid
    ; warning
    @(1306.195 mm, 657.225 mm): Horizontal Wire, length 11.43 mm
[endpoint_off_grid]: Symbol pin or wire end off connection grid
    ; warning
    @(1306.83 mm, 936.625 mm): Horizontal Wire, length 6.35 mm
[endpoint_off_grid]: Symbol pin or wire end off connection grid
    ; warning
    @(1306.83 mm, 954.405 mm): Vertical Wire, length 17.78 mm
[endpoint_off_grid]: Symbol pin or wire end off connection grid
    ; warning
    @(1315.085 mm, 27.94 mm): Symbol U_FSYNC_FF2 Pin 1 [CLK, Passive, Line]
[endpoint_off_grid]: Symbol pin or wire end off connection grid
    ; warning
    @(1315.085 mm, 35.56 mm): Symbol #PWR374 Hidden pin 1 [GND, Power input, Line]
[lib_symbol_issues]: The current configuration does not include the symbol library 'elt'
    ; warning
    @(1315.085 mm, 35.56 mm): Symbol #PWR374 [GND]
[endpoint_off_grid]: Symbol pin or wire end off connection grid
    ; warning
    @(1317.625 mm, 657.225 mm): Vertical Wire, length 3.81 mm
[endpoint_off_grid]: Symbol pin or wire end off connection grid
    ; warning
    @(1320.165 mm, 494.665 mm): Vertical Wire, length 26.67 mm
[endpoint_off_grid]: Symbol pin or wire end off connection grid
    ; warning
    @(1320.165 mm, 521.335 mm): Horizontal Wire, length 6.35 mm
[endpoint_off_grid]: Symbol pin or wire end off connection grid
    ; warning
    @(1323.34 mm, 327.025 mm): Symbol U_ADC_OUT Pin 1 [1A, Passive, Line]
[endpoint_off_grid]: Symbol pin or wire end off connection grid
    ; warning
    @(1323.34 mm, 327.025 mm): Symbol #PWR380 Hidden pin 1 [GND, Power input, Line]
[lib_symbol_issues]: The current configuration does not include the symbol library 'elt'
    ; warning
    @(1323.34 mm, 327.025 mm): Symbol #PWR380 [GND]
[endpoint_off_grid]: Symbol pin or wire end off connection grid
    ; warning
    @(1323.34 mm, 334.645 mm): Symbol #PWR381 Hidden pin 1 [GND, Power input, Line]
[lib_symbol_issues]: The current configuration does not include the symbol library 'elt'
    ; warning
    @(1323.34 mm, 334.645 mm): Symbol #PWR381 [GND]
[endpoint_off_grid]: Symbol pin or wire end off connection grid
    ; warning
    @(1326.515 mm, 95.25 mm): Symbol C_FSYNC_FF2 Pin 1 [Passive, Line]
[endpoint_off_grid]: Symbol pin or wire end off connection grid
    ; warning
    @(1326.515 mm, 203.835 mm): Vertical Wire, length 31.75 mm
[endpoint_off_grid]: Symbol pin or wire end off connection grid
    ; warning
    @(1326.515 mm, 235.585 mm): Horizontal Wire, length 27.305 mm
[endpoint_off_grid]: Symbol pin or wire end off connection grid
    ; warning
    @(1326.515 mm, 521.335 mm): Horizontal Wire, length 6.985 mm
[endpoint_off_grid]: Symbol pin or wire end off connection grid
    ; warning
    @(1329.055 mm, 203.835 mm): Horizontal Wire, length 2.54 mm
[footprint_link_issues]: The current configuration does not include the footprint library 'crow_usb_digital'
    ; warning
    @(1330.325 mm, 31.75 mm): Symbol U_FSYNC_FF2 [SYM_U_FSYNC_FF2]
[lib_symbol_issues]: The current configuration does not include the symbol library 'elt'
    ; warning
    @(1330.325 mm, 31.75 mm): Symbol U_FSYNC_FF2 [SYM_U_FSYNC_FF2]
[footprint_link_issues]: The current configuration does not include the footprint library 'Capacitor_SMD'
    ; warning
    @(1330.325 mm, 95.25 mm): Symbol C_FSYNC_FF2 [SYM_C_FSYNC_FF2]
[lib_symbol_issues]: The current configuration does not include the symbol library 'elt'
    ; warning
    @(1330.325 mm, 95.25 mm): Symbol C_FSYNC_FF2 [SYM_C_FSYNC_FF2]
[endpoint_off_grid]: Symbol pin or wire end off connection grid
    ; warning
    @(1333.50 mm, 203.835 mm): Horizontal Wire, length 4.445 mm
[endpoint_off_grid]: Symbol pin or wire end off connection grid
    ; warning
    @(1333.50 mm, 203.835 mm): Symbol C_ADC_I2C_B Pin 1 [Passive, Line]
[endpoint_off_grid]: Symbol pin or wire end off connection grid
    ; warning
    @(1333.50 mm, 267.335 mm): Symbol R_ADC_I2C_SCL_B_PU Pin 1 [Passive, Line]
[endpoint_off_grid]: Symbol pin or wire end off connection grid
    ; warning
    @(1333.50 mm, 394.335 mm): Symbol R_FSYNC Pin 1 [Passive, Line]
[endpoint_off_grid]: Symbol pin or wire end off connection grid
    ; warning
    @(1333.50 mm, 457.835 mm): Symbol C_ADC_OK_CT Pin 1 [Passive, Line]
[endpoint_off_grid]: Symbol pin or wire end off connection grid
    ; warning
    @(1333.50 mm, 521.335 mm): Symbol C_ADC_CLOCK_OK Pin 1 [Passive, Line]
[endpoint_off_grid]: Symbol pin or wire end off connection grid
    ; warning
    @(1333.50 mm, 584.835 mm): Symbol R_TDM_OE_PU Pin 1 [Passive, Line]
[endpoint_off_grid]: Symbol pin or wire end off connection grid
    ; warning
    @(1334.135 mm, 95.25 mm): Symbol #PWR377 Hidden pin 1 [GND, Power input, Line]
[lib_symbol_issues]: The current configuration does not include the symbol library 'elt'
    ; warning
    @(1334.135 mm, 95.25 mm): Symbol #PWR377 [GND]
[footprint_link_issues]: The current configuration does not include the footprint library 'Capacitor_SMD'
    ; warning
    @(1337.31 mm, 203.835 mm): Symbol C_ADC_I2C_B [SYM_C_ADC_I2C_B]
[lib_symbol_issues]: The current configuration does not include the symbol library 'elt'
    ; warning
    @(1337.31 mm, 203.835 mm): Symbol C_ADC_I2C_B [SYM_C_ADC_I2C_B]
[footprint_link_issues]: The current configuration does not include the footprint library 'Resistor_SMD'
    ; warning
    @(1337.31 mm, 267.335 mm): Symbol R_ADC_I2C_SCL_B_PU [SYM_R_ADC_I2C_SCL_B_PU]
[lib_symbol_issues]: The current configuration does not include the symbol library 'elt'
    ; warning
    @(1337.31 mm, 267.335 mm): Symbol R_ADC_I2C_SCL_B_PU [SYM_R_ADC_I2C_SCL_B_PU]
[footprint_link_issues]: The current configuration does not include the footprint library 'crow_usb_digital'
    ; warning
    @(1337.31 mm, 330.835 mm): Symbol U_ADC_OUT [SYM_U_ADC_OUT]
[lib_symbol_issues]: The current configuration does not include the symbol library 'elt'
    ; warning
    @(1337.31 mm, 330.835 mm): Symbol U_ADC_OUT [SYM_U_ADC_OUT]
[footprint_link_issues]: The current configuration does not include the footprint library 'Resistor_SMD'
    ; warning
    @(1337.31 mm, 394.335 mm): Symbol R_FSYNC [SYM_R_FSYNC]
[lib_symbol_issues]: The current configuration does not include the symbol library 'elt'
    ; warning
    @(1337.31 mm, 394.335 mm): Symbol R_FSYNC [SYM_R_FSYNC]
[footprint_link_issues]: The current configuration does not include the footprint library 'Capacitor_SMD'
    ; warning
    @(1337.31 mm, 457.835 mm): Symbol C_ADC_OK_CT [SYM_C_ADC_OK_CT]
[lib_symbol_issues]: The current configuration does not include the symbol library 'elt'
    ; warning
    @(1337.31 mm, 457.835 mm): Symbol C_ADC_OK_CT [SYM_C_ADC_OK_CT]
[footprint_link_issues]: The current configuration does not include the footprint library 'Capacitor_SMD'
    ; warning
    @(1337.31 mm, 521.335 mm): Symbol C_ADC_CLOCK_OK [SYM_C_ADC_CLOCK_OK]
[lib_symbol_issues]: The current configuration does not include the symbol library 'elt'
    ; warning
    @(1337.31 mm, 521.335 mm): Symbol C_ADC_CLOCK_OK [SYM_C_ADC_CLOCK_OK]
[footprint_link_issues]: The current configuration does not include the footprint library 'Resistor_SMD'
    ; warning
    @(1337.31 mm, 584.835 mm): Symbol R_TDM_OE_PU [SYM_R_TDM_OE_PU]
[lib_symbol_issues]: The current configuration does not include the symbol library 'elt'
    ; warning
    @(1337.31 mm, 584.835 mm): Symbol R_TDM_OE_PU [SYM_R_TDM_OE_PU]
[endpoint_off_grid]: Symbol pin or wire end off connection grid
    ; warning
    @(1337.31 mm, 753.745 mm): Horizontal Wire, length 11.43 mm
[endpoint_off_grid]: Symbol pin or wire end off connection grid
    ; warning
    @(1337.31 mm, 753.745 mm): Vertical Wire, length 2.54 mm
[endpoint_off_grid]: Symbol pin or wire end off connection grid
    ; warning
    @(1337.31 mm, 756.285 mm): Symbol R_USB_VBUS_BLEED Pin 1 [Passive, Line]
[footprint_link_issues]: The current configuration does not include the footprint library 'Resistor_SMD'
    ; warning
    @(1337.31 mm, 760.095 mm): Symbol R_USB_VBUS_BLEED [SYM_R_USB_VBUS_BLEED]
[lib_symbol_issues]: The current configuration does not include the symbol library 'elt'
    ; warning
    @(1337.31 mm, 760.095 mm): Symbol R_USB_VBUS_BLEED [SYM_R_USB_VBUS_BLEED]
[endpoint_off_grid]: Symbol pin or wire end off connection grid
    ; warning
    @(1337.31 mm, 763.905 mm): Symbol #PWR407 Hidden pin 1 [GND, Power input, Line]
[lib_symbol_issues]: The current configuration does not include the symbol library 'elt'
    ; warning
    @(1337.31 mm, 763.905 mm): Symbol #PWR407 [GND]
[endpoint_off_grid]: Symbol pin or wire end off connection grid
    ; warning
    @(1337.31 mm, 794.385 mm): Horizontal Wire, length 7.62 mm
[endpoint_off_grid]: Symbol pin or wire end off connection grid
    ; warning
    @(1337.31 mm, 794.385 mm): Symbol C_USB_VBUS Pin 1 [Passive, Line]
[footprint_link_issues]: The current configuration does not include the footprint library 'Capacitor_SMD'
    ; warning
    @(1337.31 mm, 798.195 mm): Symbol C_USB_VBUS [SYM_C_USB_VBUS]
[lib_symbol_issues]: The current configuration does not include the symbol library 'elt'
    ; warning
    @(1337.31 mm, 798.195 mm): Symbol C_USB_VBUS [SYM_C_USB_VBUS]
[endpoint_off_grid]: Symbol pin or wire end off connection grid
    ; warning
    @(1337.31 mm, 802.005 mm): Symbol #PWR406 Hidden pin 1 [GND, Power input, Line]
[lib_symbol_issues]: The current configuration does not include the symbol library 'elt'
    ; warning
    @(1337.31 mm, 802.005 mm): Symbol #PWR406 [GND]
[endpoint_off_grid]: Symbol pin or wire end off connection grid
    ; warning
    @(1341.12 mm, 203.835 mm): Symbol #PWR361 Hidden pin 1 [GND, Power input, Line]
[lib_symbol_issues]: The current configuration does not include the symbol library 'elt'
    ; warning
    @(1341.12 mm, 203.835 mm): Symbol #PWR361 [GND]
[endpoint_off_grid]: Symbol pin or wire end off connection grid
    ; warning
    @(1341.12 mm, 457.835 mm): Symbol #PWR386 Hidden pin 1 [GND, Power input, Line]
[lib_symbol_issues]: The current configuration does not include the symbol library 'elt'
    ; warning
    @(1341.12 mm, 457.835 mm): Symbol #PWR386 [GND]
[endpoint_off_grid]: Symbol pin or wire end off connection grid
    ; warning
    @(1341.12 mm, 521.335 mm): Symbol #PWR388 Hidden pin 1 [GND, Power input, Line]
[lib_symbol_issues]: The current configuration does not include the symbol library 'elt'
    ; warning
    @(1341.12 mm, 521.335 mm): Symbol #PWR388 [GND]
[endpoint_off_grid]: Symbol pin or wire end off connection grid
    ; warning
    @(1345.565 mm, 27.94 mm): Horizontal Wire, length 2.54 mm
[endpoint_off_grid]: Symbol pin or wire end off connection grid
    ; warning
    @(1348.105 mm, 27.94 mm): Vertical Wire, length 2.54 mm
[endpoint_off_grid]: Symbol pin or wire end off connection grid
    ; warning
    @(1348.105 mm, 30.48 mm): Horizontal Wire, length 2.54 mm
[endpoint_off_grid]: Symbol pin or wire end off connection grid
    ; warning
    @(1351.28 mm, 267.335 mm): Horizontal Wire, length 10.16 mm
[endpoint_off_grid]: Symbol pin or wire end off connection grid
    ; warning
    @(1353.82 mm, 235.585 mm): Vertical Wire, length 31.75 mm
[endpoint_off_grid]: Symbol pin or wire end off connection grid
    ; warning
    @(1353.82 mm, 267.335 mm): Horizontal Wire, length 2.54 mm

 ** ERC messages: 4216  Errors 0  Warnings 4216

 ** Ignored checks:
    - Global label only appears once in the schematic
    - Four connection points are joined together
    - SPICE model issue
    - Assigned footprint doesn't match footprint filters
