ISO-10303-21;
HEADER;
/* Generated by software containing ST-Developer
 * from STEP Tools, Inc. (www.steptools.com) 
 */
/* OPTION: strings as raw bytes, not using required /X/ escapes */

FILE_DESCRIPTION(
/* description */ ('Unknown'),
/* implementation_level */ '2;1');

FILE_NAME(
/* name */ '615008160221',
/* time_stamp */ '2019-12-02T16:29:06+01:00',
/* author */ ('Unknown'),
/* organization */ ('Unknown'),
/* preprocessor_version */ 'ST-DEVELOPER v16.7',
/* originating_system */ 'DEX',
/* authorisation */ $);

FILE_SCHEMA (('AUTOMOTIVE_DESIGN {1 0 10303 214 3 1 1}'));
ENDSEC;

DATA;
#10=PROPERTY_DEFINITION_REPRESENTATION(#14,#12);
#11=PROPERTY_DEFINITION_REPRESENTATION(#15,#13);
#12=REPRESENTATION('',(#16),#21952);
#13=REPRESENTATION('',(#17),#21952);
#14=PROPERTY_DEFINITION('pmi validation property','',#21969);
#15=PROPERTY_DEFINITION('pmi validation property','',#21969);
#16=VALUE_REPRESENTATION_ITEM('number of annotations',COUNT_MEASURE(0.));
#17=VALUE_REPRESENTATION_ITEM('number of views',COUNT_MEASURE(0.));
#18=B_SPLINE_CURVE_WITH_KNOTS('',3,(#21267,#21268,#21269,#21270),
 .UNSPECIFIED.,.F.,.F.,(4,4),(0.,0.00063793217450214),.UNSPECIFIED.);
#19=B_SPLINE_CURVE_WITH_KNOTS('',3,(#21275,#21276,#21277,#21278),
 .UNSPECIFIED.,.F.,.F.,(4,4),(0.,0.000638134290084001),.UNSPECIFIED.);
#20=B_SPLINE_CURVE_WITH_KNOTS('',3,(#21289,#21290,#21291,#21292,#21293),
 .UNSPECIFIED.,.F.,.F.,(4,1,4),(8.67361737988404E-19,0.000322241256426743,
0.000644482512853484),.UNSPECIFIED.);
#21=B_SPLINE_CURVE_WITH_KNOTS('',3,(#21294,#21295,#21296,#21297,#21298),
 .UNSPECIFIED.,.F.,.F.,(4,1,4),(0.,0.000322083303088443,0.000644166606176886),
 .UNSPECIFIED.);
#22=B_SPLINE_CURVE_WITH_KNOTS('',3,(#21326,#21327,#21328,#21329),
 .UNSPECIFIED.,.F.,.F.,(4,4),(0.,0.000638134290084001),.UNSPECIFIED.);
#23=B_SPLINE_CURVE_WITH_KNOTS('',3,(#21333,#21334,#21335,#21336),
 .UNSPECIFIED.,.F.,.F.,(4,4),(0.,0.000637932174502137),.UNSPECIFIED.);
#24=B_SPLINE_CURVE_WITH_KNOTS('',3,(#21360,#21361,#21362,#21363,#21364),
 .UNSPECIFIED.,.F.,.F.,(4,1,4),(0.,0.000322083303088443,0.000644166606176885),
 .UNSPECIFIED.);
#25=B_SPLINE_CURVE_WITH_KNOTS('',3,(#21369,#21370,#21371,#21372,#21373),
 .UNSPECIFIED.,.F.,.F.,(4,1,4),(0.,0.000322241256426742,0.000644482512853485),
 .UNSPECIFIED.);
#26=B_SPLINE_CURVE_WITH_KNOTS('',3,(#21409,#21410,#21411,#21412,#21413),
 .UNSPECIFIED.,.F.,.F.,(4,1,4),(8.67361737988404E-19,0.000322083303088441,
0.000644166606176882),.UNSPECIFIED.);
#27=B_SPLINE_CURVE_WITH_KNOTS('',3,(#21418,#21419,#21420,#21421,#21422),
 .UNSPECIFIED.,.F.,.F.,(4,1,4),(0.,0.000322241256426738,0.000644482512853477),
 .UNSPECIFIED.);
#28=B_SPLINE_CURVE_WITH_KNOTS('',3,(#21433,#21434,#21435,#21436),
 .UNSPECIFIED.,.F.,.F.,(4,4),(0.,0.000638135004728241),.UNSPECIFIED.);
#29=B_SPLINE_CURVE_WITH_KNOTS('',3,(#21437,#21438,#21439,#21440),
 .UNSPECIFIED.,.F.,.F.,(4,4),(0.,0.000637932917208754),.UNSPECIFIED.);
#30=B_SPLINE_CURVE_WITH_KNOTS('',3,(#21629,#21630,#21631,#21632),
 .UNSPECIFIED.,.F.,.F.,(4,4),(0.,0.000638134290084001),.UNSPECIFIED.);
#31=B_SPLINE_CURVE_WITH_KNOTS('',3,(#21636,#21637,#21638,#21639),
 .UNSPECIFIED.,.F.,.F.,(4,4),(0.,0.000637932174502139),.UNSPECIFIED.);
#32=B_SPLINE_CURVE_WITH_KNOTS('',3,(#21663,#21664,#21665,#21666,#21667),
 .UNSPECIFIED.,.F.,.F.,(4,1,4),(0.,0.000322083303088443,0.000644166606176886),
 .UNSPECIFIED.);
#33=B_SPLINE_CURVE_WITH_KNOTS('',3,(#21672,#21673,#21674,#21675,#21676),
 .UNSPECIFIED.,.F.,.F.,(4,1,4),(0.,0.000322241256426742,0.000644482512853485),
 .UNSPECIFIED.);
#34=B_SPLINE_CURVE_WITH_KNOTS('',3,(#21714,#21715,#21716,#21717),
 .UNSPECIFIED.,.F.,.F.,(4,4),(0.,0.000637932174502138),.UNSPECIFIED.);
#35=B_SPLINE_CURVE_WITH_KNOTS('',3,(#21722,#21723,#21724,#21725),
 .UNSPECIFIED.,.F.,.F.,(4,4),(0.,0.000638134290084001),.UNSPECIFIED.);
#36=B_SPLINE_CURVE_WITH_KNOTS('',3,(#21736,#21737,#21738,#21739,#21740),
 .UNSPECIFIED.,.F.,.F.,(4,1,4),(8.67361737988404E-19,0.000322241256426742,
0.000644482512853484),.UNSPECIFIED.);
#37=B_SPLINE_CURVE_WITH_KNOTS('',3,(#21741,#21742,#21743,#21744,#21745),
 .UNSPECIFIED.,.F.,.F.,(4,1,4),(0.,0.000322083303088443,0.000644166606176886),
 .UNSPECIFIED.);
#38=B_SPLINE_CURVE_WITH_KNOTS('',3,(#21803,#21804,#21805,#21806),
 .UNSPECIFIED.,.F.,.F.,(4,4),(0.,0.000637932917208759),.UNSPECIFIED.);
#39=B_SPLINE_CURVE_WITH_KNOTS('',3,(#21811,#21812,#21813,#21814),
 .UNSPECIFIED.,.F.,.F.,(4,4),(0.,0.000638135004728241),.UNSPECIFIED.);
#40=B_SPLINE_CURVE_WITH_KNOTS('',3,(#21824,#21825,#21826,#21827,#21828),
 .UNSPECIFIED.,.F.,.F.,(4,1,4),(0.,0.00032224125642674,0.00064448251285348),
 .UNSPECIFIED.);
#41=B_SPLINE_CURVE_WITH_KNOTS('',3,(#21829,#21830,#21831,#21832,#21833),
 .UNSPECIFIED.,.F.,.F.,(4,1,4),(0.,0.000322083303088441,0.000644166606176882),
 .UNSPECIFIED.);
#42=ELLIPSE('',#13754,0.353553390593274,0.25);
#43=ELLIPSE('',#13755,0.353553390593274,0.25);
#44=ELLIPSE('',#13757,0.353553390593274,0.25);
#45=ELLIPSE('',#13759,0.353553390593274,0.25);
#46=ELLIPSE('',#13760,0.353553390593274,0.25);
#47=ELLIPSE('',#13762,0.353553390593274,0.25);
#48=ELLIPSE('',#13916,0.21009757548687,0.21);
#49=ELLIPSE('',#13917,0.21009757548687,0.21);
#50=ELLIPSE('',#13919,0.21009757548687,0.21);
#51=ELLIPSE('',#13922,0.0100046464517557,0.01);
#52=ELLIPSE('',#13923,0.0100046464517557,0.01);
#53=ELLIPSE('',#13927,0.0100046464517557,0.01);
#54=ELLIPSE('',#14000,0.21009757548687,0.21);
#55=ELLIPSE('',#14003,0.0100046464517557,0.01);
#56=ELLIPSE('',#14071,0.21009757548687,0.21);
#57=ELLIPSE('',#14072,0.21009757548687,0.21);
#58=ELLIPSE('',#14075,0.21009757548687,0.21);
#59=ELLIPSE('',#14076,0.21009757548687,0.21);
#60=ELLIPSE('',#14093,0.282842712474619,0.2);
#61=ELLIPSE('',#14094,0.282842712474619,0.2);
#62=ELLIPSE('',#14096,0.282842712474619,0.2);
#63=ELLIPSE('',#14098,0.282842712474619,0.2);
#64=ELLIPSE('',#14234,0.21009757548687,0.21);
#65=ELLIPSE('',#14237,0.21009757548687,0.21);
#66=ELLIPSE('',#14238,0.21009757548687,0.21);
#67=ELLIPSE('',#14241,0.21009757548687,0.21);
#68=ELLIPSE('',#14258,0.282842712474619,0.2);
#69=ELLIPSE('',#14259,0.282842712474619,0.2);
#70=ELLIPSE('',#14261,0.282842712474619,0.2);
#71=ELLIPSE('',#14263,0.282842712474619,0.2);
#72=TOROIDAL_SURFACE('',#13626,0.303165557109331,0.23);
#73=TOROIDAL_SURFACE('',#13630,0.542592491812738,0.23);
#74=TOROIDAL_SURFACE('',#13634,0.542592491812737,0.23);
#75=TOROIDAL_SURFACE('',#13638,1.96348483894683,0.23);
#76=TOROIDAL_SURFACE('',#13858,0.627509311653009,0.23);
#77=TOROIDAL_SURFACE('',#13862,0.674821551420185,0.23);
#78=TOROIDAL_SURFACE('',#14401,0.623404078676309,0.23);
#79=TOROIDAL_SURFACE('',#14405,0.346878324291052,0.23);
#80=CONTEXT_DEPENDENT_SHAPE_REPRESENTATION(#102,#21971);
#81=CONTEXT_DEPENDENT_SHAPE_REPRESENTATION(#103,#21973);
#82=CONTEXT_DEPENDENT_SHAPE_REPRESENTATION(#104,#21975);
#83=CONTEXT_DEPENDENT_SHAPE_REPRESENTATION(#105,#21976);
#84=CONTEXT_DEPENDENT_SHAPE_REPRESENTATION(#106,#21978);
#85=CONTEXT_DEPENDENT_SHAPE_REPRESENTATION(#107,#21980);
#86=CONTEXT_DEPENDENT_SHAPE_REPRESENTATION(#108,#21982);
#87=CONTEXT_DEPENDENT_SHAPE_REPRESENTATION(#109,#21983);
#88=CONTEXT_DEPENDENT_SHAPE_REPRESENTATION(#110,#21984);
#89=CONTEXT_DEPENDENT_SHAPE_REPRESENTATION(#111,#21985);
#90=CONTEXT_DEPENDENT_SHAPE_REPRESENTATION(#112,#21986);
#91=NEXT_ASSEMBLY_USAGE_OCCURRENCE('615008160221_insert',
'615008160221_insert','615008160221_insert',#21987,#21988,'');
#92=NEXT_ASSEMBLY_USAGE_OCCURRENCE('615008160221_pin',
'615008160221_pin','615008160221_pin',#21987,#21989,'');
#93=NEXT_ASSEMBLY_USAGE_OCCURRENCE('615008160221_housing',
'615008160221_housing','615008160221_housing',#21987,#21990,'');
#94=NEXT_ASSEMBLY_USAGE_OCCURRENCE('615008160221_pin',
'615008160221_pin','615008160221_pin',#21987,#21989,'');
#95=NEXT_ASSEMBLY_USAGE_OCCURRENCE('615008160221_pin3',
'615008160221_pin3','615008160221_pin3',#21987,#21991,'');
#96=NEXT_ASSEMBLY_USAGE_OCCURRENCE('615008160221_Shielding',
'615008160221_Shielding','615008160221_Shielding',#21987,#21992,'');
#97=NEXT_ASSEMBLY_USAGE_OCCURRENCE('615008160221_pin2',
'615008160221_pin2','615008160221_pin2',#21987,#21993,'');
#98=NEXT_ASSEMBLY_USAGE_OCCURRENCE('615008160221_pin2',
'615008160221_pin2','615008160221_pin2',#21987,#21993,'');
#99=NEXT_ASSEMBLY_USAGE_OCCURRENCE('615008160221_pin2',
'615008160221_pin2','615008160221_pin2',#21987,#21993,'');
#100=NEXT_ASSEMBLY_USAGE_OCCURRENCE('615008160221_pin3',
'615008160221_pin3','615008160221_pin3',#21987,#21991,'');
#101=NEXT_ASSEMBLY_USAGE_OCCURRENCE('615008160221_pin2',
'615008160221_pin2','615008160221_pin2',#21987,#21993,'');
#102=(
REPRESENTATION_RELATIONSHIP(' ',' ',#13398,#13399)
REPRESENTATION_RELATIONSHIP_WITH_TRANSFORMATION(#113)
SHAPE_REPRESENTATION_RELATIONSHIP()
);
#103=(
REPRESENTATION_RELATIONSHIP(' ',' ',#13400,#13399)
REPRESENTATION_RELATIONSHIP_WITH_TRANSFORMATION(#114)
SHAPE_REPRESENTATION_RELATIONSHIP()
);
#104=(
REPRESENTATION_RELATIONSHIP(' ',' ',#13401,#13399)
REPRESENTATION_RELATIONSHIP_WITH_TRANSFORMATION(#115)
SHAPE_REPRESENTATION_RELATIONSHIP()
);
#105=(
REPRESENTATION_RELATIONSHIP(' ',' ',#13400,#13399)
REPRESENTATION_RELATIONSHIP_WITH_TRANSFORMATION(#116)
SHAPE_REPRESENTATION_RELATIONSHIP()
);
#106=(
REPRESENTATION_RELATIONSHIP(' ',' ',#13402,#13399)
REPRESENTATION_RELATIONSHIP_WITH_TRANSFORMATION(#117)
SHAPE_REPRESENTATION_RELATIONSHIP()
);
#107=(
REPRESENTATION_RELATIONSHIP(' ',' ',#13403,#13399)
REPRESENTATION_RELATIONSHIP_WITH_TRANSFORMATION(#118)
SHAPE_REPRESENTATION_RELATIONSHIP()
);
#108=(
REPRESENTATION_RELATIONSHIP(' ',' ',#13404,#13399)
REPRESENTATION_RELATIONSHIP_WITH_TRANSFORMATION(#119)
SHAPE_REPRESENTATION_RELATIONSHIP()
);
#109=(
REPRESENTATION_RELATIONSHIP(' ',' ',#13404,#13399)
REPRESENTATION_RELATIONSHIP_WITH_TRANSFORMATION(#120)
SHAPE_REPRESENTATION_RELATIONSHIP()
);
#110=(
REPRESENTATION_RELATIONSHIP(' ',' ',#13404,#13399)
REPRESENTATION_RELATIONSHIP_WITH_TRANSFORMATION(#121)
SHAPE_REPRESENTATION_RELATIONSHIP()
);
#111=(
REPRESENTATION_RELATIONSHIP(' ',' ',#13402,#13399)
REPRESENTATION_RELATIONSHIP_WITH_TRANSFORMATION(#122)
SHAPE_REPRESENTATION_RELATIONSHIP()
);
#112=(
REPRESENTATION_RELATIONSHIP(' ',' ',#13404,#13399)
REPRESENTATION_RELATIONSHIP_WITH_TRANSFORMATION(#123)
SHAPE_REPRESENTATION_RELATIONSHIP()
);
#113=ITEM_DEFINED_TRANSFORMATION(' ',' ',#13405,#13622);
#114=ITEM_DEFINED_TRANSFORMATION(' ',' ',#13405,#13644);
#115=ITEM_DEFINED_TRANSFORMATION(' ',' ',#13405,#13853);
#116=ITEM_DEFINED_TRANSFORMATION(' ',' ',#13405,#13854);
#117=ITEM_DEFINED_TRANSFORMATION(' ',' ',#13405,#13868);
#118=ITEM_DEFINED_TRANSFORMATION(' ',' ',#13405,#14397);
#119=ITEM_DEFINED_TRANSFORMATION(' ',' ',#13405,#14411);
#120=ITEM_DEFINED_TRANSFORMATION(' ',' ',#13405,#14412);
#121=ITEM_DEFINED_TRANSFORMATION(' ',' ',#13405,#14413);
#122=ITEM_DEFINED_TRANSFORMATION(' ',' ',#13405,#14414);
#123=ITEM_DEFINED_TRANSFORMATION(' ',' ',#13405,#14415);
#124=SHAPE_REPRESENTATION_RELATIONSHIP('','',#13398,#130);
#125=SHAPE_REPRESENTATION_RELATIONSHIP('','',#13400,#131);
#126=SHAPE_REPRESENTATION_RELATIONSHIP('','',#13401,#132);
#127=SHAPE_REPRESENTATION_RELATIONSHIP('','',#13402,#133);
#128=SHAPE_REPRESENTATION_RELATIONSHIP('','',#13403,#134);
#129=SHAPE_REPRESENTATION_RELATIONSHIP('','',#13404,#135);
#130=ADVANCED_BREP_SHAPE_REPRESENTATION('',(#13385),#21953);
#131=ADVANCED_BREP_SHAPE_REPRESENTATION('',(#13386),#21954);
#132=ADVANCED_BREP_SHAPE_REPRESENTATION('',(#13387),#21955);
#133=ADVANCED_BREP_SHAPE_REPRESENTATION('',(#13388),#21956);
#134=ADVANCED_BREP_SHAPE_REPRESENTATION('',(#13389),#21957);
#135=ADVANCED_BREP_SHAPE_REPRESENTATION('',(#13390),#21958);
#136=CIRCLE('',#13426,1.);
#137=CIRCLE('',#13427,1.);
#138=CIRCLE('',#13429,1.);
#139=CIRCLE('',#13430,1.);
#140=CIRCLE('',#13433,1.);
#141=CIRCLE('',#13434,1.);
#142=CIRCLE('',#13436,1.);
#143=CIRCLE('',#13437,1.);
#144=CIRCLE('',#13440,1.);
#145=CIRCLE('',#13441,1.);
#146=CIRCLE('',#13444,1.);
#147=CIRCLE('',#13445,1.);
#148=CIRCLE('',#13448,1.);
#149=CIRCLE('',#13449,1.);
#150=CIRCLE('',#13452,1.);
#151=CIRCLE('',#13453,1.);
#152=CIRCLE('',#13456,1.);
#153=CIRCLE('',#13457,1.);
#154=CIRCLE('',#13486,0.4);
#155=CIRCLE('',#13487,0.4);
#156=CIRCLE('',#13489,0.4);
#157=CIRCLE('',#13490,0.4);
#158=CIRCLE('',#13495,0.4);
#159=CIRCLE('',#13496,0.4);
#160=CIRCLE('',#13498,0.4);
#161=CIRCLE('',#13499,0.4);
#162=CIRCLE('',#13515,0.4);
#163=CIRCLE('',#13516,0.4);
#164=CIRCLE('',#13519,0.4);
#165=CIRCLE('',#13520,0.4);
#166=CIRCLE('',#13523,0.4);
#167=CIRCLE('',#13524,0.4);
#168=CIRCLE('',#13527,0.4);
#169=CIRCLE('',#13528,0.4);
#170=CIRCLE('',#13531,0.4);
#171=CIRCLE('',#13532,0.4);
#172=CIRCLE('',#13535,0.4);
#173=CIRCLE('',#13536,0.4);
#174=CIRCLE('',#13539,0.4);
#175=CIRCLE('',#13540,0.4);
#176=CIRCLE('',#13542,0.4);
#177=CIRCLE('',#13543,0.4);
#178=CIRCLE('',#13547,0.4);
#179=CIRCLE('',#13548,0.4);
#180=CIRCLE('',#13550,0.4);
#181=CIRCLE('',#13551,0.4);
#182=CIRCLE('',#13555,0.4);
#183=CIRCLE('',#13556,0.4);
#184=CIRCLE('',#13558,0.4);
#185=CIRCLE('',#13559,0.4);
#186=CIRCLE('',#13624,0.23);
#187=CIRCLE('',#13625,0.23);
#188=CIRCLE('',#13627,0.23);
#189=CIRCLE('',#13629,0.23);
#190=CIRCLE('',#13631,0.23);
#191=CIRCLE('',#13633,0.23);
#192=CIRCLE('',#13635,0.23);
#193=CIRCLE('',#13637,0.23);
#194=CIRCLE('',#13639,0.23);
#195=CIRCLE('',#13641,0.23);
#196=CIRCLE('',#13646,0.585);
#197=CIRCLE('',#13647,0.585);
#198=CIRCLE('',#13651,0.25);
#199=CIRCLE('',#13652,0.25);
#200=CIRCLE('',#13657,0.25);
#201=CIRCLE('',#13658,0.25);
#202=CIRCLE('',#13665,0.585);
#203=CIRCLE('',#13666,0.585);
#204=CIRCLE('',#13668,0.585);
#205=CIRCLE('',#13669,0.585);
#206=CIRCLE('',#13671,0.585);
#207=CIRCLE('',#13672,0.585);
#208=CIRCLE('',#13677,1.);
#209=CIRCLE('',#13681,1.);
#210=CIRCLE('',#13684,1.);
#211=CIRCLE('',#13742,1.);
#212=CIRCLE('',#13856,0.23);
#213=CIRCLE('',#13857,0.23);
#214=CIRCLE('',#13859,0.23);
#215=CIRCLE('',#13861,0.23);
#216=CIRCLE('',#13863,0.23);
#217=CIRCLE('',#13865,0.23);
#218=CIRCLE('',#13870,0.21);
#219=CIRCLE('',#13871,0.21);
#220=CIRCLE('',#13873,0.21);
#221=CIRCLE('',#13874,0.21);
#222=CIRCLE('',#13876,0.01);
#223=CIRCLE('',#13877,0.01);
#224=CIRCLE('',#13879,0.01);
#225=CIRCLE('',#13880,0.01);
#226=CIRCLE('',#13882,0.21);
#227=CIRCLE('',#13883,0.21);
#228=CIRCLE('',#13885,0.01);
#229=CIRCLE('',#13886,0.01);
#230=CIRCLE('',#13889,0.25);
#231=CIRCLE('',#13890,0.38);
#232=CIRCLE('',#13891,0.585);
#233=CIRCLE('',#13892,0.38);
#234=CIRCLE('',#13893,0.25);
#235=CIRCLE('',#13894,0.25);
#236=CIRCLE('',#13895,0.25);
#237=CIRCLE('',#13896,0.25);
#238=CIRCLE('',#13897,0.1);
#239=CIRCLE('',#13898,0.1);
#240=CIRCLE('',#13900,0.25);
#241=CIRCLE('',#13901,0.1);
#242=CIRCLE('',#13902,0.1);
#243=CIRCLE('',#13903,0.25);
#244=CIRCLE('',#13904,0.25);
#245=CIRCLE('',#13905,0.25);
#246=CIRCLE('',#13906,0.25);
#247=CIRCLE('',#13907,0.38);
#248=CIRCLE('',#13908,0.585);
#249=CIRCLE('',#13909,0.38);
#250=CIRCLE('',#13914,0.21);
#251=CIRCLE('',#13915,0.21);
#252=CIRCLE('',#13920,0.21);
#253=CIRCLE('',#13924,0.01);
#254=CIRCLE('',#13925,0.01);
#255=CIRCLE('',#13928,0.01);
#256=CIRCLE('',#13930,0.25);
#257=CIRCLE('',#13931,0.25);
#258=CIRCLE('',#13932,0.25);
#259=CIRCLE('',#13933,0.25);
#260=CIRCLE('',#13935,0.25);
#261=CIRCLE('',#13936,0.25);
#262=CIRCLE('',#13937,0.25);
#263=CIRCLE('',#13938,0.25);
#264=CIRCLE('',#13941,0.01);
#265=CIRCLE('',#13942,0.21);
#266=CIRCLE('',#13944,0.21);
#267=CIRCLE('',#13945,0.01);
#268=CIRCLE('',#13947,0.2);
#269=CIRCLE('',#13948,0.2);
#270=CIRCLE('',#13949,0.18);
#271=CIRCLE('',#13950,0.18);
#272=CIRCLE('',#13951,0.2);
#273=CIRCLE('',#13952,0.2);
#274=CIRCLE('',#13953,0.18);
#275=CIRCLE('',#13954,0.18);
#276=CIRCLE('',#13955,0.2);
#277=CIRCLE('',#13956,0.2);
#278=CIRCLE('',#13957,0.2);
#279=CIRCLE('',#13958,0.2);
#280=CIRCLE('',#13959,0.1);
#281=CIRCLE('',#13960,0.1);
#282=CIRCLE('',#13961,0.2);
#283=CIRCLE('',#13962,0.2);
#284=CIRCLE('',#13971,0.01);
#285=CIRCLE('',#13972,0.21);
#286=CIRCLE('',#13975,0.25);
#287=CIRCLE('',#13976,0.1);
#288=CIRCLE('',#13977,0.1);
#289=CIRCLE('',#13978,0.25);
#290=CIRCLE('',#13979,0.25);
#291=CIRCLE('',#13980,0.25);
#292=CIRCLE('',#13981,0.25);
#293=CIRCLE('',#13982,0.38);
#294=CIRCLE('',#13983,0.585);
#295=CIRCLE('',#13984,0.38);
#296=CIRCLE('',#13986,0.25);
#297=CIRCLE('',#13987,0.38);
#298=CIRCLE('',#13988,0.585);
#299=CIRCLE('',#13989,0.38);
#300=CIRCLE('',#13990,0.25);
#301=CIRCLE('',#13991,0.25);
#302=CIRCLE('',#13992,0.25);
#303=CIRCLE('',#13993,0.25);
#304=CIRCLE('',#13994,0.1);
#305=CIRCLE('',#13995,0.1);
#306=CIRCLE('',#14001,0.21);
#307=CIRCLE('',#14004,0.01);
#308=CIRCLE('',#14008,0.2);
#309=CIRCLE('',#14009,0.2);
#310=CIRCLE('',#14010,0.2);
#311=CIRCLE('',#14011,0.1);
#312=CIRCLE('',#14012,0.1);
#313=CIRCLE('',#14013,0.2);
#314=CIRCLE('',#14014,0.2);
#315=CIRCLE('',#14015,0.2);
#316=CIRCLE('',#14016,0.2);
#317=CIRCLE('',#14017,0.18);
#318=CIRCLE('',#14018,0.18);
#319=CIRCLE('',#14019,0.2);
#320=CIRCLE('',#14020,0.2);
#321=CIRCLE('',#14021,0.18);
#322=CIRCLE('',#14022,0.18);
#323=CIRCLE('',#14023,0.2);
#324=CIRCLE('',#14025,0.01);
#325=CIRCLE('',#14026,0.21);
#326=CIRCLE('',#14028,0.01);
#327=CIRCLE('',#14029,0.21);
#328=CIRCLE('',#14031,0.21);
#329=CIRCLE('',#14032,0.01);
#330=CIRCLE('',#14060,0.01);
#331=CIRCLE('',#14061,0.21);
#332=CIRCLE('',#14062,0.21);
#333=CIRCLE('',#14063,0.01);
#334=CIRCLE('',#14066,0.01);
#335=CIRCLE('',#14067,0.21);
#336=CIRCLE('',#14069,0.210000350747566);
#337=CIRCLE('',#14070,0.210000350747566);
#338=CIRCLE('',#14073,0.210000350747566);
#339=CIRCLE('',#14074,0.210000350747566);
#340=CIRCLE('',#14079,0.21);
#341=CIRCLE('',#14080,0.01);
#342=CIRCLE('',#14116,0.21);
#343=CIRCLE('',#14117,0.01);
#344=CIRCLE('',#14122,0.01);
#345=CIRCLE('',#14123,0.21);
#346=CIRCLE('',#14131,12.3585102622254);
#347=CIRCLE('',#14132,12.3585102622254);
#348=CIRCLE('',#14134,0.922226016276805);
#349=CIRCLE('',#14135,0.922226016276805);
#350=CIRCLE('',#14138,0.777006445668589);
#351=CIRCLE('',#14139,0.777006445668589);
#352=CIRCLE('',#14141,12.8870032952817);
#353=CIRCLE('',#14142,12.8870032952817);
#354=CIRCLE('',#14144,0.0117493532601165);
#355=CIRCLE('',#14145,0.0117493532601165);
#356=CIRCLE('',#14154,0.922226016276805);
#357=CIRCLE('',#14155,0.922226016276805);
#358=CIRCLE('',#14157,12.3585102622254);
#359=CIRCLE('',#14158,12.3585102622254);
#360=CIRCLE('',#14160,0.0117493532601165);
#361=CIRCLE('',#14161,0.0117493532601165);
#362=CIRCLE('',#14163,12.8870032952817);
#363=CIRCLE('',#14164,12.8870032952817);
#364=CIRCLE('',#14166,0.777006445668589);
#365=CIRCLE('',#14167,0.777006445668589);
#366=CIRCLE('',#14177,0.210000350747566);
#367=CIRCLE('',#14178,0.210000350747566);
#368=CIRCLE('',#14180,12.8870032952817);
#369=CIRCLE('',#14181,12.8870032952817);
#370=CIRCLE('',#14183,0.777006445668589);
#371=CIRCLE('',#14184,0.777006445668589);
#372=CIRCLE('',#14187,0.922248402869699);
#373=CIRCLE('',#14188,0.922248402869699);
#374=CIRCLE('',#14190,12.3585102622254);
#375=CIRCLE('',#14191,12.3585102622254);
#376=CIRCLE('',#14193,0.0129242885861281);
#377=CIRCLE('',#14194,0.0129242885861281);
#378=CIRCLE('',#14206,0.21);
#379=CIRCLE('',#14207,0.01);
#380=CIRCLE('',#14209,0.25);
#381=CIRCLE('',#14210,0.25);
#382=CIRCLE('',#14212,0.25);
#383=CIRCLE('',#14213,0.25);
#384=CIRCLE('',#14216,0.01);
#385=CIRCLE('',#14217,0.21);
#386=CIRCLE('',#14231,0.21);
#387=CIRCLE('',#14232,0.01);
#388=CIRCLE('',#14235,0.210000350747566);
#389=CIRCLE('',#14236,0.210000350747566);
#390=CIRCLE('',#14239,0.210000350747566);
#391=CIRCLE('',#14240,0.210000350747566);
#392=CIRCLE('',#14247,0.01);
#393=CIRCLE('',#14248,0.21);
#394=CIRCLE('',#14279,0.922226016276805);
#395=CIRCLE('',#14280,0.922226016276805);
#396=CIRCLE('',#14282,12.3585102622254);
#397=CIRCLE('',#14283,12.3585102622254);
#398=CIRCLE('',#14285,0.0117493532601165);
#399=CIRCLE('',#14286,0.0117493532601165);
#400=CIRCLE('',#14288,12.8870032952817);
#401=CIRCLE('',#14289,12.8870032952817);
#402=CIRCLE('',#14291,0.777006445668589);
#403=CIRCLE('',#14292,0.777006445668589);
#404=CIRCLE('',#14303,12.3585102622254);
#405=CIRCLE('',#14304,12.3585102622254);
#406=CIRCLE('',#14306,0.922226016276805);
#407=CIRCLE('',#14307,0.922226016276805);
#408=CIRCLE('',#14310,0.777006445668589);
#409=CIRCLE('',#14311,0.777006445668589);
#410=CIRCLE('',#14313,12.8870032952817);
#411=CIRCLE('',#14314,12.8870032952817);
#412=CIRCLE('',#14316,0.0117493532601165);
#413=CIRCLE('',#14317,0.0117493532601165);
#414=CIRCLE('',#14326,12.8870032952817);
#415=CIRCLE('',#14327,12.8870032952817);
#416=CIRCLE('',#14329,0.210000350747566);
#417=CIRCLE('',#14330,0.210000350747566);
#418=CIRCLE('',#14333,0.0129242885861281);
#419=CIRCLE('',#14334,0.0129242885861281);
#420=CIRCLE('',#14336,12.3585102622254);
#421=CIRCLE('',#14337,12.3585102622254);
#422=CIRCLE('',#14339,0.922248402869699);
#423=CIRCLE('',#14340,0.922248402869699);
#424=CIRCLE('',#14343,0.777006445668589);
#425=CIRCLE('',#14344,0.777006445668589);
#426=CIRCLE('',#14355,0.21);
#427=CIRCLE('',#14356,0.01);
#428=CIRCLE('',#14358,0.25);
#429=CIRCLE('',#14359,0.25);
#430=CIRCLE('',#14361,0.25);
#431=CIRCLE('',#14362,0.25);
#432=CIRCLE('',#14365,0.01);
#433=CIRCLE('',#14366,0.21);
#434=CIRCLE('',#14399,0.23);
#435=CIRCLE('',#14400,0.23);
#436=CIRCLE('',#14402,0.23);
#437=CIRCLE('',#14404,0.23);
#438=CIRCLE('',#14406,0.23);
#439=CIRCLE('',#14408,0.23);
#440=CYLINDRICAL_SURFACE('',#13425,1.);
#441=CYLINDRICAL_SURFACE('',#13428,1.);
#442=CYLINDRICAL_SURFACE('',#13432,1.);
#443=CYLINDRICAL_SURFACE('',#13435,1.);
#444=CYLINDRICAL_SURFACE('',#13439,1.);
#445=CYLINDRICAL_SURFACE('',#13443,1.);
#446=CYLINDRICAL_SURFACE('',#13447,1.);
#447=CYLINDRICAL_SURFACE('',#13451,1.);
#448=CYLINDRICAL_SURFACE('',#13455,1.);
#449=CYLINDRICAL_SURFACE('',#13606,0.4);
#450=CYLINDRICAL_SURFACE('',#13607,0.4);
#451=CYLINDRICAL_SURFACE('',#13608,0.4);
#452=CYLINDRICAL_SURFACE('',#13609,0.4);
#453=CYLINDRICAL_SURFACE('',#13610,0.4);
#454=CYLINDRICAL_SURFACE('',#13611,0.4);
#455=CYLINDRICAL_SURFACE('',#13612,0.4);
#456=CYLINDRICAL_SURFACE('',#13613,0.4);
#457=CYLINDRICAL_SURFACE('',#13614,0.4);
#458=CYLINDRICAL_SURFACE('',#13615,0.4);
#459=CYLINDRICAL_SURFACE('',#13616,0.4);
#460=CYLINDRICAL_SURFACE('',#13617,0.4);
#461=CYLINDRICAL_SURFACE('',#13618,0.4);
#462=CYLINDRICAL_SURFACE('',#13619,0.4);
#463=CYLINDRICAL_SURFACE('',#13620,0.4);
#464=CYLINDRICAL_SURFACE('',#13621,0.4);
#465=CYLINDRICAL_SURFACE('',#13623,0.23);
#466=CYLINDRICAL_SURFACE('',#13628,0.23);
#467=CYLINDRICAL_SURFACE('',#13632,0.23);
#468=CYLINDRICAL_SURFACE('',#13636,0.23);
#469=CYLINDRICAL_SURFACE('',#13640,0.23);
#470=CYLINDRICAL_SURFACE('',#13753,0.25);
#471=CYLINDRICAL_SURFACE('',#13756,0.25);
#472=CYLINDRICAL_SURFACE('',#13758,0.25);
#473=CYLINDRICAL_SURFACE('',#13761,0.25);
#474=CYLINDRICAL_SURFACE('',#13766,1.);
#475=CYLINDRICAL_SURFACE('',#13785,0.585);
#476=CYLINDRICAL_SURFACE('',#13787,0.585);
#477=CYLINDRICAL_SURFACE('',#13788,0.585);
#478=CYLINDRICAL_SURFACE('',#13790,0.585);
#479=CYLINDRICAL_SURFACE('',#13804,0.25);
#480=CYLINDRICAL_SURFACE('',#13855,0.23);
#481=CYLINDRICAL_SURFACE('',#13860,0.23);
#482=CYLINDRICAL_SURFACE('',#13864,0.23);
#483=CYLINDRICAL_SURFACE('',#13869,0.21);
#484=CYLINDRICAL_SURFACE('',#13872,0.21);
#485=CYLINDRICAL_SURFACE('',#13875,0.01);
#486=CYLINDRICAL_SURFACE('',#13878,0.01);
#487=CYLINDRICAL_SURFACE('',#13881,0.21);
#488=CYLINDRICAL_SURFACE('',#13884,0.01);
#489=CYLINDRICAL_SURFACE('',#13913,0.21);
#490=CYLINDRICAL_SURFACE('',#13918,0.21);
#491=CYLINDRICAL_SURFACE('',#13921,0.01);
#492=CYLINDRICAL_SURFACE('',#13926,0.01);
#493=CYLINDRICAL_SURFACE('',#13999,0.21);
#494=CYLINDRICAL_SURFACE('',#14002,0.01);
#495=CYLINDRICAL_SURFACE('',#14046,0.18);
#496=CYLINDRICAL_SURFACE('',#14047,0.18);
#497=CYLINDRICAL_SURFACE('',#14051,0.18);
#498=CYLINDRICAL_SURFACE('',#14052,0.18);
#499=CYLINDRICAL_SURFACE('',#14068,0.21);
#500=CYLINDRICAL_SURFACE('',#14077,0.01);
#501=CYLINDRICAL_SURFACE('',#14084,0.21);
#502=CYLINDRICAL_SURFACE('',#14085,0.01);
#503=CYLINDRICAL_SURFACE('',#14092,0.2);
#504=CYLINDRICAL_SURFACE('',#14095,0.2);
#505=CYLINDRICAL_SURFACE('',#14097,0.2);
#506=CYLINDRICAL_SURFACE('',#14099,0.2);
#507=CYLINDRICAL_SURFACE('',#14101,0.585);
#508=CYLINDRICAL_SURFACE('',#14103,0.38);
#509=CYLINDRICAL_SURFACE('',#14104,0.38);
#510=CYLINDRICAL_SURFACE('',#14108,0.21);
#511=CYLINDRICAL_SURFACE('',#14109,0.01);
#512=CYLINDRICAL_SURFACE('',#14110,0.1);
#513=CYLINDRICAL_SURFACE('',#14111,0.1);
#514=CYLINDRICAL_SURFACE('',#14124,0.21);
#515=CYLINDRICAL_SURFACE('',#14125,0.01);
#516=CYLINDRICAL_SURFACE('',#14130,12.3585102622254);
#517=CYLINDRICAL_SURFACE('',#14133,0.922226016276805);
#518=CYLINDRICAL_SURFACE('',#14137,0.777006445668589);
#519=CYLINDRICAL_SURFACE('',#14140,12.8870032952817);
#520=CYLINDRICAL_SURFACE('',#14143,0.0117493532601165);
#521=CYLINDRICAL_SURFACE('',#14148,0.4);
#522=CYLINDRICAL_SURFACE('',#14149,0.4);
#523=CYLINDRICAL_SURFACE('',#14153,0.922226016276805);
#524=CYLINDRICAL_SURFACE('',#14156,12.3585102622254);
#525=CYLINDRICAL_SURFACE('',#14159,0.0117493532601165);
#526=CYLINDRICAL_SURFACE('',#14162,12.8870032952817);
#527=CYLINDRICAL_SURFACE('',#14165,0.777006445668589);
#528=CYLINDRICAL_SURFACE('',#14171,0.4);
#529=CYLINDRICAL_SURFACE('',#14172,0.4);
#530=CYLINDRICAL_SURFACE('',#14176,0.210000350747566);
#531=CYLINDRICAL_SURFACE('',#14179,12.8870032952817);
#532=CYLINDRICAL_SURFACE('',#14182,0.777006445668589);
#533=CYLINDRICAL_SURFACE('',#14186,0.922248402869699);
#534=CYLINDRICAL_SURFACE('',#14189,12.3585102622254);
#535=CYLINDRICAL_SURFACE('',#14192,0.0129242885861281);
#536=CYLINDRICAL_SURFACE('',#14198,0.4);
#537=CYLINDRICAL_SURFACE('',#14199,0.4);
#538=CYLINDRICAL_SURFACE('',#14200,0.1);
#539=CYLINDRICAL_SURFACE('',#14201,0.1);
#540=CYLINDRICAL_SURFACE('',#14218,0.21);
#541=CYLINDRICAL_SURFACE('',#14219,0.01);
#542=CYLINDRICAL_SURFACE('',#14220,0.25);
#543=CYLINDRICAL_SURFACE('',#14221,0.25);
#544=CYLINDRICAL_SURFACE('',#14222,0.25);
#545=CYLINDRICAL_SURFACE('',#14223,0.25);
#546=CYLINDRICAL_SURFACE('',#14224,0.25);
#547=CYLINDRICAL_SURFACE('',#14225,0.25);
#548=CYLINDRICAL_SURFACE('',#14226,0.25);
#549=CYLINDRICAL_SURFACE('',#14227,0.25);
#550=CYLINDRICAL_SURFACE('',#14228,0.25);
#551=CYLINDRICAL_SURFACE('',#14233,0.21);
#552=CYLINDRICAL_SURFACE('',#14242,0.01);
#553=CYLINDRICAL_SURFACE('',#14249,0.21);
#554=CYLINDRICAL_SURFACE('',#14250,0.01);
#555=CYLINDRICAL_SURFACE('',#14257,0.2);
#556=CYLINDRICAL_SURFACE('',#14260,0.2);
#557=CYLINDRICAL_SURFACE('',#14262,0.2);
#558=CYLINDRICAL_SURFACE('',#14264,0.2);
#559=CYLINDRICAL_SURFACE('',#14267,0.585);
#560=CYLINDRICAL_SURFACE('',#14268,0.38);
#561=CYLINDRICAL_SURFACE('',#14269,0.38);
#562=CYLINDRICAL_SURFACE('',#14273,0.21);
#563=CYLINDRICAL_SURFACE('',#14274,0.01);
#564=CYLINDRICAL_SURFACE('',#14278,0.922226016276805);
#565=CYLINDRICAL_SURFACE('',#14281,12.3585102622254);
#566=CYLINDRICAL_SURFACE('',#14284,0.0117493532601165);
#567=CYLINDRICAL_SURFACE('',#14287,12.8870032952817);
#568=CYLINDRICAL_SURFACE('',#14290,0.777006445668589);
#569=CYLINDRICAL_SURFACE('',#14296,0.4);
#570=CYLINDRICAL_SURFACE('',#14297,0.4);
#571=CYLINDRICAL_SURFACE('',#14302,12.3585102622254);
#572=CYLINDRICAL_SURFACE('',#14305,0.922226016276805);
#573=CYLINDRICAL_SURFACE('',#14309,0.777006445668589);
#574=CYLINDRICAL_SURFACE('',#14312,12.8870032952817);
#575=CYLINDRICAL_SURFACE('',#14315,0.0117493532601165);
#576=CYLINDRICAL_SURFACE('',#14320,0.4);
#577=CYLINDRICAL_SURFACE('',#14321,0.4);
#578=CYLINDRICAL_SURFACE('',#14325,12.8870032952817);
#579=CYLINDRICAL_SURFACE('',#14328,0.210000350747566);
#580=CYLINDRICAL_SURFACE('',#14332,0.0129242885861281);
#581=CYLINDRICAL_SURFACE('',#14335,12.3585102622254);
#582=CYLINDRICAL_SURFACE('',#14338,0.922248402869699);
#583=CYLINDRICAL_SURFACE('',#14342,0.777006445668589);
#584=CYLINDRICAL_SURFACE('',#14347,0.4);
#585=CYLINDRICAL_SURFACE('',#14348,0.4);
#586=CYLINDRICAL_SURFACE('',#14349,0.1);
#587=CYLINDRICAL_SURFACE('',#14350,0.1);
#588=CYLINDRICAL_SURFACE('',#14367,0.21);
#589=CYLINDRICAL_SURFACE('',#14368,0.01);
#590=CYLINDRICAL_SURFACE('',#14369,0.25);
#591=CYLINDRICAL_SURFACE('',#14370,0.25);
#592=CYLINDRICAL_SURFACE('',#14371,0.25);
#593=CYLINDRICAL_SURFACE('',#14372,0.25);
#594=CYLINDRICAL_SURFACE('',#14373,0.25);
#595=CYLINDRICAL_SURFACE('',#14374,0.25);
#596=CYLINDRICAL_SURFACE('',#14375,0.25);
#597=CYLINDRICAL_SURFACE('',#14376,0.25);
#598=CYLINDRICAL_SURFACE('',#14377,0.25);
#599=CYLINDRICAL_SURFACE('',#14378,0.2);
#600=CYLINDRICAL_SURFACE('',#14379,0.2);
#601=CYLINDRICAL_SURFACE('',#14380,0.2);
#602=CYLINDRICAL_SURFACE('',#14381,0.2);
#603=CYLINDRICAL_SURFACE('',#14382,0.2);
#604=CYLINDRICAL_SURFACE('',#14383,0.2);
#605=CYLINDRICAL_SURFACE('',#14384,0.2);
#606=CYLINDRICAL_SURFACE('',#14385,0.2);
#607=CYLINDRICAL_SURFACE('',#14386,0.2);
#608=CYLINDRICAL_SURFACE('',#14387,0.2);
#609=CYLINDRICAL_SURFACE('',#14398,0.23);
#610=CYLINDRICAL_SURFACE('',#14403,0.23);
#611=CYLINDRICAL_SURFACE('',#14407,0.23);
#612=ORIENTED_EDGE('',*,*,#4464,.T.);
#613=ORIENTED_EDGE('',*,*,#4465,.T.);
#614=ORIENTED_EDGE('',*,*,#4466,.T.);
#615=ORIENTED_EDGE('',*,*,#4467,.F.);
#616=ORIENTED_EDGE('',*,*,#4468,.F.);
#617=ORIENTED_EDGE('',*,*,#4469,.T.);
#618=ORIENTED_EDGE('',*,*,#4470,.T.);
#619=ORIENTED_EDGE('',*,*,#4471,.T.);
#620=ORIENTED_EDGE('',*,*,#4472,.T.);
#621=ORIENTED_EDGE('',*,*,#4473,.T.);
#622=ORIENTED_EDGE('',*,*,#4474,.T.);
#623=ORIENTED_EDGE('',*,*,#4475,.T.);
#624=ORIENTED_EDGE('',*,*,#4476,.T.);
#625=ORIENTED_EDGE('',*,*,#4477,.T.);
#626=ORIENTED_EDGE('',*,*,#4478,.F.);
#627=ORIENTED_EDGE('',*,*,#4479,.F.);
#628=ORIENTED_EDGE('',*,*,#4480,.F.);
#629=ORIENTED_EDGE('',*,*,#4481,.T.);
#630=ORIENTED_EDGE('',*,*,#4482,.F.);
#631=ORIENTED_EDGE('',*,*,#4483,.F.);
#632=ORIENTED_EDGE('',*,*,#4484,.F.);
#633=ORIENTED_EDGE('',*,*,#4485,.T.);
#634=ORIENTED_EDGE('',*,*,#4486,.F.);
#635=ORIENTED_EDGE('',*,*,#4487,.F.);
#636=ORIENTED_EDGE('',*,*,#4488,.T.);
#637=ORIENTED_EDGE('',*,*,#4489,.F.);
#638=ORIENTED_EDGE('',*,*,#4490,.T.);
#639=ORIENTED_EDGE('',*,*,#4491,.T.);
#640=ORIENTED_EDGE('',*,*,#4492,.T.);
#641=ORIENTED_EDGE('',*,*,#4493,.F.);
#642=ORIENTED_EDGE('',*,*,#4494,.T.);
#643=ORIENTED_EDGE('',*,*,#4495,.T.);
#644=ORIENTED_EDGE('',*,*,#4496,.T.);
#645=ORIENTED_EDGE('',*,*,#4497,.F.);
#646=ORIENTED_EDGE('',*,*,#4498,.T.);
#647=ORIENTED_EDGE('',*,*,#4499,.T.);
#648=ORIENTED_EDGE('',*,*,#4500,.F.);
#649=ORIENTED_EDGE('',*,*,#4501,.T.);
#650=ORIENTED_EDGE('',*,*,#4502,.T.);
#651=ORIENTED_EDGE('',*,*,#4503,.T.);
#652=ORIENTED_EDGE('',*,*,#4504,.F.);
#653=ORIENTED_EDGE('',*,*,#4505,.F.);
#654=ORIENTED_EDGE('',*,*,#4506,.T.);
#655=ORIENTED_EDGE('',*,*,#4507,.T.);
#656=ORIENTED_EDGE('',*,*,#4508,.T.);
#657=ORIENTED_EDGE('',*,*,#4509,.T.);
#658=ORIENTED_EDGE('',*,*,#4510,.F.);
#659=ORIENTED_EDGE('',*,*,#4511,.F.);
#660=ORIENTED_EDGE('',*,*,#4512,.F.);
#661=ORIENTED_EDGE('',*,*,#4513,.T.);
#662=ORIENTED_EDGE('',*,*,#4514,.F.);
#663=ORIENTED_EDGE('',*,*,#4515,.T.);
#664=ORIENTED_EDGE('',*,*,#4516,.T.);
#665=ORIENTED_EDGE('',*,*,#4517,.T.);
#666=ORIENTED_EDGE('',*,*,#4518,.F.);
#667=ORIENTED_EDGE('',*,*,#4519,.T.);
#668=ORIENTED_EDGE('',*,*,#4520,.F.);
#669=ORIENTED_EDGE('',*,*,#4521,.T.);
#670=ORIENTED_EDGE('',*,*,#4522,.T.);
#671=ORIENTED_EDGE('',*,*,#4523,.T.);
#672=ORIENTED_EDGE('',*,*,#4524,.F.);
#673=ORIENTED_EDGE('',*,*,#4525,.T.);
#674=ORIENTED_EDGE('',*,*,#4526,.T.);
#675=ORIENTED_EDGE('',*,*,#4527,.T.);
#676=ORIENTED_EDGE('',*,*,#4528,.T.);
#677=ORIENTED_EDGE('',*,*,#4529,.F.);
#678=ORIENTED_EDGE('',*,*,#4530,.T.);
#679=ORIENTED_EDGE('',*,*,#4531,.T.);
#680=ORIENTED_EDGE('',*,*,#4532,.F.);
#681=ORIENTED_EDGE('',*,*,#4533,.F.);
#682=ORIENTED_EDGE('',*,*,#4534,.T.);
#683=ORIENTED_EDGE('',*,*,#4535,.F.);
#684=ORIENTED_EDGE('',*,*,#4536,.T.);
#685=ORIENTED_EDGE('',*,*,#4537,.T.);
#686=ORIENTED_EDGE('',*,*,#4538,.F.);
#687=ORIENTED_EDGE('',*,*,#4539,.T.);
#688=ORIENTED_EDGE('',*,*,#4540,.T.);
#689=ORIENTED_EDGE('',*,*,#4541,.T.);
#690=ORIENTED_EDGE('',*,*,#4542,.F.);
#691=ORIENTED_EDGE('',*,*,#4543,.T.);
#692=ORIENTED_EDGE('',*,*,#4544,.F.);
#693=ORIENTED_EDGE('',*,*,#4545,.F.);
#694=ORIENTED_EDGE('',*,*,#4546,.F.);
#695=ORIENTED_EDGE('',*,*,#4547,.T.);
#696=ORIENTED_EDGE('',*,*,#4548,.F.);
#697=ORIENTED_EDGE('',*,*,#4549,.F.);
#698=ORIENTED_EDGE('',*,*,#4550,.F.);
#699=ORIENTED_EDGE('',*,*,#4551,.T.);
#700=ORIENTED_EDGE('',*,*,#4552,.F.);
#701=ORIENTED_EDGE('',*,*,#4553,.F.);
#702=ORIENTED_EDGE('',*,*,#4554,.F.);
#703=ORIENTED_EDGE('',*,*,#4555,.T.);
#704=ORIENTED_EDGE('',*,*,#4556,.T.);
#705=ORIENTED_EDGE('',*,*,#4557,.T.);
#706=ORIENTED_EDGE('',*,*,#4558,.T.);
#707=ORIENTED_EDGE('',*,*,#4559,.T.);
#708=ORIENTED_EDGE('',*,*,#4560,.F.);
#709=ORIENTED_EDGE('',*,*,#4561,.T.);
#710=ORIENTED_EDGE('',*,*,#4562,.T.);
#711=ORIENTED_EDGE('',*,*,#4563,.T.);
#712=ORIENTED_EDGE('',*,*,#4564,.F.);
#713=ORIENTED_EDGE('',*,*,#4565,.T.);
#714=ORIENTED_EDGE('',*,*,#4566,.T.);
#715=ORIENTED_EDGE('',*,*,#4567,.T.);
#716=ORIENTED_EDGE('',*,*,#4568,.F.);
#717=ORIENTED_EDGE('',*,*,#4569,.T.);
#718=ORIENTED_EDGE('',*,*,#4570,.T.);
#719=ORIENTED_EDGE('',*,*,#4571,.T.);
#720=ORIENTED_EDGE('',*,*,#4572,.F.);
#721=ORIENTED_EDGE('',*,*,#4573,.T.);
#722=ORIENTED_EDGE('',*,*,#4574,.T.);
#723=ORIENTED_EDGE('',*,*,#4575,.T.);
#724=ORIENTED_EDGE('',*,*,#4576,.F.);
#725=ORIENTED_EDGE('',*,*,#4577,.T.);
#726=ORIENTED_EDGE('',*,*,#4578,.T.);
#727=ORIENTED_EDGE('',*,*,#4579,.T.);
#728=ORIENTED_EDGE('',*,*,#4580,.F.);
#729=ORIENTED_EDGE('',*,*,#4581,.T.);
#730=ORIENTED_EDGE('',*,*,#4582,.F.);
#731=ORIENTED_EDGE('',*,*,#4583,.T.);
#732=ORIENTED_EDGE('',*,*,#4584,.T.);
#733=ORIENTED_EDGE('',*,*,#4585,.T.);
#734=ORIENTED_EDGE('',*,*,#4527,.F.);
#735=ORIENTED_EDGE('',*,*,#4586,.T.);
#736=ORIENTED_EDGE('',*,*,#4585,.F.);
#737=ORIENTED_EDGE('',*,*,#4587,.F.);
#738=ORIENTED_EDGE('',*,*,#4588,.F.);
#739=ORIENTED_EDGE('',*,*,#4589,.T.);
#740=ORIENTED_EDGE('',*,*,#4523,.F.);
#741=ORIENTED_EDGE('',*,*,#4590,.T.);
#742=ORIENTED_EDGE('',*,*,#4591,.F.);
#743=ORIENTED_EDGE('',*,*,#4592,.T.);
#744=ORIENTED_EDGE('',*,*,#4593,.T.);
#745=ORIENTED_EDGE('',*,*,#4594,.T.);
#746=ORIENTED_EDGE('',*,*,#4595,.F.);
#747=ORIENTED_EDGE('',*,*,#4596,.T.);
#748=ORIENTED_EDGE('',*,*,#4594,.F.);
#749=ORIENTED_EDGE('',*,*,#4597,.T.);
#750=ORIENTED_EDGE('',*,*,#4598,.F.);
#751=ORIENTED_EDGE('',*,*,#4599,.T.);
#752=ORIENTED_EDGE('',*,*,#4600,.F.);
#753=ORIENTED_EDGE('',*,*,#4601,.F.);
#754=ORIENTED_EDGE('',*,*,#4602,.F.);
#755=ORIENTED_EDGE('',*,*,#4603,.T.);
#756=ORIENTED_EDGE('',*,*,#4604,.T.);
#757=ORIENTED_EDGE('',*,*,#4605,.T.);
#758=ORIENTED_EDGE('',*,*,#4606,.F.);
#759=ORIENTED_EDGE('',*,*,#4607,.T.);
#760=ORIENTED_EDGE('',*,*,#4605,.F.);
#761=ORIENTED_EDGE('',*,*,#4608,.T.);
#762=ORIENTED_EDGE('',*,*,#4609,.F.);
#763=ORIENTED_EDGE('',*,*,#4610,.T.);
#764=ORIENTED_EDGE('',*,*,#4611,.T.);
#765=ORIENTED_EDGE('',*,*,#4612,.T.);
#766=ORIENTED_EDGE('',*,*,#4613,.F.);
#767=ORIENTED_EDGE('',*,*,#4614,.T.);
#768=ORIENTED_EDGE('',*,*,#4612,.F.);
#769=ORIENTED_EDGE('',*,*,#4615,.T.);
#770=ORIENTED_EDGE('',*,*,#4616,.F.);
#771=ORIENTED_EDGE('',*,*,#4617,.T.);
#772=ORIENTED_EDGE('',*,*,#4618,.T.);
#773=ORIENTED_EDGE('',*,*,#4619,.T.);
#774=ORIENTED_EDGE('',*,*,#4534,.F.);
#775=ORIENTED_EDGE('',*,*,#4620,.T.);
#776=ORIENTED_EDGE('',*,*,#4619,.F.);
#777=ORIENTED_EDGE('',*,*,#4621,.T.);
#778=ORIENTED_EDGE('',*,*,#4622,.F.);
#779=ORIENTED_EDGE('',*,*,#4623,.T.);
#780=ORIENTED_EDGE('',*,*,#4624,.T.);
#781=ORIENTED_EDGE('',*,*,#4625,.T.);
#782=ORIENTED_EDGE('',*,*,#4530,.F.);
#783=ORIENTED_EDGE('',*,*,#4626,.T.);
#784=ORIENTED_EDGE('',*,*,#4625,.F.);
#785=ORIENTED_EDGE('',*,*,#4627,.T.);
#786=ORIENTED_EDGE('',*,*,#4628,.F.);
#787=ORIENTED_EDGE('',*,*,#4629,.T.);
#788=ORIENTED_EDGE('',*,*,#4630,.T.);
#789=ORIENTED_EDGE('',*,*,#4631,.T.);
#790=ORIENTED_EDGE('',*,*,#4519,.F.);
#791=ORIENTED_EDGE('',*,*,#4632,.T.);
#792=ORIENTED_EDGE('',*,*,#4631,.F.);
#793=ORIENTED_EDGE('',*,*,#4633,.T.);
#794=ORIENTED_EDGE('',*,*,#4634,.T.);
#795=ORIENTED_EDGE('',*,*,#4635,.T.);
#796=ORIENTED_EDGE('',*,*,#4588,.T.);
#797=ORIENTED_EDGE('',*,*,#4636,.F.);
#798=ORIENTED_EDGE('',*,*,#4637,.T.);
#799=ORIENTED_EDGE('',*,*,#4638,.T.);
#800=ORIENTED_EDGE('',*,*,#4498,.F.);
#801=ORIENTED_EDGE('',*,*,#4639,.F.);
#802=ORIENTED_EDGE('',*,*,#4640,.T.);
#803=ORIENTED_EDGE('',*,*,#4641,.T.);
#804=ORIENTED_EDGE('',*,*,#4506,.F.);
#805=ORIENTED_EDGE('',*,*,#4642,.T.);
#806=ORIENTED_EDGE('',*,*,#4643,.T.);
#807=ORIENTED_EDGE('',*,*,#4644,.T.);
#808=ORIENTED_EDGE('',*,*,#4645,.F.);
#809=ORIENTED_EDGE('',*,*,#4646,.F.);
#810=ORIENTED_EDGE('',*,*,#4647,.T.);
#811=ORIENTED_EDGE('',*,*,#4648,.T.);
#812=ORIENTED_EDGE('',*,*,#4649,.T.);
#813=ORIENTED_EDGE('',*,*,#4650,.F.);
#814=ORIENTED_EDGE('',*,*,#4651,.F.);
#815=ORIENTED_EDGE('',*,*,#4652,.T.);
#816=ORIENTED_EDGE('',*,*,#4653,.T.);
#817=ORIENTED_EDGE('',*,*,#4654,.F.);
#818=ORIENTED_EDGE('',*,*,#4655,.F.);
#819=ORIENTED_EDGE('',*,*,#4656,.T.);
#820=ORIENTED_EDGE('',*,*,#4657,.F.);
#821=ORIENTED_EDGE('',*,*,#4658,.F.);
#822=ORIENTED_EDGE('',*,*,#4659,.T.);
#823=ORIENTED_EDGE('',*,*,#4660,.F.);
#824=ORIENTED_EDGE('',*,*,#4661,.F.);
#825=ORIENTED_EDGE('',*,*,#4662,.F.);
#826=ORIENTED_EDGE('',*,*,#4532,.T.);
#827=ORIENTED_EDGE('',*,*,#4663,.T.);
#828=ORIENTED_EDGE('',*,*,#4664,.T.);
#829=ORIENTED_EDGE('',*,*,#4665,.T.);
#830=ORIENTED_EDGE('',*,*,#4529,.T.);
#831=ORIENTED_EDGE('',*,*,#4666,.T.);
#832=ORIENTED_EDGE('',*,*,#4483,.T.);
#833=ORIENTED_EDGE('',*,*,#4667,.F.);
#834=ORIENTED_EDGE('',*,*,#4668,.T.);
#835=ORIENTED_EDGE('',*,*,#4669,.F.);
#836=ORIENTED_EDGE('',*,*,#4670,.F.);
#837=ORIENTED_EDGE('',*,*,#4671,.T.);
#838=ORIENTED_EDGE('',*,*,#4672,.T.);
#839=ORIENTED_EDGE('',*,*,#4673,.F.);
#840=ORIENTED_EDGE('',*,*,#4674,.T.);
#841=ORIENTED_EDGE('',*,*,#4675,.T.);
#842=ORIENTED_EDGE('',*,*,#4473,.F.);
#843=ORIENTED_EDGE('',*,*,#4676,.T.);
#844=ORIENTED_EDGE('',*,*,#4677,.T.);
#845=ORIENTED_EDGE('',*,*,#4484,.T.);
#846=ORIENTED_EDGE('',*,*,#4666,.F.);
#847=ORIENTED_EDGE('',*,*,#4528,.F.);
#848=ORIENTED_EDGE('',*,*,#4587,.T.);
#849=ORIENTED_EDGE('',*,*,#4584,.F.);
#850=ORIENTED_EDGE('',*,*,#4678,.F.);
#851=ORIENTED_EDGE('',*,*,#4679,.F.);
#852=ORIENTED_EDGE('',*,*,#4488,.F.);
#853=ORIENTED_EDGE('',*,*,#4680,.F.);
#854=ORIENTED_EDGE('',*,*,#4681,.F.);
#855=ORIENTED_EDGE('',*,*,#4668,.F.);
#856=ORIENTED_EDGE('',*,*,#4682,.T.);
#857=ORIENTED_EDGE('',*,*,#4481,.F.);
#858=ORIENTED_EDGE('',*,*,#4683,.F.);
#859=ORIENTED_EDGE('',*,*,#4645,.T.);
#860=ORIENTED_EDGE('',*,*,#4684,.F.);
#861=ORIENTED_EDGE('',*,*,#4685,.F.);
#862=ORIENTED_EDGE('',*,*,#4686,.T.);
#863=ORIENTED_EDGE('',*,*,#4687,.T.);
#864=ORIENTED_EDGE('',*,*,#4688,.T.);
#865=ORIENTED_EDGE('',*,*,#4689,.F.);
#866=ORIENTED_EDGE('',*,*,#4690,.T.);
#867=ORIENTED_EDGE('',*,*,#4691,.T.);
#868=ORIENTED_EDGE('',*,*,#4692,.T.);
#869=ORIENTED_EDGE('',*,*,#4693,.F.);
#870=ORIENTED_EDGE('',*,*,#4694,.T.);
#871=ORIENTED_EDGE('',*,*,#4695,.T.);
#872=ORIENTED_EDGE('',*,*,#4696,.T.);
#873=ORIENTED_EDGE('',*,*,#4697,.F.);
#874=ORIENTED_EDGE('',*,*,#4698,.F.);
#875=ORIENTED_EDGE('',*,*,#4699,.T.);
#876=ORIENTED_EDGE('',*,*,#4467,.T.);
#877=ORIENTED_EDGE('',*,*,#4700,.T.);
#878=ORIENTED_EDGE('',*,*,#4701,.F.);
#879=ORIENTED_EDGE('',*,*,#4657,.T.);
#880=ORIENTED_EDGE('',*,*,#4702,.F.);
#881=ORIENTED_EDGE('',*,*,#4703,.F.);
#882=ORIENTED_EDGE('',*,*,#4704,.F.);
#883=ORIENTED_EDGE('',*,*,#4705,.T.);
#884=ORIENTED_EDGE('',*,*,#4706,.F.);
#885=ORIENTED_EDGE('',*,*,#4707,.F.);
#886=ORIENTED_EDGE('',*,*,#4708,.F.);
#887=ORIENTED_EDGE('',*,*,#4709,.T.);
#888=ORIENTED_EDGE('',*,*,#4710,.T.);
#889=ORIENTED_EDGE('',*,*,#4711,.T.);
#890=ORIENTED_EDGE('',*,*,#4712,.T.);
#891=ORIENTED_EDGE('',*,*,#4713,.F.);
#892=ORIENTED_EDGE('',*,*,#4714,.T.);
#893=ORIENTED_EDGE('',*,*,#4715,.T.);
#894=ORIENTED_EDGE('',*,*,#4698,.T.);
#895=ORIENTED_EDGE('',*,*,#4716,.T.);
#896=ORIENTED_EDGE('',*,*,#4717,.T.);
#897=ORIENTED_EDGE('',*,*,#4718,.T.);
#898=ORIENTED_EDGE('',*,*,#4601,.T.);
#899=ORIENTED_EDGE('',*,*,#4719,.T.);
#900=ORIENTED_EDGE('',*,*,#4658,.T.);
#901=ORIENTED_EDGE('',*,*,#4701,.T.);
#902=ORIENTED_EDGE('',*,*,#4720,.F.);
#903=ORIENTED_EDGE('',*,*,#4721,.F.);
#904=ORIENTED_EDGE('',*,*,#4722,.T.);
#905=ORIENTED_EDGE('',*,*,#4493,.T.);
#906=ORIENTED_EDGE('',*,*,#4723,.F.);
#907=ORIENTED_EDGE('',*,*,#4724,.F.);
#908=ORIENTED_EDGE('',*,*,#4725,.F.);
#909=ORIENTED_EDGE('',*,*,#4726,.T.);
#910=ORIENTED_EDGE('',*,*,#4678,.T.);
#911=ORIENTED_EDGE('',*,*,#4583,.F.);
#912=ORIENTED_EDGE('',*,*,#4727,.F.);
#913=ORIENTED_EDGE('',*,*,#4581,.F.);
#914=ORIENTED_EDGE('',*,*,#4728,.F.);
#915=ORIENTED_EDGE('',*,*,#4634,.F.);
#916=ORIENTED_EDGE('',*,*,#4729,.F.);
#917=ORIENTED_EDGE('',*,*,#4577,.F.);
#918=ORIENTED_EDGE('',*,*,#4730,.F.);
#919=ORIENTED_EDGE('',*,*,#4629,.F.);
#920=ORIENTED_EDGE('',*,*,#4731,.F.);
#921=ORIENTED_EDGE('',*,*,#4732,.F.);
#922=ORIENTED_EDGE('',*,*,#4733,.F.);
#923=ORIENTED_EDGE('',*,*,#4623,.F.);
#924=ORIENTED_EDGE('',*,*,#4734,.F.);
#925=ORIENTED_EDGE('',*,*,#4573,.F.);
#926=ORIENTED_EDGE('',*,*,#4735,.F.);
#927=ORIENTED_EDGE('',*,*,#4617,.F.);
#928=ORIENTED_EDGE('',*,*,#4736,.F.);
#929=ORIENTED_EDGE('',*,*,#4737,.F.);
#930=ORIENTED_EDGE('',*,*,#4738,.F.);
#931=ORIENTED_EDGE('',*,*,#4610,.F.);
#932=ORIENTED_EDGE('',*,*,#4739,.F.);
#933=ORIENTED_EDGE('',*,*,#4569,.F.);
#934=ORIENTED_EDGE('',*,*,#4740,.F.);
#935=ORIENTED_EDGE('',*,*,#4603,.F.);
#936=ORIENTED_EDGE('',*,*,#4741,.F.);
#937=ORIENTED_EDGE('',*,*,#4565,.F.);
#938=ORIENTED_EDGE('',*,*,#4742,.F.);
#939=ORIENTED_EDGE('',*,*,#4592,.F.);
#940=ORIENTED_EDGE('',*,*,#4743,.F.);
#941=ORIENTED_EDGE('',*,*,#4561,.F.);
#942=ORIENTED_EDGE('',*,*,#4744,.F.);
#943=ORIENTED_EDGE('',*,*,#4745,.F.);
#944=ORIENTED_EDGE('',*,*,#4717,.F.);
#945=ORIENTED_EDGE('',*,*,#4746,.T.);
#946=ORIENTED_EDGE('',*,*,#4747,.F.);
#947=ORIENTED_EDGE('',*,*,#4748,.F.);
#948=ORIENTED_EDGE('',*,*,#4749,.F.);
#949=ORIENTED_EDGE('',*,*,#4750,.T.);
#950=ORIENTED_EDGE('',*,*,#4751,.F.);
#951=ORIENTED_EDGE('',*,*,#4752,.F.);
#952=ORIENTED_EDGE('',*,*,#4753,.F.);
#953=ORIENTED_EDGE('',*,*,#4754,.T.);
#954=ORIENTED_EDGE('',*,*,#4755,.F.);
#955=ORIENTED_EDGE('',*,*,#4756,.F.);
#956=ORIENTED_EDGE('',*,*,#4757,.F.);
#957=ORIENTED_EDGE('',*,*,#4758,.T.);
#958=ORIENTED_EDGE('',*,*,#4759,.T.);
#959=ORIENTED_EDGE('',*,*,#4512,.T.);
#960=ORIENTED_EDGE('',*,*,#4760,.T.);
#961=ORIENTED_EDGE('',*,*,#4761,.T.);
#962=ORIENTED_EDGE('',*,*,#4762,.F.);
#963=ORIENTED_EDGE('',*,*,#4763,.F.);
#964=ORIENTED_EDGE('',*,*,#4764,.F.);
#965=ORIENTED_EDGE('',*,*,#4765,.T.);
#966=ORIENTED_EDGE('',*,*,#4766,.F.);
#967=ORIENTED_EDGE('',*,*,#4767,.F.);
#968=ORIENTED_EDGE('',*,*,#4768,.F.);
#969=ORIENTED_EDGE('',*,*,#4769,.T.);
#970=ORIENTED_EDGE('',*,*,#4770,.F.);
#971=ORIENTED_EDGE('',*,*,#4771,.F.);
#972=ORIENTED_EDGE('',*,*,#4772,.F.);
#973=ORIENTED_EDGE('',*,*,#4721,.T.);
#974=ORIENTED_EDGE('',*,*,#4773,.F.);
#975=ORIENTED_EDGE('',*,*,#4769,.F.);
#976=ORIENTED_EDGE('',*,*,#4774,.T.);
#977=ORIENTED_EDGE('',*,*,#4497,.T.);
#978=ORIENTED_EDGE('',*,*,#4775,.F.);
#979=ORIENTED_EDGE('',*,*,#4765,.F.);
#980=ORIENTED_EDGE('',*,*,#4776,.T.);
#981=ORIENTED_EDGE('',*,*,#4500,.T.);
#982=ORIENTED_EDGE('',*,*,#4777,.F.);
#983=ORIENTED_EDGE('',*,*,#4761,.F.);
#984=ORIENTED_EDGE('',*,*,#4778,.T.);
#985=ORIENTED_EDGE('',*,*,#4504,.T.);
#986=ORIENTED_EDGE('',*,*,#4779,.F.);
#987=ORIENTED_EDGE('',*,*,#4758,.F.);
#988=ORIENTED_EDGE('',*,*,#4780,.T.);
#989=ORIENTED_EDGE('',*,*,#4685,.T.);
#990=ORIENTED_EDGE('',*,*,#4781,.F.);
#991=ORIENTED_EDGE('',*,*,#4754,.F.);
#992=ORIENTED_EDGE('',*,*,#4782,.T.);
#993=ORIENTED_EDGE('',*,*,#4689,.T.);
#994=ORIENTED_EDGE('',*,*,#4783,.F.);
#995=ORIENTED_EDGE('',*,*,#4750,.F.);
#996=ORIENTED_EDGE('',*,*,#4784,.T.);
#997=ORIENTED_EDGE('',*,*,#4693,.T.);
#998=ORIENTED_EDGE('',*,*,#4785,.F.);
#999=ORIENTED_EDGE('',*,*,#4746,.F.);
#1000=ORIENTED_EDGE('',*,*,#4716,.F.);
#1001=ORIENTED_EDGE('',*,*,#4697,.T.);
#1002=ORIENTED_EDGE('',*,*,#4745,.T.);
#1003=ORIENTED_EDGE('',*,*,#4786,.T.);
#1004=ORIENTED_EDGE('',*,*,#4598,.T.);
#1005=ORIENTED_EDGE('',*,*,#4718,.F.);
#1006=ORIENTED_EDGE('',*,*,#4787,.F.);
#1007=ORIENTED_EDGE('',*,*,#4788,.T.);
#1008=ORIENTED_EDGE('',*,*,#4789,.T.);
#1009=ORIENTED_EDGE('',*,*,#4595,.T.);
#1010=ORIENTED_EDGE('',*,*,#4790,.F.);
#1011=ORIENTED_EDGE('',*,*,#4791,.T.);
#1012=ORIENTED_EDGE('',*,*,#4792,.T.);
#1013=ORIENTED_EDGE('',*,*,#4606,.T.);
#1014=ORIENTED_EDGE('',*,*,#4793,.F.);
#1015=ORIENTED_EDGE('',*,*,#4794,.T.);
#1016=ORIENTED_EDGE('',*,*,#4795,.T.);
#1017=ORIENTED_EDGE('',*,*,#4613,.T.);
#1018=ORIENTED_EDGE('',*,*,#4796,.T.);
#1019=ORIENTED_EDGE('',*,*,#4659,.F.);
#1020=ORIENTED_EDGE('',*,*,#4719,.F.);
#1021=ORIENTED_EDGE('',*,*,#4600,.T.);
#1022=ORIENTED_EDGE('',*,*,#4679,.T.);
#1023=ORIENTED_EDGE('',*,*,#4726,.F.);
#1024=ORIENTED_EDGE('',*,*,#4797,.T.);
#1025=ORIENTED_EDGE('',*,*,#4489,.T.);
#1026=ORIENTED_EDGE('',*,*,#4747,.T.);
#1027=ORIENTED_EDGE('',*,*,#4785,.T.);
#1028=ORIENTED_EDGE('',*,*,#4696,.F.);
#1029=ORIENTED_EDGE('',*,*,#4798,.F.);
#1030=ORIENTED_EDGE('',*,*,#4749,.T.);
#1031=ORIENTED_EDGE('',*,*,#4799,.T.);
#1032=ORIENTED_EDGE('',*,*,#4694,.F.);
#1033=ORIENTED_EDGE('',*,*,#4784,.F.);
#1034=ORIENTED_EDGE('',*,*,#4748,.T.);
#1035=ORIENTED_EDGE('',*,*,#4798,.T.);
#1036=ORIENTED_EDGE('',*,*,#4695,.F.);
#1037=ORIENTED_EDGE('',*,*,#4799,.F.);
#1038=ORIENTED_EDGE('',*,*,#4751,.T.);
#1039=ORIENTED_EDGE('',*,*,#4783,.T.);
#1040=ORIENTED_EDGE('',*,*,#4692,.F.);
#1041=ORIENTED_EDGE('',*,*,#4800,.F.);
#1042=ORIENTED_EDGE('',*,*,#4753,.T.);
#1043=ORIENTED_EDGE('',*,*,#4801,.T.);
#1044=ORIENTED_EDGE('',*,*,#4690,.F.);
#1045=ORIENTED_EDGE('',*,*,#4782,.F.);
#1046=ORIENTED_EDGE('',*,*,#4752,.T.);
#1047=ORIENTED_EDGE('',*,*,#4800,.T.);
#1048=ORIENTED_EDGE('',*,*,#4691,.F.);
#1049=ORIENTED_EDGE('',*,*,#4801,.F.);
#1050=ORIENTED_EDGE('',*,*,#4755,.T.);
#1051=ORIENTED_EDGE('',*,*,#4781,.T.);
#1052=ORIENTED_EDGE('',*,*,#4688,.F.);
#1053=ORIENTED_EDGE('',*,*,#4802,.F.);
#1054=ORIENTED_EDGE('',*,*,#4757,.T.);
#1055=ORIENTED_EDGE('',*,*,#4803,.T.);
#1056=ORIENTED_EDGE('',*,*,#4686,.F.);
#1057=ORIENTED_EDGE('',*,*,#4780,.F.);
#1058=ORIENTED_EDGE('',*,*,#4756,.T.);
#1059=ORIENTED_EDGE('',*,*,#4802,.T.);
#1060=ORIENTED_EDGE('',*,*,#4687,.F.);
#1061=ORIENTED_EDGE('',*,*,#4803,.F.);
#1062=ORIENTED_EDGE('',*,*,#4779,.T.);
#1063=ORIENTED_EDGE('',*,*,#4684,.T.);
#1064=ORIENTED_EDGE('',*,*,#4644,.F.);
#1065=ORIENTED_EDGE('',*,*,#4804,.T.);
#1066=ORIENTED_EDGE('',*,*,#4805,.F.);
#1067=ORIENTED_EDGE('',*,*,#4806,.T.);
#1068=ORIENTED_EDGE('',*,*,#4660,.T.);
#1069=ORIENTED_EDGE('',*,*,#4796,.F.);
#1070=ORIENTED_EDGE('',*,*,#4615,.F.);
#1071=ORIENTED_EDGE('',*,*,#4611,.F.);
#1072=ORIENTED_EDGE('',*,*,#4738,.T.);
#1073=ORIENTED_EDGE('',*,*,#4807,.T.);
#1074=ORIENTED_EDGE('',*,*,#4808,.T.);
#1075=ORIENTED_EDGE('',*,*,#4809,.F.);
#1076=ORIENTED_EDGE('',*,*,#4810,.T.);
#1077=ORIENTED_EDGE('',*,*,#4811,.T.);
#1078=ORIENTED_EDGE('',*,*,#4812,.T.);
#1079=ORIENTED_EDGE('',*,*,#4513,.F.);
#1080=ORIENTED_EDGE('',*,*,#4759,.F.);
#1081=ORIENTED_EDGE('',*,*,#4511,.T.);
#1082=ORIENTED_EDGE('',*,*,#4813,.F.);
#1083=ORIENTED_EDGE('',*,*,#4814,.F.);
#1084=ORIENTED_EDGE('',*,*,#4815,.T.);
#1085=ORIENTED_EDGE('',*,*,#4816,.T.);
#1086=ORIENTED_EDGE('',*,*,#4817,.T.);
#1087=ORIENTED_EDGE('',*,*,#4818,.F.);
#1088=ORIENTED_EDGE('',*,*,#4736,.T.);
#1089=ORIENTED_EDGE('',*,*,#4616,.T.);
#1090=ORIENTED_EDGE('',*,*,#4620,.F.);
#1091=ORIENTED_EDGE('',*,*,#4533,.T.);
#1092=ORIENTED_EDGE('',*,*,#4662,.T.);
#1093=ORIENTED_EDGE('',*,*,#4819,.F.);
#1094=ORIENTED_EDGE('',*,*,#4820,.T.);
#1095=ORIENTED_EDGE('',*,*,#4821,.F.);
#1096=ORIENTED_EDGE('',*,*,#4642,.F.);
#1097=ORIENTED_EDGE('',*,*,#4505,.T.);
#1098=ORIENTED_EDGE('',*,*,#4778,.F.);
#1099=ORIENTED_EDGE('',*,*,#4760,.F.);
#1100=ORIENTED_EDGE('',*,*,#4762,.T.);
#1101=ORIENTED_EDGE('',*,*,#4777,.T.);
#1102=ORIENTED_EDGE('',*,*,#4503,.F.);
#1103=ORIENTED_EDGE('',*,*,#4822,.F.);
#1104=ORIENTED_EDGE('',*,*,#4764,.T.);
#1105=ORIENTED_EDGE('',*,*,#4823,.T.);
#1106=ORIENTED_EDGE('',*,*,#4501,.F.);
#1107=ORIENTED_EDGE('',*,*,#4776,.F.);
#1108=ORIENTED_EDGE('',*,*,#4763,.T.);
#1109=ORIENTED_EDGE('',*,*,#4822,.T.);
#1110=ORIENTED_EDGE('',*,*,#4502,.F.);
#1111=ORIENTED_EDGE('',*,*,#4823,.F.);
#1112=ORIENTED_EDGE('',*,*,#4766,.T.);
#1113=ORIENTED_EDGE('',*,*,#4775,.T.);
#1114=ORIENTED_EDGE('',*,*,#4499,.F.);
#1115=ORIENTED_EDGE('',*,*,#4638,.F.);
#1116=ORIENTED_EDGE('',*,*,#4824,.T.);
#1117=ORIENTED_EDGE('',*,*,#4825,.F.);
#1118=ORIENTED_EDGE('',*,*,#4826,.T.);
#1119=ORIENTED_EDGE('',*,*,#4663,.F.);
#1120=ORIENTED_EDGE('',*,*,#4531,.F.);
#1121=ORIENTED_EDGE('',*,*,#4627,.F.);
#1122=ORIENTED_EDGE('',*,*,#4624,.F.);
#1123=ORIENTED_EDGE('',*,*,#4733,.T.);
#1124=ORIENTED_EDGE('',*,*,#4827,.T.);
#1125=ORIENTED_EDGE('',*,*,#4828,.T.);
#1126=ORIENTED_EDGE('',*,*,#4829,.F.);
#1127=ORIENTED_EDGE('',*,*,#4830,.T.);
#1128=ORIENTED_EDGE('',*,*,#4831,.T.);
#1129=ORIENTED_EDGE('',*,*,#4832,.T.);
#1130=ORIENTED_EDGE('',*,*,#4833,.F.);
#1131=ORIENTED_EDGE('',*,*,#4768,.T.);
#1132=ORIENTED_EDGE('',*,*,#4834,.T.);
#1133=ORIENTED_EDGE('',*,*,#4835,.F.);
#1134=ORIENTED_EDGE('',*,*,#4836,.F.);
#1135=ORIENTED_EDGE('',*,*,#4837,.T.);
#1136=ORIENTED_EDGE('',*,*,#4838,.T.);
#1137=ORIENTED_EDGE('',*,*,#4839,.T.);
#1138=ORIENTED_EDGE('',*,*,#4840,.F.);
#1139=ORIENTED_EDGE('',*,*,#4731,.T.);
#1140=ORIENTED_EDGE('',*,*,#4628,.T.);
#1141=ORIENTED_EDGE('',*,*,#4632,.F.);
#1142=ORIENTED_EDGE('',*,*,#4518,.T.);
#1143=ORIENTED_EDGE('',*,*,#4665,.F.);
#1144=ORIENTED_EDGE('',*,*,#4841,.F.);
#1145=ORIENTED_EDGE('',*,*,#4842,.T.);
#1146=ORIENTED_EDGE('',*,*,#4843,.F.);
#1147=ORIENTED_EDGE('',*,*,#4676,.F.);
#1148=ORIENTED_EDGE('',*,*,#4472,.F.);
#1149=ORIENTED_EDGE('',*,*,#4774,.F.);
#1150=ORIENTED_EDGE('',*,*,#4844,.F.);
#1151=ORIENTED_EDGE('',*,*,#4834,.F.);
#1152=ORIENTED_EDGE('',*,*,#4767,.T.);
#1153=ORIENTED_EDGE('',*,*,#4833,.T.);
#1154=ORIENTED_EDGE('',*,*,#4770,.T.);
#1155=ORIENTED_EDGE('',*,*,#4773,.T.);
#1156=ORIENTED_EDGE('',*,*,#4496,.F.);
#1157=ORIENTED_EDGE('',*,*,#4845,.F.);
#1158=ORIENTED_EDGE('',*,*,#4772,.T.);
#1159=ORIENTED_EDGE('',*,*,#4846,.T.);
#1160=ORIENTED_EDGE('',*,*,#4494,.F.);
#1161=ORIENTED_EDGE('',*,*,#4722,.F.);
#1162=ORIENTED_EDGE('',*,*,#4771,.T.);
#1163=ORIENTED_EDGE('',*,*,#4845,.T.);
#1164=ORIENTED_EDGE('',*,*,#4495,.F.);
#1165=ORIENTED_EDGE('',*,*,#4846,.F.);
#1166=ORIENTED_EDGE('',*,*,#4723,.T.);
#1167=ORIENTED_EDGE('',*,*,#4720,.T.);
#1168=ORIENTED_EDGE('',*,*,#4492,.F.);
#1169=ORIENTED_EDGE('',*,*,#4847,.F.);
#1170=ORIENTED_EDGE('',*,*,#4725,.T.);
#1171=ORIENTED_EDGE('',*,*,#4848,.T.);
#1172=ORIENTED_EDGE('',*,*,#4490,.F.);
#1173=ORIENTED_EDGE('',*,*,#4797,.F.);
#1174=ORIENTED_EDGE('',*,*,#4724,.T.);
#1175=ORIENTED_EDGE('',*,*,#4847,.T.);
#1176=ORIENTED_EDGE('',*,*,#4491,.F.);
#1177=ORIENTED_EDGE('',*,*,#4848,.F.);
#1178=ORIENTED_EDGE('',*,*,#4715,.F.);
#1179=ORIENTED_EDGE('',*,*,#4849,.T.);
#1180=ORIENTED_EDGE('',*,*,#4468,.T.);
#1181=ORIENTED_EDGE('',*,*,#4699,.F.);
#1182=ORIENTED_EDGE('',*,*,#4850,.T.);
#1183=ORIENTED_EDGE('',*,*,#4851,.T.);
#1184=ORIENTED_EDGE('',*,*,#4470,.F.);
#1185=ORIENTED_EDGE('',*,*,#4852,.T.);
#1186=ORIENTED_EDGE('',*,*,#4713,.T.);
#1187=ORIENTED_EDGE('',*,*,#4700,.F.);
#1188=ORIENTED_EDGE('',*,*,#4466,.F.);
#1189=ORIENTED_EDGE('',*,*,#4853,.F.);
#1190=ORIENTED_EDGE('',*,*,#4487,.T.);
#1191=ORIENTED_EDGE('',*,*,#4854,.F.);
#1192=ORIENTED_EDGE('',*,*,#4855,.T.);
#1193=ORIENTED_EDGE('',*,*,#4680,.T.);
#1194=ORIENTED_EDGE('',*,*,#4856,.F.);
#1195=ORIENTED_EDGE('',*,*,#4857,.T.);
#1196=ORIENTED_EDGE('',*,*,#4858,.T.);
#1197=ORIENTED_EDGE('',*,*,#4859,.T.);
#1198=ORIENTED_EDGE('',*,*,#4860,.F.);
#1199=ORIENTED_EDGE('',*,*,#4861,.T.);
#1200=ORIENTED_EDGE('',*,*,#4854,.T.);
#1201=ORIENTED_EDGE('',*,*,#4486,.T.);
#1202=ORIENTED_EDGE('',*,*,#4860,.T.);
#1203=ORIENTED_EDGE('',*,*,#4862,.T.);
#1204=ORIENTED_EDGE('',*,*,#4863,.T.);
#1205=ORIENTED_EDGE('',*,*,#4864,.T.);
#1206=ORIENTED_EDGE('',*,*,#4856,.T.);
#1207=ORIENTED_EDGE('',*,*,#4485,.F.);
#1208=ORIENTED_EDGE('',*,*,#4677,.F.);
#1209=ORIENTED_EDGE('',*,*,#4865,.T.);
#1210=ORIENTED_EDGE('',*,*,#4849,.F.);
#1211=ORIENTED_EDGE('',*,*,#4714,.F.);
#1212=ORIENTED_EDGE('',*,*,#4852,.F.);
#1213=ORIENTED_EDGE('',*,*,#4469,.F.);
#1214=ORIENTED_EDGE('',*,*,#4855,.F.);
#1215=ORIENTED_EDGE('',*,*,#4861,.F.);
#1216=ORIENTED_EDGE('',*,*,#4865,.F.);
#1217=ORIENTED_EDGE('',*,*,#4681,.T.);
#1218=ORIENTED_EDGE('',*,*,#4866,.T.);
#1219=ORIENTED_EDGE('',*,*,#4710,.F.);
#1220=ORIENTED_EDGE('',*,*,#4867,.T.);
#1221=ORIENTED_EDGE('',*,*,#4648,.F.);
#1222=ORIENTED_EDGE('',*,*,#4868,.T.);
#1223=ORIENTED_EDGE('',*,*,#4869,.F.);
#1224=ORIENTED_EDGE('',*,*,#4793,.T.);
#1225=ORIENTED_EDGE('',*,*,#4608,.F.);
#1226=ORIENTED_EDGE('',*,*,#4604,.F.);
#1227=ORIENTED_EDGE('',*,*,#4740,.T.);
#1228=ORIENTED_EDGE('',*,*,#4568,.T.);
#1229=ORIENTED_EDGE('',*,*,#4870,.T.);
#1230=ORIENTED_EDGE('',*,*,#4871,.F.);
#1231=ORIENTED_EDGE('',*,*,#4872,.T.);
#1232=ORIENTED_EDGE('',*,*,#4873,.T.);
#1233=ORIENTED_EDGE('',*,*,#4550,.T.);
#1234=ORIENTED_EDGE('',*,*,#4711,.F.);
#1235=ORIENTED_EDGE('',*,*,#4866,.F.);
#1236=ORIENTED_EDGE('',*,*,#4553,.T.);
#1237=ORIENTED_EDGE('',*,*,#4874,.T.);
#1238=ORIENTED_EDGE('',*,*,#4646,.T.);
#1239=ORIENTED_EDGE('',*,*,#4712,.F.);
#1240=ORIENTED_EDGE('',*,*,#4874,.F.);
#1241=ORIENTED_EDGE('',*,*,#4552,.T.);
#1242=ORIENTED_EDGE('',*,*,#4875,.F.);
#1243=ORIENTED_EDGE('',*,*,#4876,.T.);
#1244=ORIENTED_EDGE('',*,*,#4877,.T.);
#1245=ORIENTED_EDGE('',*,*,#4878,.T.);
#1246=ORIENTED_EDGE('',*,*,#4566,.F.);
#1247=ORIENTED_EDGE('',*,*,#4739,.T.);
#1248=ORIENTED_EDGE('',*,*,#4609,.T.);
#1249=ORIENTED_EDGE('',*,*,#4614,.F.);
#1250=ORIENTED_EDGE('',*,*,#4795,.F.);
#1251=ORIENTED_EDGE('',*,*,#4879,.T.);
#1252=ORIENTED_EDGE('',*,*,#4880,.T.);
#1253=ORIENTED_EDGE('',*,*,#4880,.F.);
#1254=ORIENTED_EDGE('',*,*,#4881,.T.);
#1255=ORIENTED_EDGE('',*,*,#4868,.F.);
#1256=ORIENTED_EDGE('',*,*,#4647,.F.);
#1257=ORIENTED_EDGE('',*,*,#4882,.T.);
#1258=ORIENTED_EDGE('',*,*,#4507,.F.);
#1259=ORIENTED_EDGE('',*,*,#4641,.F.);
#1260=ORIENTED_EDGE('',*,*,#4883,.T.);
#1261=ORIENTED_EDGE('',*,*,#4884,.F.);
#1262=ORIENTED_EDGE('',*,*,#4535,.T.);
#1263=ORIENTED_EDGE('',*,*,#4621,.F.);
#1264=ORIENTED_EDGE('',*,*,#4618,.F.);
#1265=ORIENTED_EDGE('',*,*,#4735,.T.);
#1266=ORIENTED_EDGE('',*,*,#4572,.T.);
#1267=ORIENTED_EDGE('',*,*,#4885,.T.);
#1268=ORIENTED_EDGE('',*,*,#4886,.F.);
#1269=ORIENTED_EDGE('',*,*,#4887,.T.);
#1270=ORIENTED_EDGE('',*,*,#4888,.T.);
#1271=ORIENTED_EDGE('',*,*,#4546,.T.);
#1272=ORIENTED_EDGE('',*,*,#4508,.F.);
#1273=ORIENTED_EDGE('',*,*,#4882,.F.);
#1274=ORIENTED_EDGE('',*,*,#4549,.T.);
#1275=ORIENTED_EDGE('',*,*,#4889,.T.);
#1276=ORIENTED_EDGE('',*,*,#4639,.T.);
#1277=ORIENTED_EDGE('',*,*,#4509,.F.);
#1278=ORIENTED_EDGE('',*,*,#4889,.F.);
#1279=ORIENTED_EDGE('',*,*,#4548,.T.);
#1280=ORIENTED_EDGE('',*,*,#4890,.F.);
#1281=ORIENTED_EDGE('',*,*,#4891,.T.);
#1282=ORIENTED_EDGE('',*,*,#4892,.T.);
#1283=ORIENTED_EDGE('',*,*,#4893,.T.);
#1284=ORIENTED_EDGE('',*,*,#4570,.F.);
#1285=ORIENTED_EDGE('',*,*,#4734,.T.);
#1286=ORIENTED_EDGE('',*,*,#4622,.T.);
#1287=ORIENTED_EDGE('',*,*,#4626,.F.);
#1288=ORIENTED_EDGE('',*,*,#4537,.F.);
#1289=ORIENTED_EDGE('',*,*,#4894,.T.);
#1290=ORIENTED_EDGE('',*,*,#4895,.T.);
#1291=ORIENTED_EDGE('',*,*,#4895,.F.);
#1292=ORIENTED_EDGE('',*,*,#4896,.T.);
#1293=ORIENTED_EDGE('',*,*,#4883,.F.);
#1294=ORIENTED_EDGE('',*,*,#4640,.F.);
#1295=ORIENTED_EDGE('',*,*,#4897,.T.);
#1296=ORIENTED_EDGE('',*,*,#4474,.F.);
#1297=ORIENTED_EDGE('',*,*,#4675,.F.);
#1298=ORIENTED_EDGE('',*,*,#4898,.T.);
#1299=ORIENTED_EDGE('',*,*,#4899,.F.);
#1300=ORIENTED_EDGE('',*,*,#4520,.T.);
#1301=ORIENTED_EDGE('',*,*,#4633,.F.);
#1302=ORIENTED_EDGE('',*,*,#4630,.F.);
#1303=ORIENTED_EDGE('',*,*,#4730,.T.);
#1304=ORIENTED_EDGE('',*,*,#4576,.T.);
#1305=ORIENTED_EDGE('',*,*,#4900,.T.);
#1306=ORIENTED_EDGE('',*,*,#4901,.F.);
#1307=ORIENTED_EDGE('',*,*,#4902,.T.);
#1308=ORIENTED_EDGE('',*,*,#4903,.T.);
#1309=ORIENTED_EDGE('',*,*,#4542,.T.);
#1310=ORIENTED_EDGE('',*,*,#4475,.F.);
#1311=ORIENTED_EDGE('',*,*,#4897,.F.);
#1312=ORIENTED_EDGE('',*,*,#4545,.T.);
#1313=ORIENTED_EDGE('',*,*,#4904,.T.);
#1314=ORIENTED_EDGE('',*,*,#4905,.T.);
#1315=ORIENTED_EDGE('',*,*,#4476,.F.);
#1316=ORIENTED_EDGE('',*,*,#4904,.F.);
#1317=ORIENTED_EDGE('',*,*,#4544,.T.);
#1318=ORIENTED_EDGE('',*,*,#4906,.F.);
#1319=ORIENTED_EDGE('',*,*,#4907,.T.);
#1320=ORIENTED_EDGE('',*,*,#4908,.T.);
#1321=ORIENTED_EDGE('',*,*,#4909,.T.);
#1322=ORIENTED_EDGE('',*,*,#4574,.F.);
#1323=ORIENTED_EDGE('',*,*,#4729,.T.);
#1324=ORIENTED_EDGE('',*,*,#4636,.T.);
#1325=ORIENTED_EDGE('',*,*,#4590,.F.);
#1326=ORIENTED_EDGE('',*,*,#4522,.F.);
#1327=ORIENTED_EDGE('',*,*,#4910,.T.);
#1328=ORIENTED_EDGE('',*,*,#4911,.T.);
#1329=ORIENTED_EDGE('',*,*,#4673,.T.);
#1330=ORIENTED_EDGE('',*,*,#4911,.F.);
#1331=ORIENTED_EDGE('',*,*,#4912,.T.);
#1332=ORIENTED_EDGE('',*,*,#4898,.F.);
#1333=ORIENTED_EDGE('',*,*,#4674,.F.);
#1334=ORIENTED_EDGE('',*,*,#4913,.F.);
#1335=ORIENTED_EDGE('',*,*,#4914,.F.);
#1336=ORIENTED_EDGE('',*,*,#4787,.T.);
#1337=ORIENTED_EDGE('',*,*,#4599,.F.);
#1338=ORIENTED_EDGE('',*,*,#4786,.F.);
#1339=ORIENTED_EDGE('',*,*,#4744,.T.);
#1340=ORIENTED_EDGE('',*,*,#4560,.T.);
#1341=ORIENTED_EDGE('',*,*,#4915,.T.);
#1342=ORIENTED_EDGE('',*,*,#4916,.F.);
#1343=ORIENTED_EDGE('',*,*,#4917,.T.);
#1344=ORIENTED_EDGE('',*,*,#4918,.T.);
#1345=ORIENTED_EDGE('',*,*,#4517,.F.);
#1346=ORIENTED_EDGE('',*,*,#4919,.T.);
#1347=ORIENTED_EDGE('',*,*,#4702,.T.);
#1348=ORIENTED_EDGE('',*,*,#4656,.F.);
#1349=ORIENTED_EDGE('',*,*,#4515,.F.);
#1350=ORIENTED_EDGE('',*,*,#4920,.F.);
#1351=ORIENTED_EDGE('',*,*,#4921,.T.);
#1352=ORIENTED_EDGE('',*,*,#4922,.T.);
#1353=ORIENTED_EDGE('',*,*,#4923,.T.);
#1354=ORIENTED_EDGE('',*,*,#4558,.F.);
#1355=ORIENTED_EDGE('',*,*,#4743,.T.);
#1356=ORIENTED_EDGE('',*,*,#4591,.T.);
#1357=ORIENTED_EDGE('',*,*,#4596,.F.);
#1358=ORIENTED_EDGE('',*,*,#4789,.F.);
#1359=ORIENTED_EDGE('',*,*,#4924,.T.);
#1360=ORIENTED_EDGE('',*,*,#4925,.F.);
#1361=ORIENTED_EDGE('',*,*,#4654,.T.);
#1362=ORIENTED_EDGE('',*,*,#4926,.T.);
#1363=ORIENTED_EDGE('',*,*,#4704,.T.);
#1364=ORIENTED_EDGE('',*,*,#4927,.F.);
#1365=ORIENTED_EDGE('',*,*,#4703,.T.);
#1366=ORIENTED_EDGE('',*,*,#4919,.F.);
#1367=ORIENTED_EDGE('',*,*,#4516,.F.);
#1368=ORIENTED_EDGE('',*,*,#4927,.T.);
#1369=ORIENTED_EDGE('',*,*,#4928,.F.);
#1370=ORIENTED_EDGE('',*,*,#4913,.T.);
#1371=ORIENTED_EDGE('',*,*,#4655,.T.);
#1372=ORIENTED_EDGE('',*,*,#4925,.T.);
#1373=ORIENTED_EDGE('',*,*,#4929,.F.);
#1374=ORIENTED_EDGE('',*,*,#4930,.F.);
#1375=ORIENTED_EDGE('',*,*,#4790,.T.);
#1376=ORIENTED_EDGE('',*,*,#4597,.F.);
#1377=ORIENTED_EDGE('',*,*,#4593,.F.);
#1378=ORIENTED_EDGE('',*,*,#4742,.T.);
#1379=ORIENTED_EDGE('',*,*,#4564,.T.);
#1380=ORIENTED_EDGE('',*,*,#4931,.T.);
#1381=ORIENTED_EDGE('',*,*,#4932,.F.);
#1382=ORIENTED_EDGE('',*,*,#4933,.T.);
#1383=ORIENTED_EDGE('',*,*,#4934,.T.);
#1384=ORIENTED_EDGE('',*,*,#4557,.F.);
#1385=ORIENTED_EDGE('',*,*,#4935,.T.);
#1386=ORIENTED_EDGE('',*,*,#4706,.T.);
#1387=ORIENTED_EDGE('',*,*,#4936,.T.);
#1388=ORIENTED_EDGE('',*,*,#4652,.F.);
#1389=ORIENTED_EDGE('',*,*,#4555,.F.);
#1390=ORIENTED_EDGE('',*,*,#4937,.F.);
#1391=ORIENTED_EDGE('',*,*,#4938,.T.);
#1392=ORIENTED_EDGE('',*,*,#4939,.T.);
#1393=ORIENTED_EDGE('',*,*,#4940,.T.);
#1394=ORIENTED_EDGE('',*,*,#4562,.F.);
#1395=ORIENTED_EDGE('',*,*,#4741,.T.);
#1396=ORIENTED_EDGE('',*,*,#4602,.T.);
#1397=ORIENTED_EDGE('',*,*,#4607,.F.);
#1398=ORIENTED_EDGE('',*,*,#4792,.F.);
#1399=ORIENTED_EDGE('',*,*,#4941,.T.);
#1400=ORIENTED_EDGE('',*,*,#4942,.F.);
#1401=ORIENTED_EDGE('',*,*,#4650,.T.);
#1402=ORIENTED_EDGE('',*,*,#4943,.T.);
#1403=ORIENTED_EDGE('',*,*,#4708,.T.);
#1404=ORIENTED_EDGE('',*,*,#4944,.F.);
#1405=ORIENTED_EDGE('',*,*,#4707,.T.);
#1406=ORIENTED_EDGE('',*,*,#4935,.F.);
#1407=ORIENTED_EDGE('',*,*,#4556,.F.);
#1408=ORIENTED_EDGE('',*,*,#4944,.T.);
#1409=ORIENTED_EDGE('',*,*,#4945,.F.);
#1410=ORIENTED_EDGE('',*,*,#4929,.T.);
#1411=ORIENTED_EDGE('',*,*,#4651,.T.);
#1412=ORIENTED_EDGE('',*,*,#4942,.T.);
#1413=ORIENTED_EDGE('',*,*,#4946,.F.);
#1414=ORIENTED_EDGE('',*,*,#4947,.F.);
#1415=ORIENTED_EDGE('',*,*,#4524,.T.);
#1416=ORIENTED_EDGE('',*,*,#4589,.F.);
#1417=ORIENTED_EDGE('',*,*,#4635,.F.);
#1418=ORIENTED_EDGE('',*,*,#4728,.T.);
#1419=ORIENTED_EDGE('',*,*,#4580,.T.);
#1420=ORIENTED_EDGE('',*,*,#4948,.T.);
#1421=ORIENTED_EDGE('',*,*,#4949,.F.);
#1422=ORIENTED_EDGE('',*,*,#4950,.T.);
#1423=ORIENTED_EDGE('',*,*,#4951,.T.);
#1424=ORIENTED_EDGE('',*,*,#4541,.F.);
#1425=ORIENTED_EDGE('',*,*,#4952,.T.);
#1426=ORIENTED_EDGE('',*,*,#4478,.T.);
#1427=ORIENTED_EDGE('',*,*,#4953,.T.);
#1428=ORIENTED_EDGE('',*,*,#4671,.F.);
#1429=ORIENTED_EDGE('',*,*,#4539,.F.);
#1430=ORIENTED_EDGE('',*,*,#4954,.F.);
#1431=ORIENTED_EDGE('',*,*,#4955,.T.);
#1432=ORIENTED_EDGE('',*,*,#4956,.T.);
#1433=ORIENTED_EDGE('',*,*,#4957,.T.);
#1434=ORIENTED_EDGE('',*,*,#4578,.F.);
#1435=ORIENTED_EDGE('',*,*,#4727,.T.);
#1436=ORIENTED_EDGE('',*,*,#4582,.T.);
#1437=ORIENTED_EDGE('',*,*,#4586,.F.);
#1438=ORIENTED_EDGE('',*,*,#4526,.F.);
#1439=ORIENTED_EDGE('',*,*,#4958,.T.);
#1440=ORIENTED_EDGE('',*,*,#4959,.F.);
#1441=ORIENTED_EDGE('',*,*,#4669,.T.);
#1442=ORIENTED_EDGE('',*,*,#4683,.T.);
#1443=ORIENTED_EDGE('',*,*,#4480,.T.);
#1444=ORIENTED_EDGE('',*,*,#4960,.F.);
#1445=ORIENTED_EDGE('',*,*,#4479,.T.);
#1446=ORIENTED_EDGE('',*,*,#4952,.F.);
#1447=ORIENTED_EDGE('',*,*,#4540,.F.);
#1448=ORIENTED_EDGE('',*,*,#4960,.T.);
#1449=ORIENTED_EDGE('',*,*,#4961,.F.);
#1450=ORIENTED_EDGE('',*,*,#4946,.T.);
#1451=ORIENTED_EDGE('',*,*,#4670,.T.);
#1452=ORIENTED_EDGE('',*,*,#4959,.T.);
#1453=ORIENTED_EDGE('',*,*,#4926,.F.);
#1454=ORIENTED_EDGE('',*,*,#4653,.F.);
#1455=ORIENTED_EDGE('',*,*,#4936,.F.);
#1456=ORIENTED_EDGE('',*,*,#4705,.F.);
#1457=ORIENTED_EDGE('',*,*,#4943,.F.);
#1458=ORIENTED_EDGE('',*,*,#4649,.F.);
#1459=ORIENTED_EDGE('',*,*,#4867,.F.);
#1460=ORIENTED_EDGE('',*,*,#4709,.F.);
#1461=ORIENTED_EDGE('',*,*,#4905,.F.);
#1462=ORIENTED_EDGE('',*,*,#4672,.F.);
#1463=ORIENTED_EDGE('',*,*,#4953,.F.);
#1464=ORIENTED_EDGE('',*,*,#4477,.F.);
#1465=ORIENTED_EDGE('',*,*,#4682,.F.);
#1466=ORIENTED_EDGE('',*,*,#4667,.T.);
#1467=ORIENTED_EDGE('',*,*,#4482,.T.);
#1468=ORIENTED_EDGE('',*,*,#4806,.F.);
#1469=ORIENTED_EDGE('',*,*,#4962,.T.);
#1470=ORIENTED_EDGE('',*,*,#4819,.T.);
#1471=ORIENTED_EDGE('',*,*,#4661,.T.);
#1472=ORIENTED_EDGE('',*,*,#4963,.F.);
#1473=ORIENTED_EDGE('',*,*,#4841,.T.);
#1474=ORIENTED_EDGE('',*,*,#4664,.F.);
#1475=ORIENTED_EDGE('',*,*,#4826,.F.);
#1476=ORIENTED_EDGE('',*,*,#4840,.T.);
#1477=ORIENTED_EDGE('',*,*,#4964,.T.);
#1478=ORIENTED_EDGE('',*,*,#4827,.F.);
#1479=ORIENTED_EDGE('',*,*,#4732,.T.);
#1480=ORIENTED_EDGE('',*,*,#4818,.T.);
#1481=ORIENTED_EDGE('',*,*,#4965,.T.);
#1482=ORIENTED_EDGE('',*,*,#4807,.F.);
#1483=ORIENTED_EDGE('',*,*,#4737,.T.);
#1484=ORIENTED_EDGE('',*,*,#4949,.T.);
#1485=ORIENTED_EDGE('',*,*,#4966,.T.);
#1486=ORIENTED_EDGE('',*,*,#4956,.F.);
#1487=ORIENTED_EDGE('',*,*,#4967,.T.);
#1488=ORIENTED_EDGE('',*,*,#4901,.T.);
#1489=ORIENTED_EDGE('',*,*,#4968,.T.);
#1490=ORIENTED_EDGE('',*,*,#4908,.F.);
#1491=ORIENTED_EDGE('',*,*,#4969,.T.);
#1492=ORIENTED_EDGE('',*,*,#4886,.T.);
#1493=ORIENTED_EDGE('',*,*,#4970,.T.);
#1494=ORIENTED_EDGE('',*,*,#4892,.F.);
#1495=ORIENTED_EDGE('',*,*,#4971,.T.);
#1496=ORIENTED_EDGE('',*,*,#4871,.T.);
#1497=ORIENTED_EDGE('',*,*,#4972,.T.);
#1498=ORIENTED_EDGE('',*,*,#4877,.F.);
#1499=ORIENTED_EDGE('',*,*,#4973,.T.);
#1500=ORIENTED_EDGE('',*,*,#4932,.T.);
#1501=ORIENTED_EDGE('',*,*,#4974,.T.);
#1502=ORIENTED_EDGE('',*,*,#4939,.F.);
#1503=ORIENTED_EDGE('',*,*,#4975,.T.);
#1504=ORIENTED_EDGE('',*,*,#4916,.T.);
#1505=ORIENTED_EDGE('',*,*,#4976,.T.);
#1506=ORIENTED_EDGE('',*,*,#4922,.F.);
#1507=ORIENTED_EDGE('',*,*,#4977,.T.);
#1508=ORIENTED_EDGE('',*,*,#4829,.T.);
#1509=ORIENTED_EDGE('',*,*,#4978,.T.);
#1510=ORIENTED_EDGE('',*,*,#4838,.F.);
#1511=ORIENTED_EDGE('',*,*,#4979,.T.);
#1512=ORIENTED_EDGE('',*,*,#4816,.F.);
#1513=ORIENTED_EDGE('',*,*,#4980,.T.);
#1514=ORIENTED_EDGE('',*,*,#4809,.T.);
#1515=ORIENTED_EDGE('',*,*,#4981,.T.);
#1516=ORIENTED_EDGE('',*,*,#4930,.T.);
#1517=ORIENTED_EDGE('',*,*,#4945,.T.);
#1518=ORIENTED_EDGE('',*,*,#4941,.F.);
#1519=ORIENTED_EDGE('',*,*,#4791,.F.);
#1520=ORIENTED_EDGE('',*,*,#4934,.F.);
#1521=ORIENTED_EDGE('',*,*,#4982,.T.);
#1522=ORIENTED_EDGE('',*,*,#4937,.T.);
#1523=ORIENTED_EDGE('',*,*,#4554,.T.);
#1524=ORIENTED_EDGE('',*,*,#4869,.T.);
#1525=ORIENTED_EDGE('',*,*,#4881,.F.);
#1526=ORIENTED_EDGE('',*,*,#4879,.F.);
#1527=ORIENTED_EDGE('',*,*,#4794,.F.);
#1528=ORIENTED_EDGE('',*,*,#4873,.F.);
#1529=ORIENTED_EDGE('',*,*,#4983,.T.);
#1530=ORIENTED_EDGE('',*,*,#4875,.T.);
#1531=ORIENTED_EDGE('',*,*,#4551,.F.);
#1532=ORIENTED_EDGE('',*,*,#4884,.T.);
#1533=ORIENTED_EDGE('',*,*,#4896,.F.);
#1534=ORIENTED_EDGE('',*,*,#4894,.F.);
#1535=ORIENTED_EDGE('',*,*,#4536,.F.);
#1536=ORIENTED_EDGE('',*,*,#4888,.F.);
#1537=ORIENTED_EDGE('',*,*,#4984,.T.);
#1538=ORIENTED_EDGE('',*,*,#4890,.T.);
#1539=ORIENTED_EDGE('',*,*,#4547,.F.);
#1540=ORIENTED_EDGE('',*,*,#4899,.T.);
#1541=ORIENTED_EDGE('',*,*,#4912,.F.);
#1542=ORIENTED_EDGE('',*,*,#4910,.F.);
#1543=ORIENTED_EDGE('',*,*,#4521,.F.);
#1544=ORIENTED_EDGE('',*,*,#4903,.F.);
#1545=ORIENTED_EDGE('',*,*,#4985,.T.);
#1546=ORIENTED_EDGE('',*,*,#4906,.T.);
#1547=ORIENTED_EDGE('',*,*,#4543,.F.);
#1548=ORIENTED_EDGE('',*,*,#4947,.T.);
#1549=ORIENTED_EDGE('',*,*,#4961,.T.);
#1550=ORIENTED_EDGE('',*,*,#4958,.F.);
#1551=ORIENTED_EDGE('',*,*,#4525,.F.);
#1552=ORIENTED_EDGE('',*,*,#4951,.F.);
#1553=ORIENTED_EDGE('',*,*,#4986,.T.);
#1554=ORIENTED_EDGE('',*,*,#4954,.T.);
#1555=ORIENTED_EDGE('',*,*,#4538,.T.);
#1556=ORIENTED_EDGE('',*,*,#4805,.T.);
#1557=ORIENTED_EDGE('',*,*,#4987,.T.);
#1558=ORIENTED_EDGE('',*,*,#4820,.F.);
#1559=ORIENTED_EDGE('',*,*,#4962,.F.);
#1560=ORIENTED_EDGE('',*,*,#4811,.F.);
#1561=ORIENTED_EDGE('',*,*,#4988,.T.);
#1562=ORIENTED_EDGE('',*,*,#4814,.T.);
#1563=ORIENTED_EDGE('',*,*,#4989,.T.);
#1564=ORIENTED_EDGE('',*,*,#4831,.F.);
#1565=ORIENTED_EDGE('',*,*,#4990,.T.);
#1566=ORIENTED_EDGE('',*,*,#4836,.T.);
#1567=ORIENTED_EDGE('',*,*,#4991,.T.);
#1568=ORIENTED_EDGE('',*,*,#4825,.T.);
#1569=ORIENTED_EDGE('',*,*,#4992,.T.);
#1570=ORIENTED_EDGE('',*,*,#4842,.F.);
#1571=ORIENTED_EDGE('',*,*,#4963,.T.);
#1572=ORIENTED_EDGE('',*,*,#4914,.T.);
#1573=ORIENTED_EDGE('',*,*,#4928,.T.);
#1574=ORIENTED_EDGE('',*,*,#4924,.F.);
#1575=ORIENTED_EDGE('',*,*,#4788,.F.);
#1576=ORIENTED_EDGE('',*,*,#4918,.F.);
#1577=ORIENTED_EDGE('',*,*,#4993,.T.);
#1578=ORIENTED_EDGE('',*,*,#4920,.T.);
#1579=ORIENTED_EDGE('',*,*,#4514,.T.);
#1580=ORIENTED_EDGE('',*,*,#4813,.T.);
#1581=ORIENTED_EDGE('',*,*,#4510,.T.);
#1582=ORIENTED_EDGE('',*,*,#4812,.F.);
#1583=ORIENTED_EDGE('',*,*,#4989,.F.);
#1584=ORIENTED_EDGE('',*,*,#4821,.T.);
#1585=ORIENTED_EDGE('',*,*,#4987,.F.);
#1586=ORIENTED_EDGE('',*,*,#4804,.F.);
#1587=ORIENTED_EDGE('',*,*,#4643,.F.);
#1588=ORIENTED_EDGE('',*,*,#4843,.T.);
#1589=ORIENTED_EDGE('',*,*,#4992,.F.);
#1590=ORIENTED_EDGE('',*,*,#4824,.F.);
#1591=ORIENTED_EDGE('',*,*,#4637,.F.);
#1592=ORIENTED_EDGE('',*,*,#4835,.T.);
#1593=ORIENTED_EDGE('',*,*,#4844,.T.);
#1594=ORIENTED_EDGE('',*,*,#4832,.F.);
#1595=ORIENTED_EDGE('',*,*,#4991,.F.);
#1596=ORIENTED_EDGE('',*,*,#4465,.F.);
#1597=ORIENTED_EDGE('',*,*,#4994,.F.);
#1598=ORIENTED_EDGE('',*,*,#4995,.T.);
#1599=ORIENTED_EDGE('',*,*,#4853,.T.);
#1600=ORIENTED_EDGE('',*,*,#4464,.F.);
#1601=ORIENTED_EDGE('',*,*,#4996,.T.);
#1602=ORIENTED_EDGE('',*,*,#4997,.T.);
#1603=ORIENTED_EDGE('',*,*,#4994,.T.);
#1604=ORIENTED_EDGE('',*,*,#4997,.F.);
#1605=ORIENTED_EDGE('',*,*,#4998,.T.);
#1606=ORIENTED_EDGE('',*,*,#4850,.F.);
#1607=ORIENTED_EDGE('',*,*,#4995,.F.);
#1608=ORIENTED_EDGE('',*,*,#4851,.F.);
#1609=ORIENTED_EDGE('',*,*,#4998,.F.);
#1610=ORIENTED_EDGE('',*,*,#4996,.F.);
#1611=ORIENTED_EDGE('',*,*,#4471,.F.);
#1612=ORIENTED_EDGE('',*,*,#4857,.F.);
#1613=ORIENTED_EDGE('',*,*,#4864,.F.);
#1614=ORIENTED_EDGE('',*,*,#4999,.T.);
#1615=ORIENTED_EDGE('',*,*,#5000,.T.);
#1616=ORIENTED_EDGE('',*,*,#5001,.T.);
#1617=ORIENTED_EDGE('',*,*,#5002,.T.);
#1618=ORIENTED_EDGE('',*,*,#4858,.F.);
#1619=ORIENTED_EDGE('',*,*,#5000,.F.);
#1620=ORIENTED_EDGE('',*,*,#4863,.F.);
#1621=ORIENTED_EDGE('',*,*,#5003,.T.);
#1622=ORIENTED_EDGE('',*,*,#5001,.F.);
#1623=ORIENTED_EDGE('',*,*,#4999,.F.);
#1624=ORIENTED_EDGE('',*,*,#5002,.F.);
#1625=ORIENTED_EDGE('',*,*,#5003,.F.);
#1626=ORIENTED_EDGE('',*,*,#4862,.F.);
#1627=ORIENTED_EDGE('',*,*,#4859,.F.);
#1628=ORIENTED_EDGE('',*,*,#4830,.F.);
#1629=ORIENTED_EDGE('',*,*,#4979,.F.);
#1630=ORIENTED_EDGE('',*,*,#4837,.F.);
#1631=ORIENTED_EDGE('',*,*,#4990,.F.);
#1632=ORIENTED_EDGE('',*,*,#4828,.F.);
#1633=ORIENTED_EDGE('',*,*,#4964,.F.);
#1634=ORIENTED_EDGE('',*,*,#4839,.F.);
#1635=ORIENTED_EDGE('',*,*,#4978,.F.);
#1636=ORIENTED_EDGE('',*,*,#4808,.F.);
#1637=ORIENTED_EDGE('',*,*,#4965,.F.);
#1638=ORIENTED_EDGE('',*,*,#4817,.F.);
#1639=ORIENTED_EDGE('',*,*,#4981,.F.);
#1640=ORIENTED_EDGE('',*,*,#4876,.F.);
#1641=ORIENTED_EDGE('',*,*,#4983,.F.);
#1642=ORIENTED_EDGE('',*,*,#4872,.F.);
#1643=ORIENTED_EDGE('',*,*,#4973,.F.);
#1644=ORIENTED_EDGE('',*,*,#4938,.F.);
#1645=ORIENTED_EDGE('',*,*,#4982,.F.);
#1646=ORIENTED_EDGE('',*,*,#4933,.F.);
#1647=ORIENTED_EDGE('',*,*,#4975,.F.);
#1648=ORIENTED_EDGE('',*,*,#4921,.F.);
#1649=ORIENTED_EDGE('',*,*,#4993,.F.);
#1650=ORIENTED_EDGE('',*,*,#4917,.F.);
#1651=ORIENTED_EDGE('',*,*,#4977,.F.);
#1652=ORIENTED_EDGE('',*,*,#4923,.F.);
#1653=ORIENTED_EDGE('',*,*,#4976,.F.);
#1654=ORIENTED_EDGE('',*,*,#4915,.F.);
#1655=ORIENTED_EDGE('',*,*,#4559,.F.);
#1656=ORIENTED_EDGE('',*,*,#4940,.F.);
#1657=ORIENTED_EDGE('',*,*,#4974,.F.);
#1658=ORIENTED_EDGE('',*,*,#4931,.F.);
#1659=ORIENTED_EDGE('',*,*,#4563,.F.);
#1660=ORIENTED_EDGE('',*,*,#4878,.F.);
#1661=ORIENTED_EDGE('',*,*,#4972,.F.);
#1662=ORIENTED_EDGE('',*,*,#4870,.F.);
#1663=ORIENTED_EDGE('',*,*,#4567,.F.);
#1664=ORIENTED_EDGE('',*,*,#4891,.F.);
#1665=ORIENTED_EDGE('',*,*,#4984,.F.);
#1666=ORIENTED_EDGE('',*,*,#4887,.F.);
#1667=ORIENTED_EDGE('',*,*,#4971,.F.);
#1668=ORIENTED_EDGE('',*,*,#4893,.F.);
#1669=ORIENTED_EDGE('',*,*,#4970,.F.);
#1670=ORIENTED_EDGE('',*,*,#4885,.F.);
#1671=ORIENTED_EDGE('',*,*,#4571,.F.);
#1672=ORIENTED_EDGE('',*,*,#4907,.F.);
#1673=ORIENTED_EDGE('',*,*,#4985,.F.);
#1674=ORIENTED_EDGE('',*,*,#4902,.F.);
#1675=ORIENTED_EDGE('',*,*,#4969,.F.);
#1676=ORIENTED_EDGE('',*,*,#4909,.F.);
#1677=ORIENTED_EDGE('',*,*,#4968,.F.);
#1678=ORIENTED_EDGE('',*,*,#4900,.F.);
#1679=ORIENTED_EDGE('',*,*,#4575,.F.);
#1680=ORIENTED_EDGE('',*,*,#4955,.F.);
#1681=ORIENTED_EDGE('',*,*,#4986,.F.);
#1682=ORIENTED_EDGE('',*,*,#4950,.F.);
#1683=ORIENTED_EDGE('',*,*,#4967,.F.);
#1684=ORIENTED_EDGE('',*,*,#4957,.F.);
#1685=ORIENTED_EDGE('',*,*,#4966,.F.);
#1686=ORIENTED_EDGE('',*,*,#4948,.F.);
#1687=ORIENTED_EDGE('',*,*,#4579,.F.);
#1688=ORIENTED_EDGE('',*,*,#4810,.F.);
#1689=ORIENTED_EDGE('',*,*,#4980,.F.);
#1690=ORIENTED_EDGE('',*,*,#4815,.F.);
#1691=ORIENTED_EDGE('',*,*,#4988,.F.);
#1692=ORIENTED_EDGE('',*,*,#5004,.T.);
#1693=ORIENTED_EDGE('',*,*,#5005,.F.);
#1694=ORIENTED_EDGE('',*,*,#5005,.T.);
#1695=ORIENTED_EDGE('',*,*,#5006,.F.);
#1696=ORIENTED_EDGE('',*,*,#5006,.T.);
#1697=ORIENTED_EDGE('',*,*,#5007,.F.);
#1698=ORIENTED_EDGE('',*,*,#5007,.T.);
#1699=ORIENTED_EDGE('',*,*,#5008,.F.);
#1700=ORIENTED_EDGE('',*,*,#5008,.T.);
#1701=ORIENTED_EDGE('',*,*,#5009,.F.);
#1702=ORIENTED_EDGE('',*,*,#5009,.T.);
#1703=ORIENTED_EDGE('',*,*,#5010,.F.);
#1704=ORIENTED_EDGE('',*,*,#5010,.T.);
#1705=ORIENTED_EDGE('',*,*,#5011,.F.);
#1706=ORIENTED_EDGE('',*,*,#5011,.T.);
#1707=ORIENTED_EDGE('',*,*,#5012,.F.);
#1708=ORIENTED_EDGE('',*,*,#5012,.T.);
#1709=ORIENTED_EDGE('',*,*,#5013,.F.);
#1710=ORIENTED_EDGE('',*,*,#5004,.F.);
#1711=ORIENTED_EDGE('',*,*,#5013,.T.);
#1712=ORIENTED_EDGE('',*,*,#5014,.F.);
#1713=ORIENTED_EDGE('',*,*,#5015,.F.);
#1714=ORIENTED_EDGE('',*,*,#5016,.F.);
#1715=ORIENTED_EDGE('',*,*,#5017,.F.);
#1716=ORIENTED_EDGE('',*,*,#5018,.T.);
#1717=ORIENTED_EDGE('',*,*,#5019,.T.);
#1718=ORIENTED_EDGE('',*,*,#5020,.T.);
#1719=ORIENTED_EDGE('',*,*,#5021,.T.);
#1720=ORIENTED_EDGE('',*,*,#5022,.T.);
#1721=ORIENTED_EDGE('',*,*,#5023,.T.);
#1722=ORIENTED_EDGE('',*,*,#5024,.T.);
#1723=ORIENTED_EDGE('',*,*,#5025,.T.);
#1724=ORIENTED_EDGE('',*,*,#5026,.T.);
#1725=ORIENTED_EDGE('',*,*,#5027,.T.);
#1726=ORIENTED_EDGE('',*,*,#5028,.F.);
#1727=ORIENTED_EDGE('',*,*,#5029,.F.);
#1728=ORIENTED_EDGE('',*,*,#5030,.T.);
#1729=ORIENTED_EDGE('',*,*,#5031,.T.);
#1730=ORIENTED_EDGE('',*,*,#5032,.T.);
#1731=ORIENTED_EDGE('',*,*,#5033,.T.);
#1732=ORIENTED_EDGE('',*,*,#5034,.T.);
#1733=ORIENTED_EDGE('',*,*,#5035,.F.);
#1734=ORIENTED_EDGE('',*,*,#5036,.F.);
#1735=ORIENTED_EDGE('',*,*,#5037,.T.);
#1736=ORIENTED_EDGE('',*,*,#5038,.T.);
#1737=ORIENTED_EDGE('',*,*,#5039,.F.);
#1738=ORIENTED_EDGE('',*,*,#5040,.T.);
#1739=ORIENTED_EDGE('',*,*,#5041,.T.);
#1740=ORIENTED_EDGE('',*,*,#5042,.F.);
#1741=ORIENTED_EDGE('',*,*,#5043,.F.);
#1742=ORIENTED_EDGE('',*,*,#5044,.F.);
#1743=ORIENTED_EDGE('',*,*,#5045,.F.);
#1744=ORIENTED_EDGE('',*,*,#5046,.T.);
#1745=ORIENTED_EDGE('',*,*,#5047,.T.);
#1746=ORIENTED_EDGE('',*,*,#5038,.F.);
#1747=ORIENTED_EDGE('',*,*,#5048,.F.);
#1748=ORIENTED_EDGE('',*,*,#5049,.F.);
#1749=ORIENTED_EDGE('',*,*,#5050,.F.);
#1750=ORIENTED_EDGE('',*,*,#5051,.F.);
#1751=ORIENTED_EDGE('',*,*,#5052,.F.);
#1752=ORIENTED_EDGE('',*,*,#5053,.F.);
#1753=ORIENTED_EDGE('',*,*,#5054,.F.);
#1754=ORIENTED_EDGE('',*,*,#5024,.F.);
#1755=ORIENTED_EDGE('',*,*,#5055,.F.);
#1756=ORIENTED_EDGE('',*,*,#5056,.T.);
#1757=ORIENTED_EDGE('',*,*,#5057,.T.);
#1758=ORIENTED_EDGE('',*,*,#5058,.F.);
#1759=ORIENTED_EDGE('',*,*,#5059,.F.);
#1760=ORIENTED_EDGE('',*,*,#5060,.F.);
#1761=ORIENTED_EDGE('',*,*,#5061,.T.);
#1762=ORIENTED_EDGE('',*,*,#5062,.F.);
#1763=ORIENTED_EDGE('',*,*,#5063,.F.);
#1764=ORIENTED_EDGE('',*,*,#5064,.F.);
#1765=ORIENTED_EDGE('',*,*,#5065,.T.);
#1766=ORIENTED_EDGE('',*,*,#5066,.F.);
#1767=ORIENTED_EDGE('',*,*,#5067,.F.);
#1768=ORIENTED_EDGE('',*,*,#5068,.F.);
#1769=ORIENTED_EDGE('',*,*,#5069,.T.);
#1770=ORIENTED_EDGE('',*,*,#5070,.F.);
#1771=ORIENTED_EDGE('',*,*,#5071,.F.);
#1772=ORIENTED_EDGE('',*,*,#5072,.F.);
#1773=ORIENTED_EDGE('',*,*,#5073,.T.);
#1774=ORIENTED_EDGE('',*,*,#5074,.F.);
#1775=ORIENTED_EDGE('',*,*,#5075,.F.);
#1776=ORIENTED_EDGE('',*,*,#5076,.F.);
#1777=ORIENTED_EDGE('',*,*,#5077,.T.);
#1778=ORIENTED_EDGE('',*,*,#5078,.F.);
#1779=ORIENTED_EDGE('',*,*,#5079,.F.);
#1780=ORIENTED_EDGE('',*,*,#5080,.F.);
#1781=ORIENTED_EDGE('',*,*,#5081,.T.);
#1782=ORIENTED_EDGE('',*,*,#5082,.F.);
#1783=ORIENTED_EDGE('',*,*,#5083,.F.);
#1784=ORIENTED_EDGE('',*,*,#5084,.F.);
#1785=ORIENTED_EDGE('',*,*,#5085,.T.);
#1786=ORIENTED_EDGE('',*,*,#5086,.F.);
#1787=ORIENTED_EDGE('',*,*,#5087,.F.);
#1788=ORIENTED_EDGE('',*,*,#5088,.F.);
#1789=ORIENTED_EDGE('',*,*,#5089,.T.);
#1790=ORIENTED_EDGE('',*,*,#5090,.T.);
#1791=ORIENTED_EDGE('',*,*,#5091,.F.);
#1792=ORIENTED_EDGE('',*,*,#5092,.T.);
#1793=ORIENTED_EDGE('',*,*,#5093,.T.);
#1794=ORIENTED_EDGE('',*,*,#5094,.T.);
#1795=ORIENTED_EDGE('',*,*,#5095,.T.);
#1796=ORIENTED_EDGE('',*,*,#5096,.F.);
#1797=ORIENTED_EDGE('',*,*,#5097,.T.);
#1798=ORIENTED_EDGE('',*,*,#5098,.F.);
#1799=ORIENTED_EDGE('',*,*,#5099,.F.);
#1800=ORIENTED_EDGE('',*,*,#5100,.F.);
#1801=ORIENTED_EDGE('',*,*,#5101,.F.);
#1802=ORIENTED_EDGE('',*,*,#5102,.T.);
#1803=ORIENTED_EDGE('',*,*,#5103,.T.);
#1804=ORIENTED_EDGE('',*,*,#5104,.T.);
#1805=ORIENTED_EDGE('',*,*,#5105,.T.);
#1806=ORIENTED_EDGE('',*,*,#5106,.T.);
#1807=ORIENTED_EDGE('',*,*,#5042,.T.);
#1808=ORIENTED_EDGE('',*,*,#5107,.F.);
#1809=ORIENTED_EDGE('',*,*,#5108,.T.);
#1810=ORIENTED_EDGE('',*,*,#5109,.F.);
#1811=ORIENTED_EDGE('',*,*,#5110,.T.);
#1812=ORIENTED_EDGE('',*,*,#5111,.T.);
#1813=ORIENTED_EDGE('',*,*,#5112,.T.);
#1814=ORIENTED_EDGE('',*,*,#5113,.F.);
#1815=ORIENTED_EDGE('',*,*,#5114,.F.);
#1816=ORIENTED_EDGE('',*,*,#5115,.T.);
#1817=ORIENTED_EDGE('',*,*,#5116,.F.);
#1818=ORIENTED_EDGE('',*,*,#5117,.T.);
#1819=ORIENTED_EDGE('',*,*,#5118,.T.);
#1820=ORIENTED_EDGE('',*,*,#5108,.F.);
#1821=ORIENTED_EDGE('',*,*,#5119,.T.);
#1822=ORIENTED_EDGE('',*,*,#5046,.F.);
#1823=ORIENTED_EDGE('',*,*,#5120,.F.);
#1824=ORIENTED_EDGE('',*,*,#5121,.T.);
#1825=ORIENTED_EDGE('',*,*,#5122,.T.);
#1826=ORIENTED_EDGE('',*,*,#5123,.F.);
#1827=ORIENTED_EDGE('',*,*,#5124,.T.);
#1828=ORIENTED_EDGE('',*,*,#5125,.T.);
#1829=ORIENTED_EDGE('',*,*,#5126,.F.);
#1830=ORIENTED_EDGE('',*,*,#5127,.F.);
#1831=ORIENTED_EDGE('',*,*,#5128,.T.);
#1832=ORIENTED_EDGE('',*,*,#5129,.T.);
#1833=ORIENTED_EDGE('',*,*,#5130,.T.);
#1834=ORIENTED_EDGE('',*,*,#5131,.T.);
#1835=ORIENTED_EDGE('',*,*,#5045,.T.);
#1836=ORIENTED_EDGE('',*,*,#5132,.F.);
#1837=ORIENTED_EDGE('',*,*,#5133,.F.);
#1838=ORIENTED_EDGE('',*,*,#5134,.T.);
#1839=ORIENTED_EDGE('',*,*,#5048,.T.);
#1840=ORIENTED_EDGE('',*,*,#5037,.F.);
#1841=ORIENTED_EDGE('',*,*,#5135,.F.);
#1842=ORIENTED_EDGE('',*,*,#5136,.F.);
#1843=ORIENTED_EDGE('',*,*,#5137,.T.);
#1844=ORIENTED_EDGE('',*,*,#5138,.F.);
#1845=ORIENTED_EDGE('',*,*,#5139,.T.);
#1846=ORIENTED_EDGE('',*,*,#5027,.F.);
#1847=ORIENTED_EDGE('',*,*,#5140,.T.);
#1848=ORIENTED_EDGE('',*,*,#5141,.F.);
#1849=ORIENTED_EDGE('',*,*,#5142,.T.);
#1850=ORIENTED_EDGE('',*,*,#5143,.T.);
#1851=ORIENTED_EDGE('',*,*,#5144,.T.);
#1852=ORIENTED_EDGE('',*,*,#5145,.T.);
#1853=ORIENTED_EDGE('',*,*,#5146,.T.);
#1854=ORIENTED_EDGE('',*,*,#5147,.T.);
#1855=ORIENTED_EDGE('',*,*,#5148,.T.);
#1856=ORIENTED_EDGE('',*,*,#5149,.T.);
#1857=ORIENTED_EDGE('',*,*,#5150,.T.);
#1858=ORIENTED_EDGE('',*,*,#5151,.T.);
#1859=ORIENTED_EDGE('',*,*,#5152,.T.);
#1860=ORIENTED_EDGE('',*,*,#5153,.T.);
#1861=ORIENTED_EDGE('',*,*,#5154,.T.);
#1862=ORIENTED_EDGE('',*,*,#5155,.T.);
#1863=ORIENTED_EDGE('',*,*,#5156,.T.);
#1864=ORIENTED_EDGE('',*,*,#5157,.T.);
#1865=ORIENTED_EDGE('',*,*,#5158,.T.);
#1866=ORIENTED_EDGE('',*,*,#5159,.T.);
#1867=ORIENTED_EDGE('',*,*,#5160,.T.);
#1868=ORIENTED_EDGE('',*,*,#5161,.T.);
#1869=ORIENTED_EDGE('',*,*,#5162,.T.);
#1870=ORIENTED_EDGE('',*,*,#5163,.T.);
#1871=ORIENTED_EDGE('',*,*,#5164,.T.);
#1872=ORIENTED_EDGE('',*,*,#5141,.T.);
#1873=ORIENTED_EDGE('',*,*,#5165,.T.);
#1874=ORIENTED_EDGE('',*,*,#5166,.T.);
#1875=ORIENTED_EDGE('',*,*,#5167,.T.);
#1876=ORIENTED_EDGE('',*,*,#5123,.T.);
#1877=ORIENTED_EDGE('',*,*,#5168,.F.);
#1878=ORIENTED_EDGE('',*,*,#5169,.F.);
#1879=ORIENTED_EDGE('',*,*,#5170,.T.);
#1880=ORIENTED_EDGE('',*,*,#5171,.T.);
#1881=ORIENTED_EDGE('',*,*,#5172,.F.);
#1882=ORIENTED_EDGE('',*,*,#5173,.F.);
#1883=ORIENTED_EDGE('',*,*,#5174,.F.);
#1884=ORIENTED_EDGE('',*,*,#5175,.F.);
#1885=ORIENTED_EDGE('',*,*,#5176,.T.);
#1886=ORIENTED_EDGE('',*,*,#5177,.T.);
#1887=ORIENTED_EDGE('',*,*,#5178,.T.);
#1888=ORIENTED_EDGE('',*,*,#5179,.T.);
#1889=ORIENTED_EDGE('',*,*,#5180,.T.);
#1890=ORIENTED_EDGE('',*,*,#5181,.T.);
#1891=ORIENTED_EDGE('',*,*,#5182,.T.);
#1892=ORIENTED_EDGE('',*,*,#5183,.T.);
#1893=ORIENTED_EDGE('',*,*,#5184,.T.);
#1894=ORIENTED_EDGE('',*,*,#5185,.T.);
#1895=ORIENTED_EDGE('',*,*,#5186,.T.);
#1896=ORIENTED_EDGE('',*,*,#5187,.T.);
#1897=ORIENTED_EDGE('',*,*,#5188,.T.);
#1898=ORIENTED_EDGE('',*,*,#5189,.T.);
#1899=ORIENTED_EDGE('',*,*,#5190,.T.);
#1900=ORIENTED_EDGE('',*,*,#5191,.T.);
#1901=ORIENTED_EDGE('',*,*,#5192,.T.);
#1902=ORIENTED_EDGE('',*,*,#5193,.T.);
#1903=ORIENTED_EDGE('',*,*,#5194,.T.);
#1904=ORIENTED_EDGE('',*,*,#5195,.T.);
#1905=ORIENTED_EDGE('',*,*,#5196,.T.);
#1906=ORIENTED_EDGE('',*,*,#5197,.T.);
#1907=ORIENTED_EDGE('',*,*,#5198,.T.);
#1908=ORIENTED_EDGE('',*,*,#5199,.T.);
#1909=ORIENTED_EDGE('',*,*,#5200,.T.);
#1910=ORIENTED_EDGE('',*,*,#5201,.T.);
#1911=ORIENTED_EDGE('',*,*,#5202,.T.);
#1912=ORIENTED_EDGE('',*,*,#5203,.T.);
#1913=ORIENTED_EDGE('',*,*,#5204,.T.);
#1914=ORIENTED_EDGE('',*,*,#5205,.T.);
#1915=ORIENTED_EDGE('',*,*,#5206,.T.);
#1916=ORIENTED_EDGE('',*,*,#5207,.T.);
#1917=ORIENTED_EDGE('',*,*,#5208,.T.);
#1918=ORIENTED_EDGE('',*,*,#5209,.T.);
#1919=ORIENTED_EDGE('',*,*,#5210,.T.);
#1920=ORIENTED_EDGE('',*,*,#5211,.F.);
#1921=ORIENTED_EDGE('',*,*,#5212,.F.);
#1922=ORIENTED_EDGE('',*,*,#5213,.F.);
#1923=ORIENTED_EDGE('',*,*,#5214,.F.);
#1924=ORIENTED_EDGE('',*,*,#5215,.T.);
#1925=ORIENTED_EDGE('',*,*,#5216,.T.);
#1926=ORIENTED_EDGE('',*,*,#5217,.F.);
#1927=ORIENTED_EDGE('',*,*,#5218,.T.);
#1928=ORIENTED_EDGE('',*,*,#5219,.T.);
#1929=ORIENTED_EDGE('',*,*,#5220,.T.);
#1930=ORIENTED_EDGE('',*,*,#5221,.F.);
#1931=ORIENTED_EDGE('',*,*,#5222,.T.);
#1932=ORIENTED_EDGE('',*,*,#5223,.T.);
#1933=ORIENTED_EDGE('',*,*,#5224,.T.);
#1934=ORIENTED_EDGE('',*,*,#5223,.F.);
#1935=ORIENTED_EDGE('',*,*,#5225,.T.);
#1936=ORIENTED_EDGE('',*,*,#5226,.T.);
#1937=ORIENTED_EDGE('',*,*,#5214,.T.);
#1938=ORIENTED_EDGE('',*,*,#5227,.T.);
#1939=ORIENTED_EDGE('',*,*,#5228,.T.);
#1940=ORIENTED_EDGE('',*,*,#5229,.T.);
#1941=ORIENTED_EDGE('',*,*,#5230,.T.);
#1942=ORIENTED_EDGE('',*,*,#5040,.F.);
#1943=ORIENTED_EDGE('',*,*,#5131,.F.);
#1944=ORIENTED_EDGE('',*,*,#5231,.T.);
#1945=ORIENTED_EDGE('',*,*,#5232,.T.);
#1946=ORIENTED_EDGE('',*,*,#5233,.T.);
#1947=ORIENTED_EDGE('',*,*,#5234,.T.);
#1948=ORIENTED_EDGE('',*,*,#5235,.T.);
#1949=ORIENTED_EDGE('',*,*,#5236,.T.);
#1950=ORIENTED_EDGE('',*,*,#5237,.T.);
#1951=ORIENTED_EDGE('',*,*,#5238,.F.);
#1952=ORIENTED_EDGE('',*,*,#5239,.F.);
#1953=ORIENTED_EDGE('',*,*,#5125,.F.);
#1954=ORIENTED_EDGE('',*,*,#5240,.T.);
#1955=ORIENTED_EDGE('',*,*,#5241,.T.);
#1956=ORIENTED_EDGE('',*,*,#5092,.F.);
#1957=ORIENTED_EDGE('',*,*,#5242,.F.);
#1958=ORIENTED_EDGE('',*,*,#5243,.F.);
#1959=ORIENTED_EDGE('',*,*,#5244,.F.);
#1960=ORIENTED_EDGE('',*,*,#5245,.F.);
#1961=ORIENTED_EDGE('',*,*,#5246,.F.);
#1962=ORIENTED_EDGE('',*,*,#5247,.T.);
#1963=ORIENTED_EDGE('',*,*,#5248,.T.);
#1964=ORIENTED_EDGE('',*,*,#5249,.T.);
#1965=ORIENTED_EDGE('',*,*,#5250,.T.);
#1966=ORIENTED_EDGE('',*,*,#5251,.F.);
#1967=ORIENTED_EDGE('',*,*,#5252,.F.);
#1968=ORIENTED_EDGE('',*,*,#5253,.F.);
#1969=ORIENTED_EDGE('',*,*,#5137,.F.);
#1970=ORIENTED_EDGE('',*,*,#5254,.F.);
#1971=ORIENTED_EDGE('',*,*,#5255,.F.);
#1972=ORIENTED_EDGE('',*,*,#5256,.F.);
#1973=ORIENTED_EDGE('',*,*,#5257,.F.);
#1974=ORIENTED_EDGE('',*,*,#5258,.F.);
#1975=ORIENTED_EDGE('',*,*,#5259,.F.);
#1976=ORIENTED_EDGE('',*,*,#5128,.F.);
#1977=ORIENTED_EDGE('',*,*,#5260,.F.);
#1978=ORIENTED_EDGE('',*,*,#5261,.F.);
#1979=ORIENTED_EDGE('',*,*,#5262,.F.);
#1980=ORIENTED_EDGE('',*,*,#5263,.F.);
#1981=ORIENTED_EDGE('',*,*,#5264,.F.);
#1982=ORIENTED_EDGE('',*,*,#5265,.F.);
#1983=ORIENTED_EDGE('',*,*,#5266,.F.);
#1984=ORIENTED_EDGE('',*,*,#5267,.F.);
#1985=ORIENTED_EDGE('',*,*,#5268,.F.);
#1986=ORIENTED_EDGE('',*,*,#5269,.F.);
#1987=ORIENTED_EDGE('',*,*,#5270,.T.);
#1988=ORIENTED_EDGE('',*,*,#5271,.F.);
#1989=ORIENTED_EDGE('',*,*,#5272,.F.);
#1990=ORIENTED_EDGE('',*,*,#5273,.F.);
#1991=ORIENTED_EDGE('',*,*,#5274,.T.);
#1992=ORIENTED_EDGE('',*,*,#5275,.F.);
#1993=ORIENTED_EDGE('',*,*,#5276,.T.);
#1994=ORIENTED_EDGE('',*,*,#5277,.T.);
#1995=ORIENTED_EDGE('',*,*,#5278,.T.);
#1996=ORIENTED_EDGE('',*,*,#5279,.F.);
#1997=ORIENTED_EDGE('',*,*,#5272,.T.);
#1998=ORIENTED_EDGE('',*,*,#5280,.T.);
#1999=ORIENTED_EDGE('',*,*,#5281,.T.);
#2000=ORIENTED_EDGE('',*,*,#5282,.F.);
#2001=ORIENTED_EDGE('',*,*,#5176,.F.);
#2002=ORIENTED_EDGE('',*,*,#5283,.T.);
#2003=ORIENTED_EDGE('',*,*,#5270,.F.);
#2004=ORIENTED_EDGE('',*,*,#5284,.T.);
#2005=ORIENTED_EDGE('',*,*,#5285,.T.);
#2006=ORIENTED_EDGE('',*,*,#5286,.T.);
#2007=ORIENTED_EDGE('',*,*,#5287,.T.);
#2008=ORIENTED_EDGE('',*,*,#5288,.F.);
#2009=ORIENTED_EDGE('',*,*,#5289,.F.);
#2010=ORIENTED_EDGE('',*,*,#5276,.F.);
#2011=ORIENTED_EDGE('',*,*,#5290,.F.);
#2012=ORIENTED_EDGE('',*,*,#5291,.T.);
#2013=ORIENTED_EDGE('',*,*,#5292,.F.);
#2014=ORIENTED_EDGE('',*,*,#5293,.F.);
#2015=ORIENTED_EDGE('',*,*,#5294,.F.);
#2016=ORIENTED_EDGE('',*,*,#5099,.T.);
#2017=ORIENTED_EDGE('',*,*,#5295,.T.);
#2018=ORIENTED_EDGE('',*,*,#5288,.T.);
#2019=ORIENTED_EDGE('',*,*,#5296,.F.);
#2020=ORIENTED_EDGE('',*,*,#5297,.T.);
#2021=ORIENTED_EDGE('',*,*,#5298,.T.);
#2022=ORIENTED_EDGE('',*,*,#5299,.T.);
#2023=ORIENTED_EDGE('',*,*,#5300,.F.);
#2024=ORIENTED_EDGE('',*,*,#5301,.F.);
#2025=ORIENTED_EDGE('',*,*,#5299,.F.);
#2026=ORIENTED_EDGE('',*,*,#5302,.F.);
#2027=ORIENTED_EDGE('',*,*,#5303,.T.);
#2028=ORIENTED_EDGE('',*,*,#5304,.F.);
#2029=ORIENTED_EDGE('',*,*,#5305,.F.);
#2030=ORIENTED_EDGE('',*,*,#5303,.F.);
#2031=ORIENTED_EDGE('',*,*,#5306,.F.);
#2032=ORIENTED_EDGE('',*,*,#5293,.T.);
#2033=ORIENTED_EDGE('',*,*,#5307,.T.);
#2034=ORIENTED_EDGE('',*,*,#5308,.T.);
#2035=ORIENTED_EDGE('',*,*,#5309,.T.);
#2036=ORIENTED_EDGE('',*,*,#5310,.T.);
#2037=ORIENTED_EDGE('',*,*,#5311,.T.);
#2038=ORIENTED_EDGE('',*,*,#5312,.T.);
#2039=ORIENTED_EDGE('',*,*,#5313,.F.);
#2040=ORIENTED_EDGE('',*,*,#5314,.T.);
#2041=ORIENTED_EDGE('',*,*,#5313,.T.);
#2042=ORIENTED_EDGE('',*,*,#5315,.T.);
#2043=ORIENTED_EDGE('',*,*,#5316,.F.);
#2044=ORIENTED_EDGE('',*,*,#5317,.T.);
#2045=ORIENTED_EDGE('',*,*,#5318,.F.);
#2046=ORIENTED_EDGE('',*,*,#5319,.T.);
#2047=ORIENTED_EDGE('',*,*,#5320,.T.);
#2048=ORIENTED_EDGE('',*,*,#5321,.T.);
#2049=ORIENTED_EDGE('',*,*,#5322,.T.);
#2050=ORIENTED_EDGE('',*,*,#5323,.T.);
#2051=ORIENTED_EDGE('',*,*,#5324,.T.);
#2052=ORIENTED_EDGE('',*,*,#5094,.F.);
#2053=ORIENTED_EDGE('',*,*,#5325,.F.);
#2054=ORIENTED_EDGE('',*,*,#5326,.F.);
#2055=ORIENTED_EDGE('',*,*,#5216,.F.);
#2056=ORIENTED_EDGE('',*,*,#5327,.F.);
#2057=ORIENTED_EDGE('',*,*,#5328,.T.);
#2058=ORIENTED_EDGE('',*,*,#5221,.T.);
#2059=ORIENTED_EDGE('',*,*,#5329,.T.);
#2060=ORIENTED_EDGE('',*,*,#5311,.F.);
#2061=ORIENTED_EDGE('',*,*,#5330,.F.);
#2062=ORIENTED_EDGE('',*,*,#5307,.F.);
#2063=ORIENTED_EDGE('',*,*,#5331,.T.);
#2064=ORIENTED_EDGE('',*,*,#5332,.T.);
#2065=ORIENTED_EDGE('',*,*,#5227,.F.);
#2066=ORIENTED_EDGE('',*,*,#5213,.T.);
#2067=ORIENTED_EDGE('',*,*,#5333,.T.);
#2068=ORIENTED_EDGE('',*,*,#5334,.T.);
#2069=ORIENTED_EDGE('',*,*,#5331,.F.);
#2070=ORIENTED_EDGE('',*,*,#5212,.T.);
#2071=ORIENTED_EDGE('',*,*,#5275,.T.);
#2072=ORIENTED_EDGE('',*,*,#5335,.T.);
#2073=ORIENTED_EDGE('',*,*,#5333,.F.);
#2074=ORIENTED_EDGE('',*,*,#5211,.T.);
#2075=ORIENTED_EDGE('',*,*,#5336,.F.);
#2076=ORIENTED_EDGE('',*,*,#5290,.T.);
#2077=ORIENTED_EDGE('',*,*,#5337,.T.);
#2078=ORIENTED_EDGE('',*,*,#5338,.T.);
#2079=ORIENTED_EDGE('',*,*,#5277,.F.);
#2080=ORIENTED_EDGE('',*,*,#5271,.T.);
#2081=ORIENTED_EDGE('',*,*,#5283,.F.);
#2082=ORIENTED_EDGE('',*,*,#5175,.T.);
#2083=ORIENTED_EDGE('',*,*,#5339,.T.);
#2084=ORIENTED_EDGE('',*,*,#5340,.T.);
#2085=ORIENTED_EDGE('',*,*,#5337,.F.);
#2086=ORIENTED_EDGE('',*,*,#5174,.T.);
#2087=ORIENTED_EDGE('',*,*,#5341,.T.);
#2088=ORIENTED_EDGE('',*,*,#5342,.T.);
#2089=ORIENTED_EDGE('',*,*,#5339,.F.);
#2090=ORIENTED_EDGE('',*,*,#5173,.T.);
#2091=ORIENTED_EDGE('',*,*,#5343,.F.);
#2092=ORIENTED_EDGE('',*,*,#5344,.T.);
#2093=ORIENTED_EDGE('',*,*,#5217,.T.);
#2094=ORIENTED_EDGE('',*,*,#5345,.T.);
#2095=ORIENTED_EDGE('',*,*,#5341,.F.);
#2096=ORIENTED_EDGE('',*,*,#5172,.T.);
#2097=ORIENTED_EDGE('',*,*,#5346,.T.);
#2098=ORIENTED_EDGE('',*,*,#5347,.T.);
#2099=ORIENTED_EDGE('',*,*,#5219,.F.);
#2100=ORIENTED_EDGE('',*,*,#5348,.T.);
#2101=ORIENTED_EDGE('',*,*,#5349,.T.);
#2102=ORIENTED_EDGE('',*,*,#5170,.F.);
#2103=ORIENTED_EDGE('',*,*,#5350,.F.);
#2104=ORIENTED_EDGE('',*,*,#5351,.T.);
#2105=ORIENTED_EDGE('',*,*,#5319,.F.);
#2106=ORIENTED_EDGE('',*,*,#5352,.T.);
#2107=ORIENTED_EDGE('',*,*,#5353,.T.);
#2108=ORIENTED_EDGE('',*,*,#5354,.T.);
#2109=ORIENTED_EDGE('',*,*,#5346,.F.);
#2110=ORIENTED_EDGE('',*,*,#5355,.F.);
#2111=ORIENTED_EDGE('',*,*,#5356,.T.);
#2112=ORIENTED_EDGE('',*,*,#5357,.T.);
#2113=ORIENTED_EDGE('',*,*,#5353,.F.);
#2114=ORIENTED_EDGE('',*,*,#5358,.F.);
#2115=ORIENTED_EDGE('',*,*,#5316,.T.);
#2116=ORIENTED_EDGE('',*,*,#5359,.T.);
#2117=ORIENTED_EDGE('',*,*,#5356,.F.);
#2118=ORIENTED_EDGE('',*,*,#5360,.F.);
#2119=ORIENTED_EDGE('',*,*,#5361,.T.);
#2120=ORIENTED_EDGE('',*,*,#5054,.T.);
#2121=ORIENTED_EDGE('',*,*,#5362,.F.);
#2122=ORIENTED_EDGE('',*,*,#5363,.T.);
#2123=ORIENTED_EDGE('',*,*,#5053,.T.);
#2124=ORIENTED_EDGE('',*,*,#5364,.F.);
#2125=ORIENTED_EDGE('',*,*,#5365,.T.);
#2126=ORIENTED_EDGE('',*,*,#5366,.F.);
#2127=ORIENTED_EDGE('',*,*,#5309,.F.);
#2128=ORIENTED_EDGE('',*,*,#5367,.F.);
#2129=ORIENTED_EDGE('',*,*,#5368,.T.);
#2130=ORIENTED_EDGE('',*,*,#5362,.T.);
#2131=ORIENTED_EDGE('',*,*,#5051,.T.);
#2132=ORIENTED_EDGE('',*,*,#5361,.F.);
#2133=ORIENTED_EDGE('',*,*,#5369,.F.);
#2134=ORIENTED_EDGE('',*,*,#5370,.T.);
#2135=ORIENTED_EDGE('',*,*,#5321,.F.);
#2136=ORIENTED_EDGE('',*,*,#5371,.T.);
#2137=ORIENTED_EDGE('',*,*,#5372,.F.);
#2138=ORIENTED_EDGE('',*,*,#5373,.F.);
#2139=ORIENTED_EDGE('',*,*,#5330,.T.);
#2140=ORIENTED_EDGE('',*,*,#5374,.T.);
#2141=ORIENTED_EDGE('',*,*,#5367,.T.);
#2142=ORIENTED_EDGE('',*,*,#5308,.F.);
#2143=ORIENTED_EDGE('',*,*,#5368,.F.);
#2144=ORIENTED_EDGE('',*,*,#5374,.F.);
#2145=ORIENTED_EDGE('',*,*,#5314,.F.);
#2146=ORIENTED_EDGE('',*,*,#5317,.F.);
#2147=ORIENTED_EDGE('',*,*,#5363,.F.);
#2148=ORIENTED_EDGE('',*,*,#5318,.T.);
#2149=ORIENTED_EDGE('',*,*,#5370,.F.);
#2150=ORIENTED_EDGE('',*,*,#5375,.F.);
#2151=ORIENTED_EDGE('',*,*,#5352,.F.);
#2152=ORIENTED_EDGE('',*,*,#5358,.T.);
#2153=ORIENTED_EDGE('',*,*,#5355,.T.);
#2154=ORIENTED_EDGE('',*,*,#5375,.T.);
#2155=ORIENTED_EDGE('',*,*,#5369,.T.);
#2156=ORIENTED_EDGE('',*,*,#5360,.T.);
#2157=ORIENTED_EDGE('',*,*,#5282,.T.);
#2158=ORIENTED_EDGE('',*,*,#5376,.T.);
#2159=ORIENTED_EDGE('',*,*,#5377,.F.);
#2160=ORIENTED_EDGE('',*,*,#5177,.F.);
#2161=ORIENTED_EDGE('',*,*,#5377,.T.);
#2162=ORIENTED_EDGE('',*,*,#5378,.T.);
#2163=ORIENTED_EDGE('',*,*,#5088,.T.);
#2164=ORIENTED_EDGE('',*,*,#5379,.F.);
#2165=ORIENTED_EDGE('',*,*,#5178,.F.);
#2166=ORIENTED_EDGE('',*,*,#5379,.T.);
#2167=ORIENTED_EDGE('',*,*,#5087,.T.);
#2168=ORIENTED_EDGE('',*,*,#5380,.F.);
#2169=ORIENTED_EDGE('',*,*,#5179,.F.);
#2170=ORIENTED_EDGE('',*,*,#5086,.T.);
#2171=ORIENTED_EDGE('',*,*,#5381,.T.);
#2172=ORIENTED_EDGE('',*,*,#5382,.F.);
#2173=ORIENTED_EDGE('',*,*,#5180,.F.);
#2174=ORIENTED_EDGE('',*,*,#5380,.T.);
#2175=ORIENTED_EDGE('',*,*,#5382,.T.);
#2176=ORIENTED_EDGE('',*,*,#5383,.T.);
#2177=ORIENTED_EDGE('',*,*,#5384,.F.);
#2178=ORIENTED_EDGE('',*,*,#5181,.F.);
#2179=ORIENTED_EDGE('',*,*,#5384,.T.);
#2180=ORIENTED_EDGE('',*,*,#5385,.T.);
#2181=ORIENTED_EDGE('',*,*,#5084,.T.);
#2182=ORIENTED_EDGE('',*,*,#5386,.F.);
#2183=ORIENTED_EDGE('',*,*,#5182,.F.);
#2184=ORIENTED_EDGE('',*,*,#5386,.T.);
#2185=ORIENTED_EDGE('',*,*,#5083,.T.);
#2186=ORIENTED_EDGE('',*,*,#5387,.F.);
#2187=ORIENTED_EDGE('',*,*,#5183,.F.);
#2188=ORIENTED_EDGE('',*,*,#5082,.T.);
#2189=ORIENTED_EDGE('',*,*,#5388,.T.);
#2190=ORIENTED_EDGE('',*,*,#5389,.F.);
#2191=ORIENTED_EDGE('',*,*,#5184,.F.);
#2192=ORIENTED_EDGE('',*,*,#5387,.T.);
#2193=ORIENTED_EDGE('',*,*,#5389,.T.);
#2194=ORIENTED_EDGE('',*,*,#5390,.T.);
#2195=ORIENTED_EDGE('',*,*,#5391,.F.);
#2196=ORIENTED_EDGE('',*,*,#5185,.F.);
#2197=ORIENTED_EDGE('',*,*,#5391,.T.);
#2198=ORIENTED_EDGE('',*,*,#5392,.T.);
#2199=ORIENTED_EDGE('',*,*,#5080,.T.);
#2200=ORIENTED_EDGE('',*,*,#5393,.F.);
#2201=ORIENTED_EDGE('',*,*,#5186,.F.);
#2202=ORIENTED_EDGE('',*,*,#5393,.T.);
#2203=ORIENTED_EDGE('',*,*,#5079,.T.);
#2204=ORIENTED_EDGE('',*,*,#5394,.F.);
#2205=ORIENTED_EDGE('',*,*,#5187,.F.);
#2206=ORIENTED_EDGE('',*,*,#5078,.T.);
#2207=ORIENTED_EDGE('',*,*,#5395,.T.);
#2208=ORIENTED_EDGE('',*,*,#5396,.F.);
#2209=ORIENTED_EDGE('',*,*,#5188,.F.);
#2210=ORIENTED_EDGE('',*,*,#5394,.T.);
#2211=ORIENTED_EDGE('',*,*,#5396,.T.);
#2212=ORIENTED_EDGE('',*,*,#5397,.T.);
#2213=ORIENTED_EDGE('',*,*,#5398,.F.);
#2214=ORIENTED_EDGE('',*,*,#5189,.F.);
#2215=ORIENTED_EDGE('',*,*,#5398,.T.);
#2216=ORIENTED_EDGE('',*,*,#5399,.T.);
#2217=ORIENTED_EDGE('',*,*,#5076,.T.);
#2218=ORIENTED_EDGE('',*,*,#5400,.F.);
#2219=ORIENTED_EDGE('',*,*,#5190,.F.);
#2220=ORIENTED_EDGE('',*,*,#5400,.T.);
#2221=ORIENTED_EDGE('',*,*,#5075,.T.);
#2222=ORIENTED_EDGE('',*,*,#5401,.F.);
#2223=ORIENTED_EDGE('',*,*,#5191,.F.);
#2224=ORIENTED_EDGE('',*,*,#5074,.T.);
#2225=ORIENTED_EDGE('',*,*,#5402,.T.);
#2226=ORIENTED_EDGE('',*,*,#5403,.F.);
#2227=ORIENTED_EDGE('',*,*,#5192,.F.);
#2228=ORIENTED_EDGE('',*,*,#5401,.T.);
#2229=ORIENTED_EDGE('',*,*,#5403,.T.);
#2230=ORIENTED_EDGE('',*,*,#5404,.T.);
#2231=ORIENTED_EDGE('',*,*,#5405,.F.);
#2232=ORIENTED_EDGE('',*,*,#5193,.F.);
#2233=ORIENTED_EDGE('',*,*,#5405,.T.);
#2234=ORIENTED_EDGE('',*,*,#5406,.T.);
#2235=ORIENTED_EDGE('',*,*,#5072,.T.);
#2236=ORIENTED_EDGE('',*,*,#5407,.F.);
#2237=ORIENTED_EDGE('',*,*,#5194,.F.);
#2238=ORIENTED_EDGE('',*,*,#5407,.T.);
#2239=ORIENTED_EDGE('',*,*,#5071,.T.);
#2240=ORIENTED_EDGE('',*,*,#5408,.F.);
#2241=ORIENTED_EDGE('',*,*,#5195,.F.);
#2242=ORIENTED_EDGE('',*,*,#5070,.T.);
#2243=ORIENTED_EDGE('',*,*,#5409,.T.);
#2244=ORIENTED_EDGE('',*,*,#5410,.F.);
#2245=ORIENTED_EDGE('',*,*,#5196,.F.);
#2246=ORIENTED_EDGE('',*,*,#5408,.T.);
#2247=ORIENTED_EDGE('',*,*,#5410,.T.);
#2248=ORIENTED_EDGE('',*,*,#5411,.T.);
#2249=ORIENTED_EDGE('',*,*,#5412,.F.);
#2250=ORIENTED_EDGE('',*,*,#5197,.F.);
#2251=ORIENTED_EDGE('',*,*,#5412,.T.);
#2252=ORIENTED_EDGE('',*,*,#5413,.T.);
#2253=ORIENTED_EDGE('',*,*,#5068,.T.);
#2254=ORIENTED_EDGE('',*,*,#5414,.F.);
#2255=ORIENTED_EDGE('',*,*,#5198,.F.);
#2256=ORIENTED_EDGE('',*,*,#5414,.T.);
#2257=ORIENTED_EDGE('',*,*,#5067,.T.);
#2258=ORIENTED_EDGE('',*,*,#5415,.F.);
#2259=ORIENTED_EDGE('',*,*,#5199,.F.);
#2260=ORIENTED_EDGE('',*,*,#5066,.T.);
#2261=ORIENTED_EDGE('',*,*,#5416,.T.);
#2262=ORIENTED_EDGE('',*,*,#5417,.F.);
#2263=ORIENTED_EDGE('',*,*,#5200,.F.);
#2264=ORIENTED_EDGE('',*,*,#5415,.T.);
#2265=ORIENTED_EDGE('',*,*,#5417,.T.);
#2266=ORIENTED_EDGE('',*,*,#5418,.T.);
#2267=ORIENTED_EDGE('',*,*,#5419,.F.);
#2268=ORIENTED_EDGE('',*,*,#5201,.F.);
#2269=ORIENTED_EDGE('',*,*,#5419,.T.);
#2270=ORIENTED_EDGE('',*,*,#5420,.T.);
#2271=ORIENTED_EDGE('',*,*,#5064,.T.);
#2272=ORIENTED_EDGE('',*,*,#5421,.F.);
#2273=ORIENTED_EDGE('',*,*,#5202,.F.);
#2274=ORIENTED_EDGE('',*,*,#5421,.T.);
#2275=ORIENTED_EDGE('',*,*,#5063,.T.);
#2276=ORIENTED_EDGE('',*,*,#5422,.F.);
#2277=ORIENTED_EDGE('',*,*,#5203,.F.);
#2278=ORIENTED_EDGE('',*,*,#5062,.T.);
#2279=ORIENTED_EDGE('',*,*,#5423,.T.);
#2280=ORIENTED_EDGE('',*,*,#5424,.F.);
#2281=ORIENTED_EDGE('',*,*,#5204,.F.);
#2282=ORIENTED_EDGE('',*,*,#5422,.T.);
#2283=ORIENTED_EDGE('',*,*,#5424,.T.);
#2284=ORIENTED_EDGE('',*,*,#5425,.T.);
#2285=ORIENTED_EDGE('',*,*,#5426,.F.);
#2286=ORIENTED_EDGE('',*,*,#5205,.F.);
#2287=ORIENTED_EDGE('',*,*,#5426,.T.);
#2288=ORIENTED_EDGE('',*,*,#5427,.T.);
#2289=ORIENTED_EDGE('',*,*,#5060,.T.);
#2290=ORIENTED_EDGE('',*,*,#5428,.F.);
#2291=ORIENTED_EDGE('',*,*,#5206,.F.);
#2292=ORIENTED_EDGE('',*,*,#5428,.T.);
#2293=ORIENTED_EDGE('',*,*,#5059,.T.);
#2294=ORIENTED_EDGE('',*,*,#5429,.F.);
#2295=ORIENTED_EDGE('',*,*,#5207,.F.);
#2296=ORIENTED_EDGE('',*,*,#5058,.T.);
#2297=ORIENTED_EDGE('',*,*,#5430,.T.);
#2298=ORIENTED_EDGE('',*,*,#5431,.F.);
#2299=ORIENTED_EDGE('',*,*,#5208,.F.);
#2300=ORIENTED_EDGE('',*,*,#5429,.T.);
#2301=ORIENTED_EDGE('',*,*,#5431,.T.);
#2302=ORIENTED_EDGE('',*,*,#5432,.T.);
#2303=ORIENTED_EDGE('',*,*,#5433,.F.);
#2304=ORIENTED_EDGE('',*,*,#5209,.F.);
#2305=ORIENTED_EDGE('',*,*,#5433,.T.);
#2306=ORIENTED_EDGE('',*,*,#5434,.T.);
#2307=ORIENTED_EDGE('',*,*,#5435,.F.);
#2308=ORIENTED_EDGE('',*,*,#5436,.F.);
#2309=ORIENTED_EDGE('',*,*,#5437,.F.);
#2310=ORIENTED_EDGE('',*,*,#5438,.F.);
#2311=ORIENTED_EDGE('',*,*,#5439,.F.);
#2312=ORIENTED_EDGE('',*,*,#5440,.F.);
#2313=ORIENTED_EDGE('',*,*,#5291,.F.);
#2314=ORIENTED_EDGE('',*,*,#5336,.T.);
#2315=ORIENTED_EDGE('',*,*,#5210,.F.);
#2316=ORIENTED_EDGE('',*,*,#5049,.T.);
#2317=ORIENTED_EDGE('',*,*,#5134,.F.);
#2318=ORIENTED_EDGE('',*,*,#5441,.F.);
#2319=ORIENTED_EDGE('',*,*,#5442,.T.);
#2320=ORIENTED_EDGE('',*,*,#5044,.T.);
#2321=ORIENTED_EDGE('',*,*,#5443,.F.);
#2322=ORIENTED_EDGE('',*,*,#5444,.F.);
#2323=ORIENTED_EDGE('',*,*,#5132,.T.);
#2324=ORIENTED_EDGE('',*,*,#5106,.F.);
#2325=ORIENTED_EDGE('',*,*,#5445,.F.);
#2326=ORIENTED_EDGE('',*,*,#5249,.F.);
#2327=ORIENTED_EDGE('',*,*,#5446,.T.);
#2328=ORIENTED_EDGE('',*,*,#5102,.F.);
#2329=ORIENTED_EDGE('',*,*,#5447,.F.);
#2330=ORIENTED_EDGE('',*,*,#5443,.T.);
#2331=ORIENTED_EDGE('',*,*,#5043,.T.);
#2332=ORIENTED_EDGE('',*,*,#5448,.T.);
#2333=ORIENTED_EDGE('',*,*,#5280,.F.);
#2334=ORIENTED_EDGE('',*,*,#5295,.F.);
#2335=ORIENTED_EDGE('',*,*,#5098,.T.);
#2336=ORIENTED_EDGE('',*,*,#5449,.T.);
#2337=ORIENTED_EDGE('',*,*,#5242,.T.);
#2338=ORIENTED_EDGE('',*,*,#5091,.T.);
#2339=ORIENTED_EDGE('',*,*,#5055,.T.);
#2340=ORIENTED_EDGE('',*,*,#5023,.F.);
#2341=ORIENTED_EDGE('',*,*,#5450,.T.);
#2342=ORIENTED_EDGE('',*,*,#5117,.F.);
#2343=ORIENTED_EDGE('',*,*,#5451,.F.);
#2344=ORIENTED_EDGE('',*,*,#5435,.T.);
#2345=ORIENTED_EDGE('',*,*,#5452,.T.);
#2346=ORIENTED_EDGE('',*,*,#5050,.T.);
#2347=ORIENTED_EDGE('',*,*,#5442,.F.);
#2348=ORIENTED_EDGE('',*,*,#5453,.F.);
#2349=ORIENTED_EDGE('',*,*,#5113,.T.);
#2350=ORIENTED_EDGE('',*,*,#5454,.T.);
#2351=ORIENTED_EDGE('',*,*,#5017,.T.);
#2352=ORIENTED_EDGE('',*,*,#5455,.F.);
#2353=ORIENTED_EDGE('',*,*,#5109,.T.);
#2354=ORIENTED_EDGE('',*,*,#5120,.T.);
#2355=ORIENTED_EDGE('',*,*,#5456,.F.);
#2356=ORIENTED_EDGE('',*,*,#5436,.T.);
#2357=ORIENTED_EDGE('',*,*,#5451,.T.);
#2358=ORIENTED_EDGE('',*,*,#5116,.T.);
#2359=ORIENTED_EDGE('',*,*,#5457,.F.);
#2360=ORIENTED_EDGE('',*,*,#5297,.F.);
#2361=ORIENTED_EDGE('',*,*,#5457,.T.);
#2362=ORIENTED_EDGE('',*,*,#5115,.F.);
#2363=ORIENTED_EDGE('',*,*,#5458,.F.);
#2364=ORIENTED_EDGE('',*,*,#5298,.F.);
#2365=ORIENTED_EDGE('',*,*,#5306,.T.);
#2366=ORIENTED_EDGE('',*,*,#5459,.F.);
#2367=ORIENTED_EDGE('',*,*,#5100,.T.);
#2368=ORIENTED_EDGE('',*,*,#5294,.T.);
#2369=ORIENTED_EDGE('',*,*,#5114,.T.);
#2370=ORIENTED_EDGE('',*,*,#5453,.T.);
#2371=ORIENTED_EDGE('',*,*,#5441,.T.);
#2372=ORIENTED_EDGE('',*,*,#5133,.T.);
#2373=ORIENTED_EDGE('',*,*,#5444,.T.);
#2374=ORIENTED_EDGE('',*,*,#5447,.T.);
#2375=ORIENTED_EDGE('',*,*,#5101,.T.);
#2376=ORIENTED_EDGE('',*,*,#5459,.T.);
#2377=ORIENTED_EDGE('',*,*,#5302,.T.);
#2378=ORIENTED_EDGE('',*,*,#5458,.T.);
#2379=ORIENTED_EDGE('',*,*,#5460,.F.);
#2380=ORIENTED_EDGE('',*,*,#5461,.T.);
#2381=ORIENTED_EDGE('',*,*,#5322,.F.);
#2382=ORIENTED_EDGE('',*,*,#5093,.F.);
#2383=ORIENTED_EDGE('',*,*,#5241,.F.);
#2384=ORIENTED_EDGE('',*,*,#5167,.F.);
#2385=ORIENTED_EDGE('',*,*,#5462,.T.);
#2386=ORIENTED_EDGE('',*,*,#5460,.T.);
#2387=ORIENTED_EDGE('',*,*,#5240,.F.);
#2388=ORIENTED_EDGE('',*,*,#5124,.F.);
#2389=ORIENTED_EDGE('',*,*,#5463,.F.);
#2390=ORIENTED_EDGE('',*,*,#5464,.T.);
#2391=ORIENTED_EDGE('',*,*,#5165,.F.);
#2392=ORIENTED_EDGE('',*,*,#5140,.F.);
#2393=ORIENTED_EDGE('',*,*,#5026,.F.);
#2394=ORIENTED_EDGE('',*,*,#5324,.F.);
#2395=ORIENTED_EDGE('',*,*,#5465,.T.);
#2396=ORIENTED_EDGE('',*,*,#5463,.T.);
#2397=ORIENTED_EDGE('',*,*,#5025,.F.);
#2398=ORIENTED_EDGE('',*,*,#5095,.F.);
#2399=ORIENTED_EDGE('',*,*,#5279,.T.);
#2400=ORIENTED_EDGE('',*,*,#5466,.T.);
#2401=ORIENTED_EDGE('',*,*,#5273,.T.);
#2402=ORIENTED_EDGE('',*,*,#5289,.T.);
#2403=ORIENTED_EDGE('',*,*,#5440,.T.);
#2404=ORIENTED_EDGE('',*,*,#5467,.T.);
#2405=ORIENTED_EDGE('',*,*,#5284,.F.);
#2406=ORIENTED_EDGE('',*,*,#5269,.T.);
#2407=ORIENTED_EDGE('',*,*,#5285,.F.);
#2408=ORIENTED_EDGE('',*,*,#5467,.F.);
#2409=ORIENTED_EDGE('',*,*,#5439,.T.);
#2410=ORIENTED_EDGE('',*,*,#5468,.T.);
#2411=ORIENTED_EDGE('',*,*,#5286,.F.);
#2412=ORIENTED_EDGE('',*,*,#5468,.F.);
#2413=ORIENTED_EDGE('',*,*,#5438,.T.);
#2414=ORIENTED_EDGE('',*,*,#5469,.T.);
#2415=ORIENTED_EDGE('',*,*,#5304,.T.);
#2416=ORIENTED_EDGE('',*,*,#5292,.T.);
#2417=ORIENTED_EDGE('',*,*,#5287,.F.);
#2418=ORIENTED_EDGE('',*,*,#5469,.F.);
#2419=ORIENTED_EDGE('',*,*,#5437,.T.);
#2420=ORIENTED_EDGE('',*,*,#5456,.T.);
#2421=ORIENTED_EDGE('',*,*,#5296,.T.);
#2422=ORIENTED_EDGE('',*,*,#5470,.T.);
#2423=ORIENTED_EDGE('',*,*,#5470,.F.);
#2424=ORIENTED_EDGE('',*,*,#5300,.T.);
#2425=ORIENTED_EDGE('',*,*,#5301,.T.);
#2426=ORIENTED_EDGE('',*,*,#5305,.T.);
#2427=ORIENTED_EDGE('',*,*,#5471,.T.);
#2428=ORIENTED_EDGE('',*,*,#5015,.T.);
#2429=ORIENTED_EDGE('',*,*,#5472,.F.);
#2430=ORIENTED_EDGE('',*,*,#5111,.F.);
#2431=ORIENTED_EDGE('',*,*,#5455,.T.);
#2432=ORIENTED_EDGE('',*,*,#5016,.T.);
#2433=ORIENTED_EDGE('',*,*,#5471,.F.);
#2434=ORIENTED_EDGE('',*,*,#5110,.F.);
#2435=ORIENTED_EDGE('',*,*,#5472,.T.);
#2436=ORIENTED_EDGE('',*,*,#5014,.T.);
#2437=ORIENTED_EDGE('',*,*,#5454,.F.);
#2438=ORIENTED_EDGE('',*,*,#5112,.F.);
#2439=ORIENTED_EDGE('',*,*,#5473,.T.);
#2440=ORIENTED_EDGE('',*,*,#5103,.F.);
#2441=ORIENTED_EDGE('',*,*,#5446,.F.);
#2442=ORIENTED_EDGE('',*,*,#5248,.F.);
#2443=ORIENTED_EDGE('',*,*,#5445,.T.);
#2444=ORIENTED_EDGE('',*,*,#5105,.F.);
#2445=ORIENTED_EDGE('',*,*,#5474,.F.);
#2446=ORIENTED_EDGE('',*,*,#5250,.F.);
#2447=ORIENTED_EDGE('',*,*,#5474,.T.);
#2448=ORIENTED_EDGE('',*,*,#5104,.F.);
#2449=ORIENTED_EDGE('',*,*,#5473,.F.);
#2450=ORIENTED_EDGE('',*,*,#5247,.F.);
#2451=ORIENTED_EDGE('',*,*,#5032,.F.);
#2452=ORIENTED_EDGE('',*,*,#5475,.F.);
#2453=ORIENTED_EDGE('',*,*,#5251,.T.);
#2454=ORIENTED_EDGE('',*,*,#5476,.T.);
#2455=ORIENTED_EDGE('',*,*,#5033,.F.);
#2456=ORIENTED_EDGE('',*,*,#5476,.F.);
#2457=ORIENTED_EDGE('',*,*,#5255,.T.);
#2458=ORIENTED_EDGE('',*,*,#5477,.T.);
#2459=ORIENTED_EDGE('',*,*,#5034,.F.);
#2460=ORIENTED_EDGE('',*,*,#5477,.F.);
#2461=ORIENTED_EDGE('',*,*,#5254,.T.);
#2462=ORIENTED_EDGE('',*,*,#5478,.F.);
#2463=ORIENTED_EDGE('',*,*,#5479,.T.);
#2464=ORIENTED_EDGE('',*,*,#5030,.F.);
#2465=ORIENTED_EDGE('',*,*,#5480,.F.);
#2466=ORIENTED_EDGE('',*,*,#5481,.F.);
#2467=ORIENTED_EDGE('',*,*,#5253,.T.);
#2468=ORIENTED_EDGE('',*,*,#5482,.T.);
#2469=ORIENTED_EDGE('',*,*,#5031,.F.);
#2470=ORIENTED_EDGE('',*,*,#5482,.F.);
#2471=ORIENTED_EDGE('',*,*,#5252,.T.);
#2472=ORIENTED_EDGE('',*,*,#5475,.T.);
#2473=ORIENTED_EDGE('',*,*,#5233,.F.);
#2474=ORIENTED_EDGE('',*,*,#5483,.F.);
#2475=ORIENTED_EDGE('',*,*,#5484,.T.);
#2476=ORIENTED_EDGE('',*,*,#5264,.T.);
#2477=ORIENTED_EDGE('',*,*,#5485,.T.);
#2478=ORIENTED_EDGE('',*,*,#5234,.F.);
#2479=ORIENTED_EDGE('',*,*,#5485,.F.);
#2480=ORIENTED_EDGE('',*,*,#5263,.T.);
#2481=ORIENTED_EDGE('',*,*,#5486,.T.);
#2482=ORIENTED_EDGE('',*,*,#5235,.F.);
#2483=ORIENTED_EDGE('',*,*,#5486,.F.);
#2484=ORIENTED_EDGE('',*,*,#5262,.T.);
#2485=ORIENTED_EDGE('',*,*,#5487,.T.);
#2486=ORIENTED_EDGE('',*,*,#5236,.F.);
#2487=ORIENTED_EDGE('',*,*,#5487,.F.);
#2488=ORIENTED_EDGE('',*,*,#5261,.T.);
#2489=ORIENTED_EDGE('',*,*,#5488,.T.);
#2490=ORIENTED_EDGE('',*,*,#5237,.F.);
#2491=ORIENTED_EDGE('',*,*,#5488,.F.);
#2492=ORIENTED_EDGE('',*,*,#5260,.T.);
#2493=ORIENTED_EDGE('',*,*,#5489,.F.);
#2494=ORIENTED_EDGE('',*,*,#5490,.T.);
#2495=ORIENTED_EDGE('',*,*,#5244,.T.);
#2496=ORIENTED_EDGE('',*,*,#5491,.T.);
#2497=ORIENTED_EDGE('',*,*,#5268,.T.);
#2498=ORIENTED_EDGE('',*,*,#5492,.F.);
#2499=ORIENTED_EDGE('',*,*,#5245,.T.);
#2500=ORIENTED_EDGE('',*,*,#5492,.T.);
#2501=ORIENTED_EDGE('',*,*,#5267,.T.);
#2502=ORIENTED_EDGE('',*,*,#5493,.F.);
#2503=ORIENTED_EDGE('',*,*,#5246,.T.);
#2504=ORIENTED_EDGE('',*,*,#5493,.T.);
#2505=ORIENTED_EDGE('',*,*,#5266,.T.);
#2506=ORIENTED_EDGE('',*,*,#5494,.F.);
#2507=ORIENTED_EDGE('',*,*,#5243,.T.);
#2508=ORIENTED_EDGE('',*,*,#5494,.T.);
#2509=ORIENTED_EDGE('',*,*,#5265,.T.);
#2510=ORIENTED_EDGE('',*,*,#5491,.F.);
#2511=ORIENTED_EDGE('',*,*,#5256,.T.);
#2512=ORIENTED_EDGE('',*,*,#5495,.T.);
#2513=ORIENTED_EDGE('',*,*,#5019,.F.);
#2514=ORIENTED_EDGE('',*,*,#5496,.F.);
#2515=ORIENTED_EDGE('',*,*,#5259,.T.);
#2516=ORIENTED_EDGE('',*,*,#5497,.T.);
#2517=ORIENTED_EDGE('',*,*,#5020,.F.);
#2518=ORIENTED_EDGE('',*,*,#5495,.F.);
#2519=ORIENTED_EDGE('',*,*,#5258,.T.);
#2520=ORIENTED_EDGE('',*,*,#5498,.T.);
#2521=ORIENTED_EDGE('',*,*,#5021,.F.);
#2522=ORIENTED_EDGE('',*,*,#5497,.F.);
#2523=ORIENTED_EDGE('',*,*,#5257,.T.);
#2524=ORIENTED_EDGE('',*,*,#5496,.T.);
#2525=ORIENTED_EDGE('',*,*,#5018,.F.);
#2526=ORIENTED_EDGE('',*,*,#5498,.F.);
#2527=ORIENTED_EDGE('',*,*,#5036,.T.);
#2528=ORIENTED_EDGE('',*,*,#5499,.F.);
#2529=ORIENTED_EDGE('',*,*,#5500,.F.);
#2530=ORIENTED_EDGE('',*,*,#5135,.T.);
#2531=ORIENTED_EDGE('',*,*,#5035,.T.);
#2532=ORIENTED_EDGE('',*,*,#5479,.F.);
#2533=ORIENTED_EDGE('',*,*,#5501,.F.);
#2534=ORIENTED_EDGE('',*,*,#5499,.T.);
#2535=ORIENTED_EDGE('',*,*,#5478,.T.);
#2536=ORIENTED_EDGE('',*,*,#5136,.T.);
#2537=ORIENTED_EDGE('',*,*,#5500,.T.);
#2538=ORIENTED_EDGE('',*,*,#5501,.T.);
#2539=ORIENTED_EDGE('',*,*,#5029,.T.);
#2540=ORIENTED_EDGE('',*,*,#5502,.F.);
#2541=ORIENTED_EDGE('',*,*,#5503,.F.);
#2542=ORIENTED_EDGE('',*,*,#5480,.T.);
#2543=ORIENTED_EDGE('',*,*,#5028,.T.);
#2544=ORIENTED_EDGE('',*,*,#5139,.F.);
#2545=ORIENTED_EDGE('',*,*,#5504,.F.);
#2546=ORIENTED_EDGE('',*,*,#5502,.T.);
#2547=ORIENTED_EDGE('',*,*,#5481,.T.);
#2548=ORIENTED_EDGE('',*,*,#5503,.T.);
#2549=ORIENTED_EDGE('',*,*,#5504,.T.);
#2550=ORIENTED_EDGE('',*,*,#5138,.T.);
#2551=ORIENTED_EDGE('',*,*,#5239,.T.);
#2552=ORIENTED_EDGE('',*,*,#5505,.F.);
#2553=ORIENTED_EDGE('',*,*,#5506,.F.);
#2554=ORIENTED_EDGE('',*,*,#5126,.T.);
#2555=ORIENTED_EDGE('',*,*,#5238,.T.);
#2556=ORIENTED_EDGE('',*,*,#5490,.F.);
#2557=ORIENTED_EDGE('',*,*,#5507,.F.);
#2558=ORIENTED_EDGE('',*,*,#5505,.T.);
#2559=ORIENTED_EDGE('',*,*,#5489,.T.);
#2560=ORIENTED_EDGE('',*,*,#5127,.T.);
#2561=ORIENTED_EDGE('',*,*,#5506,.T.);
#2562=ORIENTED_EDGE('',*,*,#5507,.T.);
#2563=ORIENTED_EDGE('',*,*,#5231,.F.);
#2564=ORIENTED_EDGE('',*,*,#5130,.F.);
#2565=ORIENTED_EDGE('',*,*,#5508,.T.);
#2566=ORIENTED_EDGE('',*,*,#5509,.T.);
#2567=ORIENTED_EDGE('',*,*,#5232,.F.);
#2568=ORIENTED_EDGE('',*,*,#5509,.F.);
#2569=ORIENTED_EDGE('',*,*,#5510,.T.);
#2570=ORIENTED_EDGE('',*,*,#5483,.T.);
#2571=ORIENTED_EDGE('',*,*,#5484,.F.);
#2572=ORIENTED_EDGE('',*,*,#5510,.F.);
#2573=ORIENTED_EDGE('',*,*,#5508,.F.);
#2574=ORIENTED_EDGE('',*,*,#5129,.F.);
#2575=ORIENTED_EDGE('',*,*,#5462,.F.);
#2576=ORIENTED_EDGE('',*,*,#5166,.F.);
#2577=ORIENTED_EDGE('',*,*,#5464,.F.);
#2578=ORIENTED_EDGE('',*,*,#5465,.F.);
#2579=ORIENTED_EDGE('',*,*,#5323,.F.);
#2580=ORIENTED_EDGE('',*,*,#5461,.F.);
#2581=ORIENTED_EDGE('',*,*,#5357,.F.);
#2582=ORIENTED_EDGE('',*,*,#5511,.T.);
#2583=ORIENTED_EDGE('',*,*,#5162,.F.);
#2584=ORIENTED_EDGE('',*,*,#5512,.F.);
#2585=ORIENTED_EDGE('',*,*,#5512,.T.);
#2586=ORIENTED_EDGE('',*,*,#5161,.F.);
#2587=ORIENTED_EDGE('',*,*,#5513,.F.);
#2588=ORIENTED_EDGE('',*,*,#5354,.F.);
#2589=ORIENTED_EDGE('',*,*,#5513,.T.);
#2590=ORIENTED_EDGE('',*,*,#5160,.F.);
#2591=ORIENTED_EDGE('',*,*,#5514,.F.);
#2592=ORIENTED_EDGE('',*,*,#5347,.F.);
#2593=ORIENTED_EDGE('',*,*,#5514,.T.);
#2594=ORIENTED_EDGE('',*,*,#5159,.F.);
#2595=ORIENTED_EDGE('',*,*,#5515,.F.);
#2596=ORIENTED_EDGE('',*,*,#5220,.F.);
#2597=ORIENTED_EDGE('',*,*,#5515,.T.);
#2598=ORIENTED_EDGE('',*,*,#5158,.F.);
#2599=ORIENTED_EDGE('',*,*,#5516,.F.);
#2600=ORIENTED_EDGE('',*,*,#5345,.F.);
#2601=ORIENTED_EDGE('',*,*,#5516,.T.);
#2602=ORIENTED_EDGE('',*,*,#5157,.F.);
#2603=ORIENTED_EDGE('',*,*,#5517,.F.);
#2604=ORIENTED_EDGE('',*,*,#5342,.F.);
#2605=ORIENTED_EDGE('',*,*,#5517,.T.);
#2606=ORIENTED_EDGE('',*,*,#5156,.F.);
#2607=ORIENTED_EDGE('',*,*,#5518,.F.);
#2608=ORIENTED_EDGE('',*,*,#5340,.F.);
#2609=ORIENTED_EDGE('',*,*,#5518,.T.);
#2610=ORIENTED_EDGE('',*,*,#5155,.F.);
#2611=ORIENTED_EDGE('',*,*,#5519,.F.);
#2612=ORIENTED_EDGE('',*,*,#5338,.F.);
#2613=ORIENTED_EDGE('',*,*,#5519,.T.);
#2614=ORIENTED_EDGE('',*,*,#5154,.F.);
#2615=ORIENTED_EDGE('',*,*,#5520,.F.);
#2616=ORIENTED_EDGE('',*,*,#5278,.F.);
#2617=ORIENTED_EDGE('',*,*,#5520,.T.);
#2618=ORIENTED_EDGE('',*,*,#5153,.F.);
#2619=ORIENTED_EDGE('',*,*,#5521,.F.);
#2620=ORIENTED_EDGE('',*,*,#5466,.F.);
#2621=ORIENTED_EDGE('',*,*,#5521,.T.);
#2622=ORIENTED_EDGE('',*,*,#5152,.F.);
#2623=ORIENTED_EDGE('',*,*,#5522,.F.);
#2624=ORIENTED_EDGE('',*,*,#5274,.F.);
#2625=ORIENTED_EDGE('',*,*,#5522,.T.);
#2626=ORIENTED_EDGE('',*,*,#5151,.F.);
#2627=ORIENTED_EDGE('',*,*,#5523,.F.);
#2628=ORIENTED_EDGE('',*,*,#5335,.F.);
#2629=ORIENTED_EDGE('',*,*,#5523,.T.);
#2630=ORIENTED_EDGE('',*,*,#5150,.F.);
#2631=ORIENTED_EDGE('',*,*,#5524,.F.);
#2632=ORIENTED_EDGE('',*,*,#5334,.F.);
#2633=ORIENTED_EDGE('',*,*,#5524,.T.);
#2634=ORIENTED_EDGE('',*,*,#5149,.F.);
#2635=ORIENTED_EDGE('',*,*,#5525,.F.);
#2636=ORIENTED_EDGE('',*,*,#5332,.F.);
#2637=ORIENTED_EDGE('',*,*,#5525,.T.);
#2638=ORIENTED_EDGE('',*,*,#5148,.F.);
#2639=ORIENTED_EDGE('',*,*,#5526,.F.);
#2640=ORIENTED_EDGE('',*,*,#5228,.F.);
#2641=ORIENTED_EDGE('',*,*,#5526,.T.);
#2642=ORIENTED_EDGE('',*,*,#5147,.F.);
#2643=ORIENTED_EDGE('',*,*,#5527,.F.);
#2644=ORIENTED_EDGE('',*,*,#5224,.F.);
#2645=ORIENTED_EDGE('',*,*,#5527,.T.);
#2646=ORIENTED_EDGE('',*,*,#5146,.F.);
#2647=ORIENTED_EDGE('',*,*,#5528,.F.);
#2648=ORIENTED_EDGE('',*,*,#5329,.F.);
#2649=ORIENTED_EDGE('',*,*,#5528,.T.);
#2650=ORIENTED_EDGE('',*,*,#5145,.F.);
#2651=ORIENTED_EDGE('',*,*,#5529,.F.);
#2652=ORIENTED_EDGE('',*,*,#5312,.F.);
#2653=ORIENTED_EDGE('',*,*,#5144,.F.);
#2654=ORIENTED_EDGE('',*,*,#5530,.T.);
#2655=ORIENTED_EDGE('',*,*,#5315,.F.);
#2656=ORIENTED_EDGE('',*,*,#5529,.T.);
#2657=ORIENTED_EDGE('',*,*,#5452,.F.);
#2658=ORIENTED_EDGE('',*,*,#5434,.F.);
#2659=ORIENTED_EDGE('',*,*,#5531,.F.);
#2660=ORIENTED_EDGE('',*,*,#5056,.F.);
#2661=ORIENTED_EDGE('',*,*,#5430,.F.);
#2662=ORIENTED_EDGE('',*,*,#5057,.F.);
#2663=ORIENTED_EDGE('',*,*,#5531,.T.);
#2664=ORIENTED_EDGE('',*,*,#5432,.F.);
#2665=ORIENTED_EDGE('',*,*,#5448,.F.);
#2666=ORIENTED_EDGE('',*,*,#5090,.F.);
#2667=ORIENTED_EDGE('',*,*,#5532,.F.);
#2668=ORIENTED_EDGE('',*,*,#5281,.F.);
#2669=ORIENTED_EDGE('',*,*,#5532,.T.);
#2670=ORIENTED_EDGE('',*,*,#5089,.F.);
#2671=ORIENTED_EDGE('',*,*,#5378,.F.);
#2672=ORIENTED_EDGE('',*,*,#5376,.F.);
#2673=ORIENTED_EDGE('',*,*,#5402,.F.);
#2674=ORIENTED_EDGE('',*,*,#5073,.F.);
#2675=ORIENTED_EDGE('',*,*,#5406,.F.);
#2676=ORIENTED_EDGE('',*,*,#5404,.F.);
#2677=ORIENTED_EDGE('',*,*,#5423,.F.);
#2678=ORIENTED_EDGE('',*,*,#5061,.F.);
#2679=ORIENTED_EDGE('',*,*,#5427,.F.);
#2680=ORIENTED_EDGE('',*,*,#5425,.F.);
#2681=ORIENTED_EDGE('',*,*,#5388,.F.);
#2682=ORIENTED_EDGE('',*,*,#5081,.F.);
#2683=ORIENTED_EDGE('',*,*,#5392,.F.);
#2684=ORIENTED_EDGE('',*,*,#5390,.F.);
#2685=ORIENTED_EDGE('',*,*,#5381,.F.);
#2686=ORIENTED_EDGE('',*,*,#5085,.F.);
#2687=ORIENTED_EDGE('',*,*,#5385,.F.);
#2688=ORIENTED_EDGE('',*,*,#5383,.F.);
#2689=ORIENTED_EDGE('',*,*,#5395,.F.);
#2690=ORIENTED_EDGE('',*,*,#5077,.F.);
#2691=ORIENTED_EDGE('',*,*,#5399,.F.);
#2692=ORIENTED_EDGE('',*,*,#5397,.F.);
#2693=ORIENTED_EDGE('',*,*,#5409,.F.);
#2694=ORIENTED_EDGE('',*,*,#5069,.F.);
#2695=ORIENTED_EDGE('',*,*,#5413,.F.);
#2696=ORIENTED_EDGE('',*,*,#5411,.F.);
#2697=ORIENTED_EDGE('',*,*,#5416,.F.);
#2698=ORIENTED_EDGE('',*,*,#5065,.F.);
#2699=ORIENTED_EDGE('',*,*,#5420,.F.);
#2700=ORIENTED_EDGE('',*,*,#5418,.F.);
#2701=ORIENTED_EDGE('',*,*,#5511,.F.);
#2702=ORIENTED_EDGE('',*,*,#5359,.F.);
#2703=ORIENTED_EDGE('',*,*,#5530,.F.);
#2704=ORIENTED_EDGE('',*,*,#5143,.F.);
#2705=ORIENTED_EDGE('',*,*,#5215,.F.);
#2706=ORIENTED_EDGE('',*,*,#5226,.F.);
#2707=ORIENTED_EDGE('',*,*,#5533,.T.);
#2708=ORIENTED_EDGE('',*,*,#5327,.T.);
#2709=ORIENTED_EDGE('',*,*,#5533,.F.);
#2710=ORIENTED_EDGE('',*,*,#5225,.F.);
#2711=ORIENTED_EDGE('',*,*,#5222,.F.);
#2712=ORIENTED_EDGE('',*,*,#5328,.F.);
#2713=ORIENTED_EDGE('',*,*,#5171,.F.);
#2714=ORIENTED_EDGE('',*,*,#5349,.F.);
#2715=ORIENTED_EDGE('',*,*,#5534,.T.);
#2716=ORIENTED_EDGE('',*,*,#5343,.T.);
#2717=ORIENTED_EDGE('',*,*,#5218,.F.);
#2718=ORIENTED_EDGE('',*,*,#5344,.F.);
#2719=ORIENTED_EDGE('',*,*,#5534,.F.);
#2720=ORIENTED_EDGE('',*,*,#5348,.F.);
#2721=ORIENTED_EDGE('',*,*,#5326,.T.);
#2722=ORIENTED_EDGE('',*,*,#5535,.T.);
#2723=ORIENTED_EDGE('',*,*,#5365,.F.);
#2724=ORIENTED_EDGE('',*,*,#5536,.F.);
#2725=ORIENTED_EDGE('',*,*,#5350,.T.);
#2726=ORIENTED_EDGE('',*,*,#5537,.F.);
#2727=ORIENTED_EDGE('',*,*,#5372,.T.);
#2728=ORIENTED_EDGE('',*,*,#5538,.T.);
#2729=ORIENTED_EDGE('',*,*,#5310,.F.);
#2730=ORIENTED_EDGE('',*,*,#5366,.T.);
#2731=ORIENTED_EDGE('',*,*,#5535,.F.);
#2732=ORIENTED_EDGE('',*,*,#5325,.T.);
#2733=ORIENTED_EDGE('',*,*,#5320,.F.);
#2734=ORIENTED_EDGE('',*,*,#5351,.F.);
#2735=ORIENTED_EDGE('',*,*,#5538,.F.);
#2736=ORIENTED_EDGE('',*,*,#5371,.F.);
#2737=ORIENTED_EDGE('',*,*,#5536,.T.);
#2738=ORIENTED_EDGE('',*,*,#5364,.T.);
#2739=ORIENTED_EDGE('',*,*,#5052,.T.);
#2740=ORIENTED_EDGE('',*,*,#5373,.T.);
#2741=ORIENTED_EDGE('',*,*,#5537,.T.);
#2742=ORIENTED_EDGE('',*,*,#5169,.T.);
#2743=ORIENTED_EDGE('',*,*,#5122,.F.);
#2744=ORIENTED_EDGE('',*,*,#5539,.F.);
#2745=ORIENTED_EDGE('',*,*,#5540,.T.);
#2746=ORIENTED_EDGE('',*,*,#5168,.T.);
#2747=ORIENTED_EDGE('',*,*,#5142,.F.);
#2748=ORIENTED_EDGE('',*,*,#5164,.F.);
#2749=ORIENTED_EDGE('',*,*,#5541,.T.);
#2750=ORIENTED_EDGE('',*,*,#5542,.T.);
#2751=ORIENTED_EDGE('',*,*,#5121,.F.);
#2752=ORIENTED_EDGE('',*,*,#5542,.F.);
#2753=ORIENTED_EDGE('',*,*,#5543,.T.);
#2754=ORIENTED_EDGE('',*,*,#5539,.T.);
#2755=ORIENTED_EDGE('',*,*,#5540,.F.);
#2756=ORIENTED_EDGE('',*,*,#5543,.F.);
#2757=ORIENTED_EDGE('',*,*,#5541,.F.);
#2758=ORIENTED_EDGE('',*,*,#5163,.F.);
#2759=ORIENTED_EDGE('',*,*,#5107,.T.);
#2760=ORIENTED_EDGE('',*,*,#5544,.T.);
#2761=ORIENTED_EDGE('',*,*,#5039,.T.);
#2762=ORIENTED_EDGE('',*,*,#5047,.F.);
#2763=ORIENTED_EDGE('',*,*,#5119,.F.);
#2764=ORIENTED_EDGE('',*,*,#5450,.F.);
#2765=ORIENTED_EDGE('',*,*,#5022,.F.);
#2766=ORIENTED_EDGE('',*,*,#5544,.F.);
#2767=ORIENTED_EDGE('',*,*,#5118,.F.);
#2768=ORIENTED_EDGE('',*,*,#5545,.F.);
#2769=ORIENTED_EDGE('',*,*,#5229,.F.);
#2770=ORIENTED_EDGE('',*,*,#5449,.F.);
#2771=ORIENTED_EDGE('',*,*,#5097,.F.);
#2772=ORIENTED_EDGE('',*,*,#5096,.T.);
#2773=ORIENTED_EDGE('',*,*,#5041,.F.);
#2774=ORIENTED_EDGE('',*,*,#5230,.F.);
#2775=ORIENTED_EDGE('',*,*,#5545,.T.);
#2776=ORIENTED_EDGE('',*,*,#5546,.T.);
#2777=ORIENTED_EDGE('',*,*,#5547,.F.);
#2778=ORIENTED_EDGE('',*,*,#5547,.T.);
#2779=ORIENTED_EDGE('',*,*,#5548,.F.);
#2780=ORIENTED_EDGE('',*,*,#5548,.T.);
#2781=ORIENTED_EDGE('',*,*,#5549,.F.);
#2782=ORIENTED_EDGE('',*,*,#5549,.T.);
#2783=ORIENTED_EDGE('',*,*,#5550,.F.);
#2784=ORIENTED_EDGE('',*,*,#5550,.T.);
#2785=ORIENTED_EDGE('',*,*,#5551,.F.);
#2786=ORIENTED_EDGE('',*,*,#5546,.F.);
#2787=ORIENTED_EDGE('',*,*,#5551,.T.);
#2788=ORIENTED_EDGE('',*,*,#5552,.F.);
#2789=ORIENTED_EDGE('',*,*,#5553,.T.);
#2790=ORIENTED_EDGE('',*,*,#5554,.F.);
#2791=ORIENTED_EDGE('',*,*,#5555,.T.);
#2792=ORIENTED_EDGE('',*,*,#5556,.F.);
#2793=ORIENTED_EDGE('',*,*,#5557,.T.);
#2794=ORIENTED_EDGE('',*,*,#5558,.F.);
#2795=ORIENTED_EDGE('',*,*,#5559,.T.);
#2796=ORIENTED_EDGE('',*,*,#5560,.F.);
#2797=ORIENTED_EDGE('',*,*,#5561,.T.);
#2798=ORIENTED_EDGE('',*,*,#5562,.F.);
#2799=ORIENTED_EDGE('',*,*,#5563,.T.);
#2800=ORIENTED_EDGE('',*,*,#5564,.F.);
#2801=ORIENTED_EDGE('',*,*,#5565,.T.);
#2802=ORIENTED_EDGE('',*,*,#5566,.F.);
#2803=ORIENTED_EDGE('',*,*,#5567,.T.);
#2804=ORIENTED_EDGE('',*,*,#5568,.F.);
#2805=ORIENTED_EDGE('',*,*,#5569,.T.);
#2806=ORIENTED_EDGE('',*,*,#5570,.F.);
#2807=ORIENTED_EDGE('',*,*,#5571,.T.);
#2808=ORIENTED_EDGE('',*,*,#5572,.F.);
#2809=ORIENTED_EDGE('',*,*,#5573,.T.);
#2810=ORIENTED_EDGE('',*,*,#5574,.F.);
#2811=ORIENTED_EDGE('',*,*,#5575,.T.);
#2812=ORIENTED_EDGE('',*,*,#5576,.F.);
#2813=ORIENTED_EDGE('',*,*,#5577,.F.);
#2814=ORIENTED_EDGE('',*,*,#5578,.T.);
#2815=ORIENTED_EDGE('',*,*,#5579,.T.);
#2816=ORIENTED_EDGE('',*,*,#5580,.F.);
#2817=ORIENTED_EDGE('',*,*,#5581,.F.);
#2818=ORIENTED_EDGE('',*,*,#5582,.F.);
#2819=ORIENTED_EDGE('',*,*,#5583,.F.);
#2820=ORIENTED_EDGE('',*,*,#5584,.T.);
#2821=ORIENTED_EDGE('',*,*,#5585,.T.);
#2822=ORIENTED_EDGE('',*,*,#5586,.T.);
#2823=ORIENTED_EDGE('',*,*,#5587,.T.);
#2824=ORIENTED_EDGE('',*,*,#5588,.T.);
#2825=ORIENTED_EDGE('',*,*,#5589,.T.);
#2826=ORIENTED_EDGE('',*,*,#5590,.T.);
#2827=ORIENTED_EDGE('',*,*,#5591,.T.);
#2828=ORIENTED_EDGE('',*,*,#5592,.T.);
#2829=ORIENTED_EDGE('',*,*,#5593,.T.);
#2830=ORIENTED_EDGE('',*,*,#5594,.F.);
#2831=ORIENTED_EDGE('',*,*,#5595,.T.);
#2832=ORIENTED_EDGE('',*,*,#5596,.F.);
#2833=ORIENTED_EDGE('',*,*,#5597,.T.);
#2834=ORIENTED_EDGE('',*,*,#5598,.F.);
#2835=ORIENTED_EDGE('',*,*,#5599,.T.);
#2836=ORIENTED_EDGE('',*,*,#5600,.F.);
#2837=ORIENTED_EDGE('',*,*,#5601,.T.);
#2838=ORIENTED_EDGE('',*,*,#5602,.F.);
#2839=ORIENTED_EDGE('',*,*,#5603,.T.);
#2840=ORIENTED_EDGE('',*,*,#5604,.F.);
#2841=ORIENTED_EDGE('',*,*,#5605,.T.);
#2842=ORIENTED_EDGE('',*,*,#5606,.T.);
#2843=ORIENTED_EDGE('',*,*,#5607,.T.);
#2844=ORIENTED_EDGE('',*,*,#5608,.T.);
#2845=ORIENTED_EDGE('',*,*,#5609,.F.);
#2846=ORIENTED_EDGE('',*,*,#5610,.F.);
#2847=ORIENTED_EDGE('',*,*,#5611,.T.);
#2848=ORIENTED_EDGE('',*,*,#5579,.F.);
#2849=ORIENTED_EDGE('',*,*,#5612,.T.);
#2850=ORIENTED_EDGE('',*,*,#5613,.T.);
#2851=ORIENTED_EDGE('',*,*,#5614,.F.);
#2852=ORIENTED_EDGE('',*,*,#5615,.T.);
#2853=ORIENTED_EDGE('',*,*,#5616,.F.);
#2854=ORIENTED_EDGE('',*,*,#5617,.F.);
#2855=ORIENTED_EDGE('',*,*,#5618,.F.);
#2856=ORIENTED_EDGE('',*,*,#5577,.T.);
#2857=ORIENTED_EDGE('',*,*,#5619,.F.);
#2858=ORIENTED_EDGE('',*,*,#5620,.T.);
#2859=ORIENTED_EDGE('',*,*,#5621,.T.);
#2860=ORIENTED_EDGE('',*,*,#5622,.F.);
#2861=ORIENTED_EDGE('',*,*,#5623,.F.);
#2862=ORIENTED_EDGE('',*,*,#5624,.F.);
#2863=ORIENTED_EDGE('',*,*,#5625,.F.);
#2864=ORIENTED_EDGE('',*,*,#5626,.T.);
#2865=ORIENTED_EDGE('',*,*,#5627,.T.);
#2866=ORIENTED_EDGE('',*,*,#5628,.T.);
#2867=ORIENTED_EDGE('',*,*,#5629,.T.);
#2868=ORIENTED_EDGE('',*,*,#5630,.T.);
#2869=ORIENTED_EDGE('',*,*,#5631,.F.);
#2870=ORIENTED_EDGE('',*,*,#5632,.T.);
#2871=ORIENTED_EDGE('',*,*,#5633,.T.);
#2872=ORIENTED_EDGE('',*,*,#5634,.T.);
#2873=ORIENTED_EDGE('',*,*,#5635,.T.);
#2874=ORIENTED_EDGE('',*,*,#5636,.T.);
#2875=ORIENTED_EDGE('',*,*,#5637,.F.);
#2876=ORIENTED_EDGE('',*,*,#5638,.F.);
#2877=ORIENTED_EDGE('',*,*,#5639,.T.);
#2878=ORIENTED_EDGE('',*,*,#5640,.F.);
#2879=ORIENTED_EDGE('',*,*,#5641,.F.);
#2880=ORIENTED_EDGE('',*,*,#5642,.F.);
#2881=ORIENTED_EDGE('',*,*,#5643,.T.);
#2882=ORIENTED_EDGE('',*,*,#5644,.T.);
#2883=ORIENTED_EDGE('',*,*,#5645,.T.);
#2884=ORIENTED_EDGE('',*,*,#5646,.T.);
#2885=ORIENTED_EDGE('',*,*,#5647,.T.);
#2886=ORIENTED_EDGE('',*,*,#5648,.F.);
#2887=ORIENTED_EDGE('',*,*,#5607,.F.);
#2888=ORIENTED_EDGE('',*,*,#5649,.T.);
#2889=ORIENTED_EDGE('',*,*,#5623,.T.);
#2890=ORIENTED_EDGE('',*,*,#5616,.T.);
#2891=ORIENTED_EDGE('',*,*,#5650,.T.);
#2892=ORIENTED_EDGE('',*,*,#5584,.F.);
#2893=ORIENTED_EDGE('',*,*,#5651,.F.);
#2894=ORIENTED_EDGE('',*,*,#5652,.F.);
#2895=ORIENTED_EDGE('',*,*,#5653,.F.);
#2896=ORIENTED_EDGE('',*,*,#5654,.F.);
#2897=ORIENTED_EDGE('',*,*,#5655,.T.);
#2898=ORIENTED_EDGE('',*,*,#5656,.F.);
#2899=ORIENTED_EDGE('',*,*,#5657,.F.);
#2900=ORIENTED_EDGE('',*,*,#5658,.T.);
#2901=ORIENTED_EDGE('',*,*,#5659,.T.);
#2902=ORIENTED_EDGE('',*,*,#5660,.T.);
#2903=ORIENTED_EDGE('',*,*,#5661,.F.);
#2904=ORIENTED_EDGE('',*,*,#5662,.T.);
#2905=ORIENTED_EDGE('',*,*,#5663,.F.);
#2906=ORIENTED_EDGE('',*,*,#5664,.T.);
#2907=ORIENTED_EDGE('',*,*,#5665,.F.);
#2908=ORIENTED_EDGE('',*,*,#5666,.T.);
#2909=ORIENTED_EDGE('',*,*,#5667,.F.);
#2910=ORIENTED_EDGE('',*,*,#5668,.F.);
#2911=ORIENTED_EDGE('',*,*,#5669,.T.);
#2912=ORIENTED_EDGE('',*,*,#5670,.F.);
#2913=ORIENTED_EDGE('',*,*,#5671,.T.);
#2914=ORIENTED_EDGE('',*,*,#5672,.F.);
#2915=ORIENTED_EDGE('',*,*,#5673,.T.);
#2916=ORIENTED_EDGE('',*,*,#5674,.F.);
#2917=ORIENTED_EDGE('',*,*,#5675,.T.);
#2918=ORIENTED_EDGE('',*,*,#5676,.F.);
#2919=ORIENTED_EDGE('',*,*,#5677,.F.);
#2920=ORIENTED_EDGE('',*,*,#5678,.F.);
#2921=ORIENTED_EDGE('',*,*,#5679,.T.);
#2922=ORIENTED_EDGE('',*,*,#5680,.F.);
#2923=ORIENTED_EDGE('',*,*,#5681,.T.);
#2924=ORIENTED_EDGE('',*,*,#5682,.F.);
#2925=ORIENTED_EDGE('',*,*,#5683,.T.);
#2926=ORIENTED_EDGE('',*,*,#5670,.T.);
#2927=ORIENTED_EDGE('',*,*,#5684,.T.);
#2928=ORIENTED_EDGE('',*,*,#5685,.T.);
#2929=ORIENTED_EDGE('',*,*,#5686,.T.);
#2930=ORIENTED_EDGE('',*,*,#5687,.T.);
#2931=ORIENTED_EDGE('',*,*,#5688,.T.);
#2932=ORIENTED_EDGE('',*,*,#5665,.T.);
#2933=ORIENTED_EDGE('',*,*,#5689,.T.);
#2934=ORIENTED_EDGE('',*,*,#5690,.T.);
#2935=ORIENTED_EDGE('',*,*,#5691,.T.);
#2936=ORIENTED_EDGE('',*,*,#5692,.T.);
#2937=ORIENTED_EDGE('',*,*,#5693,.T.);
#2938=ORIENTED_EDGE('',*,*,#5694,.T.);
#2939=ORIENTED_EDGE('',*,*,#5695,.T.);
#2940=ORIENTED_EDGE('',*,*,#5696,.T.);
#2941=ORIENTED_EDGE('',*,*,#5558,.T.);
#2942=ORIENTED_EDGE('',*,*,#5697,.T.);
#2943=ORIENTED_EDGE('',*,*,#5552,.T.);
#2944=ORIENTED_EDGE('',*,*,#5698,.T.);
#2945=ORIENTED_EDGE('',*,*,#5568,.T.);
#2946=ORIENTED_EDGE('',*,*,#5699,.T.);
#2947=ORIENTED_EDGE('',*,*,#5700,.T.);
#2948=ORIENTED_EDGE('',*,*,#5701,.F.);
#2949=ORIENTED_EDGE('',*,*,#5702,.T.);
#2950=ORIENTED_EDGE('',*,*,#5703,.F.);
#2951=ORIENTED_EDGE('',*,*,#5704,.T.);
#2952=ORIENTED_EDGE('',*,*,#5705,.F.);
#2953=ORIENTED_EDGE('',*,*,#5683,.F.);
#2954=ORIENTED_EDGE('',*,*,#5706,.F.);
#2955=ORIENTED_EDGE('',*,*,#5707,.F.);
#2956=ORIENTED_EDGE('',*,*,#5573,.F.);
#2957=ORIENTED_EDGE('',*,*,#5708,.F.);
#2958=ORIENTED_EDGE('',*,*,#5561,.F.);
#2959=ORIENTED_EDGE('',*,*,#5709,.F.);
#2960=ORIENTED_EDGE('',*,*,#5567,.F.);
#2961=ORIENTED_EDGE('',*,*,#5710,.F.);
#2962=ORIENTED_EDGE('',*,*,#5711,.F.);
#2963=ORIENTED_EDGE('',*,*,#5712,.F.);
#2964=ORIENTED_EDGE('',*,*,#5713,.F.);
#2965=ORIENTED_EDGE('',*,*,#5714,.T.);
#2966=ORIENTED_EDGE('',*,*,#5715,.F.);
#2967=ORIENTED_EDGE('',*,*,#5716,.T.);
#2968=ORIENTED_EDGE('',*,*,#5717,.F.);
#2969=ORIENTED_EDGE('',*,*,#5673,.F.);
#2970=ORIENTED_EDGE('',*,*,#5718,.F.);
#2971=ORIENTED_EDGE('',*,*,#5719,.T.);
#2972=ORIENTED_EDGE('',*,*,#5720,.F.);
#2973=ORIENTED_EDGE('',*,*,#5721,.T.);
#2974=ORIENTED_EDGE('',*,*,#5722,.F.);
#2975=ORIENTED_EDGE('',*,*,#5723,.T.);
#2976=ORIENTED_EDGE('',*,*,#5724,.F.);
#2977=ORIENTED_EDGE('',*,*,#5725,.F.);
#2978=ORIENTED_EDGE('',*,*,#5726,.F.);
#2979=ORIENTED_EDGE('',*,*,#5727,.F.);
#2980=ORIENTED_EDGE('',*,*,#5728,.T.);
#2981=ORIENTED_EDGE('',*,*,#5729,.F.);
#2982=ORIENTED_EDGE('',*,*,#5730,.F.);
#2983=ORIENTED_EDGE('',*,*,#5731,.T.);
#2984=ORIENTED_EDGE('',*,*,#5732,.T.);
#2985=ORIENTED_EDGE('',*,*,#5733,.F.);
#2986=ORIENTED_EDGE('',*,*,#5734,.F.);
#2987=ORIENTED_EDGE('',*,*,#5735,.F.);
#2988=ORIENTED_EDGE('',*,*,#5736,.F.);
#2989=ORIENTED_EDGE('',*,*,#5737,.T.);
#2990=ORIENTED_EDGE('',*,*,#5738,.T.);
#2991=ORIENTED_EDGE('',*,*,#5739,.T.);
#2992=ORIENTED_EDGE('',*,*,#5740,.T.);
#2993=ORIENTED_EDGE('',*,*,#5741,.T.);
#2994=ORIENTED_EDGE('',*,*,#5742,.T.);
#2995=ORIENTED_EDGE('',*,*,#5743,.T.);
#2996=ORIENTED_EDGE('',*,*,#5744,.T.);
#2997=ORIENTED_EDGE('',*,*,#5745,.T.);
#2998=ORIENTED_EDGE('',*,*,#5746,.T.);
#2999=ORIENTED_EDGE('',*,*,#5747,.T.);
#3000=ORIENTED_EDGE('',*,*,#5748,.F.);
#3001=ORIENTED_EDGE('',*,*,#5749,.T.);
#3002=ORIENTED_EDGE('',*,*,#5750,.T.);
#3003=ORIENTED_EDGE('',*,*,#5751,.T.);
#3004=ORIENTED_EDGE('',*,*,#5752,.T.);
#3005=ORIENTED_EDGE('',*,*,#5753,.T.);
#3006=ORIENTED_EDGE('',*,*,#5754,.T.);
#3007=ORIENTED_EDGE('',*,*,#5755,.T.);
#3008=ORIENTED_EDGE('',*,*,#5756,.T.);
#3009=ORIENTED_EDGE('',*,*,#5757,.T.);
#3010=ORIENTED_EDGE('',*,*,#5732,.F.);
#3011=ORIENTED_EDGE('',*,*,#5758,.T.);
#3012=ORIENTED_EDGE('',*,*,#5734,.T.);
#3013=ORIENTED_EDGE('',*,*,#5759,.T.);
#3014=ORIENTED_EDGE('',*,*,#5760,.T.);
#3015=ORIENTED_EDGE('',*,*,#5761,.T.);
#3016=ORIENTED_EDGE('',*,*,#5762,.T.);
#3017=ORIENTED_EDGE('',*,*,#5763,.T.);
#3018=ORIENTED_EDGE('',*,*,#5764,.T.);
#3019=ORIENTED_EDGE('',*,*,#5765,.T.);
#3020=ORIENTED_EDGE('',*,*,#5766,.T.);
#3021=ORIENTED_EDGE('',*,*,#5767,.T.);
#3022=ORIENTED_EDGE('',*,*,#5768,.T.);
#3023=ORIENTED_EDGE('',*,*,#5667,.T.);
#3024=ORIENTED_EDGE('',*,*,#5653,.T.);
#3025=ORIENTED_EDGE('',*,*,#5769,.T.);
#3026=ORIENTED_EDGE('',*,*,#5657,.T.);
#3027=ORIENTED_EDGE('',*,*,#5668,.T.);
#3028=ORIENTED_EDGE('',*,*,#5770,.T.);
#3029=ORIENTED_EDGE('',*,*,#5771,.T.);
#3030=ORIENTED_EDGE('',*,*,#5772,.T.);
#3031=ORIENTED_EDGE('',*,*,#5773,.F.);
#3032=ORIENTED_EDGE('',*,*,#5774,.F.);
#3033=ORIENTED_EDGE('',*,*,#5775,.T.);
#3034=ORIENTED_EDGE('',*,*,#5776,.F.);
#3035=ORIENTED_EDGE('',*,*,#5777,.T.);
#3036=ORIENTED_EDGE('',*,*,#5778,.T.);
#3037=ORIENTED_EDGE('',*,*,#5779,.T.);
#3038=ORIENTED_EDGE('',*,*,#5780,.T.);
#3039=ORIENTED_EDGE('',*,*,#5781,.T.);
#3040=ORIENTED_EDGE('',*,*,#5782,.T.);
#3041=ORIENTED_EDGE('',*,*,#5783,.T.);
#3042=ORIENTED_EDGE('',*,*,#5784,.T.);
#3043=ORIENTED_EDGE('',*,*,#5663,.T.);
#3044=ORIENTED_EDGE('',*,*,#5785,.T.);
#3045=ORIENTED_EDGE('',*,*,#5786,.T.);
#3046=ORIENTED_EDGE('',*,*,#5787,.T.);
#3047=ORIENTED_EDGE('',*,*,#5788,.T.);
#3048=ORIENTED_EDGE('',*,*,#5586,.F.);
#3049=ORIENTED_EDGE('',*,*,#5789,.T.);
#3050=ORIENTED_EDGE('',*,*,#5614,.T.);
#3051=ORIENTED_EDGE('',*,*,#5790,.T.);
#3052=ORIENTED_EDGE('',*,*,#5791,.T.);
#3053=ORIENTED_EDGE('',*,*,#5792,.T.);
#3054=ORIENTED_EDGE('',*,*,#5793,.T.);
#3055=ORIENTED_EDGE('',*,*,#5794,.F.);
#3056=ORIENTED_EDGE('',*,*,#5795,.T.);
#3057=ORIENTED_EDGE('',*,*,#5794,.T.);
#3058=ORIENTED_EDGE('',*,*,#5796,.T.);
#3059=ORIENTED_EDGE('',*,*,#5797,.F.);
#3060=ORIENTED_EDGE('',*,*,#5798,.T.);
#3061=ORIENTED_EDGE('',*,*,#5797,.T.);
#3062=ORIENTED_EDGE('',*,*,#5799,.T.);
#3063=ORIENTED_EDGE('',*,*,#5800,.F.);
#3064=ORIENTED_EDGE('',*,*,#5801,.T.);
#3065=ORIENTED_EDGE('',*,*,#5800,.T.);
#3066=ORIENTED_EDGE('',*,*,#5802,.T.);
#3067=ORIENTED_EDGE('',*,*,#5792,.F.);
#3068=ORIENTED_EDGE('',*,*,#5803,.F.);
#3069=ORIENTED_EDGE('',*,*,#5574,.T.);
#3070=ORIENTED_EDGE('',*,*,#5707,.T.);
#3071=ORIENTED_EDGE('',*,*,#5804,.F.);
#3072=ORIENTED_EDGE('',*,*,#5699,.F.);
#3073=ORIENTED_EDGE('',*,*,#5571,.F.);
#3074=ORIENTED_EDGE('',*,*,#5682,.T.);
#3075=ORIENTED_EDGE('',*,*,#5805,.T.);
#3076=ORIENTED_EDGE('',*,*,#5671,.F.);
#3077=ORIENTED_EDGE('',*,*,#5806,.F.);
#3078=ORIENTED_EDGE('',*,*,#5592,.F.);
#3079=ORIENTED_EDGE('',*,*,#5807,.T.);
#3080=ORIENTED_EDGE('',*,*,#5638,.T.);
#3081=ORIENTED_EDGE('',*,*,#5808,.T.);
#3082=ORIENTED_EDGE('',*,*,#5809,.T.);
#3083=ORIENTED_EDGE('',*,*,#5810,.T.);
#3084=ORIENTED_EDGE('',*,*,#5771,.F.);
#3085=ORIENTED_EDGE('',*,*,#5811,.F.);
#3086=ORIENTED_EDGE('',*,*,#5812,.F.);
#3087=ORIENTED_EDGE('',*,*,#5813,.F.);
#3088=ORIENTED_EDGE('',*,*,#5814,.T.);
#3089=ORIENTED_EDGE('',*,*,#5815,.T.);
#3090=ORIENTED_EDGE('',*,*,#5816,.F.);
#3091=ORIENTED_EDGE('',*,*,#5817,.F.);
#3092=ORIENTED_EDGE('',*,*,#5818,.F.);
#3093=ORIENTED_EDGE('',*,*,#5819,.F.);
#3094=ORIENTED_EDGE('',*,*,#5820,.T.);
#3095=ORIENTED_EDGE('',*,*,#5821,.T.);
#3096=ORIENTED_EDGE('',*,*,#5822,.T.);
#3097=ORIENTED_EDGE('',*,*,#5823,.T.);
#3098=ORIENTED_EDGE('',*,*,#5824,.F.);
#3099=ORIENTED_EDGE('',*,*,#5825,.F.);
#3100=ORIENTED_EDGE('',*,*,#5826,.T.);
#3101=ORIENTED_EDGE('',*,*,#5815,.F.);
#3102=ORIENTED_EDGE('',*,*,#5827,.T.);
#3103=ORIENTED_EDGE('',*,*,#5828,.T.);
#3104=ORIENTED_EDGE('',*,*,#5829,.T.);
#3105=ORIENTED_EDGE('',*,*,#5830,.T.);
#3106=ORIENTED_EDGE('',*,*,#5831,.T.);
#3107=ORIENTED_EDGE('',*,*,#5832,.F.);
#3108=ORIENTED_EDGE('',*,*,#5833,.T.);
#3109=ORIENTED_EDGE('',*,*,#5834,.F.);
#3110=ORIENTED_EDGE('',*,*,#5835,.T.);
#3111=ORIENTED_EDGE('',*,*,#5836,.F.);
#3112=ORIENTED_EDGE('',*,*,#5837,.T.);
#3113=ORIENTED_EDGE('',*,*,#5838,.F.);
#3114=ORIENTED_EDGE('',*,*,#5839,.T.);
#3115=ORIENTED_EDGE('',*,*,#5840,.F.);
#3116=ORIENTED_EDGE('',*,*,#5841,.T.);
#3117=ORIENTED_EDGE('',*,*,#5842,.F.);
#3118=ORIENTED_EDGE('',*,*,#5843,.T.);
#3119=ORIENTED_EDGE('',*,*,#5844,.T.);
#3120=ORIENTED_EDGE('',*,*,#5845,.T.);
#3121=ORIENTED_EDGE('',*,*,#5846,.T.);
#3122=ORIENTED_EDGE('',*,*,#5847,.T.);
#3123=ORIENTED_EDGE('',*,*,#5848,.T.);
#3124=ORIENTED_EDGE('',*,*,#5849,.T.);
#3125=ORIENTED_EDGE('',*,*,#5850,.F.);
#3126=ORIENTED_EDGE('',*,*,#5851,.T.);
#3127=ORIENTED_EDGE('',*,*,#5852,.F.);
#3128=ORIENTED_EDGE('',*,*,#5853,.T.);
#3129=ORIENTED_EDGE('',*,*,#5854,.F.);
#3130=ORIENTED_EDGE('',*,*,#5855,.F.);
#3131=ORIENTED_EDGE('',*,*,#5856,.F.);
#3132=ORIENTED_EDGE('',*,*,#5857,.T.);
#3133=ORIENTED_EDGE('',*,*,#5858,.F.);
#3134=ORIENTED_EDGE('',*,*,#5859,.F.);
#3135=ORIENTED_EDGE('',*,*,#5860,.T.);
#3136=ORIENTED_EDGE('',*,*,#5861,.T.);
#3137=ORIENTED_EDGE('',*,*,#5862,.T.);
#3138=ORIENTED_EDGE('',*,*,#5863,.T.);
#3139=ORIENTED_EDGE('',*,*,#5864,.T.);
#3140=ORIENTED_EDGE('',*,*,#5865,.F.);
#3141=ORIENTED_EDGE('',*,*,#5866,.T.);
#3142=ORIENTED_EDGE('',*,*,#5867,.T.);
#3143=ORIENTED_EDGE('',*,*,#5868,.T.);
#3144=ORIENTED_EDGE('',*,*,#5869,.T.);
#3145=ORIENTED_EDGE('',*,*,#5870,.T.);
#3146=ORIENTED_EDGE('',*,*,#5871,.F.);
#3147=ORIENTED_EDGE('',*,*,#5872,.F.);
#3148=ORIENTED_EDGE('',*,*,#5873,.F.);
#3149=ORIENTED_EDGE('',*,*,#5874,.F.);
#3150=ORIENTED_EDGE('',*,*,#5875,.F.);
#3151=ORIENTED_EDGE('',*,*,#5813,.T.);
#3152=ORIENTED_EDGE('',*,*,#5876,.F.);
#3153=ORIENTED_EDGE('',*,*,#5877,.T.);
#3154=ORIENTED_EDGE('',*,*,#5878,.T.);
#3155=ORIENTED_EDGE('',*,*,#5879,.F.);
#3156=ORIENTED_EDGE('',*,*,#5880,.T.);
#3157=ORIENTED_EDGE('',*,*,#5881,.T.);
#3158=ORIENTED_EDGE('',*,*,#5882,.T.);
#3159=ORIENTED_EDGE('',*,*,#5883,.T.);
#3160=ORIENTED_EDGE('',*,*,#5884,.F.);
#3161=ORIENTED_EDGE('',*,*,#5873,.T.);
#3162=ORIENTED_EDGE('',*,*,#5885,.F.);
#3163=ORIENTED_EDGE('',*,*,#5829,.F.);
#3164=ORIENTED_EDGE('',*,*,#5822,.F.);
#3165=ORIENTED_EDGE('',*,*,#5886,.T.);
#3166=ORIENTED_EDGE('',*,*,#5850,.T.);
#3167=ORIENTED_EDGE('',*,*,#5887,.F.);
#3168=ORIENTED_EDGE('',*,*,#5888,.F.);
#3169=ORIENTED_EDGE('',*,*,#5889,.F.);
#3170=ORIENTED_EDGE('',*,*,#5890,.T.);
#3171=ORIENTED_EDGE('',*,*,#5782,.F.);
#3172=ORIENTED_EDGE('',*,*,#5891,.F.);
#3173=ORIENTED_EDGE('',*,*,#5892,.T.);
#3174=ORIENTED_EDGE('',*,*,#5893,.F.);
#3175=ORIENTED_EDGE('',*,*,#5784,.F.);
#3176=ORIENTED_EDGE('',*,*,#5694,.F.);
#3177=ORIENTED_EDGE('',*,*,#5894,.T.);
#3178=ORIENTED_EDGE('',*,*,#5781,.F.);
#3179=ORIENTED_EDGE('',*,*,#5895,.F.);
#3180=ORIENTED_EDGE('',*,*,#5896,.F.);
#3181=ORIENTED_EDGE('',*,*,#5712,.T.);
#3182=ORIENTED_EDGE('',*,*,#5897,.T.);
#3183=ORIENTED_EDGE('',*,*,#5898,.T.);
#3184=ORIENTED_EDGE('',*,*,#5899,.F.);
#3185=ORIENTED_EDGE('',*,*,#5900,.T.);
#3186=ORIENTED_EDGE('',*,*,#5901,.F.);
#3187=ORIENTED_EDGE('',*,*,#5902,.T.);
#3188=ORIENTED_EDGE('',*,*,#5903,.F.);
#3189=ORIENTED_EDGE('',*,*,#5904,.T.);
#3190=ORIENTED_EDGE('',*,*,#5905,.F.);
#3191=ORIENTED_EDGE('',*,*,#5906,.F.);
#3192=ORIENTED_EDGE('',*,*,#5907,.F.);
#3193=ORIENTED_EDGE('',*,*,#5908,.F.);
#3194=ORIENTED_EDGE('',*,*,#5909,.T.);
#3195=ORIENTED_EDGE('',*,*,#5776,.T.);
#3196=ORIENTED_EDGE('',*,*,#5910,.F.);
#3197=ORIENTED_EDGE('',*,*,#5911,.T.);
#3198=ORIENTED_EDGE('',*,*,#5912,.F.);
#3199=ORIENTED_EDGE('',*,*,#5913,.T.);
#3200=ORIENTED_EDGE('',*,*,#5914,.F.);
#3201=ORIENTED_EDGE('',*,*,#5915,.T.);
#3202=ORIENTED_EDGE('',*,*,#5916,.F.);
#3203=ORIENTED_EDGE('',*,*,#5675,.F.);
#3204=ORIENTED_EDGE('',*,*,#5892,.F.);
#3205=ORIENTED_EDGE('',*,*,#5898,.F.);
#3206=ORIENTED_EDGE('',*,*,#5917,.F.);
#3207=ORIENTED_EDGE('',*,*,#5918,.F.);
#3208=ORIENTED_EDGE('',*,*,#5919,.F.);
#3209=ORIENTED_EDGE('',*,*,#5920,.F.);
#3210=ORIENTED_EDGE('',*,*,#5908,.T.);
#3211=ORIENTED_EDGE('',*,*,#5921,.F.);
#3212=ORIENTED_EDGE('',*,*,#5922,.T.);
#3213=ORIENTED_EDGE('',*,*,#5923,.T.);
#3214=ORIENTED_EDGE('',*,*,#5924,.F.);
#3215=ORIENTED_EDGE('',*,*,#5809,.F.);
#3216=ORIENTED_EDGE('',*,*,#5925,.F.);
#3217=ORIENTED_EDGE('',*,*,#5681,.F.);
#3218=ORIENTED_EDGE('',*,*,#5655,.F.);
#3219=ORIENTED_EDGE('',*,*,#5679,.F.);
#3220=ORIENTED_EDGE('',*,*,#5926,.F.);
#3221=ORIENTED_EDGE('',*,*,#5927,.T.);
#3222=ORIENTED_EDGE('',*,*,#5928,.F.);
#3223=ORIENTED_EDGE('',*,*,#5929,.T.);
#3224=ORIENTED_EDGE('',*,*,#5930,.F.);
#3225=ORIENTED_EDGE('',*,*,#5931,.T.);
#3226=ORIENTED_EDGE('',*,*,#5932,.F.);
#3227=ORIENTED_EDGE('',*,*,#5933,.T.);
#3228=ORIENTED_EDGE('',*,*,#5934,.F.);
#3229=ORIENTED_EDGE('',*,*,#5935,.F.);
#3230=ORIENTED_EDGE('',*,*,#5740,.F.);
#3231=ORIENTED_EDGE('',*,*,#5936,.F.);
#3232=ORIENTED_EDGE('',*,*,#5726,.T.);
#3233=ORIENTED_EDGE('',*,*,#5937,.F.);
#3234=ORIENTED_EDGE('',*,*,#5938,.F.);
#3235=ORIENTED_EDGE('',*,*,#5939,.T.);
#3236=ORIENTED_EDGE('',*,*,#5940,.F.);
#3237=ORIENTED_EDGE('',*,*,#5941,.T.);
#3238=ORIENTED_EDGE('',*,*,#5942,.F.);
#3239=ORIENTED_EDGE('',*,*,#5943,.F.);
#3240=ORIENTED_EDGE('',*,*,#5944,.F.);
#3241=ORIENTED_EDGE('',*,*,#5945,.F.);
#3242=ORIENTED_EDGE('',*,*,#5946,.T.);
#3243=ORIENTED_EDGE('',*,*,#5947,.F.);
#3244=ORIENTED_EDGE('',*,*,#5948,.F.);
#3245=ORIENTED_EDGE('',*,*,#5949,.T.);
#3246=ORIENTED_EDGE('',*,*,#5779,.F.);
#3247=ORIENTED_EDGE('',*,*,#5950,.T.);
#3248=ORIENTED_EDGE('',*,*,#5918,.T.);
#3249=ORIENTED_EDGE('',*,*,#5951,.T.);
#3250=ORIENTED_EDGE('',*,*,#5858,.T.);
#3251=ORIENTED_EDGE('',*,*,#5952,.T.);
#3252=ORIENTED_EDGE('',*,*,#5844,.F.);
#3253=ORIENTED_EDGE('',*,*,#5953,.F.);
#3254=ORIENTED_EDGE('',*,*,#5946,.F.);
#3255=ORIENTED_EDGE('',*,*,#5954,.F.);
#3256=ORIENTED_EDGE('',*,*,#5955,.T.);
#3257=ORIENTED_EDGE('',*,*,#5956,.F.);
#3258=ORIENTED_EDGE('',*,*,#5957,.F.);
#3259=ORIENTED_EDGE('',*,*,#5958,.T.);
#3260=ORIENTED_EDGE('',*,*,#5748,.T.);
#3261=ORIENTED_EDGE('',*,*,#5959,.F.);
#3262=ORIENTED_EDGE('',*,*,#5750,.F.);
#3263=ORIENTED_EDGE('',*,*,#5960,.F.);
#3264=ORIENTED_EDGE('',*,*,#5961,.F.);
#3265=ORIENTED_EDGE('',*,*,#5962,.T.);
#3266=ORIENTED_EDGE('',*,*,#5963,.T.);
#3267=ORIENTED_EDGE('',*,*,#5964,.T.);
#3268=ORIENTED_EDGE('',*,*,#5944,.T.);
#3269=ORIENTED_EDGE('',*,*,#5965,.T.);
#3270=ORIENTED_EDGE('',*,*,#5966,.T.);
#3271=ORIENTED_EDGE('',*,*,#5967,.T.);
#3272=ORIENTED_EDGE('',*,*,#5968,.T.);
#3273=ORIENTED_EDGE('',*,*,#5969,.F.);
#3274=ORIENTED_EDGE('',*,*,#5970,.T.);
#3275=ORIENTED_EDGE('',*,*,#5969,.T.);
#3276=ORIENTED_EDGE('',*,*,#5971,.T.);
#3277=ORIENTED_EDGE('',*,*,#5972,.F.);
#3278=ORIENTED_EDGE('',*,*,#5973,.T.);
#3279=ORIENTED_EDGE('',*,*,#5972,.T.);
#3280=ORIENTED_EDGE('',*,*,#5974,.T.);
#3281=ORIENTED_EDGE('',*,*,#5975,.F.);
#3282=ORIENTED_EDGE('',*,*,#5976,.T.);
#3283=ORIENTED_EDGE('',*,*,#5975,.T.);
#3284=ORIENTED_EDGE('',*,*,#5977,.T.);
#3285=ORIENTED_EDGE('',*,*,#5967,.F.);
#3286=ORIENTED_EDGE('',*,*,#5978,.F.);
#3287=ORIENTED_EDGE('',*,*,#5897,.F.);
#3288=ORIENTED_EDGE('',*,*,#5979,.T.);
#3289=ORIENTED_EDGE('',*,*,#5895,.T.);
#3290=ORIENTED_EDGE('',*,*,#5852,.T.);
#3291=ORIENTED_EDGE('',*,*,#5980,.T.);
#3292=ORIENTED_EDGE('',*,*,#5820,.F.);
#3293=ORIENTED_EDGE('',*,*,#5981,.T.);
#3294=ORIENTED_EDGE('',*,*,#5566,.T.);
#3295=ORIENTED_EDGE('',*,*,#5982,.T.);
#3296=ORIENTED_EDGE('',*,*,#5559,.F.);
#3297=ORIENTED_EDGE('',*,*,#5696,.F.);
#3298=ORIENTED_EDGE('',*,*,#5983,.T.);
#3299=ORIENTED_EDGE('',*,*,#5710,.T.);
#3300=ORIENTED_EDGE('',*,*,#5916,.T.);
#3301=ORIENTED_EDGE('',*,*,#5984,.T.);
#3302=ORIENTED_EDGE('',*,*,#5785,.F.);
#3303=ORIENTED_EDGE('',*,*,#5662,.F.);
#3304=ORIENTED_EDGE('',*,*,#5985,.F.);
#3305=ORIENTED_EDGE('',*,*,#5676,.T.);
#3306=ORIENTED_EDGE('',*,*,#5768,.F.);
#3307=ORIENTED_EDGE('',*,*,#5986,.T.);
#3308=ORIENTED_EDGE('',*,*,#5926,.T.);
#3309=ORIENTED_EDGE('',*,*,#5678,.T.);
#3310=ORIENTED_EDGE('',*,*,#5987,.T.);
#3311=ORIENTED_EDGE('',*,*,#5660,.F.);
#3312=ORIENTED_EDGE('',*,*,#5914,.T.);
#3313=ORIENTED_EDGE('',*,*,#5988,.T.);
#3314=ORIENTED_EDGE('',*,*,#5787,.F.);
#3315=ORIENTED_EDGE('',*,*,#5989,.T.);
#3316=ORIENTED_EDGE('',*,*,#5912,.T.);
#3317=ORIENTED_EDGE('',*,*,#5990,.T.);
#3318=ORIENTED_EDGE('',*,*,#5742,.F.);
#3319=ORIENTED_EDGE('',*,*,#5991,.T.);
#3320=ORIENTED_EDGE('',*,*,#5910,.T.);
#3321=ORIENTED_EDGE('',*,*,#5992,.T.);
#3322=ORIENTED_EDGE('',*,*,#5744,.F.);
#3323=ORIENTED_EDGE('',*,*,#5993,.T.);
#3324=ORIENTED_EDGE('',*,*,#5746,.F.);
#3325=ORIENTED_EDGE('',*,*,#5994,.T.);
#3326=ORIENTED_EDGE('',*,*,#5948,.T.);
#3327=ORIENTED_EDGE('',*,*,#5995,.T.);
#3328=ORIENTED_EDGE('',*,*,#5747,.F.);
#3329=ORIENTED_EDGE('',*,*,#5995,.F.);
#3330=ORIENTED_EDGE('',*,*,#5947,.T.);
#3331=ORIENTED_EDGE('',*,*,#5959,.T.);
#3332=ORIENTED_EDGE('',*,*,#5751,.F.);
#3333=ORIENTED_EDGE('',*,*,#5965,.F.);
#3334=ORIENTED_EDGE('',*,*,#5943,.T.);
#3335=ORIENTED_EDGE('',*,*,#5996,.T.);
#3336=ORIENTED_EDGE('',*,*,#5942,.T.);
#3337=ORIENTED_EDGE('',*,*,#5997,.T.);
#3338=ORIENTED_EDGE('',*,*,#5752,.F.);
#3339=ORIENTED_EDGE('',*,*,#5996,.F.);
#3340=ORIENTED_EDGE('',*,*,#5754,.F.);
#3341=ORIENTED_EDGE('',*,*,#5998,.T.);
#3342=ORIENTED_EDGE('',*,*,#5940,.T.);
#3343=ORIENTED_EDGE('',*,*,#5999,.T.);
#3344=ORIENTED_EDGE('',*,*,#5756,.F.);
#3345=ORIENTED_EDGE('',*,*,#6000,.T.);
#3346=ORIENTED_EDGE('',*,*,#5938,.T.);
#3347=ORIENTED_EDGE('',*,*,#6001,.T.);
#3348=ORIENTED_EDGE('',*,*,#5757,.F.);
#3349=ORIENTED_EDGE('',*,*,#6001,.F.);
#3350=ORIENTED_EDGE('',*,*,#5937,.T.);
#3351=ORIENTED_EDGE('',*,*,#5733,.T.);
#3352=ORIENTED_EDGE('',*,*,#5759,.F.);
#3353=ORIENTED_EDGE('',*,*,#5741,.F.);
#3354=ORIENTED_EDGE('',*,*,#5935,.T.);
#3355=ORIENTED_EDGE('',*,*,#6002,.T.);
#3356=ORIENTED_EDGE('',*,*,#5934,.T.);
#3357=ORIENTED_EDGE('',*,*,#6003,.T.);
#3358=ORIENTED_EDGE('',*,*,#5760,.F.);
#3359=ORIENTED_EDGE('',*,*,#6002,.F.);
#3360=ORIENTED_EDGE('',*,*,#5762,.F.);
#3361=ORIENTED_EDGE('',*,*,#6004,.T.);
#3362=ORIENTED_EDGE('',*,*,#5932,.T.);
#3363=ORIENTED_EDGE('',*,*,#6005,.T.);
#3364=ORIENTED_EDGE('',*,*,#5764,.F.);
#3365=ORIENTED_EDGE('',*,*,#6006,.T.);
#3366=ORIENTED_EDGE('',*,*,#5930,.T.);
#3367=ORIENTED_EDGE('',*,*,#6007,.T.);
#3368=ORIENTED_EDGE('',*,*,#5766,.F.);
#3369=ORIENTED_EDGE('',*,*,#6008,.T.);
#3370=ORIENTED_EDGE('',*,*,#5928,.T.);
#3371=ORIENTED_EDGE('',*,*,#6009,.T.);
#3372=ORIENTED_EDGE('',*,*,#6010,.T.);
#3373=ORIENTED_EDGE('',*,*,#5570,.T.);
#3374=ORIENTED_EDGE('',*,*,#6011,.T.);
#3375=ORIENTED_EDGE('',*,*,#5554,.T.);
#3376=ORIENTED_EDGE('',*,*,#6012,.T.);
#3377=ORIENTED_EDGE('',*,*,#5556,.T.);
#3378=ORIENTED_EDGE('',*,*,#6013,.T.);
#3379=ORIENTED_EDGE('',*,*,#6014,.T.);
#3380=ORIENTED_EDGE('',*,*,#5575,.F.);
#3381=ORIENTED_EDGE('',*,*,#6015,.F.);
#3382=ORIENTED_EDGE('',*,*,#6016,.F.);
#3383=ORIENTED_EDGE('',*,*,#6017,.F.);
#3384=ORIENTED_EDGE('',*,*,#5565,.F.);
#3385=ORIENTED_EDGE('',*,*,#6018,.F.);
#3386=ORIENTED_EDGE('',*,*,#5563,.F.);
#3387=ORIENTED_EDGE('',*,*,#6019,.F.);
#3388=ORIENTED_EDGE('',*,*,#6016,.T.);
#3389=ORIENTED_EDGE('',*,*,#6020,.F.);
#3390=ORIENTED_EDGE('',*,*,#6021,.T.);
#3391=ORIENTED_EDGE('',*,*,#6022,.F.);
#3392=ORIENTED_EDGE('',*,*,#6023,.F.);
#3393=ORIENTED_EDGE('',*,*,#6024,.T.);
#3394=ORIENTED_EDGE('',*,*,#6014,.F.);
#3395=ORIENTED_EDGE('',*,*,#6025,.T.);
#3396=ORIENTED_EDGE('',*,*,#6026,.F.);
#3397=ORIENTED_EDGE('',*,*,#6027,.T.);
#3398=ORIENTED_EDGE('',*,*,#6028,.T.);
#3399=ORIENTED_EDGE('',*,*,#6029,.F.);
#3400=ORIENTED_EDGE('',*,*,#5711,.T.);
#3401=ORIENTED_EDGE('',*,*,#5983,.F.);
#3402=ORIENTED_EDGE('',*,*,#5695,.F.);
#3403=ORIENTED_EDGE('',*,*,#5979,.F.);
#3404=ORIENTED_EDGE('',*,*,#5872,.T.);
#3405=ORIENTED_EDGE('',*,*,#6030,.T.);
#3406=ORIENTED_EDGE('',*,*,#5978,.T.);
#3407=ORIENTED_EDGE('',*,*,#6031,.F.);
#3408=ORIENTED_EDGE('',*,*,#5830,.F.);
#3409=ORIENTED_EDGE('',*,*,#5885,.T.);
#3410=ORIENTED_EDGE('',*,*,#5901,.T.);
#3411=ORIENTED_EDGE('',*,*,#6032,.T.);
#3412=ORIENTED_EDGE('',*,*,#6033,.T.);
#3413=ORIENTED_EDGE('',*,*,#6034,.F.);
#3414=ORIENTED_EDGE('',*,*,#5905,.T.);
#3415=ORIENTED_EDGE('',*,*,#6035,.F.);
#3416=ORIENTED_EDGE('',*,*,#5837,.F.);
#3417=ORIENTED_EDGE('',*,*,#6036,.F.);
#3418=ORIENTED_EDGE('',*,*,#6037,.T.);
#3419=ORIENTED_EDGE('',*,*,#6038,.F.);
#3420=ORIENTED_EDGE('',*,*,#6039,.F.);
#3421=ORIENTED_EDGE('',*,*,#6040,.T.);
#3422=ORIENTED_EDGE('',*,*,#6041,.T.);
#3423=ORIENTED_EDGE('',*,*,#6042,.F.);
#3424=ORIENTED_EDGE('',*,*,#5831,.F.);
#3425=ORIENTED_EDGE('',*,*,#6031,.T.);
#3426=ORIENTED_EDGE('',*,*,#5780,.F.);
#3427=ORIENTED_EDGE('',*,*,#5953,.T.);
#3428=ORIENTED_EDGE('',*,*,#5843,.F.);
#3429=ORIENTED_EDGE('',*,*,#6043,.F.);
#3430=ORIENTED_EDGE('',*,*,#5917,.T.);
#3431=ORIENTED_EDGE('',*,*,#6030,.F.);
#3432=ORIENTED_EDGE('',*,*,#5871,.T.);
#3433=ORIENTED_EDGE('',*,*,#6044,.T.);
#3434=ORIENTED_EDGE('',*,*,#5865,.T.);
#3435=ORIENTED_EDGE('',*,*,#5903,.T.);
#3436=ORIENTED_EDGE('',*,*,#5859,.T.);
#3437=ORIENTED_EDGE('',*,*,#5951,.F.);
#3438=ORIENTED_EDGE('',*,*,#6045,.F.);
#3439=ORIENTED_EDGE('',*,*,#6046,.T.);
#3440=ORIENTED_EDGE('',*,*,#5982,.F.);
#3441=ORIENTED_EDGE('',*,*,#6047,.F.);
#3442=ORIENTED_EDGE('',*,*,#6048,.T.);
#3443=ORIENTED_EDGE('',*,*,#6049,.F.);
#3444=ORIENTED_EDGE('',*,*,#5968,.F.);
#3445=ORIENTED_EDGE('',*,*,#5977,.F.);
#3446=ORIENTED_EDGE('',*,*,#5974,.F.);
#3447=ORIENTED_EDGE('',*,*,#5971,.F.);
#3448=ORIENTED_EDGE('',*,*,#6026,.T.);
#3449=ORIENTED_EDGE('',*,*,#6050,.T.);
#3450=ORIENTED_EDGE('',*,*,#6045,.T.);
#3451=ORIENTED_EDGE('',*,*,#6051,.T.);
#3452=ORIENTED_EDGE('',*,*,#6052,.T.);
#3453=ORIENTED_EDGE('',*,*,#6053,.T.);
#3454=ORIENTED_EDGE('',*,*,#6054,.T.);
#3455=ORIENTED_EDGE('',*,*,#6055,.T.);
#3456=ORIENTED_EDGE('',*,*,#6056,.F.);
#3457=ORIENTED_EDGE('',*,*,#6028,.F.);
#3458=ORIENTED_EDGE('',*,*,#6057,.F.);
#3459=ORIENTED_EDGE('',*,*,#6048,.F.);
#3460=ORIENTED_EDGE('',*,*,#6057,.T.);
#3461=ORIENTED_EDGE('',*,*,#6027,.F.);
#3462=ORIENTED_EDGE('',*,*,#6051,.F.);
#3463=ORIENTED_EDGE('',*,*,#6049,.T.);
#3464=ORIENTED_EDGE('',*,*,#6046,.F.);
#3465=ORIENTED_EDGE('',*,*,#6050,.F.);
#3466=ORIENTED_EDGE('',*,*,#6025,.F.);
#3467=ORIENTED_EDGE('',*,*,#6013,.F.);
#3468=ORIENTED_EDGE('',*,*,#6047,.T.);
#3469=ORIENTED_EDGE('',*,*,#6017,.T.);
#3470=ORIENTED_EDGE('',*,*,#6029,.T.);
#3471=ORIENTED_EDGE('',*,*,#6056,.T.);
#3472=ORIENTED_EDGE('',*,*,#6058,.T.);
#3473=ORIENTED_EDGE('',*,*,#6059,.T.);
#3474=ORIENTED_EDGE('',*,*,#6060,.T.);
#3475=ORIENTED_EDGE('',*,*,#6061,.T.);
#3476=ORIENTED_EDGE('',*,*,#5973,.F.);
#3477=ORIENTED_EDGE('',*,*,#5976,.F.);
#3478=ORIENTED_EDGE('',*,*,#5966,.F.);
#3479=ORIENTED_EDGE('',*,*,#5970,.F.);
#3480=ORIENTED_EDGE('',*,*,#6062,.T.);
#3481=ORIENTED_EDGE('',*,*,#5817,.T.);
#3482=ORIENTED_EDGE('',*,*,#6063,.F.);
#3483=ORIENTED_EDGE('',*,*,#6054,.F.);
#3484=ORIENTED_EDGE('',*,*,#6064,.T.);
#3485=ORIENTED_EDGE('',*,*,#5819,.T.);
#3486=ORIENTED_EDGE('',*,*,#6065,.F.);
#3487=ORIENTED_EDGE('',*,*,#6052,.F.);
#3488=ORIENTED_EDGE('',*,*,#6063,.T.);
#3489=ORIENTED_EDGE('',*,*,#5816,.T.);
#3490=ORIENTED_EDGE('',*,*,#6064,.F.);
#3491=ORIENTED_EDGE('',*,*,#6055,.F.);
#3492=ORIENTED_EDGE('',*,*,#6065,.T.);
#3493=ORIENTED_EDGE('',*,*,#5818,.T.);
#3494=ORIENTED_EDGE('',*,*,#6062,.F.);
#3495=ORIENTED_EDGE('',*,*,#6053,.F.);
#3496=ORIENTED_EDGE('',*,*,#6066,.F.);
#3497=ORIENTED_EDGE('',*,*,#5883,.F.);
#3498=ORIENTED_EDGE('',*,*,#6067,.F.);
#3499=ORIENTED_EDGE('',*,*,#6059,.F.);
#3500=ORIENTED_EDGE('',*,*,#6067,.T.);
#3501=ORIENTED_EDGE('',*,*,#5882,.F.);
#3502=ORIENTED_EDGE('',*,*,#6068,.F.);
#3503=ORIENTED_EDGE('',*,*,#6060,.F.);
#3504=ORIENTED_EDGE('',*,*,#6066,.T.);
#3505=ORIENTED_EDGE('',*,*,#6058,.F.);
#3506=ORIENTED_EDGE('',*,*,#6069,.F.);
#3507=ORIENTED_EDGE('',*,*,#5880,.F.);
#3508=ORIENTED_EDGE('',*,*,#6068,.T.);
#3509=ORIENTED_EDGE('',*,*,#5881,.F.);
#3510=ORIENTED_EDGE('',*,*,#6069,.T.);
#3511=ORIENTED_EDGE('',*,*,#6061,.F.);
#3512=ORIENTED_EDGE('',*,*,#5846,.F.);
#3513=ORIENTED_EDGE('',*,*,#6070,.T.);
#3514=ORIENTED_EDGE('',*,*,#5856,.T.);
#3515=ORIENTED_EDGE('',*,*,#6071,.T.);
#3516=ORIENTED_EDGE('',*,*,#5847,.F.);
#3517=ORIENTED_EDGE('',*,*,#6071,.F.);
#3518=ORIENTED_EDGE('',*,*,#5855,.T.);
#3519=ORIENTED_EDGE('',*,*,#6072,.T.);
#3520=ORIENTED_EDGE('',*,*,#5854,.T.);
#3521=ORIENTED_EDGE('',*,*,#6073,.T.);
#3522=ORIENTED_EDGE('',*,*,#5848,.F.);
#3523=ORIENTED_EDGE('',*,*,#6072,.F.);
#3524=ORIENTED_EDGE('',*,*,#5857,.F.);
#3525=ORIENTED_EDGE('',*,*,#6070,.F.);
#3526=ORIENTED_EDGE('',*,*,#5845,.F.);
#3527=ORIENTED_EDGE('',*,*,#5952,.F.);
#3528=ORIENTED_EDGE('',*,*,#5853,.F.);
#3529=ORIENTED_EDGE('',*,*,#5981,.F.);
#3530=ORIENTED_EDGE('',*,*,#5849,.F.);
#3531=ORIENTED_EDGE('',*,*,#6073,.F.);
#3532=ORIENTED_EDGE('',*,*,#5961,.T.);
#3533=ORIENTED_EDGE('',*,*,#6074,.T.);
#3534=ORIENTED_EDGE('',*,*,#5957,.T.);
#3535=ORIENTED_EDGE('',*,*,#6075,.T.);
#3536=ORIENTED_EDGE('',*,*,#6076,.F.);
#3537=ORIENTED_EDGE('',*,*,#5963,.F.);
#3538=ORIENTED_EDGE('',*,*,#6077,.F.);
#3539=ORIENTED_EDGE('',*,*,#5955,.F.);
#3540=ORIENTED_EDGE('',*,*,#6077,.T.);
#3541=ORIENTED_EDGE('',*,*,#5962,.F.);
#3542=ORIENTED_EDGE('',*,*,#6075,.F.);
#3543=ORIENTED_EDGE('',*,*,#5956,.T.);
#3544=ORIENTED_EDGE('',*,*,#5960,.T.);
#3545=ORIENTED_EDGE('',*,*,#5749,.F.);
#3546=ORIENTED_EDGE('',*,*,#5958,.F.);
#3547=ORIENTED_EDGE('',*,*,#6074,.F.);
#3548=ORIENTED_EDGE('',*,*,#5964,.F.);
#3549=ORIENTED_EDGE('',*,*,#6076,.T.);
#3550=ORIENTED_EDGE('',*,*,#5954,.T.);
#3551=ORIENTED_EDGE('',*,*,#5945,.T.);
#3552=ORIENTED_EDGE('',*,*,#6078,.F.);
#3553=ORIENTED_EDGE('',*,*,#5772,.F.);
#3554=ORIENTED_EDGE('',*,*,#5810,.F.);
#3555=ORIENTED_EDGE('',*,*,#5924,.T.);
#3556=ORIENTED_EDGE('',*,*,#6079,.F.);
#3557=ORIENTED_EDGE('',*,*,#5919,.T.);
#3558=ORIENTED_EDGE('',*,*,#5950,.F.);
#3559=ORIENTED_EDGE('',*,*,#5778,.F.);
#3560=ORIENTED_EDGE('',*,*,#6078,.T.);
#3561=ORIENTED_EDGE('',*,*,#5923,.F.);
#3562=ORIENTED_EDGE('',*,*,#6080,.T.);
#3563=ORIENTED_EDGE('',*,*,#5773,.T.);
#3564=ORIENTED_EDGE('',*,*,#5922,.F.);
#3565=ORIENTED_EDGE('',*,*,#6081,.T.);
#3566=ORIENTED_EDGE('',*,*,#5774,.T.);
#3567=ORIENTED_EDGE('',*,*,#6080,.F.);
#3568=ORIENTED_EDGE('',*,*,#6079,.T.);
#3569=ORIENTED_EDGE('',*,*,#5777,.F.);
#3570=ORIENTED_EDGE('',*,*,#5909,.F.);
#3571=ORIENTED_EDGE('',*,*,#5920,.T.);
#3572=ORIENTED_EDGE('',*,*,#6082,.F.);
#3573=ORIENTED_EDGE('',*,*,#6083,.T.);
#3574=ORIENTED_EDGE('',*,*,#6081,.F.);
#3575=ORIENTED_EDGE('',*,*,#6084,.F.);
#3576=ORIENTED_EDGE('',*,*,#6085,.T.);
#3577=ORIENTED_EDGE('',*,*,#6086,.F.);
#3578=ORIENTED_EDGE('',*,*,#6087,.T.);
#3579=ORIENTED_EDGE('',*,*,#6088,.T.);
#3580=ORIENTED_EDGE('',*,*,#6082,.T.);
#3581=ORIENTED_EDGE('',*,*,#6089,.T.);
#3582=ORIENTED_EDGE('',*,*,#6090,.F.);
#3583=ORIENTED_EDGE('',*,*,#6091,.F.);
#3584=ORIENTED_EDGE('',*,*,#6092,.F.);
#3585=ORIENTED_EDGE('',*,*,#6085,.F.);
#3586=ORIENTED_EDGE('',*,*,#6092,.T.);
#3587=ORIENTED_EDGE('',*,*,#6093,.F.);
#3588=ORIENTED_EDGE('',*,*,#6089,.F.);
#3589=ORIENTED_EDGE('',*,*,#6086,.T.);
#3590=ORIENTED_EDGE('',*,*,#6091,.T.);
#3591=ORIENTED_EDGE('',*,*,#6094,.T.);
#3592=ORIENTED_EDGE('',*,*,#5907,.T.);
#3593=ORIENTED_EDGE('',*,*,#6095,.F.);
#3594=ORIENTED_EDGE('',*,*,#6087,.F.);
#3595=ORIENTED_EDGE('',*,*,#6093,.T.);
#3596=ORIENTED_EDGE('',*,*,#5775,.F.);
#3597=ORIENTED_EDGE('',*,*,#6083,.F.);
#3598=ORIENTED_EDGE('',*,*,#6088,.F.);
#3599=ORIENTED_EDGE('',*,*,#6095,.T.);
#3600=ORIENTED_EDGE('',*,*,#5921,.T.);
#3601=ORIENTED_EDGE('',*,*,#6094,.F.);
#3602=ORIENTED_EDGE('',*,*,#6090,.T.);
#3603=ORIENTED_EDGE('',*,*,#6084,.T.);
#3604=ORIENTED_EDGE('',*,*,#5870,.F.);
#3605=ORIENTED_EDGE('',*,*,#6096,.T.);
#3606=ORIENTED_EDGE('',*,*,#5832,.T.);
#3607=ORIENTED_EDGE('',*,*,#6042,.T.);
#3608=ORIENTED_EDGE('',*,*,#6097,.F.);
#3609=ORIENTED_EDGE('',*,*,#5836,.T.);
#3610=ORIENTED_EDGE('',*,*,#6098,.T.);
#3611=ORIENTED_EDGE('',*,*,#5866,.F.);
#3612=ORIENTED_EDGE('',*,*,#6099,.F.);
#3613=ORIENTED_EDGE('',*,*,#6036,.T.);
#3614=ORIENTED_EDGE('',*,*,#5868,.F.);
#3615=ORIENTED_EDGE('',*,*,#6100,.T.);
#3616=ORIENTED_EDGE('',*,*,#5834,.T.);
#3617=ORIENTED_EDGE('',*,*,#6101,.T.);
#3618=ORIENTED_EDGE('',*,*,#6102,.F.);
#3619=ORIENTED_EDGE('',*,*,#6103,.F.);
#3620=ORIENTED_EDGE('',*,*,#6104,.T.);
#3621=ORIENTED_EDGE('',*,*,#6037,.F.);
#3622=ORIENTED_EDGE('',*,*,#6099,.T.);
#3623=ORIENTED_EDGE('',*,*,#6044,.F.);
#3624=ORIENTED_EDGE('',*,*,#6097,.T.);
#3625=ORIENTED_EDGE('',*,*,#6041,.F.);
#3626=ORIENTED_EDGE('',*,*,#6105,.F.);
#3627=ORIENTED_EDGE('',*,*,#6106,.F.);
#3628=ORIENTED_EDGE('',*,*,#6107,.T.);
#3629=ORIENTED_EDGE('',*,*,#6108,.T.);
#3630=ORIENTED_EDGE('',*,*,#6109,.T.);
#3631=ORIENTED_EDGE('',*,*,#6110,.T.);
#3632=ORIENTED_EDGE('',*,*,#6111,.F.);
#3633=ORIENTED_EDGE('',*,*,#6108,.F.);
#3634=ORIENTED_EDGE('',*,*,#6112,.T.);
#3635=ORIENTED_EDGE('',*,*,#6113,.T.);
#3636=ORIENTED_EDGE('',*,*,#6114,.T.);
#3637=ORIENTED_EDGE('',*,*,#6115,.T.);
#3638=ORIENTED_EDGE('',*,*,#6109,.F.);
#3639=ORIENTED_EDGE('',*,*,#6116,.T.);
#3640=ORIENTED_EDGE('',*,*,#6117,.F.);
#3641=ORIENTED_EDGE('',*,*,#6118,.T.);
#3642=ORIENTED_EDGE('',*,*,#6114,.F.);
#3643=ORIENTED_EDGE('',*,*,#6119,.T.);
#3644=ORIENTED_EDGE('',*,*,#6120,.T.);
#3645=ORIENTED_EDGE('',*,*,#6121,.T.);
#3646=ORIENTED_EDGE('',*,*,#6122,.F.);
#3647=ORIENTED_EDGE('',*,*,#6121,.F.);
#3648=ORIENTED_EDGE('',*,*,#6123,.T.);
#3649=ORIENTED_EDGE('',*,*,#6039,.T.);
#3650=ORIENTED_EDGE('',*,*,#6124,.F.);
#3651=ORIENTED_EDGE('',*,*,#6103,.T.);
#3652=ORIENTED_EDGE('',*,*,#6125,.T.);
#3653=ORIENTED_EDGE('',*,*,#6106,.T.);
#3654=ORIENTED_EDGE('',*,*,#6120,.F.);
#3655=ORIENTED_EDGE('',*,*,#6126,.T.);
#3656=ORIENTED_EDGE('',*,*,#6112,.F.);
#3657=ORIENTED_EDGE('',*,*,#6107,.F.);
#3658=ORIENTED_EDGE('',*,*,#6125,.F.);
#3659=ORIENTED_EDGE('',*,*,#6102,.T.);
#3660=ORIENTED_EDGE('',*,*,#6040,.F.);
#3661=ORIENTED_EDGE('',*,*,#6123,.F.);
#3662=ORIENTED_EDGE('',*,*,#6111,.T.);
#3663=ORIENTED_EDGE('',*,*,#6127,.T.);
#3664=ORIENTED_EDGE('',*,*,#6117,.T.);
#3665=ORIENTED_EDGE('',*,*,#6122,.T.);
#3666=ORIENTED_EDGE('',*,*,#6038,.T.);
#3667=ORIENTED_EDGE('',*,*,#6104,.F.);
#3668=ORIENTED_EDGE('',*,*,#6124,.T.);
#3669=ORIENTED_EDGE('',*,*,#6105,.T.);
#3670=ORIENTED_EDGE('',*,*,#6113,.F.);
#3671=ORIENTED_EDGE('',*,*,#6126,.F.);
#3672=ORIENTED_EDGE('',*,*,#6119,.F.);
#3673=ORIENTED_EDGE('',*,*,#6116,.F.);
#3674=ORIENTED_EDGE('',*,*,#6110,.F.);
#3675=ORIENTED_EDGE('',*,*,#6115,.F.);
#3676=ORIENTED_EDGE('',*,*,#6118,.F.);
#3677=ORIENTED_EDGE('',*,*,#6127,.F.);
#3678=ORIENTED_EDGE('',*,*,#5842,.T.);
#3679=ORIENTED_EDGE('',*,*,#6128,.T.);
#3680=ORIENTED_EDGE('',*,*,#5860,.F.);
#3681=ORIENTED_EDGE('',*,*,#5902,.F.);
#3682=ORIENTED_EDGE('',*,*,#6043,.T.);
#3683=ORIENTED_EDGE('',*,*,#5862,.F.);
#3684=ORIENTED_EDGE('',*,*,#6129,.T.);
#3685=ORIENTED_EDGE('',*,*,#5840,.T.);
#3686=ORIENTED_EDGE('',*,*,#6130,.T.);
#3687=ORIENTED_EDGE('',*,*,#5864,.F.);
#3688=ORIENTED_EDGE('',*,*,#6131,.T.);
#3689=ORIENTED_EDGE('',*,*,#5838,.T.);
#3690=ORIENTED_EDGE('',*,*,#6035,.T.);
#3691=ORIENTED_EDGE('',*,*,#5904,.F.);
#3692=ORIENTED_EDGE('',*,*,#6132,.F.);
#3693=ORIENTED_EDGE('',*,*,#6133,.T.);
#3694=ORIENTED_EDGE('',*,*,#6134,.F.);
#3695=ORIENTED_EDGE('',*,*,#6135,.T.);
#3696=ORIENTED_EDGE('',*,*,#6136,.T.);
#3697=ORIENTED_EDGE('',*,*,#6137,.T.);
#3698=ORIENTED_EDGE('',*,*,#6138,.F.);
#3699=ORIENTED_EDGE('',*,*,#6137,.F.);
#3700=ORIENTED_EDGE('',*,*,#6139,.T.);
#3701=ORIENTED_EDGE('',*,*,#6140,.T.);
#3702=ORIENTED_EDGE('',*,*,#6141,.T.);
#3703=ORIENTED_EDGE('',*,*,#5899,.T.);
#3704=ORIENTED_EDGE('',*,*,#6142,.F.);
#3705=ORIENTED_EDGE('',*,*,#6140,.F.);
#3706=ORIENTED_EDGE('',*,*,#6143,.F.);
#3707=ORIENTED_EDGE('',*,*,#6033,.F.);
#3708=ORIENTED_EDGE('',*,*,#6144,.T.);
#3709=ORIENTED_EDGE('',*,*,#6145,.T.);
#3710=ORIENTED_EDGE('',*,*,#6146,.T.);
#3711=ORIENTED_EDGE('',*,*,#6147,.T.);
#3712=ORIENTED_EDGE('',*,*,#6148,.F.);
#3713=ORIENTED_EDGE('',*,*,#6145,.F.);
#3714=ORIENTED_EDGE('',*,*,#6149,.T.);
#3715=ORIENTED_EDGE('',*,*,#6150,.T.);
#3716=ORIENTED_EDGE('',*,*,#6134,.T.);
#3717=ORIENTED_EDGE('',*,*,#6151,.T.);
#3718=ORIENTED_EDGE('',*,*,#6146,.F.);
#3719=ORIENTED_EDGE('',*,*,#6152,.T.);
#3720=ORIENTED_EDGE('',*,*,#6136,.F.);
#3721=ORIENTED_EDGE('',*,*,#6153,.T.);
#3722=ORIENTED_EDGE('',*,*,#6149,.F.);
#3723=ORIENTED_EDGE('',*,*,#6144,.F.);
#3724=ORIENTED_EDGE('',*,*,#6032,.F.);
#3725=ORIENTED_EDGE('',*,*,#5900,.F.);
#3726=ORIENTED_EDGE('',*,*,#6141,.F.);
#3727=ORIENTED_EDGE('',*,*,#6139,.F.);
#3728=ORIENTED_EDGE('',*,*,#6148,.T.);
#3729=ORIENTED_EDGE('',*,*,#6154,.T.);
#3730=ORIENTED_EDGE('',*,*,#6132,.T.);
#3731=ORIENTED_EDGE('',*,*,#6138,.T.);
#3732=ORIENTED_EDGE('',*,*,#6142,.T.);
#3733=ORIENTED_EDGE('',*,*,#5906,.T.);
#3734=ORIENTED_EDGE('',*,*,#6034,.T.);
#3735=ORIENTED_EDGE('',*,*,#6143,.T.);
#3736=ORIENTED_EDGE('',*,*,#6150,.F.);
#3737=ORIENTED_EDGE('',*,*,#6153,.F.);
#3738=ORIENTED_EDGE('',*,*,#6135,.F.);
#3739=ORIENTED_EDGE('',*,*,#6152,.F.);
#3740=ORIENTED_EDGE('',*,*,#6147,.F.);
#3741=ORIENTED_EDGE('',*,*,#6151,.F.);
#3742=ORIENTED_EDGE('',*,*,#6133,.F.);
#3743=ORIENTED_EDGE('',*,*,#6154,.F.);
#3744=ORIENTED_EDGE('',*,*,#5715,.T.);
#3745=ORIENTED_EDGE('',*,*,#6155,.T.);
#3746=ORIENTED_EDGE('',*,*,#5691,.F.);
#3747=ORIENTED_EDGE('',*,*,#6156,.T.);
#3748=ORIENTED_EDGE('',*,*,#5717,.T.);
#3749=ORIENTED_EDGE('',*,*,#6157,.T.);
#3750=ORIENTED_EDGE('',*,*,#5689,.F.);
#3751=ORIENTED_EDGE('',*,*,#5664,.F.);
#3752=ORIENTED_EDGE('',*,*,#5893,.T.);
#3753=ORIENTED_EDGE('',*,*,#5674,.T.);
#3754=ORIENTED_EDGE('',*,*,#5693,.F.);
#3755=ORIENTED_EDGE('',*,*,#6158,.T.);
#3756=ORIENTED_EDGE('',*,*,#5713,.T.);
#3757=ORIENTED_EDGE('',*,*,#5896,.T.);
#3758=ORIENTED_EDGE('',*,*,#5891,.T.);
#3759=ORIENTED_EDGE('',*,*,#5894,.F.);
#3760=ORIENTED_EDGE('',*,*,#6159,.F.);
#3761=ORIENTED_EDGE('',*,*,#6160,.F.);
#3762=ORIENTED_EDGE('',*,*,#6161,.T.);
#3763=ORIENTED_EDGE('',*,*,#6162,.T.);
#3764=ORIENTED_EDGE('',*,*,#6163,.F.);
#3765=ORIENTED_EDGE('',*,*,#6162,.F.);
#3766=ORIENTED_EDGE('',*,*,#6164,.T.);
#3767=ORIENTED_EDGE('',*,*,#6165,.T.);
#3768=ORIENTED_EDGE('',*,*,#6166,.T.);
#3769=ORIENTED_EDGE('',*,*,#6167,.T.);
#3770=ORIENTED_EDGE('',*,*,#6168,.F.);
#3771=ORIENTED_EDGE('',*,*,#6165,.F.);
#3772=ORIENTED_EDGE('',*,*,#6169,.T.);
#3773=ORIENTED_EDGE('',*,*,#6170,.T.);
#3774=ORIENTED_EDGE('',*,*,#6171,.T.);
#3775=ORIENTED_EDGE('',*,*,#6172,.T.);
#3776=ORIENTED_EDGE('',*,*,#6166,.F.);
#3777=ORIENTED_EDGE('',*,*,#6173,.T.);
#3778=ORIENTED_EDGE('',*,*,#6174,.F.);
#3779=ORIENTED_EDGE('',*,*,#6175,.T.);
#3780=ORIENTED_EDGE('',*,*,#6171,.F.);
#3781=ORIENTED_EDGE('',*,*,#6176,.T.);
#3782=ORIENTED_EDGE('',*,*,#6177,.T.);
#3783=ORIENTED_EDGE('',*,*,#6178,.T.);
#3784=ORIENTED_EDGE('',*,*,#6179,.F.);
#3785=ORIENTED_EDGE('',*,*,#6178,.F.);
#3786=ORIENTED_EDGE('',*,*,#6180,.T.);
#3787=ORIENTED_EDGE('',*,*,#6181,.T.);
#3788=ORIENTED_EDGE('',*,*,#6182,.F.);
#3789=ORIENTED_EDGE('',*,*,#6181,.F.);
#3790=ORIENTED_EDGE('',*,*,#6183,.T.);
#3791=ORIENTED_EDGE('',*,*,#5889,.T.);
#3792=ORIENTED_EDGE('',*,*,#6184,.F.);
#3793=ORIENTED_EDGE('',*,*,#5783,.F.);
#3794=ORIENTED_EDGE('',*,*,#6185,.T.);
#3795=ORIENTED_EDGE('',*,*,#6160,.T.);
#3796=ORIENTED_EDGE('',*,*,#6177,.F.);
#3797=ORIENTED_EDGE('',*,*,#6186,.T.);
#3798=ORIENTED_EDGE('',*,*,#6169,.F.);
#3799=ORIENTED_EDGE('',*,*,#6164,.F.);
#3800=ORIENTED_EDGE('',*,*,#6161,.F.);
#3801=ORIENTED_EDGE('',*,*,#6185,.F.);
#3802=ORIENTED_EDGE('',*,*,#5890,.F.);
#3803=ORIENTED_EDGE('',*,*,#6183,.F.);
#3804=ORIENTED_EDGE('',*,*,#6180,.F.);
#3805=ORIENTED_EDGE('',*,*,#6168,.T.);
#3806=ORIENTED_EDGE('',*,*,#6187,.T.);
#3807=ORIENTED_EDGE('',*,*,#6174,.T.);
#3808=ORIENTED_EDGE('',*,*,#6179,.T.);
#3809=ORIENTED_EDGE('',*,*,#6182,.T.);
#3810=ORIENTED_EDGE('',*,*,#5888,.T.);
#3811=ORIENTED_EDGE('',*,*,#6184,.T.);
#3812=ORIENTED_EDGE('',*,*,#6159,.T.);
#3813=ORIENTED_EDGE('',*,*,#6163,.T.);
#3814=ORIENTED_EDGE('',*,*,#6170,.F.);
#3815=ORIENTED_EDGE('',*,*,#6186,.F.);
#3816=ORIENTED_EDGE('',*,*,#6176,.F.);
#3817=ORIENTED_EDGE('',*,*,#6173,.F.);
#3818=ORIENTED_EDGE('',*,*,#6167,.F.);
#3819=ORIENTED_EDGE('',*,*,#6172,.F.);
#3820=ORIENTED_EDGE('',*,*,#6175,.F.);
#3821=ORIENTED_EDGE('',*,*,#6187,.F.);
#3822=ORIENTED_EDGE('',*,*,#6188,.F.);
#3823=ORIENTED_EDGE('',*,*,#5823,.F.);
#3824=ORIENTED_EDGE('',*,*,#5887,.T.);
#3825=ORIENTED_EDGE('',*,*,#5879,.T.);
#3826=ORIENTED_EDGE('',*,*,#6189,.F.);
#3827=ORIENTED_EDGE('',*,*,#5874,.T.);
#3828=ORIENTED_EDGE('',*,*,#5884,.T.);
#3829=ORIENTED_EDGE('',*,*,#5828,.F.);
#3830=ORIENTED_EDGE('',*,*,#6188,.T.);
#3831=ORIENTED_EDGE('',*,*,#5878,.F.);
#3832=ORIENTED_EDGE('',*,*,#6190,.T.);
#3833=ORIENTED_EDGE('',*,*,#5824,.T.);
#3834=ORIENTED_EDGE('',*,*,#5877,.F.);
#3835=ORIENTED_EDGE('',*,*,#6191,.T.);
#3836=ORIENTED_EDGE('',*,*,#5825,.T.);
#3837=ORIENTED_EDGE('',*,*,#6190,.F.);
#3838=ORIENTED_EDGE('',*,*,#6189,.T.);
#3839=ORIENTED_EDGE('',*,*,#5827,.F.);
#3840=ORIENTED_EDGE('',*,*,#5814,.F.);
#3841=ORIENTED_EDGE('',*,*,#5875,.T.);
#3842=ORIENTED_EDGE('',*,*,#6192,.T.);
#3843=ORIENTED_EDGE('',*,*,#6193,.T.);
#3844=ORIENTED_EDGE('',*,*,#6194,.F.);
#3845=ORIENTED_EDGE('',*,*,#6195,.T.);
#3846=ORIENTED_EDGE('',*,*,#6191,.F.);
#3847=ORIENTED_EDGE('',*,*,#6196,.F.);
#3848=ORIENTED_EDGE('',*,*,#6194,.T.);
#3849=ORIENTED_EDGE('',*,*,#6197,.T.);
#3850=ORIENTED_EDGE('',*,*,#6198,.T.);
#3851=ORIENTED_EDGE('',*,*,#6199,.T.);
#3852=ORIENTED_EDGE('',*,*,#6200,.T.);
#3853=ORIENTED_EDGE('',*,*,#6201,.T.);
#3854=ORIENTED_EDGE('',*,*,#6202,.F.);
#3855=ORIENTED_EDGE('',*,*,#6203,.T.);
#3856=ORIENTED_EDGE('',*,*,#6192,.F.);
#3857=ORIENTED_EDGE('',*,*,#6204,.F.);
#3858=ORIENTED_EDGE('',*,*,#6205,.F.);
#3859=ORIENTED_EDGE('',*,*,#6206,.T.);
#3860=ORIENTED_EDGE('',*,*,#6198,.F.);
#3861=ORIENTED_EDGE('',*,*,#6207,.T.);
#3862=ORIENTED_EDGE('',*,*,#6202,.T.);
#3863=ORIENTED_EDGE('',*,*,#6208,.T.);
#3864=ORIENTED_EDGE('',*,*,#6200,.F.);
#3865=ORIENTED_EDGE('',*,*,#6209,.T.);
#3866=ORIENTED_EDGE('',*,*,#6205,.T.);
#3867=ORIENTED_EDGE('',*,*,#6210,.T.);
#3868=ORIENTED_EDGE('',*,*,#5812,.T.);
#3869=ORIENTED_EDGE('',*,*,#6211,.F.);
#3870=ORIENTED_EDGE('',*,*,#5826,.F.);
#3871=ORIENTED_EDGE('',*,*,#6195,.F.);
#3872=ORIENTED_EDGE('',*,*,#6201,.F.);
#3873=ORIENTED_EDGE('',*,*,#6211,.T.);
#3874=ORIENTED_EDGE('',*,*,#5876,.T.);
#3875=ORIENTED_EDGE('',*,*,#6210,.F.);
#3876=ORIENTED_EDGE('',*,*,#6204,.T.);
#3877=ORIENTED_EDGE('',*,*,#6196,.T.);
#3878=ORIENTED_EDGE('',*,*,#5821,.F.);
#3879=ORIENTED_EDGE('',*,*,#5980,.F.);
#3880=ORIENTED_EDGE('',*,*,#5851,.F.);
#3881=ORIENTED_EDGE('',*,*,#5886,.F.);
#3882=ORIENTED_EDGE('',*,*,#6197,.F.);
#3883=ORIENTED_EDGE('',*,*,#6193,.F.);
#3884=ORIENTED_EDGE('',*,*,#6203,.F.);
#3885=ORIENTED_EDGE('',*,*,#6207,.F.);
#3886=ORIENTED_EDGE('',*,*,#6199,.F.);
#3887=ORIENTED_EDGE('',*,*,#6208,.F.);
#3888=ORIENTED_EDGE('',*,*,#6206,.F.);
#3889=ORIENTED_EDGE('',*,*,#6209,.F.);
#3890=ORIENTED_EDGE('',*,*,#5714,.F.);
#3891=ORIENTED_EDGE('',*,*,#6158,.F.);
#3892=ORIENTED_EDGE('',*,*,#5692,.F.);
#3893=ORIENTED_EDGE('',*,*,#6155,.F.);
#3894=ORIENTED_EDGE('',*,*,#5716,.F.);
#3895=ORIENTED_EDGE('',*,*,#6156,.F.);
#3896=ORIENTED_EDGE('',*,*,#5690,.F.);
#3897=ORIENTED_EDGE('',*,*,#6157,.F.);
#3898=ORIENTED_EDGE('',*,*,#5861,.F.);
#3899=ORIENTED_EDGE('',*,*,#6128,.F.);
#3900=ORIENTED_EDGE('',*,*,#5841,.F.);
#3901=ORIENTED_EDGE('',*,*,#6129,.F.);
#3902=ORIENTED_EDGE('',*,*,#5863,.F.);
#3903=ORIENTED_EDGE('',*,*,#6130,.F.);
#3904=ORIENTED_EDGE('',*,*,#5839,.F.);
#3905=ORIENTED_EDGE('',*,*,#6131,.F.);
#3906=ORIENTED_EDGE('',*,*,#5867,.F.);
#3907=ORIENTED_EDGE('',*,*,#6098,.F.);
#3908=ORIENTED_EDGE('',*,*,#5835,.F.);
#3909=ORIENTED_EDGE('',*,*,#6100,.F.);
#3910=ORIENTED_EDGE('',*,*,#5869,.F.);
#3911=ORIENTED_EDGE('',*,*,#6101,.F.);
#3912=ORIENTED_EDGE('',*,*,#5833,.F.);
#3913=ORIENTED_EDGE('',*,*,#6096,.F.);
#3914=ORIENTED_EDGE('',*,*,#5706,.T.);
#3915=ORIENTED_EDGE('',*,*,#5806,.T.);
#3916=ORIENTED_EDGE('',*,*,#5700,.F.);
#3917=ORIENTED_EDGE('',*,*,#5804,.T.);
#3918=ORIENTED_EDGE('',*,*,#5606,.F.);
#3919=ORIENTED_EDGE('',*,*,#6212,.F.);
#3920=ORIENTED_EDGE('',*,*,#5805,.F.);
#3921=ORIENTED_EDGE('',*,*,#6213,.T.);
#3922=ORIENTED_EDGE('',*,*,#5624,.T.);
#3923=ORIENTED_EDGE('',*,*,#5649,.F.);
#3924=ORIENTED_EDGE('',*,*,#5811,.T.);
#3925=ORIENTED_EDGE('',*,*,#5770,.F.);
#3926=ORIENTED_EDGE('',*,*,#6212,.T.);
#3927=ORIENTED_EDGE('',*,*,#5605,.F.);
#3928=ORIENTED_EDGE('',*,*,#6214,.F.);
#3929=ORIENTED_EDGE('',*,*,#5720,.T.);
#3930=ORIENTED_EDGE('',*,*,#6215,.T.);
#3931=ORIENTED_EDGE('',*,*,#6216,.T.);
#3932=ORIENTED_EDGE('',*,*,#6217,.F.);
#3933=ORIENTED_EDGE('',*,*,#5724,.T.);
#3934=ORIENTED_EDGE('',*,*,#6218,.F.);
#3935=ORIENTED_EDGE('',*,*,#5599,.F.);
#3936=ORIENTED_EDGE('',*,*,#6219,.F.);
#3937=ORIENTED_EDGE('',*,*,#6220,.T.);
#3938=ORIENTED_EDGE('',*,*,#6221,.F.);
#3939=ORIENTED_EDGE('',*,*,#6222,.F.);
#3940=ORIENTED_EDGE('',*,*,#6223,.T.);
#3941=ORIENTED_EDGE('',*,*,#6224,.T.);
#3942=ORIENTED_EDGE('',*,*,#6225,.F.);
#3943=ORIENTED_EDGE('',*,*,#5593,.F.);
#3944=ORIENTED_EDGE('',*,*,#5925,.T.);
#3945=ORIENTED_EDGE('',*,*,#5808,.F.);
#3946=ORIENTED_EDGE('',*,*,#5637,.T.);
#3947=ORIENTED_EDGE('',*,*,#6226,.T.);
#3948=ORIENTED_EDGE('',*,*,#5631,.T.);
#3949=ORIENTED_EDGE('',*,*,#5722,.T.);
#3950=ORIENTED_EDGE('',*,*,#5625,.T.);
#3951=ORIENTED_EDGE('',*,*,#6213,.F.);
#3952=ORIENTED_EDGE('',*,*,#5793,.F.);
#3953=ORIENTED_EDGE('',*,*,#5802,.F.);
#3954=ORIENTED_EDGE('',*,*,#5799,.F.);
#3955=ORIENTED_EDGE('',*,*,#5796,.F.);
#3956=ORIENTED_EDGE('',*,*,#6227,.T.);
#3957=ORIENTED_EDGE('',*,*,#6228,.T.);
#3958=ORIENTED_EDGE('',*,*,#6023,.T.);
#3959=ORIENTED_EDGE('',*,*,#6229,.T.);
#3960=ORIENTED_EDGE('',*,*,#6230,.T.);
#3961=ORIENTED_EDGE('',*,*,#6231,.T.);
#3962=ORIENTED_EDGE('',*,*,#6232,.T.);
#3963=ORIENTED_EDGE('',*,*,#6233,.T.);
#3964=ORIENTED_EDGE('',*,*,#6234,.F.);
#3965=ORIENTED_EDGE('',*,*,#6235,.F.);
#3966=ORIENTED_EDGE('',*,*,#6236,.F.);
#3967=ORIENTED_EDGE('',*,*,#6021,.F.);
#3968=ORIENTED_EDGE('',*,*,#6236,.T.);
#3969=ORIENTED_EDGE('',*,*,#6237,.F.);
#3970=ORIENTED_EDGE('',*,*,#6229,.F.);
#3971=ORIENTED_EDGE('',*,*,#6022,.T.);
#3972=ORIENTED_EDGE('',*,*,#6235,.T.);
#3973=ORIENTED_EDGE('',*,*,#6238,.F.);
#3974=ORIENTED_EDGE('',*,*,#5803,.T.);
#3975=ORIENTED_EDGE('',*,*,#6239,.T.);
#3976=ORIENTED_EDGE('',*,*,#6227,.F.);
#3977=ORIENTED_EDGE('',*,*,#6237,.T.);
#3978=ORIENTED_EDGE('',*,*,#6024,.F.);
#3979=ORIENTED_EDGE('',*,*,#6228,.F.);
#3980=ORIENTED_EDGE('',*,*,#6239,.F.);
#3981=ORIENTED_EDGE('',*,*,#6010,.F.);
#3982=ORIENTED_EDGE('',*,*,#6020,.T.);
#3983=ORIENTED_EDGE('',*,*,#6015,.T.);
#3984=ORIENTED_EDGE('',*,*,#6238,.T.);
#3985=ORIENTED_EDGE('',*,*,#6234,.T.);
#3986=ORIENTED_EDGE('',*,*,#6240,.T.);
#3987=ORIENTED_EDGE('',*,*,#6241,.T.);
#3988=ORIENTED_EDGE('',*,*,#6242,.T.);
#3989=ORIENTED_EDGE('',*,*,#6243,.T.);
#3990=ORIENTED_EDGE('',*,*,#5791,.F.);
#3991=ORIENTED_EDGE('',*,*,#5795,.F.);
#3992=ORIENTED_EDGE('',*,*,#5798,.F.);
#3993=ORIENTED_EDGE('',*,*,#5801,.F.);
#3994=ORIENTED_EDGE('',*,*,#6244,.T.);
#3995=ORIENTED_EDGE('',*,*,#5581,.T.);
#3996=ORIENTED_EDGE('',*,*,#6245,.F.);
#3997=ORIENTED_EDGE('',*,*,#6230,.F.);
#3998=ORIENTED_EDGE('',*,*,#6246,.T.);
#3999=ORIENTED_EDGE('',*,*,#5583,.T.);
#4000=ORIENTED_EDGE('',*,*,#6247,.F.);
#4001=ORIENTED_EDGE('',*,*,#6232,.F.);
#4002=ORIENTED_EDGE('',*,*,#6245,.T.);
#4003=ORIENTED_EDGE('',*,*,#5580,.T.);
#4004=ORIENTED_EDGE('',*,*,#6246,.F.);
#4005=ORIENTED_EDGE('',*,*,#6231,.F.);
#4006=ORIENTED_EDGE('',*,*,#6247,.T.);
#4007=ORIENTED_EDGE('',*,*,#5582,.T.);
#4008=ORIENTED_EDGE('',*,*,#6244,.F.);
#4009=ORIENTED_EDGE('',*,*,#6233,.F.);
#4010=ORIENTED_EDGE('',*,*,#6248,.F.);
#4011=ORIENTED_EDGE('',*,*,#5647,.F.);
#4012=ORIENTED_EDGE('',*,*,#6249,.F.);
#4013=ORIENTED_EDGE('',*,*,#6241,.F.);
#4014=ORIENTED_EDGE('',*,*,#6249,.T.);
#4015=ORIENTED_EDGE('',*,*,#5646,.F.);
#4016=ORIENTED_EDGE('',*,*,#6250,.F.);
#4017=ORIENTED_EDGE('',*,*,#6242,.F.);
#4018=ORIENTED_EDGE('',*,*,#6248,.T.);
#4019=ORIENTED_EDGE('',*,*,#6240,.F.);
#4020=ORIENTED_EDGE('',*,*,#6251,.F.);
#4021=ORIENTED_EDGE('',*,*,#5644,.F.);
#4022=ORIENTED_EDGE('',*,*,#6250,.T.);
#4023=ORIENTED_EDGE('',*,*,#5645,.F.);
#4024=ORIENTED_EDGE('',*,*,#6251,.T.);
#4025=ORIENTED_EDGE('',*,*,#6243,.F.);
#4026=ORIENTED_EDGE('',*,*,#5640,.T.);
#4027=ORIENTED_EDGE('',*,*,#6252,.T.);
#4028=ORIENTED_EDGE('',*,*,#5590,.F.);
#4029=ORIENTED_EDGE('',*,*,#6253,.F.);
#4030=ORIENTED_EDGE('',*,*,#5588,.F.);
#4031=ORIENTED_EDGE('',*,*,#6254,.T.);
#4032=ORIENTED_EDGE('',*,*,#5642,.T.);
#4033=ORIENTED_EDGE('',*,*,#6255,.T.);
#4034=ORIENTED_EDGE('',*,*,#5589,.F.);
#4035=ORIENTED_EDGE('',*,*,#6255,.F.);
#4036=ORIENTED_EDGE('',*,*,#5641,.T.);
#4037=ORIENTED_EDGE('',*,*,#6253,.T.);
#4038=ORIENTED_EDGE('',*,*,#5639,.F.);
#4039=ORIENTED_EDGE('',*,*,#5807,.F.);
#4040=ORIENTED_EDGE('',*,*,#5591,.F.);
#4041=ORIENTED_EDGE('',*,*,#6252,.F.);
#4042=ORIENTED_EDGE('',*,*,#5643,.F.);
#4043=ORIENTED_EDGE('',*,*,#6254,.F.);
#4044=ORIENTED_EDGE('',*,*,#5587,.F.);
#4045=ORIENTED_EDGE('',*,*,#5790,.F.);
#4046=ORIENTED_EDGE('',*,*,#5736,.T.);
#4047=ORIENTED_EDGE('',*,*,#6256,.T.);
#4048=ORIENTED_EDGE('',*,*,#5730,.T.);
#4049=ORIENTED_EDGE('',*,*,#6257,.T.);
#4050=ORIENTED_EDGE('',*,*,#6258,.F.);
#4051=ORIENTED_EDGE('',*,*,#5738,.F.);
#4052=ORIENTED_EDGE('',*,*,#6259,.F.);
#4053=ORIENTED_EDGE('',*,*,#5728,.F.);
#4054=ORIENTED_EDGE('',*,*,#6259,.T.);
#4055=ORIENTED_EDGE('',*,*,#5737,.F.);
#4056=ORIENTED_EDGE('',*,*,#6257,.F.);
#4057=ORIENTED_EDGE('',*,*,#5729,.T.);
#4058=ORIENTED_EDGE('',*,*,#5735,.T.);
#4059=ORIENTED_EDGE('',*,*,#5758,.F.);
#4060=ORIENTED_EDGE('',*,*,#5731,.F.);
#4061=ORIENTED_EDGE('',*,*,#6256,.F.);
#4062=ORIENTED_EDGE('',*,*,#5739,.F.);
#4063=ORIENTED_EDGE('',*,*,#6258,.T.);
#4064=ORIENTED_EDGE('',*,*,#5727,.T.);
#4065=ORIENTED_EDGE('',*,*,#5936,.T.);
#4066=ORIENTED_EDGE('',*,*,#5604,.T.);
#4067=ORIENTED_EDGE('',*,*,#6260,.T.);
#4068=ORIENTED_EDGE('',*,*,#5626,.F.);
#4069=ORIENTED_EDGE('',*,*,#5721,.F.);
#4070=ORIENTED_EDGE('',*,*,#6214,.T.);
#4071=ORIENTED_EDGE('',*,*,#5602,.T.);
#4072=ORIENTED_EDGE('',*,*,#6261,.T.);
#4073=ORIENTED_EDGE('',*,*,#5628,.F.);
#4074=ORIENTED_EDGE('',*,*,#6262,.T.);
#4075=ORIENTED_EDGE('',*,*,#5630,.F.);
#4076=ORIENTED_EDGE('',*,*,#6263,.T.);
#4077=ORIENTED_EDGE('',*,*,#5600,.T.);
#4078=ORIENTED_EDGE('',*,*,#6218,.T.);
#4079=ORIENTED_EDGE('',*,*,#5723,.F.);
#4080=ORIENTED_EDGE('',*,*,#6264,.F.);
#4081=ORIENTED_EDGE('',*,*,#6265,.T.);
#4082=ORIENTED_EDGE('',*,*,#6266,.F.);
#4083=ORIENTED_EDGE('',*,*,#6267,.T.);
#4084=ORIENTED_EDGE('',*,*,#6268,.T.);
#4085=ORIENTED_EDGE('',*,*,#6269,.T.);
#4086=ORIENTED_EDGE('',*,*,#6270,.F.);
#4087=ORIENTED_EDGE('',*,*,#6269,.F.);
#4088=ORIENTED_EDGE('',*,*,#6271,.T.);
#4089=ORIENTED_EDGE('',*,*,#6272,.T.);
#4090=ORIENTED_EDGE('',*,*,#6273,.T.);
#4091=ORIENTED_EDGE('',*,*,#5718,.T.);
#4092=ORIENTED_EDGE('',*,*,#6274,.F.);
#4093=ORIENTED_EDGE('',*,*,#6272,.F.);
#4094=ORIENTED_EDGE('',*,*,#6275,.F.);
#4095=ORIENTED_EDGE('',*,*,#6216,.F.);
#4096=ORIENTED_EDGE('',*,*,#6276,.T.);
#4097=ORIENTED_EDGE('',*,*,#6277,.T.);
#4098=ORIENTED_EDGE('',*,*,#6278,.T.);
#4099=ORIENTED_EDGE('',*,*,#6279,.T.);
#4100=ORIENTED_EDGE('',*,*,#6280,.F.);
#4101=ORIENTED_EDGE('',*,*,#6277,.F.);
#4102=ORIENTED_EDGE('',*,*,#6281,.T.);
#4103=ORIENTED_EDGE('',*,*,#6282,.T.);
#4104=ORIENTED_EDGE('',*,*,#6266,.T.);
#4105=ORIENTED_EDGE('',*,*,#6283,.T.);
#4106=ORIENTED_EDGE('',*,*,#6278,.F.);
#4107=ORIENTED_EDGE('',*,*,#6284,.T.);
#4108=ORIENTED_EDGE('',*,*,#6268,.F.);
#4109=ORIENTED_EDGE('',*,*,#6285,.T.);
#4110=ORIENTED_EDGE('',*,*,#6281,.F.);
#4111=ORIENTED_EDGE('',*,*,#6276,.F.);
#4112=ORIENTED_EDGE('',*,*,#6215,.F.);
#4113=ORIENTED_EDGE('',*,*,#5719,.F.);
#4114=ORIENTED_EDGE('',*,*,#6273,.F.);
#4115=ORIENTED_EDGE('',*,*,#6271,.F.);
#4116=ORIENTED_EDGE('',*,*,#6280,.T.);
#4117=ORIENTED_EDGE('',*,*,#6286,.T.);
#4118=ORIENTED_EDGE('',*,*,#6264,.T.);
#4119=ORIENTED_EDGE('',*,*,#6270,.T.);
#4120=ORIENTED_EDGE('',*,*,#6274,.T.);
#4121=ORIENTED_EDGE('',*,*,#5725,.T.);
#4122=ORIENTED_EDGE('',*,*,#6217,.T.);
#4123=ORIENTED_EDGE('',*,*,#6275,.T.);
#4124=ORIENTED_EDGE('',*,*,#6282,.F.);
#4125=ORIENTED_EDGE('',*,*,#6285,.F.);
#4126=ORIENTED_EDGE('',*,*,#6267,.F.);
#4127=ORIENTED_EDGE('',*,*,#6284,.F.);
#4128=ORIENTED_EDGE('',*,*,#6279,.F.);
#4129=ORIENTED_EDGE('',*,*,#6283,.F.);
#4130=ORIENTED_EDGE('',*,*,#6265,.F.);
#4131=ORIENTED_EDGE('',*,*,#6286,.F.);
#4132=ORIENTED_EDGE('',*,*,#5636,.F.);
#4133=ORIENTED_EDGE('',*,*,#6287,.T.);
#4134=ORIENTED_EDGE('',*,*,#5594,.T.);
#4135=ORIENTED_EDGE('',*,*,#6225,.T.);
#4136=ORIENTED_EDGE('',*,*,#6288,.F.);
#4137=ORIENTED_EDGE('',*,*,#5598,.T.);
#4138=ORIENTED_EDGE('',*,*,#6289,.T.);
#4139=ORIENTED_EDGE('',*,*,#5632,.F.);
#4140=ORIENTED_EDGE('',*,*,#6290,.F.);
#4141=ORIENTED_EDGE('',*,*,#6219,.T.);
#4142=ORIENTED_EDGE('',*,*,#5596,.T.);
#4143=ORIENTED_EDGE('',*,*,#6291,.T.);
#4144=ORIENTED_EDGE('',*,*,#5634,.F.);
#4145=ORIENTED_EDGE('',*,*,#6292,.T.);
#4146=ORIENTED_EDGE('',*,*,#6293,.F.);
#4147=ORIENTED_EDGE('',*,*,#6294,.F.);
#4148=ORIENTED_EDGE('',*,*,#6295,.T.);
#4149=ORIENTED_EDGE('',*,*,#6220,.F.);
#4150=ORIENTED_EDGE('',*,*,#6290,.T.);
#4151=ORIENTED_EDGE('',*,*,#6226,.F.);
#4152=ORIENTED_EDGE('',*,*,#6288,.T.);
#4153=ORIENTED_EDGE('',*,*,#6224,.F.);
#4154=ORIENTED_EDGE('',*,*,#6296,.F.);
#4155=ORIENTED_EDGE('',*,*,#6297,.F.);
#4156=ORIENTED_EDGE('',*,*,#6298,.T.);
#4157=ORIENTED_EDGE('',*,*,#6299,.T.);
#4158=ORIENTED_EDGE('',*,*,#6300,.T.);
#4159=ORIENTED_EDGE('',*,*,#6301,.T.);
#4160=ORIENTED_EDGE('',*,*,#6302,.F.);
#4161=ORIENTED_EDGE('',*,*,#6299,.F.);
#4162=ORIENTED_EDGE('',*,*,#6303,.T.);
#4163=ORIENTED_EDGE('',*,*,#6304,.T.);
#4164=ORIENTED_EDGE('',*,*,#6305,.T.);
#4165=ORIENTED_EDGE('',*,*,#6306,.T.);
#4166=ORIENTED_EDGE('',*,*,#6300,.F.);
#4167=ORIENTED_EDGE('',*,*,#6307,.T.);
#4168=ORIENTED_EDGE('',*,*,#6308,.F.);
#4169=ORIENTED_EDGE('',*,*,#6309,.T.);
#4170=ORIENTED_EDGE('',*,*,#6305,.F.);
#4171=ORIENTED_EDGE('',*,*,#6310,.T.);
#4172=ORIENTED_EDGE('',*,*,#6311,.T.);
#4173=ORIENTED_EDGE('',*,*,#6312,.T.);
#4174=ORIENTED_EDGE('',*,*,#6313,.F.);
#4175=ORIENTED_EDGE('',*,*,#6312,.F.);
#4176=ORIENTED_EDGE('',*,*,#6314,.T.);
#4177=ORIENTED_EDGE('',*,*,#6222,.T.);
#4178=ORIENTED_EDGE('',*,*,#6315,.F.);
#4179=ORIENTED_EDGE('',*,*,#6294,.T.);
#4180=ORIENTED_EDGE('',*,*,#6316,.T.);
#4181=ORIENTED_EDGE('',*,*,#6297,.T.);
#4182=ORIENTED_EDGE('',*,*,#6311,.F.);
#4183=ORIENTED_EDGE('',*,*,#6317,.T.);
#4184=ORIENTED_EDGE('',*,*,#6303,.F.);
#4185=ORIENTED_EDGE('',*,*,#6298,.F.);
#4186=ORIENTED_EDGE('',*,*,#6316,.F.);
#4187=ORIENTED_EDGE('',*,*,#6293,.T.);
#4188=ORIENTED_EDGE('',*,*,#6223,.F.);
#4189=ORIENTED_EDGE('',*,*,#6314,.F.);
#4190=ORIENTED_EDGE('',*,*,#6302,.T.);
#4191=ORIENTED_EDGE('',*,*,#6318,.T.);
#4192=ORIENTED_EDGE('',*,*,#6308,.T.);
#4193=ORIENTED_EDGE('',*,*,#6313,.T.);
#4194=ORIENTED_EDGE('',*,*,#6221,.T.);
#4195=ORIENTED_EDGE('',*,*,#6295,.F.);
#4196=ORIENTED_EDGE('',*,*,#6315,.T.);
#4197=ORIENTED_EDGE('',*,*,#6296,.T.);
#4198=ORIENTED_EDGE('',*,*,#6304,.F.);
#4199=ORIENTED_EDGE('',*,*,#6317,.F.);
#4200=ORIENTED_EDGE('',*,*,#6310,.F.);
#4201=ORIENTED_EDGE('',*,*,#6307,.F.);
#4202=ORIENTED_EDGE('',*,*,#6301,.F.);
#4203=ORIENTED_EDGE('',*,*,#6306,.F.);
#4204=ORIENTED_EDGE('',*,*,#6309,.F.);
#4205=ORIENTED_EDGE('',*,*,#6318,.F.);
#4206=ORIENTED_EDGE('',*,*,#5686,.F.);
#4207=ORIENTED_EDGE('',*,*,#6319,.T.);
#4208=ORIENTED_EDGE('',*,*,#5703,.T.);
#4209=ORIENTED_EDGE('',*,*,#6320,.T.);
#4210=ORIENTED_EDGE('',*,*,#5688,.F.);
#4211=ORIENTED_EDGE('',*,*,#6321,.T.);
#4212=ORIENTED_EDGE('',*,*,#5701,.T.);
#4213=ORIENTED_EDGE('',*,*,#5672,.T.);
#4214=ORIENTED_EDGE('',*,*,#5654,.T.);
#4215=ORIENTED_EDGE('',*,*,#5666,.F.);
#4216=ORIENTED_EDGE('',*,*,#5705,.T.);
#4217=ORIENTED_EDGE('',*,*,#6322,.T.);
#4218=ORIENTED_EDGE('',*,*,#5684,.F.);
#4219=ORIENTED_EDGE('',*,*,#5669,.F.);
#4220=ORIENTED_EDGE('',*,*,#5656,.T.);
#4221=ORIENTED_EDGE('',*,*,#5680,.T.);
#4222=ORIENTED_EDGE('',*,*,#6323,.F.);
#4223=ORIENTED_EDGE('',*,*,#6324,.F.);
#4224=ORIENTED_EDGE('',*,*,#6325,.T.);
#4225=ORIENTED_EDGE('',*,*,#6326,.T.);
#4226=ORIENTED_EDGE('',*,*,#6327,.F.);
#4227=ORIENTED_EDGE('',*,*,#6326,.F.);
#4228=ORIENTED_EDGE('',*,*,#6328,.T.);
#4229=ORIENTED_EDGE('',*,*,#6329,.T.);
#4230=ORIENTED_EDGE('',*,*,#6330,.T.);
#4231=ORIENTED_EDGE('',*,*,#5769,.F.);
#4232=ORIENTED_EDGE('',*,*,#6331,.F.);
#4233=ORIENTED_EDGE('',*,*,#6329,.F.);
#4234=ORIENTED_EDGE('',*,*,#6332,.F.);
#4235=ORIENTED_EDGE('',*,*,#5659,.F.);
#4236=ORIENTED_EDGE('',*,*,#6333,.T.);
#4237=ORIENTED_EDGE('',*,*,#6334,.T.);
#4238=ORIENTED_EDGE('',*,*,#6335,.F.);
#4239=ORIENTED_EDGE('',*,*,#6334,.F.);
#4240=ORIENTED_EDGE('',*,*,#6336,.T.);
#4241=ORIENTED_EDGE('',*,*,#6337,.T.);
#4242=ORIENTED_EDGE('',*,*,#6338,.T.);
#4243=ORIENTED_EDGE('',*,*,#6339,.T.);
#4244=ORIENTED_EDGE('',*,*,#6340,.F.);
#4245=ORIENTED_EDGE('',*,*,#6337,.F.);
#4246=ORIENTED_EDGE('',*,*,#6341,.T.);
#4247=ORIENTED_EDGE('',*,*,#6342,.T.);
#4248=ORIENTED_EDGE('',*,*,#6343,.T.);
#4249=ORIENTED_EDGE('',*,*,#6344,.T.);
#4250=ORIENTED_EDGE('',*,*,#6338,.F.);
#4251=ORIENTED_EDGE('',*,*,#6345,.T.);
#4252=ORIENTED_EDGE('',*,*,#6346,.F.);
#4253=ORIENTED_EDGE('',*,*,#6347,.T.);
#4254=ORIENTED_EDGE('',*,*,#6343,.F.);
#4255=ORIENTED_EDGE('',*,*,#6348,.T.);
#4256=ORIENTED_EDGE('',*,*,#6349,.T.);
#4257=ORIENTED_EDGE('',*,*,#6324,.T.);
#4258=ORIENTED_EDGE('',*,*,#6349,.F.);
#4259=ORIENTED_EDGE('',*,*,#6350,.T.);
#4260=ORIENTED_EDGE('',*,*,#6341,.F.);
#4261=ORIENTED_EDGE('',*,*,#6336,.F.);
#4262=ORIENTED_EDGE('',*,*,#6333,.F.);
#4263=ORIENTED_EDGE('',*,*,#5658,.F.);
#4264=ORIENTED_EDGE('',*,*,#6330,.F.);
#4265=ORIENTED_EDGE('',*,*,#6328,.F.);
#4266=ORIENTED_EDGE('',*,*,#6325,.F.);
#4267=ORIENTED_EDGE('',*,*,#6340,.T.);
#4268=ORIENTED_EDGE('',*,*,#6351,.T.);
#4269=ORIENTED_EDGE('',*,*,#6346,.T.);
#4270=ORIENTED_EDGE('',*,*,#6323,.T.);
#4271=ORIENTED_EDGE('',*,*,#6327,.T.);
#4272=ORIENTED_EDGE('',*,*,#6331,.T.);
#4273=ORIENTED_EDGE('',*,*,#5652,.T.);
#4274=ORIENTED_EDGE('',*,*,#6332,.T.);
#4275=ORIENTED_EDGE('',*,*,#6335,.T.);
#4276=ORIENTED_EDGE('',*,*,#6342,.F.);
#4277=ORIENTED_EDGE('',*,*,#6350,.F.);
#4278=ORIENTED_EDGE('',*,*,#6348,.F.);
#4279=ORIENTED_EDGE('',*,*,#6345,.F.);
#4280=ORIENTED_EDGE('',*,*,#6339,.F.);
#4281=ORIENTED_EDGE('',*,*,#6344,.F.);
#4282=ORIENTED_EDGE('',*,*,#6347,.F.);
#4283=ORIENTED_EDGE('',*,*,#6351,.F.);
#4284=ORIENTED_EDGE('',*,*,#6352,.F.);
#4285=ORIENTED_EDGE('',*,*,#5617,.T.);
#4286=ORIENTED_EDGE('',*,*,#5651,.T.);
#4287=ORIENTED_EDGE('',*,*,#5613,.F.);
#4288=ORIENTED_EDGE('',*,*,#6353,.F.);
#4289=ORIENTED_EDGE('',*,*,#5608,.F.);
#4290=ORIENTED_EDGE('',*,*,#5648,.T.);
#4291=ORIENTED_EDGE('',*,*,#5622,.T.);
#4292=ORIENTED_EDGE('',*,*,#6353,.T.);
#4293=ORIENTED_EDGE('',*,*,#5621,.F.);
#4294=ORIENTED_EDGE('',*,*,#6354,.T.);
#4295=ORIENTED_EDGE('',*,*,#5609,.T.);
#4296=ORIENTED_EDGE('',*,*,#5620,.F.);
#4297=ORIENTED_EDGE('',*,*,#6355,.T.);
#4298=ORIENTED_EDGE('',*,*,#5610,.T.);
#4299=ORIENTED_EDGE('',*,*,#6354,.F.);
#4300=ORIENTED_EDGE('',*,*,#6352,.T.);
#4301=ORIENTED_EDGE('',*,*,#5612,.F.);
#4302=ORIENTED_EDGE('',*,*,#5578,.F.);
#4303=ORIENTED_EDGE('',*,*,#5618,.T.);
#4304=ORIENTED_EDGE('',*,*,#6356,.T.);
#4305=ORIENTED_EDGE('',*,*,#6357,.T.);
#4306=ORIENTED_EDGE('',*,*,#6358,.F.);
#4307=ORIENTED_EDGE('',*,*,#6359,.T.);
#4308=ORIENTED_EDGE('',*,*,#6355,.F.);
#4309=ORIENTED_EDGE('',*,*,#6360,.F.);
#4310=ORIENTED_EDGE('',*,*,#6361,.T.);
#4311=ORIENTED_EDGE('',*,*,#6362,.T.);
#4312=ORIENTED_EDGE('',*,*,#6363,.T.);
#4313=ORIENTED_EDGE('',*,*,#6364,.T.);
#4314=ORIENTED_EDGE('',*,*,#6358,.T.);
#4315=ORIENTED_EDGE('',*,*,#6365,.T.);
#4316=ORIENTED_EDGE('',*,*,#6366,.F.);
#4317=ORIENTED_EDGE('',*,*,#6367,.T.);
#4318=ORIENTED_EDGE('',*,*,#6368,.F.);
#4319=ORIENTED_EDGE('',*,*,#6369,.T.);
#4320=ORIENTED_EDGE('',*,*,#6356,.F.);
#4321=ORIENTED_EDGE('',*,*,#6370,.F.);
#4322=ORIENTED_EDGE('',*,*,#6368,.T.);
#4323=ORIENTED_EDGE('',*,*,#6371,.T.);
#4324=ORIENTED_EDGE('',*,*,#6361,.F.);
#4325=ORIENTED_EDGE('',*,*,#6372,.T.);
#4326=ORIENTED_EDGE('',*,*,#6363,.F.);
#4327=ORIENTED_EDGE('',*,*,#6373,.T.);
#4328=ORIENTED_EDGE('',*,*,#6366,.T.);
#4329=ORIENTED_EDGE('',*,*,#6374,.T.);
#4330=ORIENTED_EDGE('',*,*,#5576,.T.);
#4331=ORIENTED_EDGE('',*,*,#6375,.F.);
#4332=ORIENTED_EDGE('',*,*,#5611,.F.);
#4333=ORIENTED_EDGE('',*,*,#6359,.F.);
#4334=ORIENTED_EDGE('',*,*,#6364,.F.);
#4335=ORIENTED_EDGE('',*,*,#6375,.T.);
#4336=ORIENTED_EDGE('',*,*,#5619,.T.);
#4337=ORIENTED_EDGE('',*,*,#6374,.F.);
#4338=ORIENTED_EDGE('',*,*,#6370,.T.);
#4339=ORIENTED_EDGE('',*,*,#6360,.T.);
#4340=ORIENTED_EDGE('',*,*,#5585,.F.);
#4341=ORIENTED_EDGE('',*,*,#5650,.F.);
#4342=ORIENTED_EDGE('',*,*,#5615,.F.);
#4343=ORIENTED_EDGE('',*,*,#5789,.F.);
#4344=ORIENTED_EDGE('',*,*,#6362,.F.);
#4345=ORIENTED_EDGE('',*,*,#6371,.F.);
#4346=ORIENTED_EDGE('',*,*,#6367,.F.);
#4347=ORIENTED_EDGE('',*,*,#6373,.F.);
#4348=ORIENTED_EDGE('',*,*,#6365,.F.);
#4349=ORIENTED_EDGE('',*,*,#6357,.F.);
#4350=ORIENTED_EDGE('',*,*,#6369,.F.);
#4351=ORIENTED_EDGE('',*,*,#6372,.F.);
#4352=ORIENTED_EDGE('',*,*,#5704,.F.);
#4353=ORIENTED_EDGE('',*,*,#6319,.F.);
#4354=ORIENTED_EDGE('',*,*,#5685,.F.);
#4355=ORIENTED_EDGE('',*,*,#6322,.F.);
#4356=ORIENTED_EDGE('',*,*,#5702,.F.);
#4357=ORIENTED_EDGE('',*,*,#6321,.F.);
#4358=ORIENTED_EDGE('',*,*,#5687,.F.);
#4359=ORIENTED_EDGE('',*,*,#6320,.F.);
#4360=ORIENTED_EDGE('',*,*,#5635,.F.);
#4361=ORIENTED_EDGE('',*,*,#6291,.F.);
#4362=ORIENTED_EDGE('',*,*,#5595,.F.);
#4363=ORIENTED_EDGE('',*,*,#6287,.F.);
#4364=ORIENTED_EDGE('',*,*,#5633,.F.);
#4365=ORIENTED_EDGE('',*,*,#6289,.F.);
#4366=ORIENTED_EDGE('',*,*,#5597,.F.);
#4367=ORIENTED_EDGE('',*,*,#6292,.F.);
#4368=ORIENTED_EDGE('',*,*,#5629,.F.);
#4369=ORIENTED_EDGE('',*,*,#6261,.F.);
#4370=ORIENTED_EDGE('',*,*,#5601,.F.);
#4371=ORIENTED_EDGE('',*,*,#6263,.F.);
#4372=ORIENTED_EDGE('',*,*,#5627,.F.);
#4373=ORIENTED_EDGE('',*,*,#6260,.F.);
#4374=ORIENTED_EDGE('',*,*,#5603,.F.);
#4375=ORIENTED_EDGE('',*,*,#6262,.F.);
#4376=ORIENTED_EDGE('',*,*,#5941,.F.);
#4377=ORIENTED_EDGE('',*,*,#5998,.F.);
#4378=ORIENTED_EDGE('',*,*,#5753,.F.);
#4379=ORIENTED_EDGE('',*,*,#5997,.F.);
#4380=ORIENTED_EDGE('',*,*,#5939,.F.);
#4381=ORIENTED_EDGE('',*,*,#6000,.F.);
#4382=ORIENTED_EDGE('',*,*,#5755,.F.);
#4383=ORIENTED_EDGE('',*,*,#5999,.F.);
#4384=ORIENTED_EDGE('',*,*,#5949,.F.);
#4385=ORIENTED_EDGE('',*,*,#5994,.F.);
#4386=ORIENTED_EDGE('',*,*,#5745,.F.);
#4387=ORIENTED_EDGE('',*,*,#5992,.F.);
#4388=ORIENTED_EDGE('',*,*,#5911,.F.);
#4389=ORIENTED_EDGE('',*,*,#5993,.F.);
#4390=ORIENTED_EDGE('',*,*,#5743,.F.);
#4391=ORIENTED_EDGE('',*,*,#5990,.F.);
#4392=ORIENTED_EDGE('',*,*,#5913,.F.);
#4393=ORIENTED_EDGE('',*,*,#5991,.F.);
#4394=ORIENTED_EDGE('',*,*,#5788,.F.);
#4395=ORIENTED_EDGE('',*,*,#5988,.F.);
#4396=ORIENTED_EDGE('',*,*,#5915,.F.);
#4397=ORIENTED_EDGE('',*,*,#5989,.F.);
#4398=ORIENTED_EDGE('',*,*,#5786,.F.);
#4399=ORIENTED_EDGE('',*,*,#5984,.F.);
#4400=ORIENTED_EDGE('',*,*,#5933,.F.);
#4401=ORIENTED_EDGE('',*,*,#6004,.F.);
#4402=ORIENTED_EDGE('',*,*,#5761,.F.);
#4403=ORIENTED_EDGE('',*,*,#6003,.F.);
#4404=ORIENTED_EDGE('',*,*,#5931,.F.);
#4405=ORIENTED_EDGE('',*,*,#6006,.F.);
#4406=ORIENTED_EDGE('',*,*,#5763,.F.);
#4407=ORIENTED_EDGE('',*,*,#6005,.F.);
#4408=ORIENTED_EDGE('',*,*,#5929,.F.);
#4409=ORIENTED_EDGE('',*,*,#6008,.F.);
#4410=ORIENTED_EDGE('',*,*,#5765,.F.);
#4411=ORIENTED_EDGE('',*,*,#6007,.F.);
#4412=ORIENTED_EDGE('',*,*,#5927,.F.);
#4413=ORIENTED_EDGE('',*,*,#5986,.F.);
#4414=ORIENTED_EDGE('',*,*,#5767,.F.);
#4415=ORIENTED_EDGE('',*,*,#6009,.F.);
#4416=ORIENTED_EDGE('',*,*,#5661,.T.);
#4417=ORIENTED_EDGE('',*,*,#5987,.F.);
#4418=ORIENTED_EDGE('',*,*,#5677,.T.);
#4419=ORIENTED_EDGE('',*,*,#5985,.T.);
#4420=ORIENTED_EDGE('',*,*,#6376,.F.);
#4421=ORIENTED_EDGE('',*,*,#5572,.T.);
#4422=ORIENTED_EDGE('',*,*,#6377,.T.);
#4423=ORIENTED_EDGE('',*,*,#5569,.F.);
#4424=ORIENTED_EDGE('',*,*,#6378,.T.);
#4425=ORIENTED_EDGE('',*,*,#5562,.T.);
#4426=ORIENTED_EDGE('',*,*,#6379,.T.);
#4427=ORIENTED_EDGE('',*,*,#5555,.F.);
#4428=ORIENTED_EDGE('',*,*,#5708,.T.);
#4429=ORIENTED_EDGE('',*,*,#6376,.T.);
#4430=ORIENTED_EDGE('',*,*,#5698,.F.);
#4431=ORIENTED_EDGE('',*,*,#6379,.F.);
#4432=ORIENTED_EDGE('',*,*,#6378,.F.);
#4433=ORIENTED_EDGE('',*,*,#6011,.F.);
#4434=ORIENTED_EDGE('',*,*,#6377,.F.);
#4435=ORIENTED_EDGE('',*,*,#6019,.T.);
#4436=ORIENTED_EDGE('',*,*,#6380,.F.);
#4437=ORIENTED_EDGE('',*,*,#5560,.T.);
#4438=ORIENTED_EDGE('',*,*,#6381,.T.);
#4439=ORIENTED_EDGE('',*,*,#5553,.F.);
#4440=ORIENTED_EDGE('',*,*,#6382,.T.);
#4441=ORIENTED_EDGE('',*,*,#5564,.T.);
#4442=ORIENTED_EDGE('',*,*,#6383,.T.);
#4443=ORIENTED_EDGE('',*,*,#5557,.F.);
#4444=ORIENTED_EDGE('',*,*,#5709,.T.);
#4445=ORIENTED_EDGE('',*,*,#6380,.T.);
#4446=ORIENTED_EDGE('',*,*,#5697,.F.);
#4447=ORIENTED_EDGE('',*,*,#6383,.F.);
#4448=ORIENTED_EDGE('',*,*,#6382,.F.);
#4449=ORIENTED_EDGE('',*,*,#6012,.F.);
#4450=ORIENTED_EDGE('',*,*,#6381,.F.);
#4451=ORIENTED_EDGE('',*,*,#6018,.T.);
#4452=ORIENTED_EDGE('',*,*,#6384,.T.);
#4453=ORIENTED_EDGE('',*,*,#6385,.F.);
#4454=ORIENTED_EDGE('',*,*,#6385,.T.);
#4455=ORIENTED_EDGE('',*,*,#6386,.F.);
#4456=ORIENTED_EDGE('',*,*,#6386,.T.);
#4457=ORIENTED_EDGE('',*,*,#6387,.F.);
#4458=ORIENTED_EDGE('',*,*,#6387,.T.);
#4459=ORIENTED_EDGE('',*,*,#6388,.F.);
#4460=ORIENTED_EDGE('',*,*,#6388,.T.);
#4461=ORIENTED_EDGE('',*,*,#6389,.F.);
#4462=ORIENTED_EDGE('',*,*,#6384,.F.);
#4463=ORIENTED_EDGE('',*,*,#6389,.T.);
#4464=EDGE_CURVE('',#6390,#6391,#7648,.T.);
#4465=EDGE_CURVE('',#6391,#6392,#7649,.T.);
#4466=EDGE_CURVE('',#6392,#6393,#7650,.T.);
#4467=EDGE_CURVE('',#6394,#6393,#7651,.T.);
#4468=EDGE_CURVE('',#6395,#6394,#7652,.T.);
#4469=EDGE_CURVE('',#6395,#6396,#7653,.T.);
#4470=EDGE_CURVE('',#6396,#6397,#7654,.T.);
#4471=EDGE_CURVE('',#6397,#6390,#7655,.T.);
#4472=EDGE_CURVE('',#6398,#6399,#7656,.T.);
#4473=EDGE_CURVE('',#6399,#6400,#7657,.T.);
#4474=EDGE_CURVE('',#6400,#6401,#7658,.T.);
#4475=EDGE_CURVE('',#6401,#6402,#7659,.T.);
#4476=EDGE_CURVE('',#6402,#6403,#7660,.T.);
#4477=EDGE_CURVE('',#6403,#6404,#7661,.T.);
#4478=EDGE_CURVE('',#6405,#6404,#7662,.T.);
#4479=EDGE_CURVE('',#6406,#6405,#7663,.T.);
#4480=EDGE_CURVE('',#6407,#6406,#7664,.T.);
#4481=EDGE_CURVE('',#6407,#6408,#7665,.T.);
#4482=EDGE_CURVE('',#6409,#6408,#7666,.T.);
#4483=EDGE_CURVE('',#6410,#6409,#7667,.T.);
#4484=EDGE_CURVE('',#6411,#6410,#7668,.T.);
#4485=EDGE_CURVE('',#6411,#6412,#7669,.T.);
#4486=EDGE_CURVE('',#6413,#6412,#7670,.T.);
#4487=EDGE_CURVE('',#6414,#6413,#7671,.T.);
#4488=EDGE_CURVE('',#6414,#6415,#7672,.T.);
#4489=EDGE_CURVE('',#6416,#6415,#7673,.T.);
#4490=EDGE_CURVE('',#6416,#6417,#7674,.T.);
#4491=EDGE_CURVE('',#6417,#6418,#7675,.T.);
#4492=EDGE_CURVE('',#6418,#6419,#7676,.T.);
#4493=EDGE_CURVE('',#6420,#6419,#7677,.T.);
#4494=EDGE_CURVE('',#6420,#6421,#7678,.T.);
#4495=EDGE_CURVE('',#6421,#6422,#7679,.T.);
#4496=EDGE_CURVE('',#6422,#6423,#7680,.T.);
#4497=EDGE_CURVE('',#6398,#6423,#7681,.T.);
#4498=EDGE_CURVE('',#6424,#6425,#7682,.T.);
#4499=EDGE_CURVE('',#6425,#6426,#7683,.T.);
#4500=EDGE_CURVE('',#6427,#6426,#7684,.T.);
#4501=EDGE_CURVE('',#6427,#6428,#7685,.T.);
#4502=EDGE_CURVE('',#6428,#6429,#7686,.T.);
#4503=EDGE_CURVE('',#6429,#6430,#7687,.T.);
#4504=EDGE_CURVE('',#6431,#6430,#7688,.T.);
#4505=EDGE_CURVE('',#6432,#6431,#7689,.T.);
#4506=EDGE_CURVE('',#6432,#6433,#7690,.T.);
#4507=EDGE_CURVE('',#6433,#6434,#7691,.T.);
#4508=EDGE_CURVE('',#6434,#6435,#7692,.T.);
#4509=EDGE_CURVE('',#6435,#6424,#7693,.T.);
#4510=EDGE_CURVE('',#6436,#6437,#7694,.T.);
#4511=EDGE_CURVE('',#6438,#6436,#7695,.T.);
#4512=EDGE_CURVE('',#6439,#6438,#7696,.T.);
#4513=EDGE_CURVE('',#6439,#6437,#7697,.T.);
#4514=EDGE_CURVE('',#6440,#6441,#7698,.T.);
#4515=EDGE_CURVE('',#6440,#6442,#7699,.T.);
#4516=EDGE_CURVE('',#6442,#6443,#7700,.T.);
#4517=EDGE_CURVE('',#6443,#6441,#7701,.T.);
#4518=EDGE_CURVE('',#6444,#6445,#7702,.T.);
#4519=EDGE_CURVE('',#6444,#6446,#7703,.T.);
#4520=EDGE_CURVE('',#6447,#6446,#7704,.T.);
#4521=EDGE_CURVE('',#6447,#6448,#7705,.T.);
#4522=EDGE_CURVE('',#6448,#6449,#7706,.T.);
#4523=EDGE_CURVE('',#6449,#6450,#7707,.T.);
#4524=EDGE_CURVE('',#6451,#6450,#7708,.T.);
#4525=EDGE_CURVE('',#6451,#6452,#7709,.T.);
#4526=EDGE_CURVE('',#6452,#6453,#7710,.T.);
#4527=EDGE_CURVE('',#6453,#6454,#7711,.T.);
#4528=EDGE_CURVE('',#6454,#6455,#7712,.T.);
#4529=EDGE_CURVE('',#6445,#6455,#7713,.T.);
#4530=EDGE_CURVE('',#6456,#6457,#7714,.T.);
#4531=EDGE_CURVE('',#6457,#6458,#7715,.T.);
#4532=EDGE_CURVE('',#6459,#6458,#7716,.T.);
#4533=EDGE_CURVE('',#6460,#6459,#7717,.T.);
#4534=EDGE_CURVE('',#6460,#6461,#7718,.T.);
#4535=EDGE_CURVE('',#6462,#6461,#7719,.T.);
#4536=EDGE_CURVE('',#6462,#6463,#7720,.T.);
#4537=EDGE_CURVE('',#6463,#6456,#7721,.T.);
#4538=EDGE_CURVE('',#6464,#6465,#7722,.T.);
#4539=EDGE_CURVE('',#6464,#6466,#7723,.T.);
#4540=EDGE_CURVE('',#6466,#6467,#7724,.T.);
#4541=EDGE_CURVE('',#6467,#6465,#7725,.T.);
#4542=EDGE_CURVE('',#6468,#6469,#7726,.T.);
#4543=EDGE_CURVE('',#6468,#6470,#7727,.T.);
#4544=EDGE_CURVE('',#6471,#6470,#7728,.T.);
#4545=EDGE_CURVE('',#6469,#6471,#7729,.T.);
#4546=EDGE_CURVE('',#6472,#6473,#7730,.T.);
#4547=EDGE_CURVE('',#6472,#6474,#7731,.T.);
#4548=EDGE_CURVE('',#6475,#6474,#7732,.T.);
#4549=EDGE_CURVE('',#6473,#6475,#7733,.T.);
#4550=EDGE_CURVE('',#6476,#6477,#7734,.T.);
#4551=EDGE_CURVE('',#6476,#6478,#7735,.T.);
#4552=EDGE_CURVE('',#6479,#6478,#7736,.T.);
#4553=EDGE_CURVE('',#6477,#6479,#7737,.T.);
#4554=EDGE_CURVE('',#6480,#6481,#7738,.T.);
#4555=EDGE_CURVE('',#6480,#6482,#7739,.T.);
#4556=EDGE_CURVE('',#6482,#6483,#7740,.T.);
#4557=EDGE_CURVE('',#6483,#6481,#7741,.T.);
#4558=EDGE_CURVE('',#6484,#6485,#7742,.T.);
#4559=EDGE_CURVE('',#6485,#6486,#7743,.T.);
#4560=EDGE_CURVE('',#6487,#6486,#7744,.T.);
#4561=EDGE_CURVE('',#6487,#6484,#7745,.T.);
#4562=EDGE_CURVE('',#6488,#6489,#7746,.T.);
#4563=EDGE_CURVE('',#6489,#6490,#7747,.T.);
#4564=EDGE_CURVE('',#6491,#6490,#7748,.T.);
#4565=EDGE_CURVE('',#6491,#6488,#7749,.T.);
#4566=EDGE_CURVE('',#6492,#6493,#7750,.T.);
#4567=EDGE_CURVE('',#6493,#6494,#7751,.T.);
#4568=EDGE_CURVE('',#6495,#6494,#7752,.T.);
#4569=EDGE_CURVE('',#6495,#6492,#7753,.T.);
#4570=EDGE_CURVE('',#6496,#6497,#7754,.T.);
#4571=EDGE_CURVE('',#6497,#6498,#7755,.T.);
#4572=EDGE_CURVE('',#6499,#6498,#7756,.T.);
#4573=EDGE_CURVE('',#6499,#6496,#7757,.T.);
#4574=EDGE_CURVE('',#6500,#6501,#7758,.T.);
#4575=EDGE_CURVE('',#6501,#6502,#7759,.T.);
#4576=EDGE_CURVE('',#6503,#6502,#7760,.T.);
#4577=EDGE_CURVE('',#6503,#6500,#7761,.T.);
#4578=EDGE_CURVE('',#6504,#6505,#7762,.T.);
#4579=EDGE_CURVE('',#6505,#6506,#7763,.T.);
#4580=EDGE_CURVE('',#6507,#6506,#7764,.T.);
#4581=EDGE_CURVE('',#6507,#6504,#7765,.T.);
#4582=EDGE_CURVE('',#6508,#6509,#7766,.T.);
#4583=EDGE_CURVE('',#6508,#6510,#7767,.T.);
#4584=EDGE_CURVE('',#6510,#6511,#7768,.T.);
#4585=EDGE_CURVE('',#6511,#6509,#7769,.F.);
#4586=EDGE_CURVE('',#6453,#6509,#136,.F.);
#4587=EDGE_CURVE('',#6454,#6511,#137,.T.);
#4588=EDGE_CURVE('',#6512,#6513,#7770,.F.);
#4589=EDGE_CURVE('',#6512,#6450,#138,.F.);
#4590=EDGE_CURVE('',#6449,#6513,#139,.F.);
#4591=EDGE_CURVE('',#6514,#6515,#7771,.T.);
#4592=EDGE_CURVE('',#6514,#6516,#7772,.T.);
#4593=EDGE_CURVE('',#6516,#6517,#7773,.T.);
#4594=EDGE_CURVE('',#6517,#6515,#7774,.F.);
#4595=EDGE_CURVE('',#6518,#6519,#7775,.T.);
#4596=EDGE_CURVE('',#6518,#6515,#140,.F.);
#4597=EDGE_CURVE('',#6517,#6519,#141,.F.);
#4598=EDGE_CURVE('',#6520,#6521,#7776,.F.);
#4599=EDGE_CURVE('',#6520,#6522,#142,.F.);
#4600=EDGE_CURVE('',#6523,#6522,#7777,.T.);
#4601=EDGE_CURVE('',#6521,#6523,#143,.F.);
#4602=EDGE_CURVE('',#6524,#6525,#7778,.T.);
#4603=EDGE_CURVE('',#6524,#6526,#7779,.T.);
#4604=EDGE_CURVE('',#6526,#6527,#7780,.T.);
#4605=EDGE_CURVE('',#6527,#6525,#7781,.F.);
#4606=EDGE_CURVE('',#6528,#6529,#7782,.T.);
#4607=EDGE_CURVE('',#6528,#6525,#144,.F.);
#4608=EDGE_CURVE('',#6527,#6529,#145,.F.);
#4609=EDGE_CURVE('',#6530,#6531,#7783,.T.);
#4610=EDGE_CURVE('',#6530,#6532,#7784,.T.);
#4611=EDGE_CURVE('',#6532,#6533,#7785,.T.);
#4612=EDGE_CURVE('',#6533,#6531,#7786,.F.);
#4613=EDGE_CURVE('',#6534,#6535,#7787,.T.);
#4614=EDGE_CURVE('',#6534,#6531,#146,.F.);
#4615=EDGE_CURVE('',#6533,#6535,#147,.F.);
#4616=EDGE_CURVE('',#6536,#6537,#7788,.T.);
#4617=EDGE_CURVE('',#6536,#6538,#7789,.T.);
#4618=EDGE_CURVE('',#6538,#6539,#7790,.T.);
#4619=EDGE_CURVE('',#6539,#6537,#7791,.F.);
#4620=EDGE_CURVE('',#6460,#6537,#148,.F.);
#4621=EDGE_CURVE('',#6539,#6461,#149,.F.);
#4622=EDGE_CURVE('',#6540,#6541,#7792,.T.);
#4623=EDGE_CURVE('',#6540,#6542,#7793,.T.);
#4624=EDGE_CURVE('',#6542,#6543,#7794,.T.);
#4625=EDGE_CURVE('',#6543,#6541,#7795,.F.);
#4626=EDGE_CURVE('',#6456,#6541,#150,.F.);
#4627=EDGE_CURVE('',#6543,#6457,#151,.F.);
#4628=EDGE_CURVE('',#6544,#6545,#7796,.T.);
#4629=EDGE_CURVE('',#6544,#6546,#7797,.T.);
#4630=EDGE_CURVE('',#6546,#6547,#7798,.T.);
#4631=EDGE_CURVE('',#6547,#6545,#7799,.F.);
#4632=EDGE_CURVE('',#6444,#6545,#152,.F.);
#4633=EDGE_CURVE('',#6547,#6446,#153,.F.);
#4634=EDGE_CURVE('',#6548,#6549,#7800,.T.);
#4635=EDGE_CURVE('',#6549,#6512,#7801,.T.);
#4636=EDGE_CURVE('',#6548,#6513,#7802,.T.);
#4637=EDGE_CURVE('',#6550,#6551,#7803,.T.);
#4638=EDGE_CURVE('',#6551,#6425,#7804,.T.);
#4639=EDGE_CURVE('',#6552,#6424,#7805,.T.);
#4640=EDGE_CURVE('',#6552,#6553,#7806,.T.);
#4641=EDGE_CURVE('',#6553,#6433,#7807,.T.);
#4642=EDGE_CURVE('',#6432,#6554,#7808,.T.);
#4643=EDGE_CURVE('',#6554,#6555,#7809,.T.);
#4644=EDGE_CURVE('',#6555,#6556,#7810,.T.);
#4645=EDGE_CURVE('',#6557,#6556,#7811,.T.);
#4646=EDGE_CURVE('',#6558,#6557,#7812,.T.);
#4647=EDGE_CURVE('',#6558,#6559,#7813,.T.);
#4648=EDGE_CURVE('',#6559,#6560,#7814,.T.);
#4649=EDGE_CURVE('',#6560,#6561,#7815,.T.);
#4650=EDGE_CURVE('',#6562,#6561,#7816,.T.);
#4651=EDGE_CURVE('',#6563,#6562,#7817,.T.);
#4652=EDGE_CURVE('',#6563,#6564,#7818,.T.);
#4653=EDGE_CURVE('',#6564,#6565,#7819,.T.);
#4654=EDGE_CURVE('',#6566,#6565,#7820,.T.);
#4655=EDGE_CURVE('',#6567,#6566,#7821,.T.);
#4656=EDGE_CURVE('',#6567,#6568,#7822,.T.);
#4657=EDGE_CURVE('',#6569,#6568,#7823,.T.);
#4658=EDGE_CURVE('',#6570,#6569,#7824,.T.);
#4659=EDGE_CURVE('',#6570,#6571,#7825,.T.);
#4660=EDGE_CURVE('',#6572,#6571,#7826,.T.);
#4661=EDGE_CURVE('',#6573,#6572,#7827,.T.);
#4662=EDGE_CURVE('',#6459,#6573,#7828,.T.);
#4663=EDGE_CURVE('',#6458,#6574,#7829,.T.);
#4664=EDGE_CURVE('',#6574,#6575,#7830,.T.);
#4665=EDGE_CURVE('',#6575,#6445,#7831,.T.);
#4666=EDGE_CURVE('',#6455,#6410,#7832,.T.);
#4667=EDGE_CURVE('',#6576,#6409,#7833,.T.);
#4668=EDGE_CURVE('',#6576,#6577,#7834,.T.);
#4669=EDGE_CURVE('',#6578,#6577,#7835,.T.);
#4670=EDGE_CURVE('',#6579,#6578,#7836,.T.);
#4671=EDGE_CURVE('',#6579,#6580,#7837,.T.);
#4672=EDGE_CURVE('',#6580,#6581,#7838,.T.);
#4673=EDGE_CURVE('',#6582,#6581,#7839,.T.);
#4674=EDGE_CURVE('',#6582,#6583,#7840,.T.);
#4675=EDGE_CURVE('',#6583,#6400,#7841,.T.);
#4676=EDGE_CURVE('',#6399,#6550,#7842,.T.);
#4677=EDGE_CURVE('',#6584,#6411,#7843,.T.);
#4678=EDGE_CURVE('',#6585,#6510,#7844,.T.);
#4679=EDGE_CURVE('',#6415,#6585,#7845,.T.);
#4680=EDGE_CURVE('',#6586,#6414,#7846,.T.);
#4681=EDGE_CURVE('',#6584,#6586,#7847,.T.);
#4682=EDGE_CURVE('',#6576,#6408,#7848,.F.);
#4683=EDGE_CURVE('',#6577,#6407,#7849,.F.);
#4684=EDGE_CURVE('',#6587,#6556,#7850,.T.);
#4685=EDGE_CURVE('',#6588,#6587,#7851,.T.);
#4686=EDGE_CURVE('',#6588,#6589,#7852,.T.);
#4687=EDGE_CURVE('',#6589,#6590,#7853,.T.);
#4688=EDGE_CURVE('',#6590,#6591,#7854,.T.);
#4689=EDGE_CURVE('',#6592,#6591,#7855,.T.);
#4690=EDGE_CURVE('',#6592,#6593,#7856,.T.);
#4691=EDGE_CURVE('',#6593,#6594,#7857,.T.);
#4692=EDGE_CURVE('',#6594,#6595,#7858,.T.);
#4693=EDGE_CURVE('',#6596,#6595,#7859,.T.);
#4694=EDGE_CURVE('',#6596,#6597,#7860,.T.);
#4695=EDGE_CURVE('',#6597,#6598,#7861,.T.);
#4696=EDGE_CURVE('',#6598,#6599,#7862,.T.);
#4697=EDGE_CURVE('',#6600,#6599,#7863,.T.);
#4698=EDGE_CURVE('',#6601,#6600,#7864,.T.);
#4699=EDGE_CURVE('',#6601,#6394,#7865,.T.);
#4700=EDGE_CURVE('',#6393,#6602,#7866,.T.);
#4701=EDGE_CURVE('',#6569,#6602,#7867,.T.);
#4702=EDGE_CURVE('',#6603,#6568,#7868,.T.);
#4703=EDGE_CURVE('',#6604,#6603,#7869,.T.);
#4704=EDGE_CURVE('',#6605,#6604,#7870,.T.);
#4705=EDGE_CURVE('',#6605,#6606,#7871,.T.);
#4706=EDGE_CURVE('',#6607,#6606,#7872,.T.);
#4707=EDGE_CURVE('',#6608,#6607,#7873,.T.);
#4708=EDGE_CURVE('',#6609,#6608,#7874,.T.);
#4709=EDGE_CURVE('',#6609,#6610,#7875,.T.);
#4710=EDGE_CURVE('',#6610,#6611,#7876,.T.);
#4711=EDGE_CURVE('',#6611,#6612,#7877,.T.);
#4712=EDGE_CURVE('',#6612,#6557,#7878,.T.);
#4713=EDGE_CURVE('',#6613,#6602,#7879,.T.);
#4714=EDGE_CURVE('',#6613,#6614,#7880,.T.);
#4715=EDGE_CURVE('',#6614,#6601,#7881,.T.);
#4716=EDGE_CURVE('',#6600,#6615,#7882,.T.);
#4717=EDGE_CURVE('',#6615,#6616,#7883,.T.);
#4718=EDGE_CURVE('',#6616,#6521,#7884,.T.);
#4719=EDGE_CURVE('',#6523,#6570,#7885,.T.);
#4720=EDGE_CURVE('',#6617,#6419,#7886,.T.);
#4721=EDGE_CURVE('',#6618,#6617,#7887,.T.);
#4722=EDGE_CURVE('',#6618,#6420,#7888,.T.);
#4723=EDGE_CURVE('',#6619,#6617,#7889,.T.);
#4724=EDGE_CURVE('',#6620,#6619,#7890,.T.);
#4725=EDGE_CURVE('',#6621,#6620,#7891,.T.);
#4726=EDGE_CURVE('',#6621,#6585,#7892,.T.);
#4727=EDGE_CURVE('',#6504,#6508,#7893,.T.);
#4728=EDGE_CURVE('',#6549,#6507,#7894,.T.);
#4729=EDGE_CURVE('',#6500,#6548,#7895,.T.);
#4730=EDGE_CURVE('',#6546,#6503,#7896,.T.);
#4731=EDGE_CURVE('',#6622,#6544,#7897,.T.);
#4732=EDGE_CURVE('',#6623,#6622,#7898,.T.);
#4733=EDGE_CURVE('',#6542,#6623,#7899,.T.);
#4734=EDGE_CURVE('',#6496,#6540,#7900,.T.);
#4735=EDGE_CURVE('',#6538,#6499,#7901,.T.);
#4736=EDGE_CURVE('',#6624,#6536,#7902,.T.);
#4737=EDGE_CURVE('',#6625,#6624,#7903,.T.);
#4738=EDGE_CURVE('',#6532,#6625,#7904,.T.);
#4739=EDGE_CURVE('',#6492,#6530,#7905,.T.);
#4740=EDGE_CURVE('',#6526,#6495,#7906,.T.);
#4741=EDGE_CURVE('',#6488,#6524,#7907,.T.);
#4742=EDGE_CURVE('',#6516,#6491,#7908,.T.);
#4743=EDGE_CURVE('',#6484,#6514,#7909,.T.);
#4744=EDGE_CURVE('',#6626,#6487,#7910,.T.);
#4745=EDGE_CURVE('',#6616,#6626,#7911,.T.);
#4746=EDGE_CURVE('',#6615,#6627,#7912,.T.);
#4747=EDGE_CURVE('',#6628,#6627,#7913,.T.);
#4748=EDGE_CURVE('',#6629,#6628,#7914,.T.);
#4749=EDGE_CURVE('',#6630,#6629,#7915,.T.);
#4750=EDGE_CURVE('',#6630,#6631,#7916,.T.);
#4751=EDGE_CURVE('',#6632,#6631,#7917,.T.);
#4752=EDGE_CURVE('',#6633,#6632,#7918,.T.);
#4753=EDGE_CURVE('',#6634,#6633,#7919,.T.);
#4754=EDGE_CURVE('',#6634,#6635,#7920,.T.);
#4755=EDGE_CURVE('',#6636,#6635,#7921,.T.);
#4756=EDGE_CURVE('',#6637,#6636,#7922,.T.);
#4757=EDGE_CURVE('',#6638,#6637,#7923,.T.);
#4758=EDGE_CURVE('',#6638,#6639,#7924,.T.);
#4759=EDGE_CURVE('',#6639,#6439,#7925,.T.);
#4760=EDGE_CURVE('',#6438,#6640,#7926,.T.);
#4761=EDGE_CURVE('',#6640,#6641,#7927,.T.);
#4762=EDGE_CURVE('',#6642,#6641,#7928,.T.);
#4763=EDGE_CURVE('',#6643,#6642,#7929,.T.);
#4764=EDGE_CURVE('',#6644,#6643,#7930,.T.);
#4765=EDGE_CURVE('',#6644,#6645,#7931,.T.);
#4766=EDGE_CURVE('',#6646,#6645,#7932,.T.);
#4767=EDGE_CURVE('',#6647,#6646,#7933,.T.);
#4768=EDGE_CURVE('',#6648,#6647,#7934,.T.);
#4769=EDGE_CURVE('',#6648,#6649,#7935,.T.);
#4770=EDGE_CURVE('',#6650,#6649,#7936,.T.);
#4771=EDGE_CURVE('',#6651,#6650,#7937,.T.);
#4772=EDGE_CURVE('',#6618,#6651,#7938,.T.);
#4773=EDGE_CURVE('',#6649,#6423,#7939,.T.);
#4774=EDGE_CURVE('',#6648,#6398,#7940,.T.);
#4775=EDGE_CURVE('',#6645,#6426,#7941,.T.);
#4776=EDGE_CURVE('',#6644,#6427,#7942,.T.);
#4777=EDGE_CURVE('',#6641,#6430,#7943,.T.);
#4778=EDGE_CURVE('',#6640,#6431,#7944,.T.);
#4779=EDGE_CURVE('',#6639,#6587,#7945,.T.);
#4780=EDGE_CURVE('',#6638,#6588,#7946,.T.);
#4781=EDGE_CURVE('',#6635,#6591,#7947,.T.);
#4782=EDGE_CURVE('',#6634,#6592,#7948,.T.);
#4783=EDGE_CURVE('',#6631,#6595,#7949,.T.);
#4784=EDGE_CURVE('',#6630,#6596,#7950,.T.);
#4785=EDGE_CURVE('',#6627,#6599,#7951,.T.);
#4786=EDGE_CURVE('',#6626,#6520,#7952,.T.);
#4787=EDGE_CURVE('',#6652,#6522,#7953,.T.);
#4788=EDGE_CURVE('',#6652,#6653,#7954,.T.);
#4789=EDGE_CURVE('',#6653,#6518,#7955,.T.);
#4790=EDGE_CURVE('',#6654,#6519,#7956,.T.);
#4791=EDGE_CURVE('',#6654,#6655,#7957,.T.);
#4792=EDGE_CURVE('',#6655,#6528,#7958,.T.);
#4793=EDGE_CURVE('',#6656,#6529,#7959,.T.);
#4794=EDGE_CURVE('',#6656,#6657,#7960,.T.);
#4795=EDGE_CURVE('',#6657,#6534,#7961,.T.);
#4796=EDGE_CURVE('',#6535,#6571,#7962,.T.);
#4797=EDGE_CURVE('',#6621,#6416,#7963,.T.);
#4798=EDGE_CURVE('',#6628,#6598,#7964,.T.);
#4799=EDGE_CURVE('',#6629,#6597,#7965,.T.);
#4800=EDGE_CURVE('',#6632,#6594,#7966,.T.);
#4801=EDGE_CURVE('',#6633,#6593,#7967,.T.);
#4802=EDGE_CURVE('',#6636,#6590,#7968,.T.);
#4803=EDGE_CURVE('',#6637,#6589,#7969,.T.);
#4804=EDGE_CURVE('',#6555,#6658,#7970,.T.);
#4805=EDGE_CURVE('',#6659,#6658,#7971,.T.);
#4806=EDGE_CURVE('',#6659,#6572,#7972,.T.);
#4807=EDGE_CURVE('',#6625,#6660,#7973,.T.);
#4808=EDGE_CURVE('',#6660,#6661,#154,.T.);
#4809=EDGE_CURVE('',#6662,#6661,#7974,.T.);
#4810=EDGE_CURVE('',#6662,#6663,#155,.T.);
#4811=EDGE_CURVE('',#6663,#6664,#7975,.T.);
#4812=EDGE_CURVE('',#6664,#6437,#7976,.T.);
#4813=EDGE_CURVE('',#6665,#6436,#7977,.T.);
#4814=EDGE_CURVE('',#6666,#6665,#7978,.T.);
#4815=EDGE_CURVE('',#6666,#6667,#156,.T.);
#4816=EDGE_CURVE('',#6667,#6668,#7979,.T.);
#4817=EDGE_CURVE('',#6668,#6669,#157,.T.);
#4818=EDGE_CURVE('',#6624,#6669,#7980,.T.);
#4819=EDGE_CURVE('',#6670,#6573,#7981,.T.);
#4820=EDGE_CURVE('',#6670,#6671,#7982,.T.);
#4821=EDGE_CURVE('',#6554,#6671,#7983,.T.);
#4822=EDGE_CURVE('',#6642,#6429,#7984,.T.);
#4823=EDGE_CURVE('',#6643,#6428,#7985,.T.);
#4824=EDGE_CURVE('',#6551,#6672,#7986,.T.);
#4825=EDGE_CURVE('',#6673,#6672,#7987,.T.);
#4826=EDGE_CURVE('',#6673,#6574,#7988,.T.);
#4827=EDGE_CURVE('',#6623,#6674,#7989,.T.);
#4828=EDGE_CURVE('',#6674,#6675,#158,.F.);
#4829=EDGE_CURVE('',#6676,#6675,#7990,.T.);
#4830=EDGE_CURVE('',#6676,#6677,#159,.F.);
#4831=EDGE_CURVE('',#6677,#6678,#7991,.T.);
#4832=EDGE_CURVE('',#6678,#6679,#7992,.T.);
#4833=EDGE_CURVE('',#6646,#6679,#7993,.T.);
#4834=EDGE_CURVE('',#6647,#6680,#7994,.T.);
#4835=EDGE_CURVE('',#6681,#6680,#7995,.T.);
#4836=EDGE_CURVE('',#6682,#6681,#7996,.T.);
#4837=EDGE_CURVE('',#6682,#6683,#160,.F.);
#4838=EDGE_CURVE('',#6683,#6684,#7997,.T.);
#4839=EDGE_CURVE('',#6684,#6685,#161,.F.);
#4840=EDGE_CURVE('',#6622,#6685,#7998,.T.);
#4841=EDGE_CURVE('',#6686,#6575,#7999,.T.);
#4842=EDGE_CURVE('',#6686,#6687,#8000,.T.);
#4843=EDGE_CURVE('',#6550,#6687,#8001,.T.);
#4844=EDGE_CURVE('',#6680,#6679,#8002,.T.);
#4845=EDGE_CURVE('',#6650,#6422,#8003,.T.);
#4846=EDGE_CURVE('',#6651,#6421,#8004,.T.);
#4847=EDGE_CURVE('',#6619,#6418,#8005,.T.);
#4848=EDGE_CURVE('',#6620,#6417,#8006,.T.);
#4849=EDGE_CURVE('',#6614,#6395,#8007,.T.);
#4850=EDGE_CURVE('',#6688,#6689,#8008,.T.);
#4851=EDGE_CURVE('',#6689,#6397,#8009,.T.);
#4852=EDGE_CURVE('',#6396,#6613,#8010,.T.);
#4853=EDGE_CURVE('',#6688,#6392,#8011,.T.);
#4854=EDGE_CURVE('',#6690,#6413,#8012,.T.);
#4855=EDGE_CURVE('',#6690,#6586,#8013,.T.);
#4856=EDGE_CURVE('',#6691,#6412,#8014,.T.);
#4857=EDGE_CURVE('',#6691,#6692,#8015,.T.);
#4858=EDGE_CURVE('',#6692,#6693,#8016,.T.);
#4859=EDGE_CURVE('',#6693,#6694,#8017,.T.);
#4860=EDGE_CURVE('',#6695,#6694,#8018,.T.);
#4861=EDGE_CURVE('',#6695,#6690,#8019,.T.);
#4862=EDGE_CURVE('',#6694,#6696,#8020,.T.);
#4863=EDGE_CURVE('',#6696,#6697,#8021,.T.);
#4864=EDGE_CURVE('',#6697,#6691,#8022,.T.);
#4865=EDGE_CURVE('',#6584,#6695,#8023,.T.);
#4866=EDGE_CURVE('',#6477,#6611,#8024,.T.);
#4867=EDGE_CURVE('',#6610,#6560,#8025,.F.);
#4868=EDGE_CURVE('',#6559,#6698,#8026,.T.);
#4869=EDGE_CURVE('',#6656,#6698,#8027,.T.);
#4870=EDGE_CURVE('',#6494,#6699,#162,.F.);
#4871=EDGE_CURVE('',#6700,#6699,#8028,.T.);
#4872=EDGE_CURVE('',#6700,#6701,#163,.F.);
#4873=EDGE_CURVE('',#6701,#6476,#8029,.T.);
#4874=EDGE_CURVE('',#6479,#6612,#8030,.T.);
#4875=EDGE_CURVE('',#6702,#6478,#8031,.T.);
#4876=EDGE_CURVE('',#6702,#6703,#164,.F.);
#4877=EDGE_CURVE('',#6703,#6704,#8032,.T.);
#4878=EDGE_CURVE('',#6704,#6493,#165,.F.);
#4879=EDGE_CURVE('',#6657,#6705,#8033,.T.);
#4880=EDGE_CURVE('',#6705,#6558,#8034,.T.);
#4881=EDGE_CURVE('',#6705,#6698,#8035,.T.);
#4882=EDGE_CURVE('',#6473,#6434,#8036,.T.);
#4883=EDGE_CURVE('',#6553,#6706,#8037,.T.);
#4884=EDGE_CURVE('',#6462,#6706,#8038,.T.);
#4885=EDGE_CURVE('',#6498,#6707,#166,.F.);
#4886=EDGE_CURVE('',#6708,#6707,#8039,.T.);
#4887=EDGE_CURVE('',#6708,#6709,#167,.F.);
#4888=EDGE_CURVE('',#6709,#6472,#8040,.T.);
#4889=EDGE_CURVE('',#6475,#6435,#8041,.T.);
#4890=EDGE_CURVE('',#6710,#6474,#8042,.T.);
#4891=EDGE_CURVE('',#6710,#6711,#168,.F.);
#4892=EDGE_CURVE('',#6711,#6712,#8043,.T.);
#4893=EDGE_CURVE('',#6712,#6497,#169,.F.);
#4894=EDGE_CURVE('',#6463,#6713,#8044,.T.);
#4895=EDGE_CURVE('',#6713,#6552,#8045,.T.);
#4896=EDGE_CURVE('',#6713,#6706,#8046,.T.);
#4897=EDGE_CURVE('',#6469,#6401,#8047,.T.);
#4898=EDGE_CURVE('',#6583,#6714,#8048,.T.);
#4899=EDGE_CURVE('',#6447,#6714,#8049,.T.);
#4900=EDGE_CURVE('',#6502,#6715,#170,.F.);
#4901=EDGE_CURVE('',#6716,#6715,#8050,.T.);
#4902=EDGE_CURVE('',#6716,#6717,#171,.F.);
#4903=EDGE_CURVE('',#6717,#6468,#8051,.T.);
#4904=EDGE_CURVE('',#6471,#6402,#8052,.T.);
#4905=EDGE_CURVE('',#6581,#6403,#8053,.F.);
#4906=EDGE_CURVE('',#6718,#6470,#8054,.T.);
#4907=EDGE_CURVE('',#6718,#6719,#172,.F.);
#4908=EDGE_CURVE('',#6719,#6720,#8055,.T.);
#4909=EDGE_CURVE('',#6720,#6501,#173,.F.);
#4910=EDGE_CURVE('',#6448,#6721,#8056,.T.);
#4911=EDGE_CURVE('',#6721,#6582,#8057,.T.);
#4912=EDGE_CURVE('',#6721,#6714,#8058,.T.);
#4913=EDGE_CURVE('',#6722,#6567,#8059,.T.);
#4914=EDGE_CURVE('',#6652,#6722,#8060,.T.);
#4915=EDGE_CURVE('',#6486,#6723,#174,.T.);
#4916=EDGE_CURVE('',#6724,#6723,#8061,.T.);
#4917=EDGE_CURVE('',#6724,#6725,#175,.T.);
#4918=EDGE_CURVE('',#6725,#6441,#8062,.T.);
#4919=EDGE_CURVE('',#6443,#6603,#8063,.T.);
#4920=EDGE_CURVE('',#6726,#6440,#8064,.T.);
#4921=EDGE_CURVE('',#6726,#6727,#176,.T.);
#4922=EDGE_CURVE('',#6727,#6728,#8065,.T.);
#4923=EDGE_CURVE('',#6728,#6485,#177,.T.);
#4924=EDGE_CURVE('',#6653,#6729,#8066,.T.);
#4925=EDGE_CURVE('',#6566,#6729,#8067,.T.);
#4926=EDGE_CURVE('',#6565,#6605,#8068,.F.);
#4927=EDGE_CURVE('',#6442,#6604,#8069,.T.);
#4928=EDGE_CURVE('',#6722,#6729,#8070,.T.);
#4929=EDGE_CURVE('',#6730,#6563,#8071,.T.);
#4930=EDGE_CURVE('',#6654,#6730,#8072,.T.);
#4931=EDGE_CURVE('',#6490,#6731,#178,.T.);
#4932=EDGE_CURVE('',#6732,#6731,#8073,.T.);
#4933=EDGE_CURVE('',#6732,#6733,#179,.T.);
#4934=EDGE_CURVE('',#6733,#6481,#8074,.T.);
#4935=EDGE_CURVE('',#6483,#6607,#8075,.T.);
#4936=EDGE_CURVE('',#6606,#6564,#8076,.F.);
#4937=EDGE_CURVE('',#6734,#6480,#8077,.T.);
#4938=EDGE_CURVE('',#6734,#6735,#180,.T.);
#4939=EDGE_CURVE('',#6735,#6736,#8078,.T.);
#4940=EDGE_CURVE('',#6736,#6489,#181,.T.);
#4941=EDGE_CURVE('',#6655,#6737,#8079,.T.);
#4942=EDGE_CURVE('',#6562,#6737,#8080,.T.);
#4943=EDGE_CURVE('',#6561,#6609,#8081,.F.);
#4944=EDGE_CURVE('',#6482,#6608,#8082,.T.);
#4945=EDGE_CURVE('',#6730,#6737,#8083,.T.);
#4946=EDGE_CURVE('',#6738,#6579,#8084,.T.);
#4947=EDGE_CURVE('',#6451,#6738,#8085,.T.);
#4948=EDGE_CURVE('',#6506,#6739,#182,.T.);
#4949=EDGE_CURVE('',#6740,#6739,#8086,.T.);
#4950=EDGE_CURVE('',#6740,#6741,#183,.T.);
#4951=EDGE_CURVE('',#6741,#6465,#8087,.T.);
#4952=EDGE_CURVE('',#6467,#6405,#8088,.T.);
#4953=EDGE_CURVE('',#6404,#6580,#8089,.F.);
#4954=EDGE_CURVE('',#6742,#6464,#8090,.T.);
#4955=EDGE_CURVE('',#6742,#6743,#184,.T.);
#4956=EDGE_CURVE('',#6743,#6744,#8091,.T.);
#4957=EDGE_CURVE('',#6744,#6505,#185,.T.);
#4958=EDGE_CURVE('',#6452,#6745,#8092,.T.);
#4959=EDGE_CURVE('',#6578,#6745,#8093,.T.);
#4960=EDGE_CURVE('',#6466,#6406,#8094,.T.);
#4961=EDGE_CURVE('',#6738,#6745,#8095,.T.);
#4962=EDGE_CURVE('',#6659,#6670,#8096,.T.);
#4963=EDGE_CURVE('',#6686,#6673,#8097,.T.);
#4964=EDGE_CURVE('',#6685,#6674,#8098,.F.);
#4965=EDGE_CURVE('',#6669,#6660,#8099,.F.);
#4966=EDGE_CURVE('',#6739,#6744,#8100,.F.);
#4967=EDGE_CURVE('',#6743,#6740,#8101,.T.);
#4968=EDGE_CURVE('',#6715,#6720,#8102,.F.);
#4969=EDGE_CURVE('',#6719,#6716,#8103,.T.);
#4970=EDGE_CURVE('',#6707,#6712,#8104,.F.);
#4971=EDGE_CURVE('',#6711,#6708,#8105,.T.);
#4972=EDGE_CURVE('',#6699,#6704,#8106,.F.);
#4973=EDGE_CURVE('',#6703,#6700,#8107,.T.);
#4974=EDGE_CURVE('',#6731,#6736,#8108,.F.);
#4975=EDGE_CURVE('',#6735,#6732,#8109,.T.);
#4976=EDGE_CURVE('',#6723,#6728,#8110,.F.);
#4977=EDGE_CURVE('',#6727,#6724,#8111,.T.);
#4978=EDGE_CURVE('',#6675,#6684,#8112,.T.);
#4979=EDGE_CURVE('',#6683,#6676,#8113,.F.);
#4980=EDGE_CURVE('',#6667,#6662,#8114,.F.);
#4981=EDGE_CURVE('',#6661,#6668,#8115,.T.);
#4982=EDGE_CURVE('',#6733,#6734,#8116,.F.);
#4983=EDGE_CURVE('',#6701,#6702,#8117,.F.);
#4984=EDGE_CURVE('',#6709,#6710,#8118,.F.);
#4985=EDGE_CURVE('',#6717,#6718,#8119,.F.);
#4986=EDGE_CURVE('',#6741,#6742,#8120,.F.);
#4987=EDGE_CURVE('',#6658,#6671,#8121,.T.);
#4988=EDGE_CURVE('',#6663,#6666,#8122,.T.);
#4989=EDGE_CURVE('',#6665,#6664,#8123,.T.);
#4990=EDGE_CURVE('',#6677,#6682,#8124,.T.);
#4991=EDGE_CURVE('',#6681,#6678,#8125,.T.);
#4992=EDGE_CURVE('',#6672,#6687,#8126,.T.);
#4993=EDGE_CURVE('',#6725,#6726,#8127,.F.);
#4994=EDGE_CURVE('',#6746,#6391,#8128,.T.);
#4995=EDGE_CURVE('',#6746,#6688,#8129,.T.);
#4996=EDGE_CURVE('',#6390,#6747,#8130,.T.);
#4997=EDGE_CURVE('',#6747,#6746,#8131,.T.);
#4998=EDGE_CURVE('',#6747,#6689,#8132,.T.);
#4999=EDGE_CURVE('',#6697,#6748,#8133,.T.);
#5000=EDGE_CURVE('',#6748,#6692,#8134,.T.);
#5001=EDGE_CURVE('',#6748,#6749,#8135,.T.);
#5002=EDGE_CURVE('',#6749,#6693,#8136,.T.);
#5003=EDGE_CURVE('',#6696,#6749,#8137,.T.);
#5004=EDGE_CURVE('',#6750,#6750,#186,.F.);
#5005=EDGE_CURVE('',#6751,#6751,#187,.F.);
#5006=EDGE_CURVE('',#6752,#6752,#188,.F.);
#5007=EDGE_CURVE('',#6753,#6753,#189,.F.);
#5008=EDGE_CURVE('',#6754,#6754,#190,.F.);
#5009=EDGE_CURVE('',#6755,#6755,#191,.F.);
#5010=EDGE_CURVE('',#6756,#6756,#192,.F.);
#5011=EDGE_CURVE('',#6757,#6757,#193,.F.);
#5012=EDGE_CURVE('',#6758,#6758,#194,.F.);
#5013=EDGE_CURVE('',#6759,#6759,#195,.F.);
#5014=EDGE_CURVE('',#6760,#6761,#8138,.T.);
#5015=EDGE_CURVE('',#6762,#6760,#8139,.T.);
#5016=EDGE_CURVE('',#6763,#6762,#8140,.T.);
#5017=EDGE_CURVE('',#6761,#6763,#8141,.T.);
#5018=EDGE_CURVE('',#6764,#6765,#8142,.T.);
#5019=EDGE_CURVE('',#6765,#6766,#196,.T.);
#5020=EDGE_CURVE('',#6766,#6767,#8143,.T.);
#5021=EDGE_CURVE('',#6767,#6764,#197,.T.);
#5022=EDGE_CURVE('',#6768,#6769,#8144,.T.);
#5023=EDGE_CURVE('',#6769,#6770,#8145,.T.);
#5024=EDGE_CURVE('',#6770,#6771,#8146,.T.);
#5025=EDGE_CURVE('',#6771,#6772,#8147,.T.);
#5026=EDGE_CURVE('',#6772,#6773,#8148,.T.);
#5027=EDGE_CURVE('',#6773,#6774,#8149,.T.);
#5028=EDGE_CURVE('',#6775,#6774,#8150,.T.);
#5029=EDGE_CURVE('',#6776,#6775,#8151,.T.);
#5030=EDGE_CURVE('',#6776,#6777,#8152,.T.);
#5031=EDGE_CURVE('',#6777,#6778,#8153,.T.);
#5032=EDGE_CURVE('',#6778,#6779,#8154,.T.);
#5033=EDGE_CURVE('',#6779,#6780,#8155,.T.);
#5034=EDGE_CURVE('',#6780,#6781,#8156,.T.);
#5035=EDGE_CURVE('',#6782,#6781,#8157,.T.);
#5036=EDGE_CURVE('',#6783,#6782,#8158,.T.);
#5037=EDGE_CURVE('',#6783,#6784,#8159,.T.);
#5038=EDGE_CURVE('',#6784,#6785,#8160,.T.);
#5039=EDGE_CURVE('',#6768,#6785,#8161,.T.);
#5040=EDGE_CURVE('',#6786,#6787,#8162,.T.);
#5041=EDGE_CURVE('',#6787,#6788,#8163,.T.);
#5042=EDGE_CURVE('',#6789,#6788,#8164,.T.);
#5043=EDGE_CURVE('',#6790,#6789,#8165,.T.);
#5044=EDGE_CURVE('',#6791,#6790,#8166,.T.);
#5045=EDGE_CURVE('',#6786,#6791,#8167,.T.);
#5046=EDGE_CURVE('',#6792,#6793,#8168,.T.);
#5047=EDGE_CURVE('',#6793,#6785,#8169,.T.);
#5048=EDGE_CURVE('',#6794,#6784,#8170,.T.);
#5049=EDGE_CURVE('',#6795,#6794,#8171,.T.);
#5050=EDGE_CURVE('',#6792,#6795,#8172,.T.);
#5051=EDGE_CURVE('',#6796,#6797,#8173,.T.);
#5052=EDGE_CURVE('',#6798,#6796,#8174,.T.);
#5053=EDGE_CURVE('',#6799,#6798,#8175,.T.);
#5054=EDGE_CURVE('',#6797,#6799,#8176,.T.);
#5055=EDGE_CURVE('',#6800,#6770,#8177,.T.);
#5056=EDGE_CURVE('',#6800,#6801,#8178,.T.);
#5057=EDGE_CURVE('',#6801,#6802,#8179,.T.);
#5058=EDGE_CURVE('',#6803,#6802,#8180,.T.);
#5059=EDGE_CURVE('',#6804,#6803,#8181,.T.);
#5060=EDGE_CURVE('',#6805,#6804,#8182,.T.);
#5061=EDGE_CURVE('',#6805,#6806,#8183,.T.);
#5062=EDGE_CURVE('',#6807,#6806,#8184,.T.);
#5063=EDGE_CURVE('',#6808,#6807,#8185,.T.);
#5064=EDGE_CURVE('',#6809,#6808,#8186,.T.);
#5065=EDGE_CURVE('',#6809,#6810,#8187,.T.);
#5066=EDGE_CURVE('',#6811,#6810,#8188,.T.);
#5067=EDGE_CURVE('',#6812,#6811,#8189,.T.);
#5068=EDGE_CURVE('',#6813,#6812,#8190,.T.);
#5069=EDGE_CURVE('',#6813,#6814,#8191,.T.);
#5070=EDGE_CURVE('',#6815,#6814,#8192,.T.);
#5071=EDGE_CURVE('',#6816,#6815,#8193,.T.);
#5072=EDGE_CURVE('',#6817,#6816,#8194,.T.);
#5073=EDGE_CURVE('',#6817,#6818,#8195,.T.);
#5074=EDGE_CURVE('',#6819,#6818,#8196,.T.);
#5075=EDGE_CURVE('',#6820,#6819,#8197,.T.);
#5076=EDGE_CURVE('',#6821,#6820,#8198,.T.);
#5077=EDGE_CURVE('',#6821,#6822,#8199,.T.);
#5078=EDGE_CURVE('',#6823,#6822,#8200,.T.);
#5079=EDGE_CURVE('',#6824,#6823,#8201,.T.);
#5080=EDGE_CURVE('',#6825,#6824,#8202,.T.);
#5081=EDGE_CURVE('',#6825,#6826,#8203,.T.);
#5082=EDGE_CURVE('',#6827,#6826,#8204,.T.);
#5083=EDGE_CURVE('',#6828,#6827,#8205,.T.);
#5084=EDGE_CURVE('',#6829,#6828,#8206,.T.);
#5085=EDGE_CURVE('',#6829,#6830,#8207,.T.);
#5086=EDGE_CURVE('',#6831,#6830,#8208,.T.);
#5087=EDGE_CURVE('',#6832,#6831,#8209,.T.);
#5088=EDGE_CURVE('',#6833,#6832,#8210,.T.);
#5089=EDGE_CURVE('',#6833,#6834,#8211,.T.);
#5090=EDGE_CURVE('',#6834,#6835,#8212,.T.);
#5091=EDGE_CURVE('',#6836,#6835,#8213,.T.);
#5092=EDGE_CURVE('',#6836,#6837,#8214,.T.);
#5093=EDGE_CURVE('',#6837,#6838,#198,.T.);
#5094=EDGE_CURVE('',#6838,#6839,#8215,.T.);
#5095=EDGE_CURVE('',#6839,#6771,#199,.T.);
#5096=EDGE_CURVE('',#6840,#6788,#8216,.T.);
#5097=EDGE_CURVE('',#6840,#6841,#8217,.T.);
#5098=EDGE_CURVE('',#6842,#6841,#8218,.T.);
#5099=EDGE_CURVE('',#6843,#6842,#8219,.T.);
#5100=EDGE_CURVE('',#6844,#6843,#8220,.T.);
#5101=EDGE_CURVE('',#6845,#6844,#8221,.T.);
#5102=EDGE_CURVE('',#6845,#6846,#8222,.T.);
#5103=EDGE_CURVE('',#6846,#6847,#8223,.T.);
#5104=EDGE_CURVE('',#6847,#6848,#8224,.T.);
#5105=EDGE_CURVE('',#6848,#6849,#8225,.T.);
#5106=EDGE_CURVE('',#6849,#6789,#8226,.T.);
#5107=EDGE_CURVE('',#6850,#6851,#8227,.T.);
#5108=EDGE_CURVE('',#6850,#6852,#8228,.T.);
#5109=EDGE_CURVE('',#6853,#6852,#8229,.T.);
#5110=EDGE_CURVE('',#6853,#6854,#8230,.T.);
#5111=EDGE_CURVE('',#6854,#6855,#8231,.T.);
#5112=EDGE_CURVE('',#6855,#6856,#8232,.T.);
#5113=EDGE_CURVE('',#6857,#6856,#8233,.T.);
#5114=EDGE_CURVE('',#6858,#6857,#8234,.T.);
#5115=EDGE_CURVE('',#6858,#6859,#8235,.T.);
#5116=EDGE_CURVE('',#6860,#6859,#8236,.T.);
#5117=EDGE_CURVE('',#6860,#6861,#8237,.T.);
#5118=EDGE_CURVE('',#6861,#6851,#8238,.T.);
#5119=EDGE_CURVE('',#6850,#6793,#8239,.T.);
#5120=EDGE_CURVE('',#6852,#6792,#8240,.T.);
#5121=EDGE_CURVE('',#6862,#6863,#8241,.T.);
#5122=EDGE_CURVE('',#6863,#6864,#8242,.T.);
#5123=EDGE_CURVE('',#6865,#6864,#8243,.T.);
#5124=EDGE_CURVE('',#6865,#6866,#200,.T.);
#5125=EDGE_CURVE('',#6866,#6867,#8244,.T.);
#5126=EDGE_CURVE('',#6868,#6867,#8245,.T.);
#5127=EDGE_CURVE('',#6869,#6868,#8246,.T.);
#5128=EDGE_CURVE('',#6869,#6870,#8247,.T.);
#5129=EDGE_CURVE('',#6870,#6871,#8248,.T.);
#5130=EDGE_CURVE('',#6871,#6872,#8249,.T.);
#5131=EDGE_CURVE('',#6872,#6786,#8250,.T.);
#5132=EDGE_CURVE('',#6873,#6791,#8251,.T.);
#5133=EDGE_CURVE('',#6874,#6873,#8252,.T.);
#5134=EDGE_CURVE('',#6874,#6794,#8253,.T.);
#5135=EDGE_CURVE('',#6875,#6783,#8254,.T.);
#5136=EDGE_CURVE('',#6876,#6875,#8255,.T.);
#5137=EDGE_CURVE('',#6876,#6877,#8256,.T.);
#5138=EDGE_CURVE('',#6878,#6877,#8257,.T.);
#5139=EDGE_CURVE('',#6878,#6774,#8258,.T.);
#5140=EDGE_CURVE('',#6773,#6879,#201,.T.);
#5141=EDGE_CURVE('',#6880,#6879,#8259,.T.);
#5142=EDGE_CURVE('',#6880,#6862,#8260,.T.);
#5143=EDGE_CURVE('',#6881,#6882,#8261,.T.);
#5144=EDGE_CURVE('',#6882,#6883,#8262,.T.);
#5145=EDGE_CURVE('',#6883,#6884,#8263,.T.);
#5146=EDGE_CURVE('',#6884,#6885,#8264,.T.);
#5147=EDGE_CURVE('',#6885,#6886,#8265,.T.);
#5148=EDGE_CURVE('',#6886,#6887,#8266,.T.);
#5149=EDGE_CURVE('',#6887,#6888,#8267,.T.);
#5150=EDGE_CURVE('',#6888,#6889,#8268,.T.);
#5151=EDGE_CURVE('',#6889,#6890,#8269,.T.);
#5152=EDGE_CURVE('',#6890,#6891,#8270,.T.);
#5153=EDGE_CURVE('',#6891,#6892,#8271,.T.);
#5154=EDGE_CURVE('',#6892,#6893,#8272,.T.);
#5155=EDGE_CURVE('',#6893,#6894,#8273,.T.);
#5156=EDGE_CURVE('',#6894,#6895,#8274,.T.);
#5157=EDGE_CURVE('',#6895,#6896,#8275,.T.);
#5158=EDGE_CURVE('',#6896,#6897,#8276,.T.);
#5159=EDGE_CURVE('',#6897,#6898,#8277,.T.);
#5160=EDGE_CURVE('',#6898,#6899,#8278,.T.);
#5161=EDGE_CURVE('',#6899,#6900,#8279,.T.);
#5162=EDGE_CURVE('',#6900,#6881,#8280,.T.);
#5163=EDGE_CURVE('',#6901,#6902,#8281,.T.);
#5164=EDGE_CURVE('',#6902,#6880,#8282,.T.);
#5165=EDGE_CURVE('',#6879,#6903,#8283,.F.);
#5166=EDGE_CURVE('',#6903,#6904,#8284,.F.);
#5167=EDGE_CURVE('',#6904,#6865,#8285,.T.);
#5168=EDGE_CURVE('',#6901,#6864,#8286,.T.);
#5169=EDGE_CURVE('',#6905,#6906,#8287,.T.);
#5170=EDGE_CURVE('',#6905,#6907,#8288,.T.);
#5171=EDGE_CURVE('',#6907,#6908,#8289,.T.);
#5172=EDGE_CURVE('',#6909,#6908,#8290,.T.);
#5173=EDGE_CURVE('',#6910,#6909,#8291,.T.);
#5174=EDGE_CURVE('',#6911,#6910,#8292,.T.);
#5175=EDGE_CURVE('',#6912,#6911,#8293,.T.);
#5176=EDGE_CURVE('',#6912,#6913,#8294,.T.);
#5177=EDGE_CURVE('',#6913,#6914,#8295,.T.);
#5178=EDGE_CURVE('',#6914,#6915,#8296,.T.);
#5179=EDGE_CURVE('',#6915,#6916,#8297,.T.);
#5180=EDGE_CURVE('',#6916,#6917,#8298,.T.);
#5181=EDGE_CURVE('',#6917,#6918,#8299,.T.);
#5182=EDGE_CURVE('',#6918,#6919,#8300,.T.);
#5183=EDGE_CURVE('',#6919,#6920,#8301,.T.);
#5184=EDGE_CURVE('',#6920,#6921,#8302,.T.);
#5185=EDGE_CURVE('',#6921,#6922,#8303,.T.);
#5186=EDGE_CURVE('',#6922,#6923,#8304,.T.);
#5187=EDGE_CURVE('',#6923,#6924,#8305,.T.);
#5188=EDGE_CURVE('',#6924,#6925,#8306,.T.);
#5189=EDGE_CURVE('',#6925,#6926,#8307,.T.);
#5190=EDGE_CURVE('',#6926,#6927,#8308,.T.);
#5191=EDGE_CURVE('',#6927,#6928,#8309,.T.);
#5192=EDGE_CURVE('',#6928,#6929,#8310,.T.);
#5193=EDGE_CURVE('',#6929,#6930,#8311,.T.);
#5194=EDGE_CURVE('',#6930,#6931,#8312,.T.);
#5195=EDGE_CURVE('',#6931,#6932,#8313,.T.);
#5196=EDGE_CURVE('',#6932,#6933,#8314,.T.);
#5197=EDGE_CURVE('',#6933,#6934,#8315,.T.);
#5198=EDGE_CURVE('',#6934,#6935,#8316,.T.);
#5199=EDGE_CURVE('',#6935,#6936,#8317,.T.);
#5200=EDGE_CURVE('',#6936,#6937,#8318,.T.);
#5201=EDGE_CURVE('',#6937,#6938,#8319,.T.);
#5202=EDGE_CURVE('',#6938,#6939,#8320,.T.);
#5203=EDGE_CURVE('',#6939,#6940,#8321,.T.);
#5204=EDGE_CURVE('',#6940,#6941,#8322,.T.);
#5205=EDGE_CURVE('',#6941,#6942,#8323,.T.);
#5206=EDGE_CURVE('',#6942,#6943,#8324,.T.);
#5207=EDGE_CURVE('',#6943,#6944,#8325,.T.);
#5208=EDGE_CURVE('',#6944,#6945,#8326,.T.);
#5209=EDGE_CURVE('',#6945,#6946,#8327,.T.);
#5210=EDGE_CURVE('',#6946,#6947,#8328,.T.);
#5211=EDGE_CURVE('',#6948,#6947,#8329,.T.);
#5212=EDGE_CURVE('',#6949,#6948,#8330,.T.);
#5213=EDGE_CURVE('',#6950,#6949,#8331,.T.);
#5214=EDGE_CURVE('',#6951,#6950,#8332,.T.);
#5215=EDGE_CURVE('',#6951,#6952,#8333,.T.);
#5216=EDGE_CURVE('',#6952,#6906,#8334,.T.);
#5217=EDGE_CURVE('',#6953,#6954,#8335,.T.);
#5218=EDGE_CURVE('',#6953,#6955,#8336,.T.);
#5219=EDGE_CURVE('',#6955,#6956,#8337,.T.);
#5220=EDGE_CURVE('',#6956,#6954,#8338,.T.);
#5221=EDGE_CURVE('',#6957,#6958,#8339,.T.);
#5222=EDGE_CURVE('',#6957,#6959,#8340,.T.);
#5223=EDGE_CURVE('',#6959,#6960,#8341,.T.);
#5224=EDGE_CURVE('',#6960,#6958,#8342,.T.);
#5225=EDGE_CURVE('',#6959,#6961,#8343,.T.);
#5226=EDGE_CURVE('',#6961,#6951,#8344,.T.);
#5227=EDGE_CURVE('',#6950,#6962,#8345,.T.);
#5228=EDGE_CURVE('',#6962,#6960,#8346,.T.);
#5229=EDGE_CURVE('',#6963,#6964,#8347,.T.);
#5230=EDGE_CURVE('',#6964,#6787,#8348,.T.);
#5231=EDGE_CURVE('',#6872,#6965,#8349,.T.);
#5232=EDGE_CURVE('',#6965,#6966,#8350,.T.);
#5233=EDGE_CURVE('',#6966,#6967,#8351,.T.);
#5234=EDGE_CURVE('',#6967,#6968,#8352,.T.);
#5235=EDGE_CURVE('',#6968,#6969,#8353,.T.);
#5236=EDGE_CURVE('',#6969,#6970,#8354,.T.);
#5237=EDGE_CURVE('',#6970,#6971,#8355,.T.);
#5238=EDGE_CURVE('',#6972,#6971,#8356,.T.);
#5239=EDGE_CURVE('',#6867,#6972,#8357,.T.);
#5240=EDGE_CURVE('',#6866,#6973,#8358,.F.);
#5241=EDGE_CURVE('',#6973,#6837,#8359,.F.);
#5242=EDGE_CURVE('',#6963,#6836,#8360,.T.);
#5243=EDGE_CURVE('',#6974,#6975,#202,.F.);
#5244=EDGE_CURVE('',#6976,#6974,#8361,.T.);
#5245=EDGE_CURVE('',#6977,#6976,#203,.F.);
#5246=EDGE_CURVE('',#6975,#6977,#8362,.T.);
#5247=EDGE_CURVE('',#6978,#6979,#8363,.T.);
#5248=EDGE_CURVE('',#6979,#6980,#8364,.T.);
#5249=EDGE_CURVE('',#6980,#6981,#8365,.T.);
#5250=EDGE_CURVE('',#6981,#6978,#8366,.T.);
#5251=EDGE_CURVE('',#6982,#6983,#8367,.T.);
#5252=EDGE_CURVE('',#6984,#6982,#8368,.T.);
#5253=EDGE_CURVE('',#6877,#6984,#8369,.T.);
#5254=EDGE_CURVE('',#6985,#6876,#8370,.T.);
#5255=EDGE_CURVE('',#6983,#6985,#8371,.T.);
#5256=EDGE_CURVE('',#6986,#6987,#204,.F.);
#5257=EDGE_CURVE('',#6988,#6986,#8372,.T.);
#5258=EDGE_CURVE('',#6989,#6988,#205,.F.);
#5259=EDGE_CURVE('',#6987,#6989,#8373,.T.);
#5260=EDGE_CURVE('',#6990,#6869,#8374,.T.);
#5261=EDGE_CURVE('',#6991,#6990,#8375,.T.);
#5262=EDGE_CURVE('',#6992,#6991,#8376,.T.);
#5263=EDGE_CURVE('',#6993,#6992,#8377,.T.);
#5264=EDGE_CURVE('',#6870,#6993,#8378,.T.);
#5265=EDGE_CURVE('',#6994,#6995,#206,.F.);
#5266=EDGE_CURVE('',#6996,#6994,#8379,.T.);
#5267=EDGE_CURVE('',#6997,#6996,#207,.F.);
#5268=EDGE_CURVE('',#6995,#6997,#8380,.T.);
#5269=EDGE_CURVE('',#6998,#6999,#8381,.T.);
#5270=EDGE_CURVE('',#6998,#7000,#8382,.T.);
#5271=EDGE_CURVE('',#7001,#7000,#8383,.T.);
#5272=EDGE_CURVE('',#6999,#7001,#8384,.T.);
#5273=EDGE_CURVE('',#7002,#7003,#8385,.T.);
#5274=EDGE_CURVE('',#7002,#7004,#8386,.T.);
#5275=EDGE_CURVE('',#7005,#7004,#8387,.T.);
#5276=EDGE_CURVE('',#7005,#7003,#8388,.T.);
#5277=EDGE_CURVE('',#7001,#7006,#8389,.T.);
#5278=EDGE_CURVE('',#7006,#7007,#8390,.T.);
#5279=EDGE_CURVE('',#6999,#7007,#8391,.T.);
#5280=EDGE_CURVE('',#7008,#7009,#8392,.T.);
#5281=EDGE_CURVE('',#7009,#7010,#8393,.T.);
#5282=EDGE_CURVE('',#6913,#7010,#8394,.T.);
#5283=EDGE_CURVE('',#6912,#7000,#8395,.T.);
#5284=EDGE_CURVE('',#6998,#7011,#8396,.T.);
#5285=EDGE_CURVE('',#7011,#7012,#8397,.T.);
#5286=EDGE_CURVE('',#7012,#7013,#8398,.T.);
#5287=EDGE_CURVE('',#7013,#7014,#208,.T.);
#5288=EDGE_CURVE('',#7008,#7014,#8399,.T.);
#5289=EDGE_CURVE('',#7003,#7015,#8400,.T.);
#5290=EDGE_CURVE('',#7016,#7005,#8401,.T.);
#5291=EDGE_CURVE('',#7016,#7015,#8402,.T.);
#5292=EDGE_CURVE('',#7017,#7014,#8403,.T.);
#5293=EDGE_CURVE('',#7018,#7017,#8404,.T.);
#5294=EDGE_CURVE('',#6843,#7018,#8405,.T.);
#5295=EDGE_CURVE('',#6842,#7008,#8406,.T.);
#5296=EDGE_CURVE('',#7019,#7020,#209,.F.);
#5297=EDGE_CURVE('',#7019,#7021,#8407,.T.);
#5298=EDGE_CURVE('',#7021,#7022,#8408,.T.);
#5299=EDGE_CURVE('',#7022,#7023,#8409,.T.);
#5300=EDGE_CURVE('',#7020,#7023,#8410,.T.);
#5301=EDGE_CURVE('',#7023,#7024,#8411,.T.);
#5302=EDGE_CURVE('',#7025,#7022,#8412,.T.);
#5303=EDGE_CURVE('',#7025,#7024,#8413,.T.);
#5304=EDGE_CURVE('',#7026,#7017,#210,.F.);
#5305=EDGE_CURVE('',#7024,#7026,#8414,.T.);
#5306=EDGE_CURVE('',#7018,#7025,#8415,.T.);
#5307=EDGE_CURVE('',#7027,#7028,#8416,.T.);
#5308=EDGE_CURVE('',#7028,#7029,#8417,.T.);
#5309=EDGE_CURVE('',#7029,#7030,#8418,.T.);
#5310=EDGE_CURVE('',#7030,#7027,#8419,.T.);
#5311=EDGE_CURVE('',#7031,#7032,#8420,.T.);
#5312=EDGE_CURVE('',#7032,#7033,#8421,.T.);
#5313=EDGE_CURVE('',#7034,#7033,#8422,.T.);
#5314=EDGE_CURVE('',#7034,#7031,#8423,.T.);
#5315=EDGE_CURVE('',#7033,#7035,#8424,.T.);
#5316=EDGE_CURVE('',#7036,#7035,#8425,.T.);
#5317=EDGE_CURVE('',#7036,#7034,#8426,.T.);
#5318=EDGE_CURVE('',#7037,#7038,#8427,.T.);
#5319=EDGE_CURVE('',#7037,#7039,#8428,.T.);
#5320=EDGE_CURVE('',#7039,#7040,#8429,.T.);
#5321=EDGE_CURVE('',#7040,#7038,#8430,.T.);
#5322=EDGE_CURVE('',#6838,#7041,#8431,.T.);
#5323=EDGE_CURVE('',#7041,#7042,#8432,.T.);
#5324=EDGE_CURVE('',#7042,#6839,#8433,.F.);
#5325=EDGE_CURVE('',#7043,#7027,#8434,.T.);
#5326=EDGE_CURVE('',#6906,#7043,#8435,.T.);
#5327=EDGE_CURVE('',#7044,#6952,#8436,.T.);
#5328=EDGE_CURVE('',#7044,#6957,#8437,.T.);
#5329=EDGE_CURVE('',#6958,#7032,#8438,.T.);
#5330=EDGE_CURVE('',#7028,#7031,#8439,.T.);
#5331=EDGE_CURVE('',#6949,#7045,#8440,.T.);
#5332=EDGE_CURVE('',#7045,#6962,#8441,.T.);
#5333=EDGE_CURVE('',#6948,#7046,#8442,.T.);
#5334=EDGE_CURVE('',#7046,#7045,#8443,.T.);
#5335=EDGE_CURVE('',#7004,#7046,#8444,.T.);
#5336=EDGE_CURVE('',#7016,#6947,#8445,.T.);
#5337=EDGE_CURVE('',#6911,#7047,#8446,.T.);
#5338=EDGE_CURVE('',#7047,#7006,#8447,.T.);
#5339=EDGE_CURVE('',#6910,#7048,#8448,.T.);
#5340=EDGE_CURVE('',#7048,#7047,#8449,.T.);
#5341=EDGE_CURVE('',#6909,#7049,#8450,.T.);
#5342=EDGE_CURVE('',#7049,#7048,#8451,.T.);
#5343=EDGE_CURVE('',#7050,#6908,#8452,.T.);
#5344=EDGE_CURVE('',#7050,#6953,#8453,.T.);
#5345=EDGE_CURVE('',#6954,#7049,#8454,.T.);
#5346=EDGE_CURVE('',#7051,#7052,#8455,.T.);
#5347=EDGE_CURVE('',#7052,#6956,#8456,.T.);
#5348=EDGE_CURVE('',#6955,#7053,#8457,.T.);
#5349=EDGE_CURVE('',#7053,#6907,#8458,.T.);
#5350=EDGE_CURVE('',#7054,#6905,#8459,.T.);
#5351=EDGE_CURVE('',#7054,#7039,#8460,.T.);
#5352=EDGE_CURVE('',#7037,#7051,#8461,.T.);
#5353=EDGE_CURVE('',#7055,#7056,#8462,.T.);
#5354=EDGE_CURVE('',#7056,#7052,#8463,.T.);
#5355=EDGE_CURVE('',#7055,#7051,#8464,.T.);
#5356=EDGE_CURVE('',#7057,#7058,#8465,.T.);
#5357=EDGE_CURVE('',#7058,#7056,#8466,.T.);
#5358=EDGE_CURVE('',#7057,#7055,#8467,.T.);
#5359=EDGE_CURVE('',#7035,#7058,#8468,.T.);
#5360=EDGE_CURVE('',#7059,#7057,#8469,.T.);
#5361=EDGE_CURVE('',#7059,#6797,#8470,.T.);
#5362=EDGE_CURVE('',#7060,#6799,#8471,.T.);
#5363=EDGE_CURVE('',#7060,#7036,#8472,.T.);
#5364=EDGE_CURVE('',#7061,#6798,#8473,.T.);
#5365=EDGE_CURVE('',#7061,#7062,#8474,.T.);
#5366=EDGE_CURVE('',#7030,#7062,#8475,.T.);
#5367=EDGE_CURVE('',#7063,#7029,#8476,.T.);
#5368=EDGE_CURVE('',#7063,#7060,#8477,.T.);
#5369=EDGE_CURVE('',#7064,#7059,#8478,.T.);
#5370=EDGE_CURVE('',#7064,#7038,#8479,.T.);
#5371=EDGE_CURVE('',#7040,#7065,#8480,.T.);
#5372=EDGE_CURVE('',#7066,#7065,#8481,.T.);
#5373=EDGE_CURVE('',#6796,#7066,#8482,.T.);
#5374=EDGE_CURVE('',#7031,#7063,#8483,.T.);
#5375=EDGE_CURVE('',#7051,#7064,#8484,.T.);
#5376=EDGE_CURVE('',#7010,#7067,#8485,.T.);
#5377=EDGE_CURVE('',#6914,#7067,#8486,.T.);
#5378=EDGE_CURVE('',#7067,#6833,#8487,.T.);
#5379=EDGE_CURVE('',#6915,#6832,#8488,.T.);
#5380=EDGE_CURVE('',#6916,#6831,#8489,.T.);
#5381=EDGE_CURVE('',#6830,#7068,#8490,.T.);
#5382=EDGE_CURVE('',#6917,#7068,#8491,.T.);
#5383=EDGE_CURVE('',#7068,#7069,#8492,.T.);
#5384=EDGE_CURVE('',#6918,#7069,#8493,.T.);
#5385=EDGE_CURVE('',#7069,#6829,#8494,.T.);
#5386=EDGE_CURVE('',#6919,#6828,#8495,.T.);
#5387=EDGE_CURVE('',#6920,#6827,#8496,.T.);
#5388=EDGE_CURVE('',#6826,#7070,#8497,.T.);
#5389=EDGE_CURVE('',#6921,#7070,#8498,.T.);
#5390=EDGE_CURVE('',#7070,#7071,#8499,.T.);
#5391=EDGE_CURVE('',#6922,#7071,#8500,.T.);
#5392=EDGE_CURVE('',#7071,#6825,#8501,.T.);
#5393=EDGE_CURVE('',#6923,#6824,#8502,.T.);
#5394=EDGE_CURVE('',#6924,#6823,#8503,.T.);
#5395=EDGE_CURVE('',#6822,#7072,#8504,.T.);
#5396=EDGE_CURVE('',#6925,#7072,#8505,.T.);
#5397=EDGE_CURVE('',#7072,#7073,#8506,.T.);
#5398=EDGE_CURVE('',#6926,#7073,#8507,.T.);
#5399=EDGE_CURVE('',#7073,#6821,#8508,.T.);
#5400=EDGE_CURVE('',#6927,#6820,#8509,.T.);
#5401=EDGE_CURVE('',#6928,#6819,#8510,.T.);
#5402=EDGE_CURVE('',#6818,#7074,#8511,.T.);
#5403=EDGE_CURVE('',#6929,#7074,#8512,.T.);
#5404=EDGE_CURVE('',#7074,#7075,#8513,.T.);
#5405=EDGE_CURVE('',#6930,#7075,#8514,.T.);
#5406=EDGE_CURVE('',#7075,#6817,#8515,.T.);
#5407=EDGE_CURVE('',#6931,#6816,#8516,.T.);
#5408=EDGE_CURVE('',#6932,#6815,#8517,.T.);
#5409=EDGE_CURVE('',#6814,#7076,#8518,.T.);
#5410=EDGE_CURVE('',#6933,#7076,#8519,.T.);
#5411=EDGE_CURVE('',#7076,#7077,#8520,.T.);
#5412=EDGE_CURVE('',#6934,#7077,#8521,.T.);
#5413=EDGE_CURVE('',#7077,#6813,#8522,.T.);
#5414=EDGE_CURVE('',#6935,#6812,#8523,.T.);
#5415=EDGE_CURVE('',#6936,#6811,#8524,.T.);
#5416=EDGE_CURVE('',#6810,#7078,#8525,.T.);
#5417=EDGE_CURVE('',#6937,#7078,#8526,.T.);
#5418=EDGE_CURVE('',#7078,#7079,#8527,.T.);
#5419=EDGE_CURVE('',#6938,#7079,#8528,.T.);
#5420=EDGE_CURVE('',#7079,#6809,#8529,.T.);
#5421=EDGE_CURVE('',#6939,#6808,#8530,.T.);
#5422=EDGE_CURVE('',#6940,#6807,#8531,.T.);
#5423=EDGE_CURVE('',#6806,#7080,#8532,.T.);
#5424=EDGE_CURVE('',#6941,#7080,#8533,.T.);
#5425=EDGE_CURVE('',#7080,#7081,#8534,.T.);
#5426=EDGE_CURVE('',#6942,#7081,#8535,.T.);
#5427=EDGE_CURVE('',#7081,#6805,#8536,.T.);
#5428=EDGE_CURVE('',#6943,#6804,#8537,.T.);
#5429=EDGE_CURVE('',#6944,#6803,#8538,.T.);
#5430=EDGE_CURVE('',#6802,#7082,#8539,.T.);
#5431=EDGE_CURVE('',#6945,#7082,#8540,.T.);
#5432=EDGE_CURVE('',#7082,#7083,#8541,.T.);
#5433=EDGE_CURVE('',#6946,#7083,#8542,.T.);
#5434=EDGE_CURVE('',#7083,#7084,#8543,.T.);
#5435=EDGE_CURVE('',#7085,#7084,#8544,.T.);
#5436=EDGE_CURVE('',#7086,#7085,#8545,.T.);
#5437=EDGE_CURVE('',#7087,#7086,#211,.T.);
#5438=EDGE_CURVE('',#7088,#7087,#8546,.T.);
#5439=EDGE_CURVE('',#7089,#7088,#8547,.T.);
#5440=EDGE_CURVE('',#7015,#7089,#8548,.T.);
#5441=EDGE_CURVE('',#7090,#6874,#8549,.T.);
#5442=EDGE_CURVE('',#7090,#6795,#8550,.T.);
#5443=EDGE_CURVE('',#7091,#6790,#8551,.T.);
#5444=EDGE_CURVE('',#6873,#7091,#8552,.T.);
#5445=EDGE_CURVE('',#6981,#6849,#8553,.T.);
#5446=EDGE_CURVE('',#6980,#6846,#8554,.T.);
#5447=EDGE_CURVE('',#7091,#6845,#8555,.T.);
#5448=EDGE_CURVE('',#6835,#7009,#8556,.T.);
#5449=EDGE_CURVE('',#6841,#6963,#8557,.T.);
#5450=EDGE_CURVE('',#6769,#6861,#8558,.T.);
#5451=EDGE_CURVE('',#7085,#6860,#8559,.T.);
#5452=EDGE_CURVE('',#7084,#6800,#8560,.T.);
#5453=EDGE_CURVE('',#6857,#7090,#8561,.T.);
#5454=EDGE_CURVE('',#6856,#6761,#8562,.T.);
#5455=EDGE_CURVE('',#6853,#6763,#8563,.T.);
#5456=EDGE_CURVE('',#7086,#7019,#8564,.T.);
#5457=EDGE_CURVE('',#7021,#6859,#8565,.T.);
#5458=EDGE_CURVE('',#7022,#6858,#8566,.T.);
#5459=EDGE_CURVE('',#6844,#7025,#8567,.T.);
#5460=EDGE_CURVE('',#7092,#6973,#42,.F.);
#5461=EDGE_CURVE('',#7092,#7041,#43,.T.);
#5462=EDGE_CURVE('',#6904,#7092,#44,.F.);
#5463=EDGE_CURVE('',#7093,#6772,#45,.F.);
#5464=EDGE_CURVE('',#7093,#6903,#46,.T.);
#5465=EDGE_CURVE('',#7042,#7093,#47,.F.);
#5466=EDGE_CURVE('',#7007,#7002,#8568,.T.);
#5467=EDGE_CURVE('',#7089,#7011,#8569,.T.);
#5468=EDGE_CURVE('',#7088,#7012,#8570,.T.);
#5469=EDGE_CURVE('',#7087,#7013,#8571,.T.);
#5470=EDGE_CURVE('',#7020,#7026,#8572,.T.);
#5471=EDGE_CURVE('',#6854,#6762,#8573,.T.);
#5472=EDGE_CURVE('',#6855,#6760,#8574,.T.);
#5473=EDGE_CURVE('',#6979,#6847,#8575,.T.);
#5474=EDGE_CURVE('',#6978,#6848,#8576,.T.);
#5475=EDGE_CURVE('',#6982,#6778,#8577,.T.);
#5476=EDGE_CURVE('',#6983,#6779,#8578,.T.);
#5477=EDGE_CURVE('',#6985,#6780,#8579,.T.);
#5478=EDGE_CURVE('',#7094,#6876,#8580,.T.);
#5479=EDGE_CURVE('',#7094,#6781,#8581,.T.);
#5480=EDGE_CURVE('',#7095,#6776,#8582,.T.);
#5481=EDGE_CURVE('',#6877,#7095,#8583,.T.);
#5482=EDGE_CURVE('',#6984,#6777,#8584,.T.);
#5483=EDGE_CURVE('',#7096,#6966,#8585,.T.);
#5484=EDGE_CURVE('',#7096,#6870,#8586,.T.);
#5485=EDGE_CURVE('',#6993,#6967,#8587,.T.);
#5486=EDGE_CURVE('',#6992,#6968,#8588,.T.);
#5487=EDGE_CURVE('',#6991,#6969,#8589,.T.);
#5488=EDGE_CURVE('',#6990,#6970,#8590,.T.);
#5489=EDGE_CURVE('',#7097,#6869,#8591,.T.);
#5490=EDGE_CURVE('',#7097,#6971,#8592,.T.);
#5491=EDGE_CURVE('',#6974,#6995,#8593,.T.);
#5492=EDGE_CURVE('',#6976,#6997,#8594,.T.);
#5493=EDGE_CURVE('',#6977,#6996,#8595,.T.);
#5494=EDGE_CURVE('',#6975,#6994,#8596,.T.);
#5495=EDGE_CURVE('',#6987,#6766,#8597,.T.);
#5496=EDGE_CURVE('',#6986,#6765,#8598,.T.);
#5497=EDGE_CURVE('',#6989,#6767,#8599,.T.);
#5498=EDGE_CURVE('',#6988,#6764,#8600,.T.);
#5499=EDGE_CURVE('',#7098,#6782,#8601,.T.);
#5500=EDGE_CURVE('',#6875,#7098,#8602,.T.);
#5501=EDGE_CURVE('',#7098,#7094,#8603,.T.);
#5502=EDGE_CURVE('',#7099,#6775,#8604,.T.);
#5503=EDGE_CURVE('',#7095,#7099,#8605,.T.);
#5504=EDGE_CURVE('',#7099,#6878,#8606,.T.);
#5505=EDGE_CURVE('',#7100,#6972,#8607,.T.);
#5506=EDGE_CURVE('',#6868,#7100,#8608,.T.);
#5507=EDGE_CURVE('',#7100,#7097,#8609,.T.);
#5508=EDGE_CURVE('',#6871,#7101,#8610,.T.);
#5509=EDGE_CURVE('',#7101,#6965,#8611,.T.);
#5510=EDGE_CURVE('',#7101,#7096,#8612,.T.);
#5511=EDGE_CURVE('',#7058,#6881,#8613,.T.);
#5512=EDGE_CURVE('',#7056,#6900,#8614,.T.);
#5513=EDGE_CURVE('',#7052,#6899,#8615,.T.);
#5514=EDGE_CURVE('',#6956,#6898,#8616,.T.);
#5515=EDGE_CURVE('',#6954,#6897,#8617,.T.);
#5516=EDGE_CURVE('',#7049,#6896,#8618,.F.);
#5517=EDGE_CURVE('',#7048,#6895,#8619,.F.);
#5518=EDGE_CURVE('',#7047,#6894,#8620,.F.);
#5519=EDGE_CURVE('',#7006,#6893,#8621,.F.);
#5520=EDGE_CURVE('',#7007,#6892,#8622,.F.);
#5521=EDGE_CURVE('',#7002,#6891,#8623,.F.);
#5522=EDGE_CURVE('',#7004,#6890,#8624,.F.);
#5523=EDGE_CURVE('',#7046,#6889,#8625,.F.);
#5524=EDGE_CURVE('',#7045,#6888,#8626,.F.);
#5525=EDGE_CURVE('',#6962,#6887,#8627,.F.);
#5526=EDGE_CURVE('',#6960,#6886,#8628,.F.);
#5527=EDGE_CURVE('',#6958,#6885,#8629,.F.);
#5528=EDGE_CURVE('',#7032,#6884,#8630,.F.);
#5529=EDGE_CURVE('',#7033,#6883,#8631,.F.);
#5530=EDGE_CURVE('',#6882,#7035,#8632,.T.);
#5531=EDGE_CURVE('',#6801,#7083,#8633,.F.);
#5532=EDGE_CURVE('',#7010,#6834,#8634,.F.);
#5533=EDGE_CURVE('',#6961,#7044,#8635,.T.);
#5534=EDGE_CURVE('',#7053,#7050,#8636,.T.);
#5535=EDGE_CURVE('',#7043,#7062,#8637,.T.);
#5536=EDGE_CURVE('',#6906,#7061,#8638,.T.);
#5537=EDGE_CURVE('',#7066,#6905,#8639,.T.);
#5538=EDGE_CURVE('',#7065,#7054,#8640,.T.);
#5539=EDGE_CURVE('',#7102,#6863,#8641,.T.);
#5540=EDGE_CURVE('',#7102,#6901,#8642,.T.);
#5541=EDGE_CURVE('',#6902,#7103,#8643,.T.);
#5542=EDGE_CURVE('',#7103,#6862,#8644,.T.);
#5543=EDGE_CURVE('',#7103,#7102,#8645,.T.);
#5544=EDGE_CURVE('',#6851,#6768,#8646,.T.);
#5545=EDGE_CURVE('',#6964,#6840,#8647,.T.);
#5546=EDGE_CURVE('',#7104,#7104,#212,.F.);
#5547=EDGE_CURVE('',#7105,#7105,#213,.F.);
#5548=EDGE_CURVE('',#7106,#7106,#214,.F.);
#5549=EDGE_CURVE('',#7107,#7107,#215,.F.);
#5550=EDGE_CURVE('',#7108,#7108,#216,.F.);
#5551=EDGE_CURVE('',#7109,#7109,#217,.F.);
#5552=EDGE_CURVE('',#7110,#7111,#8648,.T.);
#5553=EDGE_CURVE('',#7110,#7112,#218,.F.);
#5554=EDGE_CURVE('',#7113,#7112,#8649,.T.);
#5555=EDGE_CURVE('',#7113,#7111,#219,.F.);
#5556=EDGE_CURVE('',#7114,#7115,#8650,.T.);
#5557=EDGE_CURVE('',#7114,#7116,#220,.F.);
#5558=EDGE_CURVE('',#7117,#7116,#8651,.T.);
#5559=EDGE_CURVE('',#7117,#7115,#221,.T.);
#5560=EDGE_CURVE('',#7118,#7119,#222,.F.);
#5561=EDGE_CURVE('',#7118,#7120,#8652,.T.);
#5562=EDGE_CURVE('',#7121,#7120,#223,.F.);
#5563=EDGE_CURVE('',#7121,#7119,#8653,.T.);
#5564=EDGE_CURVE('',#7122,#7123,#224,.F.);
#5565=EDGE_CURVE('',#7122,#7124,#8654,.T.);
#5566=EDGE_CURVE('',#7125,#7124,#225,.T.);
#5567=EDGE_CURVE('',#7125,#7123,#8655,.T.);
#5568=EDGE_CURVE('',#7126,#7127,#8656,.T.);
#5569=EDGE_CURVE('',#7126,#7128,#226,.F.);
#5570=EDGE_CURVE('',#7129,#7128,#8657,.T.);
#5571=EDGE_CURVE('',#7129,#7127,#227,.T.);
#5572=EDGE_CURVE('',#7130,#7131,#228,.F.);
#5573=EDGE_CURVE('',#7130,#7132,#8658,.T.);
#5574=EDGE_CURVE('',#7133,#7132,#229,.F.);
#5575=EDGE_CURVE('',#7133,#7131,#8659,.T.);
#5576=EDGE_CURVE('',#7134,#7135,#8660,.T.);
#5577=EDGE_CURVE('',#7136,#7134,#8661,.T.);
#5578=EDGE_CURVE('',#7136,#7137,#8662,.T.);
#5579=EDGE_CURVE('',#7137,#7135,#8663,.T.);
#5580=EDGE_CURVE('',#7138,#7139,#8664,.T.);
#5581=EDGE_CURVE('',#7140,#7138,#8665,.T.);
#5582=EDGE_CURVE('',#7141,#7140,#8666,.T.);
#5583=EDGE_CURVE('',#7139,#7141,#8667,.T.);
#5584=EDGE_CURVE('',#7142,#7143,#8668,.T.);
#5585=EDGE_CURVE('',#7143,#7144,#230,.T.);
#5586=EDGE_CURVE('',#7144,#7145,#8669,.T.);
#5587=EDGE_CURVE('',#7145,#7146,#231,.F.);
#5588=EDGE_CURVE('',#7146,#7147,#8670,.T.);
#5589=EDGE_CURVE('',#7147,#7148,#232,.T.);
#5590=EDGE_CURVE('',#7148,#7149,#8671,.T.);
#5591=EDGE_CURVE('',#7149,#7150,#233,.F.);
#5592=EDGE_CURVE('',#7150,#7151,#8672,.T.);
#5593=EDGE_CURVE('',#7151,#7152,#8673,.T.);
#5594=EDGE_CURVE('',#7153,#7152,#8674,.T.);
#5595=EDGE_CURVE('',#7153,#7154,#234,.F.);
#5596=EDGE_CURVE('',#7155,#7154,#8675,.T.);
#5597=EDGE_CURVE('',#7155,#7156,#235,.F.);
#5598=EDGE_CURVE('',#7157,#7156,#8676,.T.);
#5599=EDGE_CURVE('',#7157,#7158,#8677,.T.);
#5600=EDGE_CURVE('',#7159,#7158,#8678,.T.);
#5601=EDGE_CURVE('',#7159,#7160,#236,.F.);
#5602=EDGE_CURVE('',#7161,#7160,#8679,.T.);
#5603=EDGE_CURVE('',#7161,#7162,#237,.F.);
#5604=EDGE_CURVE('',#7163,#7162,#8680,.T.);
#5605=EDGE_CURVE('',#7163,#7164,#8681,.T.);
#5606=EDGE_CURVE('',#7164,#7165,#8682,.T.);
#5607=EDGE_CURVE('',#7165,#7166,#8683,.T.);
#5608=EDGE_CURVE('',#7166,#7167,#238,.T.);
#5609=EDGE_CURVE('',#7168,#7167,#8684,.T.);
#5610=EDGE_CURVE('',#7169,#7168,#8685,.T.);
#5611=EDGE_CURVE('',#7169,#7135,#8686,.T.);
#5612=EDGE_CURVE('',#7137,#7170,#8687,.T.);
#5613=EDGE_CURVE('',#7170,#7142,#239,.T.);
#5614=EDGE_CURVE('',#7171,#7172,#8688,.T.);
#5615=EDGE_CURVE('',#7171,#7173,#240,.F.);
#5616=EDGE_CURVE('',#7174,#7173,#8689,.T.);
#5617=EDGE_CURVE('',#7175,#7174,#241,.T.);
#5618=EDGE_CURVE('',#7136,#7175,#8690,.T.);
#5619=EDGE_CURVE('',#7176,#7134,#8691,.T.);
#5620=EDGE_CURVE('',#7176,#7177,#8692,.T.);
#5621=EDGE_CURVE('',#7177,#7178,#8693,.T.);
#5622=EDGE_CURVE('',#7179,#7178,#242,.T.);
#5623=EDGE_CURVE('',#7180,#7179,#8694,.T.);
#5624=EDGE_CURVE('',#7181,#7180,#8695,.T.);
#5625=EDGE_CURVE('',#7182,#7181,#8696,.T.);
#5626=EDGE_CURVE('',#7182,#7183,#8697,.T.);
#5627=EDGE_CURVE('',#7183,#7184,#243,.T.);
#5628=EDGE_CURVE('',#7184,#7185,#8698,.T.);
#5629=EDGE_CURVE('',#7185,#7186,#244,.T.);
#5630=EDGE_CURVE('',#7186,#7187,#8699,.T.);
#5631=EDGE_CURVE('',#7188,#7187,#8700,.T.);
#5632=EDGE_CURVE('',#7188,#7189,#8701,.T.);
#5633=EDGE_CURVE('',#7189,#7190,#245,.T.);
#5634=EDGE_CURVE('',#7190,#7191,#8702,.T.);
#5635=EDGE_CURVE('',#7191,#7192,#246,.T.);
#5636=EDGE_CURVE('',#7192,#7193,#8703,.T.);
#5637=EDGE_CURVE('',#7194,#7193,#8704,.T.);
#5638=EDGE_CURVE('',#7195,#7194,#8705,.T.);
#5639=EDGE_CURVE('',#7195,#7196,#247,.T.);
#5640=EDGE_CURVE('',#7197,#7196,#8706,.T.);
#5641=EDGE_CURVE('',#7198,#7197,#248,.T.);
#5642=EDGE_CURVE('',#7199,#7198,#8707,.T.);
#5643=EDGE_CURVE('',#7199,#7172,#249,.T.);
#5644=EDGE_CURVE('',#7200,#7201,#8708,.T.);
#5645=EDGE_CURVE('',#7201,#7202,#8709,.T.);
#5646=EDGE_CURVE('',#7202,#7203,#8710,.T.);
#5647=EDGE_CURVE('',#7203,#7200,#8711,.T.);
#5648=EDGE_CURVE('',#7166,#7179,#8712,.F.);
#5649=EDGE_CURVE('',#7165,#7180,#8713,.T.);
#5650=EDGE_CURVE('',#7173,#7143,#8714,.F.);
#5651=EDGE_CURVE('',#7174,#7142,#8715,.T.);
#5652=EDGE_CURVE('',#7204,#7205,#8716,.T.);
#5653=EDGE_CURVE('',#7206,#7204,#8717,.T.);
#5654=EDGE_CURVE('',#7207,#7206,#8718,.T.);
#5655=EDGE_CURVE('',#7207,#7208,#8719,.T.);
#5656=EDGE_CURVE('',#7209,#7208,#8720,.T.);
#5657=EDGE_CURVE('',#7210,#7209,#8721,.T.);
#5658=EDGE_CURVE('',#7210,#7211,#8722,.T.);
#5659=EDGE_CURVE('',#7211,#7205,#8723,.T.);
#5660=EDGE_CURVE('',#7212,#7213,#250,.T.);
#5661=EDGE_CURVE('',#7214,#7213,#8724,.T.);
#5662=EDGE_CURVE('',#7214,#7215,#251,.T.);
#5663=EDGE_CURVE('',#7216,#7215,#8725,.T.);
#5664=EDGE_CURVE('',#7216,#7217,#48,.F.);
#5665=EDGE_CURVE('',#7218,#7217,#8726,.T.);
#5666=EDGE_CURVE('',#7218,#7206,#49,.F.);
#5667=EDGE_CURVE('',#7212,#7206,#8727,.T.);
#5668=EDGE_CURVE('',#7209,#7219,#8728,.T.);
#5669=EDGE_CURVE('',#7209,#7220,#50,.F.);
#5670=EDGE_CURVE('',#7221,#7220,#8729,.T.);
#5671=EDGE_CURVE('',#7221,#7219,#252,.F.);
#5672=EDGE_CURVE('',#7222,#7207,#51,.F.);
#5673=EDGE_CURVE('',#7222,#7223,#8730,.T.);
#5674=EDGE_CURVE('',#7224,#7223,#52,.F.);
#5675=EDGE_CURVE('',#7224,#7225,#8731,.T.);
#5676=EDGE_CURVE('',#7226,#7225,#253,.F.);
#5677=EDGE_CURVE('',#7227,#7226,#8732,.F.);
#5678=EDGE_CURVE('',#7228,#7227,#254,.T.);
#5679=EDGE_CURVE('',#7228,#7207,#8733,.T.);
#5680=EDGE_CURVE('',#7208,#7229,#53,.F.);
#5681=EDGE_CURVE('',#7208,#7230,#8734,.T.);
#5682=EDGE_CURVE('',#7231,#7230,#255,.F.);
#5683=EDGE_CURVE('',#7231,#7229,#8735,.T.);
#5684=EDGE_CURVE('',#7220,#7232,#8736,.T.);
#5685=EDGE_CURVE('',#7232,#7233,#256,.F.);
#5686=EDGE_CURVE('',#7233,#7234,#8737,.T.);
#5687=EDGE_CURVE('',#7234,#7235,#257,.F.);
#5688=EDGE_CURVE('',#7235,#7218,#8738,.T.);
#5689=EDGE_CURVE('',#7217,#7236,#8739,.T.);
#5690=EDGE_CURVE('',#7236,#7237,#258,.F.);
#5691=EDGE_CURVE('',#7237,#7238,#8740,.T.);
#5692=EDGE_CURVE('',#7238,#7239,#259,.F.);
#5693=EDGE_CURVE('',#7239,#7240,#8741,.T.);
#5694=EDGE_CURVE('',#7240,#7241,#8742,.T.);
#5695=EDGE_CURVE('',#7241,#7242,#8743,.T.);
#5696=EDGE_CURVE('',#7242,#7117,#8744,.T.);
#5697=EDGE_CURVE('',#7116,#7110,#8745,.T.);
#5698=EDGE_CURVE('',#7111,#7126,#8746,.T.);
#5699=EDGE_CURVE('',#7127,#7243,#8747,.T.);
#5700=EDGE_CURVE('',#7243,#7221,#8748,.T.);
#5701=EDGE_CURVE('',#7244,#7222,#8749,.T.);
#5702=EDGE_CURVE('',#7244,#7245,#260,.T.);
#5703=EDGE_CURVE('',#7246,#7245,#8750,.T.);
#5704=EDGE_CURVE('',#7246,#7247,#261,.T.);
#5705=EDGE_CURVE('',#7229,#7247,#8751,.T.);
#5706=EDGE_CURVE('',#7248,#7231,#8752,.T.);
#5707=EDGE_CURVE('',#7132,#7248,#8753,.T.);
#5708=EDGE_CURVE('',#7120,#7130,#8754,.T.);
#5709=EDGE_CURVE('',#7123,#7118,#8755,.T.);
#5710=EDGE_CURVE('',#7249,#7125,#8756,.T.);
#5711=EDGE_CURVE('',#7250,#7249,#8757,.T.);
#5712=EDGE_CURVE('',#7251,#7250,#8758,.T.);
#5713=EDGE_CURVE('',#7252,#7251,#8759,.T.);
#5714=EDGE_CURVE('',#7252,#7253,#262,.T.);
#5715=EDGE_CURVE('',#7254,#7253,#8760,.T.);
#5716=EDGE_CURVE('',#7254,#7255,#263,.T.);
#5717=EDGE_CURVE('',#7223,#7255,#8761,.T.);
#5718=EDGE_CURVE('',#7256,#7257,#8762,.T.);
#5719=EDGE_CURVE('',#7256,#7258,#8763,.T.);
#5720=EDGE_CURVE('',#7259,#7258,#8764,.T.);
#5721=EDGE_CURVE('',#7259,#7182,#8765,.T.);
#5722=EDGE_CURVE('',#7187,#7182,#8766,.T.);
#5723=EDGE_CURVE('',#7187,#7260,#8767,.T.);
#5724=EDGE_CURVE('',#7261,#7260,#8768,.T.);
#5725=EDGE_CURVE('',#7257,#7261,#8769,.T.);
#5726=EDGE_CURVE('',#7262,#7263,#8770,.T.);
#5727=EDGE_CURVE('',#7264,#7262,#264,.F.);
#5728=EDGE_CURVE('',#7264,#7265,#8771,.T.);
#5729=EDGE_CURVE('',#7266,#7265,#8772,.T.);
#5730=EDGE_CURVE('',#7267,#7266,#8773,.T.);
#5731=EDGE_CURVE('',#7267,#7268,#265,.T.);
#5732=EDGE_CURVE('',#7268,#7269,#8774,.T.);
#5733=EDGE_CURVE('',#7263,#7269,#8775,.T.);
#5734=EDGE_CURVE('',#7270,#7271,#8776,.T.);
#5735=EDGE_CURVE('',#7272,#7270,#266,.T.);
#5736=EDGE_CURVE('',#7273,#7272,#8777,.T.);
#5737=EDGE_CURVE('',#7273,#7274,#8778,.T.);
#5738=EDGE_CURVE('',#7274,#7275,#8779,.T.);
#5739=EDGE_CURVE('',#7275,#7276,#267,.F.);
#5740=EDGE_CURVE('',#7276,#7277,#8780,.T.);
#5741=EDGE_CURVE('',#7277,#7271,#8781,.T.);
#5742=EDGE_CURVE('',#7278,#7279,#8782,.T.);
#5743=EDGE_CURVE('',#7279,#7280,#268,.T.);
#5744=EDGE_CURVE('',#7280,#7281,#8783,.T.);
#5745=EDGE_CURVE('',#7281,#7282,#269,.F.);
#5746=EDGE_CURVE('',#7282,#7283,#8784,.T.);
#5747=EDGE_CURVE('',#7283,#7284,#270,.T.);
#5748=EDGE_CURVE('',#7285,#7284,#8785,.T.);
#5749=EDGE_CURVE('',#7285,#7286,#8786,.T.);
#5750=EDGE_CURVE('',#7286,#7287,#8787,.T.);
#5751=EDGE_CURVE('',#7287,#7288,#271,.T.);
#5752=EDGE_CURVE('',#7288,#7289,#8788,.T.);
#5753=EDGE_CURVE('',#7289,#7290,#272,.F.);
#5754=EDGE_CURVE('',#7290,#7291,#8789,.T.);
#5755=EDGE_CURVE('',#7291,#7292,#273,.F.);
#5756=EDGE_CURVE('',#7292,#7293,#8790,.T.);
#5757=EDGE_CURVE('',#7293,#7269,#274,.T.);
#5758=EDGE_CURVE('',#7268,#7270,#8791,.T.);
#5759=EDGE_CURVE('',#7271,#7294,#275,.T.);
#5760=EDGE_CURVE('',#7294,#7295,#8792,.T.);
#5761=EDGE_CURVE('',#7295,#7296,#276,.F.);
#5762=EDGE_CURVE('',#7296,#7297,#8793,.T.);
#5763=EDGE_CURVE('',#7297,#7298,#277,.T.);
#5764=EDGE_CURVE('',#7298,#7299,#8794,.T.);
#5765=EDGE_CURVE('',#7299,#7300,#278,.F.);
#5766=EDGE_CURVE('',#7300,#7301,#8795,.T.);
#5767=EDGE_CURVE('',#7301,#7302,#279,.T.);
#5768=EDGE_CURVE('',#7302,#7212,#8796,.T.);
#5769=EDGE_CURVE('',#7204,#7210,#8797,.T.);
#5770=EDGE_CURVE('',#7219,#7303,#8798,.T.);
#5771=EDGE_CURVE('',#7303,#7304,#8799,.T.);
#5772=EDGE_CURVE('',#7304,#7305,#280,.T.);
#5773=EDGE_CURVE('',#7306,#7305,#8800,.T.);
#5774=EDGE_CURVE('',#7307,#7306,#8801,.T.);
#5775=EDGE_CURVE('',#7307,#7308,#8802,.T.);
#5776=EDGE_CURVE('',#7309,#7308,#8803,.T.);
#5777=EDGE_CURVE('',#7309,#7310,#8804,.T.);
#5778=EDGE_CURVE('',#7310,#7311,#281,.T.);
#5779=EDGE_CURVE('',#7311,#7312,#8805,.T.);
#5780=EDGE_CURVE('',#7312,#7313,#8806,.T.);
#5781=EDGE_CURVE('',#7313,#7314,#8807,.T.);
#5782=EDGE_CURVE('',#7314,#7315,#8808,.T.);
#5783=EDGE_CURVE('',#7315,#7316,#8809,.T.);
#5784=EDGE_CURVE('',#7316,#7216,#8810,.T.);
#5785=EDGE_CURVE('',#7215,#7317,#8811,.T.);
#5786=EDGE_CURVE('',#7317,#7318,#282,.T.);
#5787=EDGE_CURVE('',#7318,#7319,#8812,.T.);
#5788=EDGE_CURVE('',#7319,#7278,#283,.F.);
#5789=EDGE_CURVE('',#7144,#7171,#8813,.T.);
#5790=EDGE_CURVE('',#7172,#7145,#8814,.T.);
#5791=EDGE_CURVE('',#7320,#7321,#8815,.T.);
#5792=EDGE_CURVE('',#7321,#7322,#8816,.T.);
#5793=EDGE_CURVE('',#7322,#7323,#8817,.T.);
#5794=EDGE_CURVE('',#7320,#7323,#8818,.T.);
#5795=EDGE_CURVE('',#7324,#7320,#8819,.T.);
#5796=EDGE_CURVE('',#7323,#7325,#8820,.T.);
#5797=EDGE_CURVE('',#7324,#7325,#8821,.T.);
#5798=EDGE_CURVE('',#7326,#7324,#8822,.T.);
#5799=EDGE_CURVE('',#7325,#7327,#8823,.T.);
#5800=EDGE_CURVE('',#7326,#7327,#8824,.T.);
#5801=EDGE_CURVE('',#7321,#7326,#8825,.T.);
#5802=EDGE_CURVE('',#7327,#7322,#8826,.T.);
#5803=EDGE_CURVE('',#7133,#7129,#8827,.T.);
#5804=EDGE_CURVE('',#7243,#7248,#8828,.T.);
#5805=EDGE_CURVE('',#7230,#7219,#8829,.T.);
#5806=EDGE_CURVE('',#7231,#7221,#8830,.T.);
#5807=EDGE_CURVE('',#7150,#7195,#8831,.F.);
#5808=EDGE_CURVE('',#7194,#7328,#284,.F.);
#5809=EDGE_CURVE('',#7328,#7329,#8832,.T.);
#5810=EDGE_CURVE('',#7329,#7304,#8833,.T.);
#5811=EDGE_CURVE('',#7151,#7303,#285,.T.);
#5812=EDGE_CURVE('',#7330,#7331,#8834,.T.);
#5813=EDGE_CURVE('',#7332,#7330,#8835,.T.);
#5814=EDGE_CURVE('',#7332,#7333,#8836,.T.);
#5815=EDGE_CURVE('',#7333,#7331,#8837,.T.);
#5816=EDGE_CURVE('',#7334,#7335,#8838,.T.);
#5817=EDGE_CURVE('',#7336,#7334,#8839,.T.);
#5818=EDGE_CURVE('',#7337,#7336,#8840,.T.);
#5819=EDGE_CURVE('',#7335,#7337,#8841,.T.);
#5820=EDGE_CURVE('',#7338,#7339,#8842,.T.);
#5821=EDGE_CURVE('',#7339,#7340,#286,.T.);
#5822=EDGE_CURVE('',#7340,#7341,#8843,.T.);
#5823=EDGE_CURVE('',#7341,#7342,#287,.T.);
#5824=EDGE_CURVE('',#7343,#7342,#8844,.T.);
#5825=EDGE_CURVE('',#7344,#7343,#8845,.T.);
#5826=EDGE_CURVE('',#7344,#7331,#8846,.T.);
#5827=EDGE_CURVE('',#7333,#7345,#8847,.T.);
#5828=EDGE_CURVE('',#7345,#7346,#288,.T.);
#5829=EDGE_CURVE('',#7346,#7347,#8848,.T.);
#5830=EDGE_CURVE('',#7347,#7348,#8849,.T.);
#5831=EDGE_CURVE('',#7348,#7349,#8850,.T.);
#5832=EDGE_CURVE('',#7350,#7349,#8851,.T.);
#5833=EDGE_CURVE('',#7350,#7351,#289,.F.);
#5834=EDGE_CURVE('',#7352,#7351,#8852,.T.);
#5835=EDGE_CURVE('',#7352,#7353,#290,.F.);
#5836=EDGE_CURVE('',#7354,#7353,#8853,.T.);
#5837=EDGE_CURVE('',#7354,#7355,#8854,.T.);
#5838=EDGE_CURVE('',#7356,#7355,#8855,.T.);
#5839=EDGE_CURVE('',#7356,#7357,#291,.F.);
#5840=EDGE_CURVE('',#7358,#7357,#8856,.T.);
#5841=EDGE_CURVE('',#7358,#7359,#292,.F.);
#5842=EDGE_CURVE('',#7360,#7359,#8857,.T.);
#5843=EDGE_CURVE('',#7360,#7361,#8858,.T.);
#5844=EDGE_CURVE('',#7361,#7362,#8859,.T.);
#5845=EDGE_CURVE('',#7362,#7363,#293,.F.);
#5846=EDGE_CURVE('',#7363,#7364,#8860,.T.);
#5847=EDGE_CURVE('',#7364,#7365,#294,.T.);
#5848=EDGE_CURVE('',#7365,#7366,#8861,.T.);
#5849=EDGE_CURVE('',#7366,#7338,#295,.F.);
#5850=EDGE_CURVE('',#7367,#7368,#8862,.T.);
#5851=EDGE_CURVE('',#7367,#7369,#296,.F.);
#5852=EDGE_CURVE('',#7370,#7369,#8863,.T.);
#5853=EDGE_CURVE('',#7370,#7371,#297,.T.);
#5854=EDGE_CURVE('',#7372,#7371,#8864,.T.);
#5855=EDGE_CURVE('',#7373,#7372,#298,.T.);
#5856=EDGE_CURVE('',#7374,#7373,#8865,.T.);
#5857=EDGE_CURVE('',#7374,#7375,#299,.T.);
#5858=EDGE_CURVE('',#7376,#7375,#8866,.T.);
#5859=EDGE_CURVE('',#7377,#7376,#8867,.T.);
#5860=EDGE_CURVE('',#7377,#7378,#8868,.T.);
#5861=EDGE_CURVE('',#7378,#7379,#300,.T.);
#5862=EDGE_CURVE('',#7379,#7380,#8869,.T.);
#5863=EDGE_CURVE('',#7380,#7381,#301,.T.);
#5864=EDGE_CURVE('',#7381,#7382,#8870,.T.);
#5865=EDGE_CURVE('',#7383,#7382,#8871,.T.);
#5866=EDGE_CURVE('',#7383,#7384,#8872,.T.);
#5867=EDGE_CURVE('',#7384,#7385,#302,.T.);
#5868=EDGE_CURVE('',#7385,#7386,#8873,.T.);
#5869=EDGE_CURVE('',#7386,#7387,#303,.T.);
#5870=EDGE_CURVE('',#7387,#7388,#8874,.T.);
#5871=EDGE_CURVE('',#7389,#7388,#8875,.T.);
#5872=EDGE_CURVE('',#7390,#7389,#8876,.T.);
#5873=EDGE_CURVE('',#7391,#7390,#8877,.T.);
#5874=EDGE_CURVE('',#7392,#7391,#304,.T.);
#5875=EDGE_CURVE('',#7332,#7392,#8878,.T.);
#5876=EDGE_CURVE('',#7393,#7330,#8879,.T.);
#5877=EDGE_CURVE('',#7393,#7394,#8880,.T.);
#5878=EDGE_CURVE('',#7394,#7395,#8881,.T.);
#5879=EDGE_CURVE('',#7368,#7395,#305,.T.);
#5880=EDGE_CURVE('',#7396,#7397,#8882,.T.);
#5881=EDGE_CURVE('',#7397,#7398,#8883,.T.);
#5882=EDGE_CURVE('',#7398,#7399,#8884,.T.);
#5883=EDGE_CURVE('',#7399,#7396,#8885,.T.);
#5884=EDGE_CURVE('',#7391,#7346,#8886,.T.);
#5885=EDGE_CURVE('',#7347,#7390,#8887,.T.);
#5886=EDGE_CURVE('',#7340,#7367,#8888,.T.);
#5887=EDGE_CURVE('',#7341,#7368,#8889,.F.);
#5888=EDGE_CURVE('',#7400,#7316,#8890,.T.);
#5889=EDGE_CURVE('',#7401,#7400,#8891,.T.);
#5890=EDGE_CURVE('',#7401,#7315,#8892,.T.);
#5891=EDGE_CURVE('',#7402,#7314,#8893,.T.);
#5892=EDGE_CURVE('',#7402,#7224,#8894,.T.);
#5893=EDGE_CURVE('',#7216,#7224,#8895,.T.);
#5894=EDGE_CURVE('',#7240,#7314,#54,.F.);
#5895=EDGE_CURVE('',#7241,#7313,#306,.F.);
#5896=EDGE_CURVE('',#7251,#7402,#55,.F.);
#5897=EDGE_CURVE('',#7250,#7403,#307,.F.);
#5898=EDGE_CURVE('',#7403,#7402,#8896,.T.);
#5899=EDGE_CURVE('',#7404,#7405,#8897,.T.);
#5900=EDGE_CURVE('',#7404,#7406,#8898,.T.);
#5901=EDGE_CURVE('',#7407,#7406,#8899,.T.);
#5902=EDGE_CURVE('',#7407,#7377,#8900,.T.);
#5903=EDGE_CURVE('',#7382,#7377,#8901,.T.);
#5904=EDGE_CURVE('',#7382,#7408,#8902,.T.);
#5905=EDGE_CURVE('',#7409,#7408,#8903,.T.);
#5906=EDGE_CURVE('',#7405,#7409,#8904,.T.);
#5907=EDGE_CURVE('',#7410,#7308,#8905,.T.);
#5908=EDGE_CURVE('',#7411,#7410,#8906,.F.);
#5909=EDGE_CURVE('',#7411,#7309,#8907,.T.);
#5910=EDGE_CURVE('',#7412,#7413,#8908,.T.);
#5911=EDGE_CURVE('',#7412,#7414,#308,.F.);
#5912=EDGE_CURVE('',#7415,#7414,#8909,.T.);
#5913=EDGE_CURVE('',#7415,#7416,#309,.T.);
#5914=EDGE_CURVE('',#7417,#7416,#8910,.T.);
#5915=EDGE_CURVE('',#7417,#7418,#310,.F.);
#5916=EDGE_CURVE('',#7225,#7418,#8911,.T.);
#5917=EDGE_CURVE('',#7419,#7403,#8912,.T.);
#5918=EDGE_CURVE('',#7420,#7419,#8913,.T.);
#5919=EDGE_CURVE('',#7421,#7420,#311,.T.);
#5920=EDGE_CURVE('',#7411,#7421,#8914,.F.);
#5921=EDGE_CURVE('',#7422,#7410,#8915,.T.);
#5922=EDGE_CURVE('',#7422,#7423,#8916,.F.);
#5923=EDGE_CURVE('',#7423,#7424,#8917,.T.);
#5924=EDGE_CURVE('',#7329,#7424,#312,.T.);
#5925=EDGE_CURVE('',#7230,#7328,#8918,.T.);
#5926=EDGE_CURVE('',#7425,#7228,#8919,.T.);
#5927=EDGE_CURVE('',#7425,#7426,#313,.F.);
#5928=EDGE_CURVE('',#7427,#7426,#8920,.T.);
#5929=EDGE_CURVE('',#7427,#7428,#314,.T.);
#5930=EDGE_CURVE('',#7429,#7428,#8921,.T.);
#5931=EDGE_CURVE('',#7429,#7430,#315,.F.);
#5932=EDGE_CURVE('',#7431,#7430,#8922,.T.);
#5933=EDGE_CURVE('',#7431,#7432,#316,.T.);
#5934=EDGE_CURVE('',#7433,#7432,#8923,.T.);
#5935=EDGE_CURVE('',#7277,#7433,#317,.T.);
#5936=EDGE_CURVE('',#7262,#7276,#8924,.T.);
#5937=EDGE_CURVE('',#7434,#7263,#318,.T.);
#5938=EDGE_CURVE('',#7435,#7434,#8925,.T.);
#5939=EDGE_CURVE('',#7435,#7436,#319,.T.);
#5940=EDGE_CURVE('',#7437,#7436,#8926,.T.);
#5941=EDGE_CURVE('',#7437,#7438,#320,.T.);
#5942=EDGE_CURVE('',#7439,#7438,#8927,.T.);
#5943=EDGE_CURVE('',#7440,#7439,#321,.T.);
#5944=EDGE_CURVE('',#7441,#7440,#8928,.T.);
#5945=EDGE_CURVE('',#7442,#7441,#8929,.T.);
#5946=EDGE_CURVE('',#7442,#7443,#8930,.T.);
#5947=EDGE_CURVE('',#7444,#7443,#322,.T.);
#5948=EDGE_CURVE('',#7445,#7444,#8931,.T.);
#5949=EDGE_CURVE('',#7445,#7413,#323,.T.);
#5950=EDGE_CURVE('',#7311,#7420,#8932,.F.);
#5951=EDGE_CURVE('',#7419,#7376,#324,.T.);
#5952=EDGE_CURVE('',#7375,#7362,#8933,.T.);
#5953=EDGE_CURVE('',#7312,#7361,#325,.T.);
#5954=EDGE_CURVE('',#7446,#7442,#326,.F.);
#5955=EDGE_CURVE('',#7446,#7447,#8934,.T.);
#5956=EDGE_CURVE('',#7448,#7447,#8935,.T.);
#5957=EDGE_CURVE('',#7449,#7448,#8936,.T.);
#5958=EDGE_CURVE('',#7449,#7285,#327,.T.);
#5959=EDGE_CURVE('',#7443,#7284,#8937,.T.);
#5960=EDGE_CURVE('',#7450,#7286,#328,.T.);
#5961=EDGE_CURVE('',#7451,#7450,#8938,.T.);
#5962=EDGE_CURVE('',#7451,#7452,#8939,.T.);
#5963=EDGE_CURVE('',#7452,#7453,#8940,.T.);
#5964=EDGE_CURVE('',#7453,#7441,#329,.F.);
#5965=EDGE_CURVE('',#7440,#7287,#8941,.T.);
#5966=EDGE_CURVE('',#7454,#7455,#8942,.T.);
#5967=EDGE_CURVE('',#7455,#7456,#8943,.T.);
#5968=EDGE_CURVE('',#7456,#7457,#8944,.T.);
#5969=EDGE_CURVE('',#7454,#7457,#8945,.T.);
#5970=EDGE_CURVE('',#7458,#7454,#8946,.T.);
#5971=EDGE_CURVE('',#7457,#7459,#8947,.T.);
#5972=EDGE_CURVE('',#7458,#7459,#8948,.T.);
#5973=EDGE_CURVE('',#7460,#7458,#8949,.T.);
#5974=EDGE_CURVE('',#7459,#7461,#8950,.T.);
#5975=EDGE_CURVE('',#7460,#7461,#8951,.T.);
#5976=EDGE_CURVE('',#7455,#7460,#8952,.T.);
#5977=EDGE_CURVE('',#7461,#7456,#8953,.T.);
#5978=EDGE_CURVE('',#7403,#7313,#8954,.T.);
#5979=EDGE_CURVE('',#7250,#7241,#8955,.T.);
#5980=EDGE_CURVE('',#7369,#7339,#8956,.F.);
#5981=EDGE_CURVE('',#7338,#7370,#8957,.F.);
#5982=EDGE_CURVE('',#7124,#7115,#8958,.T.);
#5983=EDGE_CURVE('',#7242,#7249,#8959,.T.);
#5984=EDGE_CURVE('',#7418,#7317,#8960,.T.);
#5985=EDGE_CURVE('',#7226,#7214,#8961,.T.);
#5986=EDGE_CURVE('',#7302,#7425,#8962,.F.);
#5987=EDGE_CURVE('',#7227,#7213,#8963,.T.);
#5988=EDGE_CURVE('',#7416,#7319,#8964,.T.);
#5989=EDGE_CURVE('',#7318,#7417,#8965,.F.);
#5990=EDGE_CURVE('',#7414,#7279,#8966,.T.);
#5991=EDGE_CURVE('',#7278,#7415,#8967,.F.);
#5992=EDGE_CURVE('',#7413,#7281,#8968,.T.);
#5993=EDGE_CURVE('',#7280,#7412,#8969,.F.);
#5994=EDGE_CURVE('',#7282,#7445,#8970,.F.);
#5995=EDGE_CURVE('',#7444,#7283,#8971,.T.);
#5996=EDGE_CURVE('',#7439,#7288,#8972,.T.);
#5997=EDGE_CURVE('',#7438,#7289,#8973,.T.);
#5998=EDGE_CURVE('',#7290,#7437,#8974,.F.);
#5999=EDGE_CURVE('',#7436,#7291,#8975,.T.);
#6000=EDGE_CURVE('',#7292,#7435,#8976,.F.);
#6001=EDGE_CURVE('',#7434,#7293,#8977,.T.);
#6002=EDGE_CURVE('',#7433,#7294,#8978,.T.);
#6003=EDGE_CURVE('',#7432,#7295,#8979,.T.);
#6004=EDGE_CURVE('',#7296,#7431,#8980,.F.);
#6005=EDGE_CURVE('',#7430,#7297,#8981,.T.);
#6006=EDGE_CURVE('',#7298,#7429,#8982,.F.);
#6007=EDGE_CURVE('',#7428,#7299,#8983,.T.);
#6008=EDGE_CURVE('',#7300,#7427,#8984,.F.);
#6009=EDGE_CURVE('',#7426,#7301,#8985,.T.);
#6010=EDGE_CURVE('',#7462,#7129,#8986,.T.);
#6011=EDGE_CURVE('',#7128,#7113,#8987,.T.);
#6012=EDGE_CURVE('',#7112,#7114,#8988,.T.);
#6013=EDGE_CURVE('',#7115,#7463,#8989,.T.);
#6014=EDGE_CURVE('',#7463,#7462,#8990,.T.);
#6015=EDGE_CURVE('',#7464,#7133,#8991,.T.);
#6016=EDGE_CURVE('',#7465,#7464,#8992,.T.);
#6017=EDGE_CURVE('',#7124,#7465,#8993,.T.);
#6018=EDGE_CURVE('',#7119,#7122,#8994,.T.);
#6019=EDGE_CURVE('',#7131,#7121,#8995,.T.);
#6020=EDGE_CURVE('',#7466,#7464,#330,.T.);
#6021=EDGE_CURVE('',#7466,#7467,#8996,.T.);
#6022=EDGE_CURVE('',#7468,#7467,#8997,.T.);
#6023=EDGE_CURVE('',#7469,#7468,#8998,.T.);
#6024=EDGE_CURVE('',#7469,#7462,#331,.T.);
#6025=EDGE_CURVE('',#7463,#7470,#332,.T.);
#6026=EDGE_CURVE('',#7471,#7470,#8999,.T.);
#6027=EDGE_CURVE('',#7471,#7472,#9000,.T.);
#6028=EDGE_CURVE('',#7472,#7473,#9001,.T.);
#6029=EDGE_CURVE('',#7465,#7473,#333,.F.);
#6030=EDGE_CURVE('',#7389,#7403,#334,.F.);
#6031=EDGE_CURVE('',#7348,#7313,#335,.T.);
#6032=EDGE_CURVE('',#7406,#7474,#336,.T.);
#6033=EDGE_CURVE('',#7474,#7475,#9002,.T.);
#6034=EDGE_CURVE('',#7409,#7475,#337,.T.);
#6035=EDGE_CURVE('',#7355,#7408,#56,.F.);
#6036=EDGE_CURVE('',#7476,#7354,#57,.F.);
#6037=EDGE_CURVE('',#7476,#7477,#9003,.T.);
#6038=EDGE_CURVE('',#7478,#7477,#338,.T.);
#6039=EDGE_CURVE('',#7479,#7478,#9004,.T.);
#6040=EDGE_CURVE('',#7479,#7480,#339,.T.);
#6041=EDGE_CURVE('',#7480,#7481,#9005,.T.);
#6042=EDGE_CURVE('',#7349,#7481,#58,.F.);
#6043=EDGE_CURVE('',#7407,#7360,#59,.F.);
#6044=EDGE_CURVE('',#7388,#7383,#9006,.T.);
#6045=EDGE_CURVE('',#7482,#7483,#9007,.T.);
#6046=EDGE_CURVE('',#7482,#7115,#340,.T.);
#6047=EDGE_CURVE('',#7484,#7124,#341,.T.);
#6048=EDGE_CURVE('',#7484,#7485,#9008,.T.);
#6049=EDGE_CURVE('',#7483,#7485,#9009,.T.);
#6050=EDGE_CURVE('',#7470,#7482,#9010,.T.);
#6051=EDGE_CURVE('',#7483,#7471,#9011,.T.);
#6052=EDGE_CURVE('',#7486,#7487,#9012,.T.);
#6053=EDGE_CURVE('',#7487,#7488,#9013,.T.);
#6054=EDGE_CURVE('',#7488,#7489,#9014,.T.);
#6055=EDGE_CURVE('',#7489,#7486,#9015,.T.);
#6056=EDGE_CURVE('',#7473,#7484,#9016,.T.);
#6057=EDGE_CURVE('',#7485,#7472,#9017,.T.);
#6058=EDGE_CURVE('',#7490,#7491,#9018,.T.);
#6059=EDGE_CURVE('',#7491,#7492,#9019,.T.);
#6060=EDGE_CURVE('',#7492,#7493,#9020,.T.);
#6061=EDGE_CURVE('',#7493,#7490,#9021,.T.);
#6062=EDGE_CURVE('',#7488,#7336,#9022,.T.);
#6063=EDGE_CURVE('',#7489,#7334,#9023,.T.);
#6064=EDGE_CURVE('',#7486,#7335,#9024,.T.);
#6065=EDGE_CURVE('',#7487,#7337,#9025,.T.);
#6066=EDGE_CURVE('',#7396,#7491,#60,.T.);
#6067=EDGE_CURVE('',#7492,#7399,#61,.F.);
#6068=EDGE_CURVE('',#7493,#7398,#62,.F.);
#6069=EDGE_CURVE('',#7397,#7490,#63,.T.);
#6070=EDGE_CURVE('',#7363,#7374,#9026,.F.);
#6071=EDGE_CURVE('',#7373,#7364,#9027,.T.);
#6072=EDGE_CURVE('',#7372,#7365,#9028,.T.);
#6073=EDGE_CURVE('',#7371,#7366,#9029,.T.);
#6074=EDGE_CURVE('',#7450,#7449,#9030,.T.);
#6075=EDGE_CURVE('',#7448,#7451,#9031,.T.);
#6076=EDGE_CURVE('',#7453,#7446,#9032,.T.);
#6077=EDGE_CURVE('',#7447,#7452,#9033,.T.);
#6078=EDGE_CURVE('',#7305,#7424,#9034,.F.);
#6079=EDGE_CURVE('',#7421,#7310,#9035,.T.);
#6080=EDGE_CURVE('',#7423,#7306,#9036,.T.);
#6081=EDGE_CURVE('',#7422,#7307,#9037,.T.);
#6082=EDGE_CURVE('',#7494,#7495,#9038,.T.);
#6083=EDGE_CURVE('',#7494,#7307,#342,.T.);
#6084=EDGE_CURVE('',#7496,#7422,#343,.F.);
#6085=EDGE_CURVE('',#7496,#7497,#9039,.T.);
#6086=EDGE_CURVE('',#7495,#7497,#9040,.T.);
#6087=EDGE_CURVE('',#7498,#7499,#9041,.T.);
#6088=EDGE_CURVE('',#7499,#7494,#9042,.T.);
#6089=EDGE_CURVE('',#7495,#7498,#9043,.T.);
#6090=EDGE_CURVE('',#7500,#7496,#9044,.T.);
#6091=EDGE_CURVE('',#7501,#7500,#9045,.T.);
#6092=EDGE_CURVE('',#7497,#7501,#9046,.T.);
#6093=EDGE_CURVE('',#7498,#7501,#9047,.T.);
#6094=EDGE_CURVE('',#7500,#7410,#344,.F.);
#6095=EDGE_CURVE('',#7499,#7308,#345,.T.);
#6096=EDGE_CURVE('',#7387,#7350,#9048,.T.);
#6097=EDGE_CURVE('',#7388,#7481,#9049,.T.);
#6098=EDGE_CURVE('',#7353,#7384,#9050,.F.);
#6099=EDGE_CURVE('',#7476,#7383,#9051,.T.);
#6100=EDGE_CURVE('',#7385,#7352,#9052,.T.);
#6101=EDGE_CURVE('',#7351,#7386,#9053,.F.);
#6102=EDGE_CURVE('',#7502,#7480,#9054,.T.);
#6103=EDGE_CURVE('',#7503,#7502,#9055,.F.);
#6104=EDGE_CURVE('',#7503,#7477,#9056,.T.);
#6105=EDGE_CURVE('',#7504,#7505,#346,.T.);
#6106=EDGE_CURVE('',#7506,#7504,#9057,.T.);
#6107=EDGE_CURVE('',#7506,#7507,#347,.T.);
#6108=EDGE_CURVE('',#7507,#7505,#9058,.T.);
#6109=EDGE_CURVE('',#7508,#7509,#9059,.T.);
#6110=EDGE_CURVE('',#7509,#7510,#18,.T.);
#6111=EDGE_CURVE('',#7505,#7510,#348,.T.);
#6112=EDGE_CURVE('',#7507,#7511,#349,.T.);
#6113=EDGE_CURVE('',#7511,#7508,#19,.T.);
#6114=EDGE_CURVE('',#7512,#7513,#9060,.T.);
#6115=EDGE_CURVE('',#7513,#7509,#9061,.F.);
#6116=EDGE_CURVE('',#7508,#7512,#9062,.T.);
#6117=EDGE_CURVE('',#7514,#7515,#350,.T.);
#6118=EDGE_CURVE('',#7514,#7513,#20,.T.);
#6119=EDGE_CURVE('',#7512,#7516,#21,.T.);
#6120=EDGE_CURVE('',#7516,#7517,#351,.T.);
#6121=EDGE_CURVE('',#7517,#7515,#9063,.T.);
#6122=EDGE_CURVE('',#7515,#7478,#352,.T.);
#6123=EDGE_CURVE('',#7517,#7479,#353,.T.);
#6124=EDGE_CURVE('',#7503,#7504,#354,.T.);
#6125=EDGE_CURVE('',#7502,#7506,#355,.T.);
#6126=EDGE_CURVE('',#7516,#7511,#9064,.F.);
#6127=EDGE_CURVE('',#7510,#7514,#9065,.T.);
#6128=EDGE_CURVE('',#7359,#7378,#9066,.F.);
#6129=EDGE_CURVE('',#7379,#7358,#9067,.T.);
#6130=EDGE_CURVE('',#7357,#7380,#9068,.F.);
#6131=EDGE_CURVE('',#7381,#7356,#9069,.T.);
#6132=EDGE_CURVE('',#7518,#7519,#356,.T.);
#6133=EDGE_CURVE('',#7518,#7520,#22,.T.);
#6134=EDGE_CURVE('',#7521,#7520,#9070,.T.);
#6135=EDGE_CURVE('',#7521,#7522,#23,.T.);
#6136=EDGE_CURVE('',#7522,#7523,#357,.T.);
#6137=EDGE_CURVE('',#7523,#7519,#9071,.T.);
#6138=EDGE_CURVE('',#7519,#7524,#358,.T.);
#6139=EDGE_CURVE('',#7523,#7525,#359,.T.);
#6140=EDGE_CURVE('',#7525,#7524,#9072,.T.);
#6141=EDGE_CURVE('',#7525,#7404,#360,.T.);
#6142=EDGE_CURVE('',#7524,#7405,#361,.T.);
#6143=EDGE_CURVE('',#7475,#7526,#362,.T.);
#6144=EDGE_CURVE('',#7474,#7527,#363,.T.);
#6145=EDGE_CURVE('',#7527,#7526,#9073,.T.);
#6146=EDGE_CURVE('',#7528,#7529,#9074,.T.);
#6147=EDGE_CURVE('',#7529,#7530,#24,.T.);
#6148=EDGE_CURVE('',#7526,#7530,#364,.T.);
#6149=EDGE_CURVE('',#7527,#7531,#365,.T.);
#6150=EDGE_CURVE('',#7531,#7528,#25,.T.);
#6151=EDGE_CURVE('',#7520,#7529,#9075,.F.);
#6152=EDGE_CURVE('',#7528,#7521,#9076,.T.);
#6153=EDGE_CURVE('',#7522,#7531,#9077,.F.);
#6154=EDGE_CURVE('',#7530,#7518,#9078,.T.);
#6155=EDGE_CURVE('',#7253,#7238,#9079,.T.);
#6156=EDGE_CURVE('',#7237,#7254,#9080,.F.);
#6157=EDGE_CURVE('',#7255,#7236,#9081,.T.);
#6158=EDGE_CURVE('',#7239,#7252,#9082,.F.);
#6159=EDGE_CURVE('',#7532,#7533,#366,.T.);
#6160=EDGE_CURVE('',#7534,#7532,#9083,.T.);
#6161=EDGE_CURVE('',#7534,#7535,#367,.T.);
#6162=EDGE_CURVE('',#7535,#7533,#9084,.T.);
#6163=EDGE_CURVE('',#7533,#7536,#368,.T.);
#6164=EDGE_CURVE('',#7535,#7537,#369,.T.);
#6165=EDGE_CURVE('',#7537,#7536,#9085,.T.);
#6166=EDGE_CURVE('',#7538,#7539,#9086,.T.);
#6167=EDGE_CURVE('',#7539,#7540,#26,.T.);
#6168=EDGE_CURVE('',#7536,#7540,#370,.T.);
#6169=EDGE_CURVE('',#7537,#7541,#371,.T.);
#6170=EDGE_CURVE('',#7541,#7538,#27,.T.);
#6171=EDGE_CURVE('',#7542,#7543,#9087,.T.);
#6172=EDGE_CURVE('',#7543,#7539,#9088,.F.);
#6173=EDGE_CURVE('',#7538,#7542,#9089,.T.);
#6174=EDGE_CURVE('',#7544,#7545,#372,.T.);
#6175=EDGE_CURVE('',#7544,#7543,#28,.T.);
#6176=EDGE_CURVE('',#7542,#7546,#29,.T.);
#6177=EDGE_CURVE('',#7546,#7547,#373,.T.);
#6178=EDGE_CURVE('',#7547,#7545,#9090,.T.);
#6179=EDGE_CURVE('',#7545,#7548,#374,.T.);
#6180=EDGE_CURVE('',#7547,#7549,#375,.T.);
#6181=EDGE_CURVE('',#7549,#7548,#9091,.T.);
#6182=EDGE_CURVE('',#7548,#7400,#376,.T.);
#6183=EDGE_CURVE('',#7549,#7401,#377,.T.);
#6184=EDGE_CURVE('',#7316,#7532,#9092,.T.);
#6185=EDGE_CURVE('',#7315,#7534,#9093,.T.);
#6186=EDGE_CURVE('',#7546,#7541,#9094,.F.);
#6187=EDGE_CURVE('',#7540,#7544,#9095,.T.);
#6188=EDGE_CURVE('',#7342,#7395,#9096,.F.);
#6189=EDGE_CURVE('',#7392,#7345,#9097,.T.);
#6190=EDGE_CURVE('',#7394,#7343,#9098,.T.);
#6191=EDGE_CURVE('',#7393,#7344,#9099,.T.);
#6192=EDGE_CURVE('',#7550,#7551,#9100,.T.);
#6193=EDGE_CURVE('',#7551,#7552,#9101,.F.);
#6194=EDGE_CURVE('',#7553,#7552,#9102,.T.);
#6195=EDGE_CURVE('',#7553,#7344,#378,.T.);
#6196=EDGE_CURVE('',#7550,#7393,#379,.F.);
#6197=EDGE_CURVE('',#7552,#7554,#380,.T.);
#6198=EDGE_CURVE('',#7554,#7555,#9103,.T.);
#6199=EDGE_CURVE('',#7555,#7556,#381,.T.);
#6200=EDGE_CURVE('',#7556,#7557,#9104,.T.);
#6201=EDGE_CURVE('',#7557,#7553,#9105,.T.);
#6202=EDGE_CURVE('',#7558,#7559,#9106,.T.);
#6203=EDGE_CURVE('',#7558,#7551,#382,.F.);
#6204=EDGE_CURVE('',#7560,#7550,#9107,.T.);
#6205=EDGE_CURVE('',#7561,#7560,#9108,.T.);
#6206=EDGE_CURVE('',#7561,#7559,#383,.F.);
#6207=EDGE_CURVE('',#7554,#7558,#9109,.T.);
#6208=EDGE_CURVE('',#7559,#7555,#9110,.F.);
#6209=EDGE_CURVE('',#7556,#7561,#9111,.T.);
#6210=EDGE_CURVE('',#7560,#7330,#384,.F.);
#6211=EDGE_CURVE('',#7557,#7331,#385,.T.);
#6212=EDGE_CURVE('',#7219,#7164,#386,.T.);
#6213=EDGE_CURVE('',#7230,#7181,#387,.T.);
#6214=EDGE_CURVE('',#7259,#7163,#64,.F.);
#6215=EDGE_CURVE('',#7258,#7562,#388,.T.);
#6216=EDGE_CURVE('',#7562,#7563,#9112,.T.);
#6217=EDGE_CURVE('',#7261,#7563,#389,.T.);
#6218=EDGE_CURVE('',#7158,#7260,#65,.F.);
#6219=EDGE_CURVE('',#7564,#7157,#66,.F.);
#6220=EDGE_CURVE('',#7564,#7565,#9113,.T.);
#6221=EDGE_CURVE('',#7566,#7565,#390,.T.);
#6222=EDGE_CURVE('',#7567,#7566,#9114,.T.);
#6223=EDGE_CURVE('',#7567,#7568,#391,.T.);
#6224=EDGE_CURVE('',#7568,#7569,#9115,.T.);
#6225=EDGE_CURVE('',#7152,#7569,#67,.F.);
#6226=EDGE_CURVE('',#7193,#7188,#9116,.T.);
#6227=EDGE_CURVE('',#7570,#7571,#9117,.T.);
#6228=EDGE_CURVE('',#7571,#7469,#9118,.T.);
#6229=EDGE_CURVE('',#7468,#7570,#9119,.T.);
#6230=EDGE_CURVE('',#7572,#7573,#9120,.T.);
#6231=EDGE_CURVE('',#7573,#7574,#9121,.T.);
#6232=EDGE_CURVE('',#7574,#7575,#9122,.T.);
#6233=EDGE_CURVE('',#7575,#7572,#9123,.T.);
#6234=EDGE_CURVE('',#7576,#7466,#9124,.T.);
#6235=EDGE_CURVE('',#7577,#7576,#9125,.T.);
#6236=EDGE_CURVE('',#7467,#7577,#9126,.T.);
#6237=EDGE_CURVE('',#7570,#7577,#9127,.T.);
#6238=EDGE_CURVE('',#7133,#7576,#392,.F.);
#6239=EDGE_CURVE('',#7129,#7571,#393,.T.);
#6240=EDGE_CURVE('',#7578,#7579,#9128,.T.);
#6241=EDGE_CURVE('',#7579,#7580,#9129,.T.);
#6242=EDGE_CURVE('',#7580,#7581,#9130,.T.);
#6243=EDGE_CURVE('',#7581,#7578,#9131,.T.);
#6244=EDGE_CURVE('',#7572,#7140,#9132,.T.);
#6245=EDGE_CURVE('',#7573,#7138,#9133,.T.);
#6246=EDGE_CURVE('',#7574,#7139,#9134,.T.);
#6247=EDGE_CURVE('',#7575,#7141,#9135,.T.);
#6248=EDGE_CURVE('',#7200,#7579,#68,.T.);
#6249=EDGE_CURVE('',#7580,#7203,#69,.F.);
#6250=EDGE_CURVE('',#7581,#7202,#70,.F.);
#6251=EDGE_CURVE('',#7201,#7578,#71,.T.);
#6252=EDGE_CURVE('',#7196,#7149,#9136,.T.);
#6253=EDGE_CURVE('',#7197,#7148,#9137,.T.);
#6254=EDGE_CURVE('',#7146,#7199,#9138,.F.);
#6255=EDGE_CURVE('',#7198,#7147,#9139,.T.);
#6256=EDGE_CURVE('',#7272,#7267,#9140,.T.);
#6257=EDGE_CURVE('',#7266,#7273,#9141,.T.);
#6258=EDGE_CURVE('',#7275,#7264,#9142,.T.);
#6259=EDGE_CURVE('',#7265,#7274,#9143,.T.);
#6260=EDGE_CURVE('',#7162,#7183,#9144,.F.);
#6261=EDGE_CURVE('',#7160,#7185,#9145,.F.);
#6262=EDGE_CURVE('',#7184,#7161,#9146,.T.);
#6263=EDGE_CURVE('',#7186,#7159,#9147,.T.);
#6264=EDGE_CURVE('',#7582,#7583,#394,.T.);
#6265=EDGE_CURVE('',#7582,#7584,#30,.T.);
#6266=EDGE_CURVE('',#7585,#7584,#9148,.T.);
#6267=EDGE_CURVE('',#7585,#7586,#31,.T.);
#6268=EDGE_CURVE('',#7586,#7587,#395,.T.);
#6269=EDGE_CURVE('',#7587,#7583,#9149,.T.);
#6270=EDGE_CURVE('',#7583,#7588,#396,.T.);
#6271=EDGE_CURVE('',#7587,#7589,#397,.T.);
#6272=EDGE_CURVE('',#7589,#7588,#9150,.T.);
#6273=EDGE_CURVE('',#7589,#7256,#398,.T.);
#6274=EDGE_CURVE('',#7588,#7257,#399,.T.);
#6275=EDGE_CURVE('',#7563,#7590,#400,.T.);
#6276=EDGE_CURVE('',#7562,#7591,#401,.T.);
#6277=EDGE_CURVE('',#7591,#7590,#9151,.T.);
#6278=EDGE_CURVE('',#7592,#7593,#9152,.T.);
#6279=EDGE_CURVE('',#7593,#7594,#32,.T.);
#6280=EDGE_CURVE('',#7590,#7594,#402,.T.);
#6281=EDGE_CURVE('',#7591,#7595,#403,.T.);
#6282=EDGE_CURVE('',#7595,#7592,#33,.T.);
#6283=EDGE_CURVE('',#7584,#7593,#9153,.F.);
#6284=EDGE_CURVE('',#7592,#7585,#9154,.T.);
#6285=EDGE_CURVE('',#7586,#7595,#9155,.F.);
#6286=EDGE_CURVE('',#7594,#7582,#9156,.T.);
#6287=EDGE_CURVE('',#7192,#7153,#9157,.T.);
#6288=EDGE_CURVE('',#7193,#7569,#9158,.T.);
#6289=EDGE_CURVE('',#7156,#7189,#9159,.F.);
#6290=EDGE_CURVE('',#7564,#7188,#9160,.T.);
#6291=EDGE_CURVE('',#7154,#7191,#9161,.F.);
#6292=EDGE_CURVE('',#7190,#7155,#9162,.T.);
#6293=EDGE_CURVE('',#7596,#7568,#9163,.T.);
#6294=EDGE_CURVE('',#7597,#7596,#9164,.F.);
#6295=EDGE_CURVE('',#7597,#7565,#9165,.T.);
#6296=EDGE_CURVE('',#7598,#7599,#404,.T.);
#6297=EDGE_CURVE('',#7600,#7598,#9166,.T.);
#6298=EDGE_CURVE('',#7600,#7601,#405,.T.);
#6299=EDGE_CURVE('',#7601,#7599,#9167,.T.);
#6300=EDGE_CURVE('',#7602,#7603,#9168,.T.);
#6301=EDGE_CURVE('',#7603,#7604,#34,.T.);
#6302=EDGE_CURVE('',#7599,#7604,#406,.T.);
#6303=EDGE_CURVE('',#7601,#7605,#407,.T.);
#6304=EDGE_CURVE('',#7605,#7602,#35,.T.);
#6305=EDGE_CURVE('',#7606,#7607,#9169,.T.);
#6306=EDGE_CURVE('',#7607,#7603,#9170,.F.);
#6307=EDGE_CURVE('',#7602,#7606,#9171,.T.);
#6308=EDGE_CURVE('',#7608,#7609,#408,.T.);
#6309=EDGE_CURVE('',#7608,#7607,#36,.T.);
#6310=EDGE_CURVE('',#7606,#7610,#37,.T.);
#6311=EDGE_CURVE('',#7610,#7611,#409,.T.);
#6312=EDGE_CURVE('',#7611,#7609,#9172,.T.);
#6313=EDGE_CURVE('',#7609,#7566,#410,.T.);
#6314=EDGE_CURVE('',#7611,#7567,#411,.T.);
#6315=EDGE_CURVE('',#7597,#7598,#412,.T.);
#6316=EDGE_CURVE('',#7596,#7600,#413,.T.);
#6317=EDGE_CURVE('',#7610,#7605,#9173,.F.);
#6318=EDGE_CURVE('',#7604,#7608,#9174,.T.);
#6319=EDGE_CURVE('',#7233,#7246,#9175,.F.);
#6320=EDGE_CURVE('',#7245,#7234,#9176,.T.);
#6321=EDGE_CURVE('',#7235,#7244,#9177,.F.);
#6322=EDGE_CURVE('',#7247,#7232,#9178,.T.);
#6323=EDGE_CURVE('',#7612,#7613,#414,.T.);
#6324=EDGE_CURVE('',#7614,#7612,#9179,.T.);
#6325=EDGE_CURVE('',#7614,#7615,#415,.T.);
#6326=EDGE_CURVE('',#7615,#7613,#9180,.T.);
#6327=EDGE_CURVE('',#7613,#7616,#416,.T.);
#6328=EDGE_CURVE('',#7615,#7617,#417,.T.);
#6329=EDGE_CURVE('',#7617,#7616,#9181,.T.);
#6330=EDGE_CURVE('',#7617,#7210,#9182,.T.);
#6331=EDGE_CURVE('',#7616,#7204,#9183,.T.);
#6332=EDGE_CURVE('',#7205,#7618,#418,.T.);
#6333=EDGE_CURVE('',#7211,#7619,#419,.T.);
#6334=EDGE_CURVE('',#7619,#7618,#9184,.T.);
#6335=EDGE_CURVE('',#7618,#7620,#420,.T.);
#6336=EDGE_CURVE('',#7619,#7621,#421,.T.);
#6337=EDGE_CURVE('',#7621,#7620,#9185,.T.);
#6338=EDGE_CURVE('',#7622,#7623,#9186,.T.);
#6339=EDGE_CURVE('',#7623,#7624,#38,.T.);
#6340=EDGE_CURVE('',#7620,#7624,#422,.T.);
#6341=EDGE_CURVE('',#7621,#7625,#423,.T.);
#6342=EDGE_CURVE('',#7625,#7622,#39,.T.);
#6343=EDGE_CURVE('',#7626,#7627,#9187,.T.);
#6344=EDGE_CURVE('',#7627,#7623,#9188,.F.);
#6345=EDGE_CURVE('',#7622,#7626,#9189,.T.);
#6346=EDGE_CURVE('',#7628,#7612,#424,.T.);
#6347=EDGE_CURVE('',#7628,#7627,#40,.T.);
#6348=EDGE_CURVE('',#7626,#7629,#41,.T.);
#6349=EDGE_CURVE('',#7629,#7614,#425,.T.);
#6350=EDGE_CURVE('',#7629,#7625,#9190,.F.);
#6351=EDGE_CURVE('',#7624,#7628,#9191,.T.);
#6352=EDGE_CURVE('',#7175,#7170,#9192,.T.);
#6353=EDGE_CURVE('',#7167,#7178,#9193,.F.);
#6354=EDGE_CURVE('',#7177,#7168,#9194,.T.);
#6355=EDGE_CURVE('',#7176,#7169,#9195,.T.);
#6356=EDGE_CURVE('',#7630,#7631,#9196,.T.);
#6357=EDGE_CURVE('',#7631,#7632,#9197,.F.);
#6358=EDGE_CURVE('',#7633,#7632,#9198,.T.);
#6359=EDGE_CURVE('',#7633,#7169,#426,.T.);
#6360=EDGE_CURVE('',#7630,#7176,#427,.F.);
#6361=EDGE_CURVE('',#7634,#7635,#9199,.T.);
#6362=EDGE_CURVE('',#7635,#7636,#428,.T.);
#6363=EDGE_CURVE('',#7636,#7637,#9200,.T.);
#6364=EDGE_CURVE('',#7637,#7633,#9201,.T.);
#6365=EDGE_CURVE('',#7632,#7634,#429,.T.);
#6366=EDGE_CURVE('',#7638,#7639,#9202,.T.);
#6367=EDGE_CURVE('',#7638,#7640,#430,.F.);
#6368=EDGE_CURVE('',#7641,#7640,#9203,.T.);
#6369=EDGE_CURVE('',#7641,#7631,#431,.F.);
#6370=EDGE_CURVE('',#7639,#7630,#9204,.T.);
#6371=EDGE_CURVE('',#7640,#7635,#9205,.F.);
#6372=EDGE_CURVE('',#7634,#7641,#9206,.T.);
#6373=EDGE_CURVE('',#7636,#7638,#9207,.T.);
#6374=EDGE_CURVE('',#7639,#7134,#432,.F.);
#6375=EDGE_CURVE('',#7637,#7135,#433,.T.);
#6376=EDGE_CURVE('',#7130,#7126,#9208,.T.);
#6377=EDGE_CURVE('',#7131,#7128,#9209,.T.);
#6378=EDGE_CURVE('',#7113,#7121,#9210,.T.);
#6379=EDGE_CURVE('',#7120,#7111,#9211,.T.);
#6380=EDGE_CURVE('',#7118,#7110,#9212,.T.);
#6381=EDGE_CURVE('',#7119,#7112,#9213,.T.);
#6382=EDGE_CURVE('',#7114,#7122,#9214,.T.);
#6383=EDGE_CURVE('',#7123,#7116,#9215,.T.);
#6384=EDGE_CURVE('',#7642,#7642,#434,.F.);
#6385=EDGE_CURVE('',#7643,#7643,#435,.F.);
#6386=EDGE_CURVE('',#7644,#7644,#436,.F.);
#6387=EDGE_CURVE('',#7645,#7645,#437,.F.);
#6388=EDGE_CURVE('',#7646,#7646,#438,.F.);
#6389=EDGE_CURVE('',#7647,#7647,#439,.F.);
#6390=VERTEX_POINT('',#18009);
#6391=VERTEX_POINT('',#18010);
#6392=VERTEX_POINT('',#18012);
#6393=VERTEX_POINT('',#18014);
#6394=VERTEX_POINT('',#18016);
#6395=VERTEX_POINT('',#18018);
#6396=VERTEX_POINT('',#18020);
#6397=VERTEX_POINT('',#18022);
#6398=VERTEX_POINT('',#18026);
#6399=VERTEX_POINT('',#18027);
#6400=VERTEX_POINT('',#18029);
#6401=VERTEX_POINT('',#18031);
#6402=VERTEX_POINT('',#18033);
#6403=VERTEX_POINT('',#18035);
#6404=VERTEX_POINT('',#18037);
#6405=VERTEX_POINT('',#18039);
#6406=VERTEX_POINT('',#18041);
#6407=VERTEX_POINT('',#18043);
#6408=VERTEX_POINT('',#18045);
#6409=VERTEX_POINT('',#18047);
#6410=VERTEX_POINT('',#18049);
#6411=VERTEX_POINT('',#18051);
#6412=VERTEX_POINT('',#18053);
#6413=VERTEX_POINT('',#18055);
#6414=VERTEX_POINT('',#18057);
#6415=VERTEX_POINT('',#18059);
#6416=VERTEX_POINT('',#18061);
#6417=VERTEX_POINT('',#18063);
#6418=VERTEX_POINT('',#18065);
#6419=VERTEX_POINT('',#18067);
#6420=VERTEX_POINT('',#18069);
#6421=VERTEX_POINT('',#18071);
#6422=VERTEX_POINT('',#18073);
#6423=VERTEX_POINT('',#18075);
#6424=VERTEX_POINT('',#18079);
#6425=VERTEX_POINT('',#18080);
#6426=VERTEX_POINT('',#18082);
#6427=VERTEX_POINT('',#18084);
#6428=VERTEX_POINT('',#18086);
#6429=VERTEX_POINT('',#18088);
#6430=VERTEX_POINT('',#18090);
#6431=VERTEX_POINT('',#18092);
#6432=VERTEX_POINT('',#18094);
#6433=VERTEX_POINT('',#18096);
#6434=VERTEX_POINT('',#18098);
#6435=VERTEX_POINT('',#18100);
#6436=VERTEX_POINT('',#18104);
#6437=VERTEX_POINT('',#18105);
#6438=VERTEX_POINT('',#18107);
#6439=VERTEX_POINT('',#18109);
#6440=VERTEX_POINT('',#18113);
#6441=VERTEX_POINT('',#18114);
#6442=VERTEX_POINT('',#18116);
#6443=VERTEX_POINT('',#18118);
#6444=VERTEX_POINT('',#18122);
#6445=VERTEX_POINT('',#18123);
#6446=VERTEX_POINT('',#18125);
#6447=VERTEX_POINT('',#18127);
#6448=VERTEX_POINT('',#18129);
#6449=VERTEX_POINT('',#18131);
#6450=VERTEX_POINT('',#18133);
#6451=VERTEX_POINT('',#18135);
#6452=VERTEX_POINT('',#18137);
#6453=VERTEX_POINT('',#18139);
#6454=VERTEX_POINT('',#18141);
#6455=VERTEX_POINT('',#18143);
#6456=VERTEX_POINT('',#18147);
#6457=VERTEX_POINT('',#18148);
#6458=VERTEX_POINT('',#18150);
#6459=VERTEX_POINT('',#18152);
#6460=VERTEX_POINT('',#18154);
#6461=VERTEX_POINT('',#18156);
#6462=VERTEX_POINT('',#18158);
#6463=VERTEX_POINT('',#18160);
#6464=VERTEX_POINT('',#18164);
#6465=VERTEX_POINT('',#18165);
#6466=VERTEX_POINT('',#18167);
#6467=VERTEX_POINT('',#18169);
#6468=VERTEX_POINT('',#18173);
#6469=VERTEX_POINT('',#18174);
#6470=VERTEX_POINT('',#18176);
#6471=VERTEX_POINT('',#18178);
#6472=VERTEX_POINT('',#18182);
#6473=VERTEX_POINT('',#18183);
#6474=VERTEX_POINT('',#18185);
#6475=VERTEX_POINT('',#18187);
#6476=VERTEX_POINT('',#18191);
#6477=VERTEX_POINT('',#18192);
#6478=VERTEX_POINT('',#18194);
#6479=VERTEX_POINT('',#18196);
#6480=VERTEX_POINT('',#18200);
#6481=VERTEX_POINT('',#18201);
#6482=VERTEX_POINT('',#18203);
#6483=VERTEX_POINT('',#18205);
#6484=VERTEX_POINT('',#18209);
#6485=VERTEX_POINT('',#18210);
#6486=VERTEX_POINT('',#18212);
#6487=VERTEX_POINT('',#18214);
#6488=VERTEX_POINT('',#18218);
#6489=VERTEX_POINT('',#18219);
#6490=VERTEX_POINT('',#18221);
#6491=VERTEX_POINT('',#18223);
#6492=VERTEX_POINT('',#18227);
#6493=VERTEX_POINT('',#18228);
#6494=VERTEX_POINT('',#18230);
#6495=VERTEX_POINT('',#18232);
#6496=VERTEX_POINT('',#18236);
#6497=VERTEX_POINT('',#18237);
#6498=VERTEX_POINT('',#18239);
#6499=VERTEX_POINT('',#18241);
#6500=VERTEX_POINT('',#18245);
#6501=VERTEX_POINT('',#18246);
#6502=VERTEX_POINT('',#18248);
#6503=VERTEX_POINT('',#18250);
#6504=VERTEX_POINT('',#18254);
#6505=VERTEX_POINT('',#18255);
#6506=VERTEX_POINT('',#18257);
#6507=VERTEX_POINT('',#18259);
#6508=VERTEX_POINT('',#18263);
#6509=VERTEX_POINT('',#18264);
#6510=VERTEX_POINT('',#18266);
#6511=VERTEX_POINT('',#18268);
#6512=VERTEX_POINT('',#18275);
#6513=VERTEX_POINT('',#18276);
#6514=VERTEX_POINT('',#18281);
#6515=VERTEX_POINT('',#18282);
#6516=VERTEX_POINT('',#18284);
#6517=VERTEX_POINT('',#18286);
#6518=VERTEX_POINT('',#18290);
#6519=VERTEX_POINT('',#18291);
#6520=VERTEX_POINT('',#18296);
#6521=VERTEX_POINT('',#18297);
#6522=VERTEX_POINT('',#18299);
#6523=VERTEX_POINT('',#18301);
#6524=VERTEX_POINT('',#18305);
#6525=VERTEX_POINT('',#18306);
#6526=VERTEX_POINT('',#18308);
#6527=VERTEX_POINT('',#18310);
#6528=VERTEX_POINT('',#18314);
#6529=VERTEX_POINT('',#18315);
#6530=VERTEX_POINT('',#18320);
#6531=VERTEX_POINT('',#18321);
#6532=VERTEX_POINT('',#18323);
#6533=VERTEX_POINT('',#18325);
#6534=VERTEX_POINT('',#18329);
#6535=VERTEX_POINT('',#18330);
#6536=VERTEX_POINT('',#18335);
#6537=VERTEX_POINT('',#18336);
#6538=VERTEX_POINT('',#18338);
#6539=VERTEX_POINT('',#18340);
#6540=VERTEX_POINT('',#18347);
#6541=VERTEX_POINT('',#18348);
#6542=VERTEX_POINT('',#18350);
#6543=VERTEX_POINT('',#18352);
#6544=VERTEX_POINT('',#18359);
#6545=VERTEX_POINT('',#18360);
#6546=VERTEX_POINT('',#18362);
#6547=VERTEX_POINT('',#18364);
#6548=VERTEX_POINT('',#18371);
#6549=VERTEX_POINT('',#18372);
#6550=VERTEX_POINT('',#18377);
#6551=VERTEX_POINT('',#18378);
#6552=VERTEX_POINT('',#18381);
#6553=VERTEX_POINT('',#18383);
#6554=VERTEX_POINT('',#18386);
#6555=VERTEX_POINT('',#18388);
#6556=VERTEX_POINT('',#18390);
#6557=VERTEX_POINT('',#18392);
#6558=VERTEX_POINT('',#18394);
#6559=VERTEX_POINT('',#18396);
#6560=VERTEX_POINT('',#18398);
#6561=VERTEX_POINT('',#18400);
#6562=VERTEX_POINT('',#18402);
#6563=VERTEX_POINT('',#18404);
#6564=VERTEX_POINT('',#18406);
#6565=VERTEX_POINT('',#18408);
#6566=VERTEX_POINT('',#18410);
#6567=VERTEX_POINT('',#18412);
#6568=VERTEX_POINT('',#18414);
#6569=VERTEX_POINT('',#18416);
#6570=VERTEX_POINT('',#18418);
#6571=VERTEX_POINT('',#18420);
#6572=VERTEX_POINT('',#18422);
#6573=VERTEX_POINT('',#18424);
#6574=VERTEX_POINT('',#18427);
#6575=VERTEX_POINT('',#18429);
#6576=VERTEX_POINT('',#18433);
#6577=VERTEX_POINT('',#18435);
#6578=VERTEX_POINT('',#18437);
#6579=VERTEX_POINT('',#18439);
#6580=VERTEX_POINT('',#18441);
#6581=VERTEX_POINT('',#18443);
#6582=VERTEX_POINT('',#18445);
#6583=VERTEX_POINT('',#18447);
#6584=VERTEX_POINT('',#18452);
#6585=VERTEX_POINT('',#18454);
#6586=VERTEX_POINT('',#18457);
#6587=VERTEX_POINT('',#18464);
#6588=VERTEX_POINT('',#18466);
#6589=VERTEX_POINT('',#18468);
#6590=VERTEX_POINT('',#18470);
#6591=VERTEX_POINT('',#18472);
#6592=VERTEX_POINT('',#18474);
#6593=VERTEX_POINT('',#18476);
#6594=VERTEX_POINT('',#18478);
#6595=VERTEX_POINT('',#18480);
#6596=VERTEX_POINT('',#18482);
#6597=VERTEX_POINT('',#18484);
#6598=VERTEX_POINT('',#18486);
#6599=VERTEX_POINT('',#18488);
#6600=VERTEX_POINT('',#18490);
#6601=VERTEX_POINT('',#18492);
#6602=VERTEX_POINT('',#18495);
#6603=VERTEX_POINT('',#18498);
#6604=VERTEX_POINT('',#18500);
#6605=VERTEX_POINT('',#18502);
#6606=VERTEX_POINT('',#18504);
#6607=VERTEX_POINT('',#18506);
#6608=VERTEX_POINT('',#18508);
#6609=VERTEX_POINT('',#18510);
#6610=VERTEX_POINT('',#18512);
#6611=VERTEX_POINT('',#18514);
#6612=VERTEX_POINT('',#18516);
#6613=VERTEX_POINT('',#18520);
#6614=VERTEX_POINT('',#18522);
#6615=VERTEX_POINT('',#18525);
#6616=VERTEX_POINT('',#18527);
#6617=VERTEX_POINT('',#18532);
#6618=VERTEX_POINT('',#18534);
#6619=VERTEX_POINT('',#18538);
#6620=VERTEX_POINT('',#18540);
#6621=VERTEX_POINT('',#18542);
#6622=VERTEX_POINT('',#18549);
#6623=VERTEX_POINT('',#18551);
#6624=VERTEX_POINT('',#18556);
#6625=VERTEX_POINT('',#18558);
#6626=VERTEX_POINT('',#18566);
#6627=VERTEX_POINT('',#18569);
#6628=VERTEX_POINT('',#18571);
#6629=VERTEX_POINT('',#18573);
#6630=VERTEX_POINT('',#18575);
#6631=VERTEX_POINT('',#18577);
#6632=VERTEX_POINT('',#18579);
#6633=VERTEX_POINT('',#18581);
#6634=VERTEX_POINT('',#18583);
#6635=VERTEX_POINT('',#18585);
#6636=VERTEX_POINT('',#18587);
#6637=VERTEX_POINT('',#18589);
#6638=VERTEX_POINT('',#18591);
#6639=VERTEX_POINT('',#18593);
#6640=VERTEX_POINT('',#18596);
#6641=VERTEX_POINT('',#18598);
#6642=VERTEX_POINT('',#18600);
#6643=VERTEX_POINT('',#18602);
#6644=VERTEX_POINT('',#18604);
#6645=VERTEX_POINT('',#18606);
#6646=VERTEX_POINT('',#18608);
#6647=VERTEX_POINT('',#18610);
#6648=VERTEX_POINT('',#18612);
#6649=VERTEX_POINT('',#18614);
#6650=VERTEX_POINT('',#18616);
#6651=VERTEX_POINT('',#18618);
#6652=VERTEX_POINT('',#18644);
#6653=VERTEX_POINT('',#18646);
#6654=VERTEX_POINT('',#18649);
#6655=VERTEX_POINT('',#18651);
#6656=VERTEX_POINT('',#18654);
#6657=VERTEX_POINT('',#18656);
#6658=VERTEX_POINT('',#18678);
#6659=VERTEX_POINT('',#18680);
#6660=VERTEX_POINT('',#18683);
#6661=VERTEX_POINT('',#18685);
#6662=VERTEX_POINT('',#18687);
#6663=VERTEX_POINT('',#18689);
#6664=VERTEX_POINT('',#18691);
#6665=VERTEX_POINT('',#18695);
#6666=VERTEX_POINT('',#18697);
#6667=VERTEX_POINT('',#18699);
#6668=VERTEX_POINT('',#18701);
#6669=VERTEX_POINT('',#18703);
#6670=VERTEX_POINT('',#18706);
#6671=VERTEX_POINT('',#18708);
#6672=VERTEX_POINT('',#18717);
#6673=VERTEX_POINT('',#18719);
#6674=VERTEX_POINT('',#18722);
#6675=VERTEX_POINT('',#18724);
#6676=VERTEX_POINT('',#18726);
#6677=VERTEX_POINT('',#18728);
#6678=VERTEX_POINT('',#18730);
#6679=VERTEX_POINT('',#18732);
#6680=VERTEX_POINT('',#18736);
#6681=VERTEX_POINT('',#18738);
#6682=VERTEX_POINT('',#18740);
#6683=VERTEX_POINT('',#18742);
#6684=VERTEX_POINT('',#18744);
#6685=VERTEX_POINT('',#18746);
#6686=VERTEX_POINT('',#18749);
#6687=VERTEX_POINT('',#18751);
#6688=VERTEX_POINT('',#18769);
#6689=VERTEX_POINT('',#18770);
#6690=VERTEX_POINT('',#18776);
#6691=VERTEX_POINT('',#18780);
#6692=VERTEX_POINT('',#18782);
#6693=VERTEX_POINT('',#18784);
#6694=VERTEX_POINT('',#18786);
#6695=VERTEX_POINT('',#18788);
#6696=VERTEX_POINT('',#18792);
#6697=VERTEX_POINT('',#18794);
#6698=VERTEX_POINT('',#18803);
#6699=VERTEX_POINT('',#18806);
#6700=VERTEX_POINT('',#18808);
#6701=VERTEX_POINT('',#18810);
#6702=VERTEX_POINT('',#18816);
#6703=VERTEX_POINT('',#18818);
#6704=VERTEX_POINT('',#18820);
#6705=VERTEX_POINT('',#18823);
#6706=VERTEX_POINT('',#18830);
#6707=VERTEX_POINT('',#18833);
#6708=VERTEX_POINT('',#18835);
#6709=VERTEX_POINT('',#18837);
#6710=VERTEX_POINT('',#18843);
#6711=VERTEX_POINT('',#18845);
#6712=VERTEX_POINT('',#18847);
#6713=VERTEX_POINT('',#18850);
#6714=VERTEX_POINT('',#18857);
#6715=VERTEX_POINT('',#18860);
#6716=VERTEX_POINT('',#18862);
#6717=VERTEX_POINT('',#18864);
#6718=VERTEX_POINT('',#18871);
#6719=VERTEX_POINT('',#18873);
#6720=VERTEX_POINT('',#18875);
#6721=VERTEX_POINT('',#18878);
#6722=VERTEX_POINT('',#18884);
#6723=VERTEX_POINT('',#18887);
#6724=VERTEX_POINT('',#18889);
#6725=VERTEX_POINT('',#18891);
#6726=VERTEX_POINT('',#18896);
#6727=VERTEX_POINT('',#18898);
#6728=VERTEX_POINT('',#18900);
#6729=VERTEX_POINT('',#18903);
#6730=VERTEX_POINT('',#18912);
#6731=VERTEX_POINT('',#18915);
#6732=VERTEX_POINT('',#18917);
#6733=VERTEX_POINT('',#18919);
#6734=VERTEX_POINT('',#18925);
#6735=VERTEX_POINT('',#18927);
#6736=VERTEX_POINT('',#18929);
#6737=VERTEX_POINT('',#18932);
#6738=VERTEX_POINT('',#18941);
#6739=VERTEX_POINT('',#18944);
#6740=VERTEX_POINT('',#18946);
#6741=VERTEX_POINT('',#18948);
#6742=VERTEX_POINT('',#18954);
#6743=VERTEX_POINT('',#18956);
#6744=VERTEX_POINT('',#18958);
#6745=VERTEX_POINT('',#18961);
#6746=VERTEX_POINT('',#19037);
#6747=VERTEX_POINT('',#19041);
#6748=VERTEX_POINT('',#19048);
#6749=VERTEX_POINT('',#19052);
#6750=VERTEX_POINT('',#19076);
#6751=VERTEX_POINT('',#19078);
#6752=VERTEX_POINT('',#19081);
#6753=VERTEX_POINT('',#19084);
#6754=VERTEX_POINT('',#19087);
#6755=VERTEX_POINT('',#19090);
#6756=VERTEX_POINT('',#19093);
#6757=VERTEX_POINT('',#19096);
#6758=VERTEX_POINT('',#19099);
#6759=VERTEX_POINT('',#19102);
#6760=VERTEX_POINT('',#19108);
#6761=VERTEX_POINT('',#19109);
#6762=VERTEX_POINT('',#19111);
#6763=VERTEX_POINT('',#19113);
#6764=VERTEX_POINT('',#19116);
#6765=VERTEX_POINT('',#19117);
#6766=VERTEX_POINT('',#19119);
#6767=VERTEX_POINT('',#19121);
#6768=VERTEX_POINT('',#19124);
#6769=VERTEX_POINT('',#19125);
#6770=VERTEX_POINT('',#19127);
#6771=VERTEX_POINT('',#19129);
#6772=VERTEX_POINT('',#19131);
#6773=VERTEX_POINT('',#19133);
#6774=VERTEX_POINT('',#19135);
#6775=VERTEX_POINT('',#19137);
#6776=VERTEX_POINT('',#19139);
#6777=VERTEX_POINT('',#19141);
#6778=VERTEX_POINT('',#19143);
#6779=VERTEX_POINT('',#19145);
#6780=VERTEX_POINT('',#19147);
#6781=VERTEX_POINT('',#19149);
#6782=VERTEX_POINT('',#19151);
#6783=VERTEX_POINT('',#19153);
#6784=VERTEX_POINT('',#19155);
#6785=VERTEX_POINT('',#19157);
#6786=VERTEX_POINT('',#19161);
#6787=VERTEX_POINT('',#19162);
#6788=VERTEX_POINT('',#19164);
#6789=VERTEX_POINT('',#19166);
#6790=VERTEX_POINT('',#19168);
#6791=VERTEX_POINT('',#19170);
#6792=VERTEX_POINT('',#19174);
#6793=VERTEX_POINT('',#19175);
#6794=VERTEX_POINT('',#19178);
#6795=VERTEX_POINT('',#19180);
#6796=VERTEX_POINT('',#19184);
#6797=VERTEX_POINT('',#19185);
#6798=VERTEX_POINT('',#19187);
#6799=VERTEX_POINT('',#19189);
#6800=VERTEX_POINT('',#19192);
#6801=VERTEX_POINT('',#19194);
#6802=VERTEX_POINT('',#19196);
#6803=VERTEX_POINT('',#19198);
#6804=VERTEX_POINT('',#19200);
#6805=VERTEX_POINT('',#19202);
#6806=VERTEX_POINT('',#19204);
#6807=VERTEX_POINT('',#19206);
#6808=VERTEX_POINT('',#19208);
#6809=VERTEX_POINT('',#19210);
#6810=VERTEX_POINT('',#19212);
#6811=VERTEX_POINT('',#19214);
#6812=VERTEX_POINT('',#19216);
#6813=VERTEX_POINT('',#19218);
#6814=VERTEX_POINT('',#19220);
#6815=VERTEX_POINT('',#19222);
#6816=VERTEX_POINT('',#19224);
#6817=VERTEX_POINT('',#19226);
#6818=VERTEX_POINT('',#19228);
#6819=VERTEX_POINT('',#19230);
#6820=VERTEX_POINT('',#19232);
#6821=VERTEX_POINT('',#19234);
#6822=VERTEX_POINT('',#19236);
#6823=VERTEX_POINT('',#19238);
#6824=VERTEX_POINT('',#19240);
#6825=VERTEX_POINT('',#19242);
#6826=VERTEX_POINT('',#19244);
#6827=VERTEX_POINT('',#19246);
#6828=VERTEX_POINT('',#19248);
#6829=VERTEX_POINT('',#19250);
#6830=VERTEX_POINT('',#19252);
#6831=VERTEX_POINT('',#19254);
#6832=VERTEX_POINT('',#19256);
#6833=VERTEX_POINT('',#19258);
#6834=VERTEX_POINT('',#19260);
#6835=VERTEX_POINT('',#19262);
#6836=VERTEX_POINT('',#19264);
#6837=VERTEX_POINT('',#19266);
#6838=VERTEX_POINT('',#19268);
#6839=VERTEX_POINT('',#19270);
#6840=VERTEX_POINT('',#19274);
#6841=VERTEX_POINT('',#19276);
#6842=VERTEX_POINT('',#19278);
#6843=VERTEX_POINT('',#19280);
#6844=VERTEX_POINT('',#19282);
#6845=VERTEX_POINT('',#19284);
#6846=VERTEX_POINT('',#19286);
#6847=VERTEX_POINT('',#19288);
#6848=VERTEX_POINT('',#19290);
#6849=VERTEX_POINT('',#19292);
#6850=VERTEX_POINT('',#19296);
#6851=VERTEX_POINT('',#19297);
#6852=VERTEX_POINT('',#19299);
#6853=VERTEX_POINT('',#19301);
#6854=VERTEX_POINT('',#19303);
#6855=VERTEX_POINT('',#19305);
#6856=VERTEX_POINT('',#19307);
#6857=VERTEX_POINT('',#19309);
#6858=VERTEX_POINT('',#19311);
#6859=VERTEX_POINT('',#19313);
#6860=VERTEX_POINT('',#19315);
#6861=VERTEX_POINT('',#19317);
#6862=VERTEX_POINT('',#19324);
#6863=VERTEX_POINT('',#19325);
#6864=VERTEX_POINT('',#19327);
#6865=VERTEX_POINT('',#19329);
#6866=VERTEX_POINT('',#19331);
#6867=VERTEX_POINT('',#19333);
#6868=VERTEX_POINT('',#19335);
#6869=VERTEX_POINT('',#19337);
#6870=VERTEX_POINT('',#19339);
#6871=VERTEX_POINT('',#19341);
#6872=VERTEX_POINT('',#19343);
#6873=VERTEX_POINT('',#19346);
#6874=VERTEX_POINT('',#19348);
#6875=VERTEX_POINT('',#19351);
#6876=VERTEX_POINT('',#19353);
#6877=VERTEX_POINT('',#19355);
#6878=VERTEX_POINT('',#19357);
#6879=VERTEX_POINT('',#19360);
#6880=VERTEX_POINT('',#19362);
#6881=VERTEX_POINT('',#19366);
#6882=VERTEX_POINT('',#19367);
#6883=VERTEX_POINT('',#19369);
#6884=VERTEX_POINT('',#19371);
#6885=VERTEX_POINT('',#19373);
#6886=VERTEX_POINT('',#19375);
#6887=VERTEX_POINT('',#19377);
#6888=VERTEX_POINT('',#19379);
#6889=VERTEX_POINT('',#19381);
#6890=VERTEX_POINT('',#19383);
#6891=VERTEX_POINT('',#19385);
#6892=VERTEX_POINT('',#19387);
#6893=VERTEX_POINT('',#19389);
#6894=VERTEX_POINT('',#19391);
#6895=VERTEX_POINT('',#19393);
#6896=VERTEX_POINT('',#19395);
#6897=VERTEX_POINT('',#19397);
#6898=VERTEX_POINT('',#19399);
#6899=VERTEX_POINT('',#19401);
#6900=VERTEX_POINT('',#19403);
#6901=VERTEX_POINT('',#19406);
#6902=VERTEX_POINT('',#19407);
#6903=VERTEX_POINT('',#19410);
#6904=VERTEX_POINT('',#19412);
#6905=VERTEX_POINT('',#19417);
#6906=VERTEX_POINT('',#19418);
#6907=VERTEX_POINT('',#19420);
#6908=VERTEX_POINT('',#19422);
#6909=VERTEX_POINT('',#19424);
#6910=VERTEX_POINT('',#19426);
#6911=VERTEX_POINT('',#19428);
#6912=VERTEX_POINT('',#19430);
#6913=VERTEX_POINT('',#19432);
#6914=VERTEX_POINT('',#19434);
#6915=VERTEX_POINT('',#19436);
#6916=VERTEX_POINT('',#19438);
#6917=VERTEX_POINT('',#19440);
#6918=VERTEX_POINT('',#19442);
#6919=VERTEX_POINT('',#19444);
#6920=VERTEX_POINT('',#19446);
#6921=VERTEX_POINT('',#19448);
#6922=VERTEX_POINT('',#19450);
#6923=VERTEX_POINT('',#19452);
#6924=VERTEX_POINT('',#19454);
#6925=VERTEX_POINT('',#19456);
#6926=VERTEX_POINT('',#19458);
#6927=VERTEX_POINT('',#19460);
#6928=VERTEX_POINT('',#19462);
#6929=VERTEX_POINT('',#19464);
#6930=VERTEX_POINT('',#19466);
#6931=VERTEX_POINT('',#19468);
#6932=VERTEX_POINT('',#19470);
#6933=VERTEX_POINT('',#19472);
#6934=VERTEX_POINT('',#19474);
#6935=VERTEX_POINT('',#19476);
#6936=VERTEX_POINT('',#19478);
#6937=VERTEX_POINT('',#19480);
#6938=VERTEX_POINT('',#19482);
#6939=VERTEX_POINT('',#19484);
#6940=VERTEX_POINT('',#19486);
#6941=VERTEX_POINT('',#19488);
#6942=VERTEX_POINT('',#19490);
#6943=VERTEX_POINT('',#19492);
#6944=VERTEX_POINT('',#19494);
#6945=VERTEX_POINT('',#19496);
#6946=VERTEX_POINT('',#19498);
#6947=VERTEX_POINT('',#19500);
#6948=VERTEX_POINT('',#19502);
#6949=VERTEX_POINT('',#19504);
#6950=VERTEX_POINT('',#19506);
#6951=VERTEX_POINT('',#19508);
#6952=VERTEX_POINT('',#19510);
#6953=VERTEX_POINT('',#19514);
#6954=VERTEX_POINT('',#19515);
#6955=VERTEX_POINT('',#19517);
#6956=VERTEX_POINT('',#19519);
#6957=VERTEX_POINT('',#19523);
#6958=VERTEX_POINT('',#19524);
#6959=VERTEX_POINT('',#19526);
#6960=VERTEX_POINT('',#19528);
#6961=VERTEX_POINT('',#19532);
#6962=VERTEX_POINT('',#19535);
#6963=VERTEX_POINT('',#19539);
#6964=VERTEX_POINT('',#19540);
#6965=VERTEX_POINT('',#19543);
#6966=VERTEX_POINT('',#19545);
#6967=VERTEX_POINT('',#19547);
#6968=VERTEX_POINT('',#19549);
#6969=VERTEX_POINT('',#19551);
#6970=VERTEX_POINT('',#19553);
#6971=VERTEX_POINT('',#19555);
#6972=VERTEX_POINT('',#19557);
#6973=VERTEX_POINT('',#19560);
#6974=VERTEX_POINT('',#19564);
#6975=VERTEX_POINT('',#19565);
#6976=VERTEX_POINT('',#19567);
#6977=VERTEX_POINT('',#19569);
#6978=VERTEX_POINT('',#19572);
#6979=VERTEX_POINT('',#19573);
#6980=VERTEX_POINT('',#19575);
#6981=VERTEX_POINT('',#19577);
#6982=VERTEX_POINT('',#19581);
#6983=VERTEX_POINT('',#19582);
#6984=VERTEX_POINT('',#19584);
#6985=VERTEX_POINT('',#19587);
#6986=VERTEX_POINT('',#19590);
#6987=VERTEX_POINT('',#19591);
#6988=VERTEX_POINT('',#19593);
#6989=VERTEX_POINT('',#19595);
#6990=VERTEX_POINT('',#19599);
#6991=VERTEX_POINT('',#19601);
#6992=VERTEX_POINT('',#19603);
#6993=VERTEX_POINT('',#19605);
#6994=VERTEX_POINT('',#19608);
#6995=VERTEX_POINT('',#19609);
#6996=VERTEX_POINT('',#19611);
#6997=VERTEX_POINT('',#19613);
#6998=VERTEX_POINT('',#19617);
#6999=VERTEX_POINT('',#19618);
#7000=VERTEX_POINT('',#19620);
#7001=VERTEX_POINT('',#19622);
#7002=VERTEX_POINT('',#19626);
#7003=VERTEX_POINT('',#19627);
#7004=VERTEX_POINT('',#19629);
#7005=VERTEX_POINT('',#19631);
#7006=VERTEX_POINT('',#19635);
#7007=VERTEX_POINT('',#19637);
#7008=VERTEX_POINT('',#19641);
#7009=VERTEX_POINT('',#19642);
#7010=VERTEX_POINT('',#19644);
#7011=VERTEX_POINT('',#19648);
#7012=VERTEX_POINT('',#19650);
#7013=VERTEX_POINT('',#19652);
#7014=VERTEX_POINT('',#19654);
#7015=VERTEX_POINT('',#19658);
#7016=VERTEX_POINT('',#19660);
#7017=VERTEX_POINT('',#19664);
#7018=VERTEX_POINT('',#19666);
#7019=VERTEX_POINT('',#19671);
#7020=VERTEX_POINT('',#19672);
#7021=VERTEX_POINT('',#19674);
#7022=VERTEX_POINT('',#19676);
#7023=VERTEX_POINT('',#19678);
#7024=VERTEX_POINT('',#19682);
#7025=VERTEX_POINT('',#19684);
#7026=VERTEX_POINT('',#19688);
#7027=VERTEX_POINT('',#19693);
#7028=VERTEX_POINT('',#19694);
#7029=VERTEX_POINT('',#19696);
#7030=VERTEX_POINT('',#19698);
#7031=VERTEX_POINT('',#19702);
#7032=VERTEX_POINT('',#19703);
#7033=VERTEX_POINT('',#19705);
#7034=VERTEX_POINT('',#19707);
#7035=VERTEX_POINT('',#19711);
#7036=VERTEX_POINT('',#19713);
#7037=VERTEX_POINT('',#19717);
#7038=VERTEX_POINT('',#19718);
#7039=VERTEX_POINT('',#19720);
#7040=VERTEX_POINT('',#19722);
#7041=VERTEX_POINT('',#19726);
#7042=VERTEX_POINT('',#19728);
#7043=VERTEX_POINT('',#19732);
#7044=VERTEX_POINT('',#19735);
#7045=VERTEX_POINT('',#19741);
#7046=VERTEX_POINT('',#19745);
#7047=VERTEX_POINT('',#19752);
#7048=VERTEX_POINT('',#19756);
#7049=VERTEX_POINT('',#19760);
#7050=VERTEX_POINT('',#19764);
#7051=VERTEX_POINT('',#19769);
#7052=VERTEX_POINT('',#19770);
#7053=VERTEX_POINT('',#19773);
#7054=VERTEX_POINT('',#19776);
#7055=VERTEX_POINT('',#19781);
#7056=VERTEX_POINT('',#19782);
#7057=VERTEX_POINT('',#19787);
#7058=VERTEX_POINT('',#19788);
#7059=VERTEX_POINT('',#19794);
#7060=VERTEX_POINT('',#19797);
#7061=VERTEX_POINT('',#19801);
#7062=VERTEX_POINT('',#19803);
#7063=VERTEX_POINT('',#19806);
#7064=VERTEX_POINT('',#19810);
#7065=VERTEX_POINT('',#19813);
#7066=VERTEX_POINT('',#19815);
#7067=VERTEX_POINT('',#19825);
#7068=VERTEX_POINT('',#19834);
#7069=VERTEX_POINT('',#19838);
#7070=VERTEX_POINT('',#19847);
#7071=VERTEX_POINT('',#19851);
#7072=VERTEX_POINT('',#19860);
#7073=VERTEX_POINT('',#19864);
#7074=VERTEX_POINT('',#19873);
#7075=VERTEX_POINT('',#19877);
#7076=VERTEX_POINT('',#19886);
#7077=VERTEX_POINT('',#19890);
#7078=VERTEX_POINT('',#19899);
#7079=VERTEX_POINT('',#19903);
#7080=VERTEX_POINT('',#19912);
#7081=VERTEX_POINT('',#19916);
#7082=VERTEX_POINT('',#19925);
#7083=VERTEX_POINT('',#19929);
#7084=VERTEX_POINT('',#19933);
#7085=VERTEX_POINT('',#19935);
#7086=VERTEX_POINT('',#19937);
#7087=VERTEX_POINT('',#19939);
#7088=VERTEX_POINT('',#19941);
#7089=VERTEX_POINT('',#19943);
#7090=VERTEX_POINT('',#19947);
#7091=VERTEX_POINT('',#19951);
#7092=VERTEX_POINT('',#19978);
#7093=VERTEX_POINT('',#19984);
#7094=VERTEX_POINT('',#20015);
#7095=VERTEX_POINT('',#20019);
#7096=VERTEX_POINT('',#20025);
#7097=VERTEX_POINT('',#20036);
#7098=VERTEX_POINT('',#20056);
#7099=VERTEX_POINT('',#20063);
#7100=VERTEX_POINT('',#20070);
#7101=VERTEX_POINT('',#20077);
#7102=VERTEX_POINT('',#20153);
#7103=VERTEX_POINT('',#20157);
#7104=VERTEX_POINT('',#20172);
#7105=VERTEX_POINT('',#20174);
#7106=VERTEX_POINT('',#20177);
#7107=VERTEX_POINT('',#20180);
#7108=VERTEX_POINT('',#20183);
#7109=VERTEX_POINT('',#20186);
#7110=VERTEX_POINT('',#20192);
#7111=VERTEX_POINT('',#20193);
#7112=VERTEX_POINT('',#20195);
#7113=VERTEX_POINT('',#20197);
#7114=VERTEX_POINT('',#20201);
#7115=VERTEX_POINT('',#20202);
#7116=VERTEX_POINT('',#20204);
#7117=VERTEX_POINT('',#20206);
#7118=VERTEX_POINT('',#20210);
#7119=VERTEX_POINT('',#20211);
#7120=VERTEX_POINT('',#20213);
#7121=VERTEX_POINT('',#20215);
#7122=VERTEX_POINT('',#20219);
#7123=VERTEX_POINT('',#20220);
#7124=VERTEX_POINT('',#20222);
#7125=VERTEX_POINT('',#20224);
#7126=VERTEX_POINT('',#20228);
#7127=VERTEX_POINT('',#20229);
#7128=VERTEX_POINT('',#20231);
#7129=VERTEX_POINT('',#20233);
#7130=VERTEX_POINT('',#20237);
#7131=VERTEX_POINT('',#20238);
#7132=VERTEX_POINT('',#20240);
#7133=VERTEX_POINT('',#20242);
#7134=VERTEX_POINT('',#20246);
#7135=VERTEX_POINT('',#20247);
#7136=VERTEX_POINT('',#20249);
#7137=VERTEX_POINT('',#20251);
#7138=VERTEX_POINT('',#20255);
#7139=VERTEX_POINT('',#20256);
#7140=VERTEX_POINT('',#20258);
#7141=VERTEX_POINT('',#20260);
#7142=VERTEX_POINT('',#20263);
#7143=VERTEX_POINT('',#20264);
#7144=VERTEX_POINT('',#20266);
#7145=VERTEX_POINT('',#20268);
#7146=VERTEX_POINT('',#20270);
#7147=VERTEX_POINT('',#20272);
#7148=VERTEX_POINT('',#20274);
#7149=VERTEX_POINT('',#20276);
#7150=VERTEX_POINT('',#20278);
#7151=VERTEX_POINT('',#20280);
#7152=VERTEX_POINT('',#20282);
#7153=VERTEX_POINT('',#20284);
#7154=VERTEX_POINT('',#20286);
#7155=VERTEX_POINT('',#20288);
#7156=VERTEX_POINT('',#20290);
#7157=VERTEX_POINT('',#20292);
#7158=VERTEX_POINT('',#20294);
#7159=VERTEX_POINT('',#20296);
#7160=VERTEX_POINT('',#20298);
#7161=VERTEX_POINT('',#20300);
#7162=VERTEX_POINT('',#20302);
#7163=VERTEX_POINT('',#20304);
#7164=VERTEX_POINT('',#20306);
#7165=VERTEX_POINT('',#20308);
#7166=VERTEX_POINT('',#20310);
#7167=VERTEX_POINT('',#20312);
#7168=VERTEX_POINT('',#20314);
#7169=VERTEX_POINT('',#20316);
#7170=VERTEX_POINT('',#20319);
#7171=VERTEX_POINT('',#20323);
#7172=VERTEX_POINT('',#20324);
#7173=VERTEX_POINT('',#20326);
#7174=VERTEX_POINT('',#20328);
#7175=VERTEX_POINT('',#20330);
#7176=VERTEX_POINT('',#20333);
#7177=VERTEX_POINT('',#20335);
#7178=VERTEX_POINT('',#20337);
#7179=VERTEX_POINT('',#20339);
#7180=VERTEX_POINT('',#20341);
#7181=VERTEX_POINT('',#20343);
#7182=VERTEX_POINT('',#20345);
#7183=VERTEX_POINT('',#20347);
#7184=VERTEX_POINT('',#20349);
#7185=VERTEX_POINT('',#20351);
#7186=VERTEX_POINT('',#20353);
#7187=VERTEX_POINT('',#20355);
#7188=VERTEX_POINT('',#20357);
#7189=VERTEX_POINT('',#20359);
#7190=VERTEX_POINT('',#20361);
#7191=VERTEX_POINT('',#20363);
#7192=VERTEX_POINT('',#20365);
#7193=VERTEX_POINT('',#20367);
#7194=VERTEX_POINT('',#20369);
#7195=VERTEX_POINT('',#20371);
#7196=VERTEX_POINT('',#20373);
#7197=VERTEX_POINT('',#20375);
#7198=VERTEX_POINT('',#20377);
#7199=VERTEX_POINT('',#20379);
#7200=VERTEX_POINT('',#20382);
#7201=VERTEX_POINT('',#20383);
#7202=VERTEX_POINT('',#20385);
#7203=VERTEX_POINT('',#20387);
#7204=VERTEX_POINT('',#20397);
#7205=VERTEX_POINT('',#20398);
#7206=VERTEX_POINT('',#20400);
#7207=VERTEX_POINT('',#20402);
#7208=VERTEX_POINT('',#20404);
#7209=VERTEX_POINT('',#20406);
#7210=VERTEX_POINT('',#20408);
#7211=VERTEX_POINT('',#20410);
#7212=VERTEX_POINT('',#20414);
#7213=VERTEX_POINT('',#20415);
#7214=VERTEX_POINT('',#20417);
#7215=VERTEX_POINT('',#20419);
#7216=VERTEX_POINT('',#20421);
#7217=VERTEX_POINT('',#20423);
#7218=VERTEX_POINT('',#20425);
#7219=VERTEX_POINT('',#20430);
#7220=VERTEX_POINT('',#20432);
#7221=VERTEX_POINT('',#20434);
#7222=VERTEX_POINT('',#20438);
#7223=VERTEX_POINT('',#20440);
#7224=VERTEX_POINT('',#20442);
#7225=VERTEX_POINT('',#20444);
#7226=VERTEX_POINT('',#20446);
#7227=VERTEX_POINT('',#20448);
#7228=VERTEX_POINT('',#20450);
#7229=VERTEX_POINT('',#20454);
#7230=VERTEX_POINT('',#20456);
#7231=VERTEX_POINT('',#20458);
#7232=VERTEX_POINT('',#20462);
#7233=VERTEX_POINT('',#20464);
#7234=VERTEX_POINT('',#20466);
#7235=VERTEX_POINT('',#20468);
#7236=VERTEX_POINT('',#20471);
#7237=VERTEX_POINT('',#20473);
#7238=VERTEX_POINT('',#20475);
#7239=VERTEX_POINT('',#20477);
#7240=VERTEX_POINT('',#20479);
#7241=VERTEX_POINT('',#20481);
#7242=VERTEX_POINT('',#20483);
#7243=VERTEX_POINT('',#20488);
#7244=VERTEX_POINT('',#20492);
#7245=VERTEX_POINT('',#20494);
#7246=VERTEX_POINT('',#20496);
#7247=VERTEX_POINT('',#20498);
#7248=VERTEX_POINT('',#20501);
#7249=VERTEX_POINT('',#20506);
#7250=VERTEX_POINT('',#20508);
#7251=VERTEX_POINT('',#20510);
#7252=VERTEX_POINT('',#20512);
#7253=VERTEX_POINT('',#20514);
#7254=VERTEX_POINT('',#20516);
#7255=VERTEX_POINT('',#20518);
#7256=VERTEX_POINT('',#20522);
#7257=VERTEX_POINT('',#20523);
#7258=VERTEX_POINT('',#20525);
#7259=VERTEX_POINT('',#20527);
#7260=VERTEX_POINT('',#20531);
#7261=VERTEX_POINT('',#20533);
#7262=VERTEX_POINT('',#20537);
#7263=VERTEX_POINT('',#20538);
#7264=VERTEX_POINT('',#20540);
#7265=VERTEX_POINT('',#20542);
#7266=VERTEX_POINT('',#20544);
#7267=VERTEX_POINT('',#20546);
#7268=VERTEX_POINT('',#20548);
#7269=VERTEX_POINT('',#20550);
#7270=VERTEX_POINT('',#20554);
#7271=VERTEX_POINT('',#20555);
#7272=VERTEX_POINT('',#20557);
#7273=VERTEX_POINT('',#20559);
#7274=VERTEX_POINT('',#20561);
#7275=VERTEX_POINT('',#20563);
#7276=VERTEX_POINT('',#20565);
#7277=VERTEX_POINT('',#20567);
#7278=VERTEX_POINT('',#20571);
#7279=VERTEX_POINT('',#20572);
#7280=VERTEX_POINT('',#20574);
#7281=VERTEX_POINT('',#20576);
#7282=VERTEX_POINT('',#20578);
#7283=VERTEX_POINT('',#20580);
#7284=VERTEX_POINT('',#20582);
#7285=VERTEX_POINT('',#20584);
#7286=VERTEX_POINT('',#20586);
#7287=VERTEX_POINT('',#20588);
#7288=VERTEX_POINT('',#20590);
#7289=VERTEX_POINT('',#20592);
#7290=VERTEX_POINT('',#20594);
#7291=VERTEX_POINT('',#20596);
#7292=VERTEX_POINT('',#20598);
#7293=VERTEX_POINT('',#20600);
#7294=VERTEX_POINT('',#20604);
#7295=VERTEX_POINT('',#20606);
#7296=VERTEX_POINT('',#20608);
#7297=VERTEX_POINT('',#20610);
#7298=VERTEX_POINT('',#20612);
#7299=VERTEX_POINT('',#20614);
#7300=VERTEX_POINT('',#20616);
#7301=VERTEX_POINT('',#20618);
#7302=VERTEX_POINT('',#20620);
#7303=VERTEX_POINT('',#20624);
#7304=VERTEX_POINT('',#20626);
#7305=VERTEX_POINT('',#20628);
#7306=VERTEX_POINT('',#20630);
#7307=VERTEX_POINT('',#20632);
#7308=VERTEX_POINT('',#20634);
#7309=VERTEX_POINT('',#20636);
#7310=VERTEX_POINT('',#20638);
#7311=VERTEX_POINT('',#20640);
#7312=VERTEX_POINT('',#20642);
#7313=VERTEX_POINT('',#20644);
#7314=VERTEX_POINT('',#20646);
#7315=VERTEX_POINT('',#20648);
#7316=VERTEX_POINT('',#20650);
#7317=VERTEX_POINT('',#20653);
#7318=VERTEX_POINT('',#20655);
#7319=VERTEX_POINT('',#20657);
#7320=VERTEX_POINT('',#20664);
#7321=VERTEX_POINT('',#20665);
#7322=VERTEX_POINT('',#20667);
#7323=VERTEX_POINT('',#20669);
#7324=VERTEX_POINT('',#20673);
#7325=VERTEX_POINT('',#20675);
#7326=VERTEX_POINT('',#20679);
#7327=VERTEX_POINT('',#20681);
#7328=VERTEX_POINT('',#20695);
#7329=VERTEX_POINT('',#20697);
#7330=VERTEX_POINT('',#20702);
#7331=VERTEX_POINT('',#20703);
#7332=VERTEX_POINT('',#20705);
#7333=VERTEX_POINT('',#20707);
#7334=VERTEX_POINT('',#20711);
#7335=VERTEX_POINT('',#20712);
#7336=VERTEX_POINT('',#20714);
#7337=VERTEX_POINT('',#20716);
#7338=VERTEX_POINT('',#20719);
#7339=VERTEX_POINT('',#20720);
#7340=VERTEX_POINT('',#20722);
#7341=VERTEX_POINT('',#20724);
#7342=VERTEX_POINT('',#20726);
#7343=VERTEX_POINT('',#20728);
#7344=VERTEX_POINT('',#20730);
#7345=VERTEX_POINT('',#20733);
#7346=VERTEX_POINT('',#20735);
#7347=VERTEX_POINT('',#20737);
#7348=VERTEX_POINT('',#20739);
#7349=VERTEX_POINT('',#20741);
#7350=VERTEX_POINT('',#20743);
#7351=VERTEX_POINT('',#20745);
#7352=VERTEX_POINT('',#20747);
#7353=VERTEX_POINT('',#20749);
#7354=VERTEX_POINT('',#20751);
#7355=VERTEX_POINT('',#20753);
#7356=VERTEX_POINT('',#20755);
#7357=VERTEX_POINT('',#20757);
#7358=VERTEX_POINT('',#20759);
#7359=VERTEX_POINT('',#20761);
#7360=VERTEX_POINT('',#20763);
#7361=VERTEX_POINT('',#20765);
#7362=VERTEX_POINT('',#20767);
#7363=VERTEX_POINT('',#20769);
#7364=VERTEX_POINT('',#20771);
#7365=VERTEX_POINT('',#20773);
#7366=VERTEX_POINT('',#20775);
#7367=VERTEX_POINT('',#20779);
#7368=VERTEX_POINT('',#20780);
#7369=VERTEX_POINT('',#20782);
#7370=VERTEX_POINT('',#20784);
#7371=VERTEX_POINT('',#20786);
#7372=VERTEX_POINT('',#20788);
#7373=VERTEX_POINT('',#20790);
#7374=VERTEX_POINT('',#20792);
#7375=VERTEX_POINT('',#20794);
#7376=VERTEX_POINT('',#20796);
#7377=VERTEX_POINT('',#20798);
#7378=VERTEX_POINT('',#20800);
#7379=VERTEX_POINT('',#20802);
#7380=VERTEX_POINT('',#20804);
#7381=VERTEX_POINT('',#20806);
#7382=VERTEX_POINT('',#20808);
#7383=VERTEX_POINT('',#20810);
#7384=VERTEX_POINT('',#20812);
#7385=VERTEX_POINT('',#20814);
#7386=VERTEX_POINT('',#20816);
#7387=VERTEX_POINT('',#20818);
#7388=VERTEX_POINT('',#20820);
#7389=VERTEX_POINT('',#20822);
#7390=VERTEX_POINT('',#20824);
#7391=VERTEX_POINT('',#20826);
#7392=VERTEX_POINT('',#20828);
#7393=VERTEX_POINT('',#20831);
#7394=VERTEX_POINT('',#20833);
#7395=VERTEX_POINT('',#20835);
#7396=VERTEX_POINT('',#20838);
#7397=VERTEX_POINT('',#20839);
#7398=VERTEX_POINT('',#20841);
#7399=VERTEX_POINT('',#20843);
#7400=VERTEX_POINT('',#20853);
#7401=VERTEX_POINT('',#20855);
#7402=VERTEX_POINT('',#20858);
#7403=VERTEX_POINT('',#20867);
#7404=VERTEX_POINT('',#20871);
#7405=VERTEX_POINT('',#20872);
#7406=VERTEX_POINT('',#20874);
#7407=VERTEX_POINT('',#20876);
#7408=VERTEX_POINT('',#20880);
#7409=VERTEX_POINT('',#20882);
#7410=VERTEX_POINT('',#20886);
#7411=VERTEX_POINT('',#20888);
#7412=VERTEX_POINT('',#20892);
#7413=VERTEX_POINT('',#20893);
#7414=VERTEX_POINT('',#20895);
#7415=VERTEX_POINT('',#20897);
#7416=VERTEX_POINT('',#20899);
#7417=VERTEX_POINT('',#20901);
#7418=VERTEX_POINT('',#20903);
#7419=VERTEX_POINT('',#20906);
#7420=VERTEX_POINT('',#20908);
#7421=VERTEX_POINT('',#20910);
#7422=VERTEX_POINT('',#20913);
#7423=VERTEX_POINT('',#20915);
#7424=VERTEX_POINT('',#20917);
#7425=VERTEX_POINT('',#20921);
#7426=VERTEX_POINT('',#20923);
#7427=VERTEX_POINT('',#20925);
#7428=VERTEX_POINT('',#20927);
#7429=VERTEX_POINT('',#20929);
#7430=VERTEX_POINT('',#20931);
#7431=VERTEX_POINT('',#20933);
#7432=VERTEX_POINT('',#20935);
#7433=VERTEX_POINT('',#20937);
#7434=VERTEX_POINT('',#20941);
#7435=VERTEX_POINT('',#20943);
#7436=VERTEX_POINT('',#20945);
#7437=VERTEX_POINT('',#20947);
#7438=VERTEX_POINT('',#20949);
#7439=VERTEX_POINT('',#20951);
#7440=VERTEX_POINT('',#20953);
#7441=VERTEX_POINT('',#20955);
#7442=VERTEX_POINT('',#20957);
#7443=VERTEX_POINT('',#20959);
#7444=VERTEX_POINT('',#20961);
#7445=VERTEX_POINT('',#20963);
#7446=VERTEX_POINT('',#20972);
#7447=VERTEX_POINT('',#20974);
#7448=VERTEX_POINT('',#20976);
#7449=VERTEX_POINT('',#20978);
#7450=VERTEX_POINT('',#20983);
#7451=VERTEX_POINT('',#20985);
#7452=VERTEX_POINT('',#20987);
#7453=VERTEX_POINT('',#20989);
#7454=VERTEX_POINT('',#20994);
#7455=VERTEX_POINT('',#20995);
#7456=VERTEX_POINT('',#20997);
#7457=VERTEX_POINT('',#20999);
#7458=VERTEX_POINT('',#21003);
#7459=VERTEX_POINT('',#21005);
#7460=VERTEX_POINT('',#21009);
#7461=VERTEX_POINT('',#21011);
#7462=VERTEX_POINT('',#21070);
#7463=VERTEX_POINT('',#21074);
#7464=VERTEX_POINT('',#21078);
#7465=VERTEX_POINT('',#21080);
#7466=VERTEX_POINT('',#21086);
#7467=VERTEX_POINT('',#21088);
#7468=VERTEX_POINT('',#21090);
#7469=VERTEX_POINT('',#21092);
#7470=VERTEX_POINT('',#21095);
#7471=VERTEX_POINT('',#21097);
#7472=VERTEX_POINT('',#21099);
#7473=VERTEX_POINT('',#21101);
#7474=VERTEX_POINT('',#21109);
#7475=VERTEX_POINT('',#21111);
#7476=VERTEX_POINT('',#21115);
#7477=VERTEX_POINT('',#21117);
#7478=VERTEX_POINT('',#21119);
#7479=VERTEX_POINT('',#21121);
#7480=VERTEX_POINT('',#21123);
#7481=VERTEX_POINT('',#21125);
#7482=VERTEX_POINT('',#21132);
#7483=VERTEX_POINT('',#21133);
#7484=VERTEX_POINT('',#21136);
#7485=VERTEX_POINT('',#21138);
#7486=VERTEX_POINT('',#21145);
#7487=VERTEX_POINT('',#21146);
#7488=VERTEX_POINT('',#21148);
#7489=VERTEX_POINT('',#21150);
#7490=VERTEX_POINT('',#21159);
#7491=VERTEX_POINT('',#21160);
#7492=VERTEX_POINT('',#21162);
#7493=VERTEX_POINT('',#21164);
#7494=VERTEX_POINT('',#21212);
#7495=VERTEX_POINT('',#21213);
#7496=VERTEX_POINT('',#21216);
#7497=VERTEX_POINT('',#21218);
#7498=VERTEX_POINT('',#21222);
#7499=VERTEX_POINT('',#21223);
#7500=VERTEX_POINT('',#21228);
#7501=VERTEX_POINT('',#21230);
#7502=VERTEX_POINT('',#21250);
#7503=VERTEX_POINT('',#21252);
#7504=VERTEX_POINT('',#21256);
#7505=VERTEX_POINT('',#21257);
#7506=VERTEX_POINT('',#21259);
#7507=VERTEX_POINT('',#21261);
#7508=VERTEX_POINT('',#21265);
#7509=VERTEX_POINT('',#21266);
#7510=VERTEX_POINT('',#21271);
#7511=VERTEX_POINT('',#21274);
#7512=VERTEX_POINT('',#21281);
#7513=VERTEX_POINT('',#21282);
#7514=VERTEX_POINT('',#21287);
#7515=VERTEX_POINT('',#21288);
#7516=VERTEX_POINT('',#21299);
#7517=VERTEX_POINT('',#21301);
#7518=VERTEX_POINT('',#21324);
#7519=VERTEX_POINT('',#21325);
#7520=VERTEX_POINT('',#21330);
#7521=VERTEX_POINT('',#21332);
#7522=VERTEX_POINT('',#21337);
#7523=VERTEX_POINT('',#21339);
#7524=VERTEX_POINT('',#21343);
#7525=VERTEX_POINT('',#21345);
#7526=VERTEX_POINT('',#21352);
#7527=VERTEX_POINT('',#21354);
#7528=VERTEX_POINT('',#21358);
#7529=VERTEX_POINT('',#21359);
#7530=VERTEX_POINT('',#21365);
#7531=VERTEX_POINT('',#21368);
#7532=VERTEX_POINT('',#21392);
#7533=VERTEX_POINT('',#21393);
#7534=VERTEX_POINT('',#21395);
#7535=VERTEX_POINT('',#21397);
#7536=VERTEX_POINT('',#21401);
#7537=VERTEX_POINT('',#21403);
#7538=VERTEX_POINT('',#21407);
#7539=VERTEX_POINT('',#21408);
#7540=VERTEX_POINT('',#21414);
#7541=VERTEX_POINT('',#21417);
#7542=VERTEX_POINT('',#21425);
#7543=VERTEX_POINT('',#21426);
#7544=VERTEX_POINT('',#21431);
#7545=VERTEX_POINT('',#21432);
#7546=VERTEX_POINT('',#21441);
#7547=VERTEX_POINT('',#21443);
#7548=VERTEX_POINT('',#21447);
#7549=VERTEX_POINT('',#21449);
#7550=VERTEX_POINT('',#21474);
#7551=VERTEX_POINT('',#21475);
#7552=VERTEX_POINT('',#21477);
#7553=VERTEX_POINT('',#21479);
#7554=VERTEX_POINT('',#21484);
#7555=VERTEX_POINT('',#21486);
#7556=VERTEX_POINT('',#21488);
#7557=VERTEX_POINT('',#21490);
#7558=VERTEX_POINT('',#21494);
#7559=VERTEX_POINT('',#21495);
#7560=VERTEX_POINT('',#21498);
#7561=VERTEX_POINT('',#21500);
#7562=VERTEX_POINT('',#21527);
#7563=VERTEX_POINT('',#21529);
#7564=VERTEX_POINT('',#21533);
#7565=VERTEX_POINT('',#21535);
#7566=VERTEX_POINT('',#21537);
#7567=VERTEX_POINT('',#21539);
#7568=VERTEX_POINT('',#21541);
#7569=VERTEX_POINT('',#21543);
#7570=VERTEX_POINT('',#21549);
#7571=VERTEX_POINT('',#21550);
#7572=VERTEX_POINT('',#21555);
#7573=VERTEX_POINT('',#21556);
#7574=VERTEX_POINT('',#21558);
#7575=VERTEX_POINT('',#21560);
#7576=VERTEX_POINT('',#21563);
#7577=VERTEX_POINT('',#21565);
#7578=VERTEX_POINT('',#21576);
#7579=VERTEX_POINT('',#21577);
#7580=VERTEX_POINT('',#21579);
#7581=VERTEX_POINT('',#21581);
#7582=VERTEX_POINT('',#21627);
#7583=VERTEX_POINT('',#21628);
#7584=VERTEX_POINT('',#21633);
#7585=VERTEX_POINT('',#21635);
#7586=VERTEX_POINT('',#21640);
#7587=VERTEX_POINT('',#21642);
#7588=VERTEX_POINT('',#21646);
#7589=VERTEX_POINT('',#21648);
#7590=VERTEX_POINT('',#21655);
#7591=VERTEX_POINT('',#21657);
#7592=VERTEX_POINT('',#21661);
#7593=VERTEX_POINT('',#21662);
#7594=VERTEX_POINT('',#21668);
#7595=VERTEX_POINT('',#21671);
#7596=VERTEX_POINT('',#21697);
#7597=VERTEX_POINT('',#21699);
#7598=VERTEX_POINT('',#21703);
#7599=VERTEX_POINT('',#21704);
#7600=VERTEX_POINT('',#21706);
#7601=VERTEX_POINT('',#21708);
#7602=VERTEX_POINT('',#21712);
#7603=VERTEX_POINT('',#21713);
#7604=VERTEX_POINT('',#21718);
#7605=VERTEX_POINT('',#21721);
#7606=VERTEX_POINT('',#21728);
#7607=VERTEX_POINT('',#21729);
#7608=VERTEX_POINT('',#21734);
#7609=VERTEX_POINT('',#21735);
#7610=VERTEX_POINT('',#21746);
#7611=VERTEX_POINT('',#21748);
#7612=VERTEX_POINT('',#21771);
#7613=VERTEX_POINT('',#21772);
#7614=VERTEX_POINT('',#21774);
#7615=VERTEX_POINT('',#21776);
#7616=VERTEX_POINT('',#21780);
#7617=VERTEX_POINT('',#21782);
#7618=VERTEX_POINT('',#21789);
#7619=VERTEX_POINT('',#21791);
#7620=VERTEX_POINT('',#21795);
#7621=VERTEX_POINT('',#21797);
#7622=VERTEX_POINT('',#21801);
#7623=VERTEX_POINT('',#21802);
#7624=VERTEX_POINT('',#21807);
#7625=VERTEX_POINT('',#21810);
#7626=VERTEX_POINT('',#21817);
#7627=VERTEX_POINT('',#21818);
#7628=VERTEX_POINT('',#21823);
#7629=VERTEX_POINT('',#21834);
#7630=VERTEX_POINT('',#21853);
#7631=VERTEX_POINT('',#21854);
#7632=VERTEX_POINT('',#21856);
#7633=VERTEX_POINT('',#21858);
#7634=VERTEX_POINT('',#21863);
#7635=VERTEX_POINT('',#21864);
#7636=VERTEX_POINT('',#21866);
#7637=VERTEX_POINT('',#21868);
#7638=VERTEX_POINT('',#21873);
#7639=VERTEX_POINT('',#21874);
#7640=VERTEX_POINT('',#21876);
#7641=VERTEX_POINT('',#21878);
#7642=VERTEX_POINT('',#21929);
#7643=VERTEX_POINT('',#21931);
#7644=VERTEX_POINT('',#21934);
#7645=VERTEX_POINT('',#21937);
#7646=VERTEX_POINT('',#21940);
#7647=VERTEX_POINT('',#21943);
#7648=LINE('',#18008,#9216);
#7649=LINE('',#18011,#9217);
#7650=LINE('',#18013,#9218);
#7651=LINE('',#18015,#9219);
#7652=LINE('',#18017,#9220);
#7653=LINE('',#18019,#9221);
#7654=LINE('',#18021,#9222);
#7655=LINE('',#18023,#9223);
#7656=LINE('',#18025,#9224);
#7657=LINE('',#18028,#9225);
#7658=LINE('',#18030,#9226);
#7659=LINE('',#18032,#9227);
#7660=LINE('',#18034,#9228);
#7661=LINE('',#18036,#9229);
#7662=LINE('',#18038,#9230);
#7663=LINE('',#18040,#9231);
#7664=LINE('',#18042,#9232);
#7665=LINE('',#18044,#9233);
#7666=LINE('',#18046,#9234);
#7667=LINE('',#18048,#9235);
#7668=LINE('',#18050,#9236);
#7669=LINE('',#18052,#9237);
#7670=LINE('',#18054,#9238);
#7671=LINE('',#18056,#9239);
#7672=LINE('',#18058,#9240);
#7673=LINE('',#18060,#9241);
#7674=LINE('',#18062,#9242);
#7675=LINE('',#18064,#9243);
#7676=LINE('',#18066,#9244);
#7677=LINE('',#18068,#9245);
#7678=LINE('',#18070,#9246);
#7679=LINE('',#18072,#9247);
#7680=LINE('',#18074,#9248);
#7681=LINE('',#18076,#9249);
#7682=LINE('',#18078,#9250);
#7683=LINE('',#18081,#9251);
#7684=LINE('',#18083,#9252);
#7685=LINE('',#18085,#9253);
#7686=LINE('',#18087,#9254);
#7687=LINE('',#18089,#9255);
#7688=LINE('',#18091,#9256);
#7689=LINE('',#18093,#9257);
#7690=LINE('',#18095,#9258);
#7691=LINE('',#18097,#9259);
#7692=LINE('',#18099,#9260);
#7693=LINE('',#18101,#9261);
#7694=LINE('',#18103,#9262);
#7695=LINE('',#18106,#9263);
#7696=LINE('',#18108,#9264);
#7697=LINE('',#18110,#9265);
#7698=LINE('',#18112,#9266);
#7699=LINE('',#18115,#9267);
#7700=LINE('',#18117,#9268);
#7701=LINE('',#18119,#9269);
#7702=LINE('',#18121,#9270);
#7703=LINE('',#18124,#9271);
#7704=LINE('',#18126,#9272);
#7705=LINE('',#18128,#9273);
#7706=LINE('',#18130,#9274);
#7707=LINE('',#18132,#9275);
#7708=LINE('',#18134,#9276);
#7709=LINE('',#18136,#9277);
#7710=LINE('',#18138,#9278);
#7711=LINE('',#18140,#9279);
#7712=LINE('',#18142,#9280);
#7713=LINE('',#18144,#9281);
#7714=LINE('',#18146,#9282);
#7715=LINE('',#18149,#9283);
#7716=LINE('',#18151,#9284);
#7717=LINE('',#18153,#9285);
#7718=LINE('',#18155,#9286);
#7719=LINE('',#18157,#9287);
#7720=LINE('',#18159,#9288);
#7721=LINE('',#18161,#9289);
#7722=LINE('',#18163,#9290);
#7723=LINE('',#18166,#9291);
#7724=LINE('',#18168,#9292);
#7725=LINE('',#18170,#9293);
#7726=LINE('',#18172,#9294);
#7727=LINE('',#18175,#9295);
#7728=LINE('',#18177,#9296);
#7729=LINE('',#18179,#9297);
#7730=LINE('',#18181,#9298);
#7731=LINE('',#18184,#9299);
#7732=LINE('',#18186,#9300);
#7733=LINE('',#18188,#9301);
#7734=LINE('',#18190,#9302);
#7735=LINE('',#18193,#9303);
#7736=LINE('',#18195,#9304);
#7737=LINE('',#18197,#9305);
#7738=LINE('',#18199,#9306);
#7739=LINE('',#18202,#9307);
#7740=LINE('',#18204,#9308);
#7741=LINE('',#18206,#9309);
#7742=LINE('',#18208,#9310);
#7743=LINE('',#18211,#9311);
#7744=LINE('',#18213,#9312);
#7745=LINE('',#18215,#9313);
#7746=LINE('',#18217,#9314);
#7747=LINE('',#18220,#9315);
#7748=LINE('',#18222,#9316);
#7749=LINE('',#18224,#9317);
#7750=LINE('',#18226,#9318);
#7751=LINE('',#18229,#9319);
#7752=LINE('',#18231,#9320);
#7753=LINE('',#18233,#9321);
#7754=LINE('',#18235,#9322);
#7755=LINE('',#18238,#9323);
#7756=LINE('',#18240,#9324);
#7757=LINE('',#18242,#9325);
#7758=LINE('',#18244,#9326);
#7759=LINE('',#18247,#9327);
#7760=LINE('',#18249,#9328);
#7761=LINE('',#18251,#9329);
#7762=LINE('',#18253,#9330);
#7763=LINE('',#18256,#9331);
#7764=LINE('',#18258,#9332);
#7765=LINE('',#18260,#9333);
#7766=LINE('',#18262,#9334);
#7767=LINE('',#18265,#9335);
#7768=LINE('',#18267,#9336);
#7769=LINE('',#18269,#9337);
#7770=LINE('',#18274,#9338);
#7771=LINE('',#18280,#9339);
#7772=LINE('',#18283,#9340);
#7773=LINE('',#18285,#9341);
#7774=LINE('',#18287,#9342);
#7775=LINE('',#18289,#9343);
#7776=LINE('',#18295,#9344);
#7777=LINE('',#18300,#9345);
#7778=LINE('',#18304,#9346);
#7779=LINE('',#18307,#9347);
#7780=LINE('',#18309,#9348);
#7781=LINE('',#18311,#9349);
#7782=LINE('',#18313,#9350);
#7783=LINE('',#18319,#9351);
#7784=LINE('',#18322,#9352);
#7785=LINE('',#18324,#9353);
#7786=LINE('',#18326,#9354);
#7787=LINE('',#18328,#9355);
#7788=LINE('',#18334,#9356);
#7789=LINE('',#18337,#9357);
#7790=LINE('',#18339,#9358);
#7791=LINE('',#18341,#9359);
#7792=LINE('',#18346,#9360);
#7793=LINE('',#18349,#9361);
#7794=LINE('',#18351,#9362);
#7795=LINE('',#18353,#9363);
#7796=LINE('',#18358,#9364);
#7797=LINE('',#18361,#9365);
#7798=LINE('',#18363,#9366);
#7799=LINE('',#18365,#9367);
#7800=LINE('',#18370,#9368);
#7801=LINE('',#18373,#9369);
#7802=LINE('',#18374,#9370);
#7803=LINE('',#18376,#9371);
#7804=LINE('',#18379,#9372);
#7805=LINE('',#18380,#9373);
#7806=LINE('',#18382,#9374);
#7807=LINE('',#18384,#9375);
#7808=LINE('',#18385,#9376);
#7809=LINE('',#18387,#9377);
#7810=LINE('',#18389,#9378);
#7811=LINE('',#18391,#9379);
#7812=LINE('',#18393,#9380);
#7813=LINE('',#18395,#9381);
#7814=LINE('',#18397,#9382);
#7815=LINE('',#18399,#9383);
#7816=LINE('',#18401,#9384);
#7817=LINE('',#18403,#9385);
#7818=LINE('',#18405,#9386);
#7819=LINE('',#18407,#9387);
#7820=LINE('',#18409,#9388);
#7821=LINE('',#18411,#9389);
#7822=LINE('',#18413,#9390);
#7823=LINE('',#18415,#9391);
#7824=LINE('',#18417,#9392);
#7825=LINE('',#18419,#9393);
#7826=LINE('',#18421,#9394);
#7827=LINE('',#18423,#9395);
#7828=LINE('',#18425,#9396);
#7829=LINE('',#18426,#9397);
#7830=LINE('',#18428,#9398);
#7831=LINE('',#18430,#9399);
#7832=LINE('',#18431,#9400);
#7833=LINE('',#18432,#9401);
#7834=LINE('',#18434,#9402);
#7835=LINE('',#18436,#9403);
#7836=LINE('',#18438,#9404);
#7837=LINE('',#18440,#9405);
#7838=LINE('',#18442,#9406);
#7839=LINE('',#18444,#9407);
#7840=LINE('',#18446,#9408);
#7841=LINE('',#18448,#9409);
#7842=LINE('',#18449,#9410);
#7843=LINE('',#18451,#9411);
#7844=LINE('',#18453,#9412);
#7845=LINE('',#18455,#9413);
#7846=LINE('',#18456,#9414);
#7847=LINE('',#18458,#9415);
#7848=LINE('',#18460,#9416);
#7849=LINE('',#18461,#9417);
#7850=LINE('',#18463,#9418);
#7851=LINE('',#18465,#9419);
#7852=LINE('',#18467,#9420);
#7853=LINE('',#18469,#9421);
#7854=LINE('',#18471,#9422);
#7855=LINE('',#18473,#9423);
#7856=LINE('',#18475,#9424);
#7857=LINE('',#18477,#9425);
#7858=LINE('',#18479,#9426);
#7859=LINE('',#18481,#9427);
#7860=LINE('',#18483,#9428);
#7861=LINE('',#18485,#9429);
#7862=LINE('',#18487,#9430);
#7863=LINE('',#18489,#9431);
#7864=LINE('',#18491,#9432);
#7865=LINE('',#18493,#9433);
#7866=LINE('',#18494,#9434);
#7867=LINE('',#18496,#9435);
#7868=LINE('',#18497,#9436);
#7869=LINE('',#18499,#9437);
#7870=LINE('',#18501,#9438);
#7871=LINE('',#18503,#9439);
#7872=LINE('',#18505,#9440);
#7873=LINE('',#18507,#9441);
#7874=LINE('',#18509,#9442);
#7875=LINE('',#18511,#9443);
#7876=LINE('',#18513,#9444);
#7877=LINE('',#18515,#9445);
#7878=LINE('',#18517,#9446);
#7879=LINE('',#18519,#9447);
#7880=LINE('',#18521,#9448);
#7881=LINE('',#18523,#9449);
#7882=LINE('',#18524,#9450);
#7883=LINE('',#18526,#9451);
#7884=LINE('',#18528,#9452);
#7885=LINE('',#18529,#9453);
#7886=LINE('',#18531,#9454);
#7887=LINE('',#18533,#9455);
#7888=LINE('',#18535,#9456);
#7889=LINE('',#18537,#9457);
#7890=LINE('',#18539,#9458);
#7891=LINE('',#18541,#9459);
#7892=LINE('',#18543,#9460);
#7893=LINE('',#18544,#9461);
#7894=LINE('',#18545,#9462);
#7895=LINE('',#18546,#9463);
#7896=LINE('',#18547,#9464);
#7897=LINE('',#18548,#9465);
#7898=LINE('',#18550,#9466);
#7899=LINE('',#18552,#9467);
#7900=LINE('',#18553,#9468);
#7901=LINE('',#18554,#9469);
#7902=LINE('',#18555,#9470);
#7903=LINE('',#18557,#9471);
#7904=LINE('',#18559,#9472);
#7905=LINE('',#18560,#9473);
#7906=LINE('',#18561,#9474);
#7907=LINE('',#18562,#9475);
#7908=LINE('',#18563,#9476);
#7909=LINE('',#18564,#9477);
#7910=LINE('',#18565,#9478);
#7911=LINE('',#18567,#9479);
#7912=LINE('',#18568,#9480);
#7913=LINE('',#18570,#9481);
#7914=LINE('',#18572,#9482);
#7915=LINE('',#18574,#9483);
#7916=LINE('',#18576,#9484);
#7917=LINE('',#18578,#9485);
#7918=LINE('',#18580,#9486);
#7919=LINE('',#18582,#9487);
#7920=LINE('',#18584,#9488);
#7921=LINE('',#18586,#9489);
#7922=LINE('',#18588,#9490);
#7923=LINE('',#18590,#9491);
#7924=LINE('',#18592,#9492);
#7925=LINE('',#18594,#9493);
#7926=LINE('',#18595,#9494);
#7927=LINE('',#18597,#9495);
#7928=LINE('',#18599,#9496);
#7929=LINE('',#18601,#9497);
#7930=LINE('',#18603,#9498);
#7931=LINE('',#18605,#9499);
#7932=LINE('',#18607,#9500);
#7933=LINE('',#18609,#9501);
#7934=LINE('',#18611,#9502);
#7935=LINE('',#18613,#9503);
#7936=LINE('',#18615,#9504);
#7937=LINE('',#18617,#9505);
#7938=LINE('',#18619,#9506);
#7939=LINE('',#18621,#9507);
#7940=LINE('',#18622,#9508);
#7941=LINE('',#18624,#9509);
#7942=LINE('',#18625,#9510);
#7943=LINE('',#18627,#9511);
#7944=LINE('',#18628,#9512);
#7945=LINE('',#18630,#9513);
#7946=LINE('',#18631,#9514);
#7947=LINE('',#18633,#9515);
#7948=LINE('',#18634,#9516);
#7949=LINE('',#18636,#9517);
#7950=LINE('',#18637,#9518);
#7951=LINE('',#18639,#9519);
#7952=LINE('',#18641,#9520);
#7953=LINE('',#18643,#9521);
#7954=LINE('',#18645,#9522);
#7955=LINE('',#18647,#9523);
#7956=LINE('',#18648,#9524);
#7957=LINE('',#18650,#9525);
#7958=LINE('',#18652,#9526);
#7959=LINE('',#18653,#9527);
#7960=LINE('',#18655,#9528);
#7961=LINE('',#18657,#9529);
#7962=LINE('',#18658,#9530);
#7963=LINE('',#18660,#9531);
#7964=LINE('',#18662,#9532);
#7965=LINE('',#18664,#9533);
#7966=LINE('',#18667,#9534);
#7967=LINE('',#18669,#9535);
#7968=LINE('',#18672,#9536);
#7969=LINE('',#18674,#9537);
#7970=LINE('',#18677,#9538);
#7971=LINE('',#18679,#9539);
#7972=LINE('',#18681,#9540);
#7973=LINE('',#18682,#9541);
#7974=LINE('',#18686,#9542);
#7975=LINE('',#18690,#9543);
#7976=LINE('',#18692,#9544);
#7977=LINE('',#18694,#9545);
#7978=LINE('',#18696,#9546);
#7979=LINE('',#18700,#9547);
#7980=LINE('',#18704,#9548);
#7981=LINE('',#18705,#9549);
#7982=LINE('',#18707,#9550);
#7983=LINE('',#18709,#9551);
#7984=LINE('',#18711,#9552);
#7985=LINE('',#18713,#9553);
#7986=LINE('',#18716,#9554);
#7987=LINE('',#18718,#9555);
#7988=LINE('',#18720,#9556);
#7989=LINE('',#18721,#9557);
#7990=LINE('',#18725,#9558);
#7991=LINE('',#18729,#9559);
#7992=LINE('',#18731,#9560);
#7993=LINE('',#18733,#9561);
#7994=LINE('',#18735,#9562);
#7995=LINE('',#18737,#9563);
#7996=LINE('',#18739,#9564);
#7997=LINE('',#18743,#9565);
#7998=LINE('',#18747,#9566);
#7999=LINE('',#18748,#9567);
#8000=LINE('',#18750,#9568);
#8001=LINE('',#18752,#9569);
#8002=LINE('',#18754,#9570);
#8003=LINE('',#18756,#9571);
#8004=LINE('',#18758,#9572);
#8005=LINE('',#18761,#9573);
#8006=LINE('',#18763,#9574);
#8007=LINE('',#18766,#9575);
#8008=LINE('',#18768,#9576);
#8009=LINE('',#18771,#9577);
#8010=LINE('',#18772,#9578);
#8011=LINE('',#18773,#9579);
#8012=LINE('',#18775,#9580);
#8013=LINE('',#18777,#9581);
#8014=LINE('',#18779,#9582);
#8015=LINE('',#18781,#9583);
#8016=LINE('',#18783,#9584);
#8017=LINE('',#18785,#9585);
#8018=LINE('',#18787,#9586);
#8019=LINE('',#18789,#9587);
#8020=LINE('',#18791,#9588);
#8021=LINE('',#18793,#9589);
#8022=LINE('',#18795,#9590);
#8023=LINE('',#18796,#9591);
#8024=LINE('',#18800,#9592);
#8025=LINE('',#18801,#9593);
#8026=LINE('',#18802,#9594);
#8027=LINE('',#18804,#9595);
#8028=LINE('',#18807,#9596);
#8029=LINE('',#18811,#9597);
#8030=LINE('',#18813,#9598);
#8031=LINE('',#18815,#9599);
#8032=LINE('',#18819,#9600);
#8033=LINE('',#18822,#9601);
#8034=LINE('',#18824,#9602);
#8035=LINE('',#18826,#9603);
#8036=LINE('',#18828,#9604);
#8037=LINE('',#18829,#9605);
#8038=LINE('',#18831,#9606);
#8039=LINE('',#18834,#9607);
#8040=LINE('',#18838,#9608);
#8041=LINE('',#18840,#9609);
#8042=LINE('',#18842,#9610);
#8043=LINE('',#18846,#9611);
#8044=LINE('',#18849,#9612);
#8045=LINE('',#18851,#9613);
#8046=LINE('',#18853,#9614);
#8047=LINE('',#18855,#9615);
#8048=LINE('',#18856,#9616);
#8049=LINE('',#18858,#9617);
#8050=LINE('',#18861,#9618);
#8051=LINE('',#18865,#9619);
#8052=LINE('',#18867,#9620);
#8053=LINE('',#18869,#9621);
#8054=LINE('',#18870,#9622);
#8055=LINE('',#18874,#9623);
#8056=LINE('',#18877,#9624);
#8057=LINE('',#18879,#9625);
#8058=LINE('',#18881,#9626);
#8059=LINE('',#18883,#9627);
#8060=LINE('',#18885,#9628);
#8061=LINE('',#18888,#9629);
#8062=LINE('',#18892,#9630);
#8063=LINE('',#18893,#9631);
#8064=LINE('',#18895,#9632);
#8065=LINE('',#18899,#9633);
#8066=LINE('',#18902,#9634);
#8067=LINE('',#18904,#9635);
#8068=LINE('',#18905,#9636);
#8069=LINE('',#18906,#9637);
#8070=LINE('',#18909,#9638);
#8071=LINE('',#18911,#9639);
#8072=LINE('',#18913,#9640);
#8073=LINE('',#18916,#9641);
#8074=LINE('',#18920,#9642);
#8075=LINE('',#18921,#9643);
#8076=LINE('',#18922,#9644);
#8077=LINE('',#18924,#9645);
#8078=LINE('',#18928,#9646);
#8079=LINE('',#18931,#9647);
#8080=LINE('',#18933,#9648);
#8081=LINE('',#18934,#9649);
#8082=LINE('',#18935,#9650);
#8083=LINE('',#18938,#9651);
#8084=LINE('',#18940,#9652);
#8085=LINE('',#18942,#9653);
#8086=LINE('',#18945,#9654);
#8087=LINE('',#18949,#9655);
#8088=LINE('',#18950,#9656);
#8089=LINE('',#18951,#9657);
#8090=LINE('',#18953,#9658);
#8091=LINE('',#18957,#9659);
#8092=LINE('',#18960,#9660);
#8093=LINE('',#18962,#9661);
#8094=LINE('',#18963,#9662);
#8095=LINE('',#18966,#9663);
#8096=LINE('',#18972,#9664);
#8097=LINE('',#18974,#9665);
#8098=LINE('',#18976,#9666);
#8099=LINE('',#18978,#9667);
#8100=LINE('',#18980,#9668);
#8101=LINE('',#18981,#9669);
#8102=LINE('',#18983,#9670);
#8103=LINE('',#18984,#9671);
#8104=LINE('',#18986,#9672);
#8105=LINE('',#18987,#9673);
#8106=LINE('',#18989,#9674);
#8107=LINE('',#18990,#9675);
#8108=LINE('',#18992,#9676);
#8109=LINE('',#18993,#9677);
#8110=LINE('',#18995,#9678);
#8111=LINE('',#18996,#9679);
#8112=LINE('',#18998,#9680);
#8113=LINE('',#18999,#9681);
#8114=LINE('',#19001,#9682);
#8115=LINE('',#19002,#9683);
#8116=LINE('',#19005,#9684);
#8117=LINE('',#19008,#9685);
#8118=LINE('',#19011,#9686);
#8119=LINE('',#19014,#9687);
#8120=LINE('',#19017,#9688);
#8121=LINE('',#19019,#9689);
#8122=LINE('',#19021,#9690);
#8123=LINE('',#19022,#9691);
#8124=LINE('',#19024,#9692);
#8125=LINE('',#19025,#9693);
#8126=LINE('',#19027,#9694);
#8127=LINE('',#19030,#9695);
#8128=LINE('',#19036,#9696);
#8129=LINE('',#19038,#9697);
#8130=LINE('',#19040,#9698);
#8131=LINE('',#19042,#9699);
#8132=LINE('',#19044,#9700);
#8133=LINE('',#19047,#9701);
#8134=LINE('',#19049,#9702);
#8135=LINE('',#19051,#9703);
#8136=LINE('',#19053,#9704);
#8137=LINE('',#19055,#9705);
#8138=LINE('',#19107,#9706);
#8139=LINE('',#19110,#9707);
#8140=LINE('',#19112,#9708);
#8141=LINE('',#19114,#9709);
#8142=LINE('',#19115,#9710);
#8143=LINE('',#19120,#9711);
#8144=LINE('',#19123,#9712);
#8145=LINE('',#19126,#9713);
#8146=LINE('',#19128,#9714);
#8147=LINE('',#19130,#9715);
#8148=LINE('',#19132,#9716);
#8149=LINE('',#19134,#9717);
#8150=LINE('',#19136,#9718);
#8151=LINE('',#19138,#9719);
#8152=LINE('',#19140,#9720);
#8153=LINE('',#19142,#9721);
#8154=LINE('',#19144,#9722);
#8155=LINE('',#19146,#9723);
#8156=LINE('',#19148,#9724);
#8157=LINE('',#19150,#9725);
#8158=LINE('',#19152,#9726);
#8159=LINE('',#19154,#9727);
#8160=LINE('',#19156,#9728);
#8161=LINE('',#19158,#9729);
#8162=LINE('',#19160,#9730);
#8163=LINE('',#19163,#9731);
#8164=LINE('',#19165,#9732);
#8165=LINE('',#19167,#9733);
#8166=LINE('',#19169,#9734);
#8167=LINE('',#19171,#9735);
#8168=LINE('',#19173,#9736);
#8169=LINE('',#19176,#9737);
#8170=LINE('',#19177,#9738);
#8171=LINE('',#19179,#9739);
#8172=LINE('',#19181,#9740);
#8173=LINE('',#19183,#9741);
#8174=LINE('',#19186,#9742);
#8175=LINE('',#19188,#9743);
#8176=LINE('',#19190,#9744);
#8177=LINE('',#19191,#9745);
#8178=LINE('',#19193,#9746);
#8179=LINE('',#19195,#9747);
#8180=LINE('',#19197,#9748);
#8181=LINE('',#19199,#9749);
#8182=LINE('',#19201,#9750);
#8183=LINE('',#19203,#9751);
#8184=LINE('',#19205,#9752);
#8185=LINE('',#19207,#9753);
#8186=LINE('',#19209,#9754);
#8187=LINE('',#19211,#9755);
#8188=LINE('',#19213,#9756);
#8189=LINE('',#19215,#9757);
#8190=LINE('',#19217,#9758);
#8191=LINE('',#19219,#9759);
#8192=LINE('',#19221,#9760);
#8193=LINE('',#19223,#9761);
#8194=LINE('',#19225,#9762);
#8195=LINE('',#19227,#9763);
#8196=LINE('',#19229,#9764);
#8197=LINE('',#19231,#9765);
#8198=LINE('',#19233,#9766);
#8199=LINE('',#19235,#9767);
#8200=LINE('',#19237,#9768);
#8201=LINE('',#19239,#9769);
#8202=LINE('',#19241,#9770);
#8203=LINE('',#19243,#9771);
#8204=LINE('',#19245,#9772);
#8205=LINE('',#19247,#9773);
#8206=LINE('',#19249,#9774);
#8207=LINE('',#19251,#9775);
#8208=LINE('',#19253,#9776);
#8209=LINE('',#19255,#9777);
#8210=LINE('',#19257,#9778);
#8211=LINE('',#19259,#9779);
#8212=LINE('',#19261,#9780);
#8213=LINE('',#19263,#9781);
#8214=LINE('',#19265,#9782);
#8215=LINE('',#19269,#9783);
#8216=LINE('',#19273,#9784);
#8217=LINE('',#19275,#9785);
#8218=LINE('',#19277,#9786);
#8219=LINE('',#19279,#9787);
#8220=LINE('',#19281,#9788);
#8221=LINE('',#19283,#9789);
#8222=LINE('',#19285,#9790);
#8223=LINE('',#19287,#9791);
#8224=LINE('',#19289,#9792);
#8225=LINE('',#19291,#9793);
#8226=LINE('',#19293,#9794);
#8227=LINE('',#19295,#9795);
#8228=LINE('',#19298,#9796);
#8229=LINE('',#19300,#9797);
#8230=LINE('',#19302,#9798);
#8231=LINE('',#19304,#9799);
#8232=LINE('',#19306,#9800);
#8233=LINE('',#19308,#9801);
#8234=LINE('',#19310,#9802);
#8235=LINE('',#19312,#9803);
#8236=LINE('',#19314,#9804);
#8237=LINE('',#19316,#9805);
#8238=LINE('',#19318,#9806);
#8239=LINE('',#19320,#9807);
#8240=LINE('',#19321,#9808);
#8241=LINE('',#19323,#9809);
#8242=LINE('',#19326,#9810);
#8243=LINE('',#19328,#9811);
#8244=LINE('',#19332,#9812);
#8245=LINE('',#19334,#9813);
#8246=LINE('',#19336,#9814);
#8247=LINE('',#19338,#9815);
#8248=LINE('',#19340,#9816);
#8249=LINE('',#19342,#9817);
#8250=LINE('',#19344,#9818);
#8251=LINE('',#19345,#9819);
#8252=LINE('',#19347,#9820);
#8253=LINE('',#19349,#9821);
#8254=LINE('',#19350,#9822);
#8255=LINE('',#19352,#9823);
#8256=LINE('',#19354,#9824);
#8257=LINE('',#19356,#9825);
#8258=LINE('',#19358,#9826);
#8259=LINE('',#19361,#9827);
#8260=LINE('',#19363,#9828);
#8261=LINE('',#19365,#9829);
#8262=LINE('',#19368,#9830);
#8263=LINE('',#19370,#9831);
#8264=LINE('',#19372,#9832);
#8265=LINE('',#19374,#9833);
#8266=LINE('',#19376,#9834);
#8267=LINE('',#19378,#9835);
#8268=LINE('',#19380,#9836);
#8269=LINE('',#19382,#9837);
#8270=LINE('',#19384,#9838);
#8271=LINE('',#19386,#9839);
#8272=LINE('',#19388,#9840);
#8273=LINE('',#19390,#9841);
#8274=LINE('',#19392,#9842);
#8275=LINE('',#19394,#9843);
#8276=LINE('',#19396,#9844);
#8277=LINE('',#19398,#9845);
#8278=LINE('',#19400,#9846);
#8279=LINE('',#19402,#9847);
#8280=LINE('',#19404,#9848);
#8281=LINE('',#19405,#9849);
#8282=LINE('',#19408,#9850);
#8283=LINE('',#19409,#9851);
#8284=LINE('',#19411,#9852);
#8285=LINE('',#19413,#9853);
#8286=LINE('',#19414,#9854);
#8287=LINE('',#19416,#9855);
#8288=LINE('',#19419,#9856);
#8289=LINE('',#19421,#9857);
#8290=LINE('',#19423,#9858);
#8291=LINE('',#19425,#9859);
#8292=LINE('',#19427,#9860);
#8293=LINE('',#19429,#9861);
#8294=LINE('',#19431,#9862);
#8295=LINE('',#19433,#9863);
#8296=LINE('',#19435,#9864);
#8297=LINE('',#19437,#9865);
#8298=LINE('',#19439,#9866);
#8299=LINE('',#19441,#9867);
#8300=LINE('',#19443,#9868);
#8301=LINE('',#19445,#9869);
#8302=LINE('',#19447,#9870);
#8303=LINE('',#19449,#9871);
#8304=LINE('',#19451,#9872);
#8305=LINE('',#19453,#9873);
#8306=LINE('',#19455,#9874);
#8307=LINE('',#19457,#9875);
#8308=LINE('',#19459,#9876);
#8309=LINE('',#19461,#9877);
#8310=LINE('',#19463,#9878);
#8311=LINE('',#19465,#9879);
#8312=LINE('',#19467,#9880);
#8313=LINE('',#19469,#9881);
#8314=LINE('',#19471,#9882);
#8315=LINE('',#19473,#9883);
#8316=LINE('',#19475,#9884);
#8317=LINE('',#19477,#9885);
#8318=LINE('',#19479,#9886);
#8319=LINE('',#19481,#9887);
#8320=LINE('',#19483,#9888);
#8321=LINE('',#19485,#9889);
#8322=LINE('',#19487,#9890);
#8323=LINE('',#19489,#9891);
#8324=LINE('',#19491,#9892);
#8325=LINE('',#19493,#9893);
#8326=LINE('',#19495,#9894);
#8327=LINE('',#19497,#9895);
#8328=LINE('',#19499,#9896);
#8329=LINE('',#19501,#9897);
#8330=LINE('',#19503,#9898);
#8331=LINE('',#19505,#9899);
#8332=LINE('',#19507,#9900);
#8333=LINE('',#19509,#9901);
#8334=LINE('',#19511,#9902);
#8335=LINE('',#19513,#9903);
#8336=LINE('',#19516,#9904);
#8337=LINE('',#19518,#9905);
#8338=LINE('',#19520,#9906);
#8339=LINE('',#19522,#9907);
#8340=LINE('',#19525,#9908);
#8341=LINE('',#19527,#9909);
#8342=LINE('',#19529,#9910);
#8343=LINE('',#19531,#9911);
#8344=LINE('',#19533,#9912);
#8345=LINE('',#19534,#9913);
#8346=LINE('',#19536,#9914);
#8347=LINE('',#19538,#9915);
#8348=LINE('',#19541,#9916);
#8349=LINE('',#19542,#9917);
#8350=LINE('',#19544,#9918);
#8351=LINE('',#19546,#9919);
#8352=LINE('',#19548,#9920);
#8353=LINE('',#19550,#9921);
#8354=LINE('',#19552,#9922);
#8355=LINE('',#19554,#9923);
#8356=LINE('',#19556,#9924);
#8357=LINE('',#19558,#9925);
#8358=LINE('',#19559,#9926);
#8359=LINE('',#19561,#9927);
#8360=LINE('',#19562,#9928);
#8361=LINE('',#19566,#9929);
#8362=LINE('',#19570,#9930);
#8363=LINE('',#19571,#9931);
#8364=LINE('',#19574,#9932);
#8365=LINE('',#19576,#9933);
#8366=LINE('',#19578,#9934);
#8367=LINE('',#19580,#9935);
#8368=LINE('',#19583,#9936);
#8369=LINE('',#19585,#9937);
#8370=LINE('',#19586,#9938);
#8371=LINE('',#19588,#9939);
#8372=LINE('',#19592,#9940);
#8373=LINE('',#19596,#9941);
#8374=LINE('',#19598,#9942);
#8375=LINE('',#19600,#9943);
#8376=LINE('',#19602,#9944);
#8377=LINE('',#19604,#9945);
#8378=LINE('',#19606,#9946);
#8379=LINE('',#19610,#9947);
#8380=LINE('',#19614,#9948);
#8381=LINE('',#19616,#9949);
#8382=LINE('',#19619,#9950);
#8383=LINE('',#19621,#9951);
#8384=LINE('',#19623,#9952);
#8385=LINE('',#19625,#9953);
#8386=LINE('',#19628,#9954);
#8387=LINE('',#19630,#9955);
#8388=LINE('',#19632,#9956);
#8389=LINE('',#19634,#9957);
#8390=LINE('',#19636,#9958);
#8391=LINE('',#19638,#9959);
#8392=LINE('',#19640,#9960);
#8393=LINE('',#19643,#9961);
#8394=LINE('',#19645,#9962);
#8395=LINE('',#19646,#9963);
#8396=LINE('',#19647,#9964);
#8397=LINE('',#19649,#9965);
#8398=LINE('',#19651,#9966);
#8399=LINE('',#19655,#9967);
#8400=LINE('',#19657,#9968);
#8401=LINE('',#19659,#9969);
#8402=LINE('',#19661,#9970);
#8403=LINE('',#19663,#9971);
#8404=LINE('',#19665,#9972);
#8405=LINE('',#19667,#9973);
#8406=LINE('',#19668,#9974);
#8407=LINE('',#19673,#9975);
#8408=LINE('',#19675,#9976);
#8409=LINE('',#19677,#9977);
#8410=LINE('',#19679,#9978);
#8411=LINE('',#19681,#9979);
#8412=LINE('',#19683,#9980);
#8413=LINE('',#19685,#9981);
#8414=LINE('',#19689,#9982);
#8415=LINE('',#19690,#9983);
#8416=LINE('',#19692,#9984);
#8417=LINE('',#19695,#9985);
#8418=LINE('',#19697,#9986);
#8419=LINE('',#19699,#9987);
#8420=LINE('',#19701,#9988);
#8421=LINE('',#19704,#9989);
#8422=LINE('',#19706,#9990);
#8423=LINE('',#19708,#9991);
#8424=LINE('',#19710,#9992);
#8425=LINE('',#19712,#9993);
#8426=LINE('',#19714,#9994);
#8427=LINE('',#19716,#9995);
#8428=LINE('',#19719,#9996);
#8429=LINE('',#19721,#9997);
#8430=LINE('',#19723,#9998);
#8431=LINE('',#19725,#9999);
#8432=LINE('',#19727,#10000);
#8433=LINE('',#19729,#10001);
#8434=LINE('',#19731,#10002);
#8435=LINE('',#19733,#10003);
#8436=LINE('',#19734,#10004);
#8437=LINE('',#19736,#10005);
#8438=LINE('',#19737,#10006);
#8439=LINE('',#19738,#10007);
#8440=LINE('',#19740,#10008);
#8441=LINE('',#19742,#10009);
#8442=LINE('',#19744,#10010);
#8443=LINE('',#19746,#10011);
#8444=LINE('',#19748,#10012);
#8445=LINE('',#19749,#10013);
#8446=LINE('',#19751,#10014);
#8447=LINE('',#19753,#10015);
#8448=LINE('',#19755,#10016);
#8449=LINE('',#19757,#10017);
#8450=LINE('',#19759,#10018);
#8451=LINE('',#19761,#10019);
#8452=LINE('',#19763,#10020);
#8453=LINE('',#19765,#10021);
#8454=LINE('',#19766,#10022);
#8455=LINE('',#19768,#10023);
#8456=LINE('',#19771,#10024);
#8457=LINE('',#19772,#10025);
#8458=LINE('',#19774,#10026);
#8459=LINE('',#19775,#10027);
#8460=LINE('',#19777,#10028);
#8461=LINE('',#19778,#10029);
#8462=LINE('',#19780,#10030);
#8463=LINE('',#19783,#10031);
#8464=LINE('',#19784,#10032);
#8465=LINE('',#19786,#10033);
#8466=LINE('',#19789,#10034);
#8467=LINE('',#19790,#10035);
#8468=LINE('',#19792,#10036);
#8469=LINE('',#19793,#10037);
#8470=LINE('',#19795,#10038);
#8471=LINE('',#19796,#10039);
#8472=LINE('',#19798,#10040);
#8473=LINE('',#19800,#10041);
#8474=LINE('',#19802,#10042);
#8475=LINE('',#19804,#10043);
#8476=LINE('',#19805,#10044);
#8477=LINE('',#19807,#10045);
#8478=LINE('',#19809,#10046);
#8479=LINE('',#19811,#10047);
#8480=LINE('',#19812,#10048);
#8481=LINE('',#19814,#10049);
#8482=LINE('',#19816,#10050);
#8483=LINE('',#19818,#10051);
#8484=LINE('',#19821,#10052);
#8485=LINE('',#19824,#10053);
#8486=LINE('',#19826,#10054);
#8487=LINE('',#19828,#10055);
#8488=LINE('',#19829,#10056);
#8489=LINE('',#19831,#10057);
#8490=LINE('',#19833,#10058);
#8491=LINE('',#19835,#10059);
#8492=LINE('',#19837,#10060);
#8493=LINE('',#19839,#10061);
#8494=LINE('',#19841,#10062);
#8495=LINE('',#19842,#10063);
#8496=LINE('',#19844,#10064);
#8497=LINE('',#19846,#10065);
#8498=LINE('',#19848,#10066);
#8499=LINE('',#19850,#10067);
#8500=LINE('',#19852,#10068);
#8501=LINE('',#19854,#10069);
#8502=LINE('',#19855,#10070);
#8503=LINE('',#19857,#10071);
#8504=LINE('',#19859,#10072);
#8505=LINE('',#19861,#10073);
#8506=LINE('',#19863,#10074);
#8507=LINE('',#19865,#10075);
#8508=LINE('',#19867,#10076);
#8509=LINE('',#19868,#10077);
#8510=LINE('',#19870,#10078);
#8511=LINE('',#19872,#10079);
#8512=LINE('',#19874,#10080);
#8513=LINE('',#19876,#10081);
#8514=LINE('',#19878,#10082);
#8515=LINE('',#19880,#10083);
#8516=LINE('',#19881,#10084);
#8517=LINE('',#19883,#10085);
#8518=LINE('',#19885,#10086);
#8519=LINE('',#19887,#10087);
#8520=LINE('',#19889,#10088);
#8521=LINE('',#19891,#10089);
#8522=LINE('',#19893,#10090);
#8523=LINE('',#19894,#10091);
#8524=LINE('',#19896,#10092);
#8525=LINE('',#19898,#10093);
#8526=LINE('',#19900,#10094);
#8527=LINE('',#19902,#10095);
#8528=LINE('',#19904,#10096);
#8529=LINE('',#19906,#10097);
#8530=LINE('',#19907,#10098);
#8531=LINE('',#19909,#10099);
#8532=LINE('',#19911,#10100);
#8533=LINE('',#19913,#10101);
#8534=LINE('',#19915,#10102);
#8535=LINE('',#19917,#10103);
#8536=LINE('',#19919,#10104);
#8537=LINE('',#19920,#10105);
#8538=LINE('',#19922,#10106);
#8539=LINE('',#19924,#10107);
#8540=LINE('',#19926,#10108);
#8541=LINE('',#19928,#10109);
#8542=LINE('',#19930,#10110);
#8543=LINE('',#19932,#10111);
#8544=LINE('',#19934,#10112);
#8545=LINE('',#19936,#10113);
#8546=LINE('',#19940,#10114);
#8547=LINE('',#19942,#10115);
#8548=LINE('',#19944,#10116);
#8549=LINE('',#19946,#10117);
#8550=LINE('',#19948,#10118);
#8551=LINE('',#19950,#10119);
#8552=LINE('',#19952,#10120);
#8553=LINE('',#19954,#10121);
#8554=LINE('',#19955,#10122);
#8555=LINE('',#19956,#10123);
#8556=LINE('',#19958,#10124);
#8557=LINE('',#19959,#10125);
#8558=LINE('',#19961,#10126);
#8559=LINE('',#19962,#10127);
#8560=LINE('',#19963,#10128);
#8561=LINE('',#19965,#10129);
#8562=LINE('',#19966,#10130);
#8563=LINE('',#19967,#10131);
#8564=LINE('',#19969,#10132);
#8565=LINE('',#19970,#10133);
#8566=LINE('',#19972,#10134);
#8567=LINE('',#19974,#10135);
#8568=LINE('',#19989,#10136);
#8569=LINE('',#19990,#10137);
#8570=LINE('',#19992,#10138);
#8571=LINE('',#19994,#10139);
#8572=LINE('',#19996,#10140);
#8573=LINE('',#19999,#10141);
#8574=LINE('',#20000,#10142);
#8575=LINE('',#20004,#10143);
#8576=LINE('',#20006,#10144);
#8577=LINE('',#20009,#10145);
#8578=LINE('',#20010,#10146);
#8579=LINE('',#20012,#10147);
#8580=LINE('',#20014,#10148);
#8581=LINE('',#20016,#10149);
#8582=LINE('',#20018,#10150);
#8583=LINE('',#20020,#10151);
#8584=LINE('',#20021,#10152);
#8585=LINE('',#20024,#10153);
#8586=LINE('',#20026,#10154);
#8587=LINE('',#20027,#10155);
#8588=LINE('',#20029,#10156);
#8589=LINE('',#20031,#10157);
#8590=LINE('',#20033,#10158);
#8591=LINE('',#20035,#10159);
#8592=LINE('',#20037,#10160);
#8593=LINE('',#20039,#10161);
#8594=LINE('',#20040,#10162);
#8595=LINE('',#20042,#10163);
#8596=LINE('',#20044,#10164);
#8597=LINE('',#20047,#10165);
#8598=LINE('',#20048,#10166);
#8599=LINE('',#20050,#10167);
#8600=LINE('',#20052,#10168);
#8601=LINE('',#20055,#10169);
#8602=LINE('',#20057,#10170);
#8603=LINE('',#20059,#10171);
#8604=LINE('',#20062,#10172);
#8605=LINE('',#20064,#10173);
#8606=LINE('',#20066,#10174);
#8607=LINE('',#20069,#10175);
#8608=LINE('',#20071,#10176);
#8609=LINE('',#20073,#10177);
#8610=LINE('',#20076,#10178);
#8611=LINE('',#20078,#10179);
#8612=LINE('',#20080,#10180);
#8613=LINE('',#20084,#10181);
#8614=LINE('',#20085,#10182);
#8615=LINE('',#20087,#10183);
#8616=LINE('',#20089,#10184);
#8617=LINE('',#20091,#10185);
#8618=LINE('',#20093,#10186);
#8619=LINE('',#20095,#10187);
#8620=LINE('',#20097,#10188);
#8621=LINE('',#20099,#10189);
#8622=LINE('',#20101,#10190);
#8623=LINE('',#20103,#10191);
#8624=LINE('',#20105,#10192);
#8625=LINE('',#20107,#10193);
#8626=LINE('',#20109,#10194);
#8627=LINE('',#20111,#10195);
#8628=LINE('',#20113,#10196);
#8629=LINE('',#20115,#10197);
#8630=LINE('',#20117,#10198);
#8631=LINE('',#20119,#10199);
#8632=LINE('',#20121,#10200);
#8633=LINE('',#20123,#10201);
#8634=LINE('',#20126,#10202);
#8635=LINE('',#20137,#10203);
#8636=LINE('',#20140,#10204);
#8637=LINE('',#20143,#10205);
#8638=LINE('',#20144,#10206);
#8639=LINE('',#20146,#10207);
#8640=LINE('',#20147,#10208);
#8641=LINE('',#20152,#10209);
#8642=LINE('',#20154,#10210);
#8643=LINE('',#20156,#10211);
#8644=LINE('',#20158,#10212);
#8645=LINE('',#20160,#10213);
#8646=LINE('',#20163,#10214);
#8647=LINE('',#20166,#10215);
#8648=LINE('',#20191,#10216);
#8649=LINE('',#20196,#10217);
#8650=LINE('',#20200,#10218);
#8651=LINE('',#20205,#10219);
#8652=LINE('',#20212,#10220);
#8653=LINE('',#20216,#10221);
#8654=LINE('',#20221,#10222);
#8655=LINE('',#20225,#10223);
#8656=LINE('',#20227,#10224);
#8657=LINE('',#20232,#10225);
#8658=LINE('',#20239,#10226);
#8659=LINE('',#20243,#10227);
#8660=LINE('',#20245,#10228);
#8661=LINE('',#20248,#10229);
#8662=LINE('',#20250,#10230);
#8663=LINE('',#20252,#10231);
#8664=LINE('',#20254,#10232);
#8665=LINE('',#20257,#10233);
#8666=LINE('',#20259,#10234);
#8667=LINE('',#20261,#10235);
#8668=LINE('',#20262,#10236);
#8669=LINE('',#20267,#10237);
#8670=LINE('',#20271,#10238);
#8671=LINE('',#20275,#10239);
#8672=LINE('',#20279,#10240);
#8673=LINE('',#20281,#10241);
#8674=LINE('',#20283,#10242);
#8675=LINE('',#20287,#10243);
#8676=LINE('',#20291,#10244);
#8677=LINE('',#20293,#10245);
#8678=LINE('',#20295,#10246);
#8679=LINE('',#20299,#10247);
#8680=LINE('',#20303,#10248);
#8681=LINE('',#20305,#10249);
#8682=LINE('',#20307,#10250);
#8683=LINE('',#20309,#10251);
#8684=LINE('',#20313,#10252);
#8685=LINE('',#20315,#10253);
#8686=LINE('',#20317,#10254);
#8687=LINE('',#20318,#10255);
#8688=LINE('',#20322,#10256);
#8689=LINE('',#20327,#10257);
#8690=LINE('',#20331,#10258);
#8691=LINE('',#20332,#10259);
#8692=LINE('',#20334,#10260);
#8693=LINE('',#20336,#10261);
#8694=LINE('',#20340,#10262);
#8695=LINE('',#20342,#10263);
#8696=LINE('',#20344,#10264);
#8697=LINE('',#20346,#10265);
#8698=LINE('',#20350,#10266);
#8699=LINE('',#20354,#10267);
#8700=LINE('',#20356,#10268);
#8701=LINE('',#20358,#10269);
#8702=LINE('',#20362,#10270);
#8703=LINE('',#20366,#10271);
#8704=LINE('',#20368,#10272);
#8705=LINE('',#20370,#10273);
#8706=LINE('',#20374,#10274);
#8707=LINE('',#20378,#10275);
#8708=LINE('',#20381,#10276);
#8709=LINE('',#20384,#10277);
#8710=LINE('',#20386,#10278);
#8711=LINE('',#20388,#10279);
#8712=LINE('',#20390,#10280);
#8713=LINE('',#20391,#10281);
#8714=LINE('',#20393,#10282);
#8715=LINE('',#20394,#10283);
#8716=LINE('',#20396,#10284);
#8717=LINE('',#20399,#10285);
#8718=LINE('',#20401,#10286);
#8719=LINE('',#20403,#10287);
#8720=LINE('',#20405,#10288);
#8721=LINE('',#20407,#10289);
#8722=LINE('',#20409,#10290);
#8723=LINE('',#20411,#10291);
#8724=LINE('',#20416,#10292);
#8725=LINE('',#20420,#10293);
#8726=LINE('',#20424,#10294);
#8727=LINE('',#20427,#10295);
#8728=LINE('',#20429,#10296);
#8729=LINE('',#20433,#10297);
#8730=LINE('',#20439,#10298);
#8731=LINE('',#20443,#10299);
#8732=LINE('',#20447,#10300);
#8733=LINE('',#20451,#10301);
#8734=LINE('',#20455,#10302);
#8735=LINE('',#20459,#10303);
#8736=LINE('',#20461,#10304);
#8737=LINE('',#20465,#10305);
#8738=LINE('',#20469,#10306);
#8739=LINE('',#20470,#10307);
#8740=LINE('',#20474,#10308);
#8741=LINE('',#20478,#10309);
#8742=LINE('',#20480,#10310);
#8743=LINE('',#20482,#10311);
#8744=LINE('',#20484,#10312);
#8745=LINE('',#20485,#10313);
#8746=LINE('',#20486,#10314);
#8747=LINE('',#20487,#10315);
#8748=LINE('',#20489,#10316);
#8749=LINE('',#20491,#10317);
#8750=LINE('',#20495,#10318);
#8751=LINE('',#20499,#10319);
#8752=LINE('',#20500,#10320);
#8753=LINE('',#20502,#10321);
#8754=LINE('',#20503,#10322);
#8755=LINE('',#20504,#10323);
#8756=LINE('',#20505,#10324);
#8757=LINE('',#20507,#10325);
#8758=LINE('',#20509,#10326);
#8759=LINE('',#20511,#10327);
#8760=LINE('',#20515,#10328);
#8761=LINE('',#20519,#10329);
#8762=LINE('',#20521,#10330);
#8763=LINE('',#20524,#10331);
#8764=LINE('',#20526,#10332);
#8765=LINE('',#20528,#10333);
#8766=LINE('',#20529,#10334);
#8767=LINE('',#20530,#10335);
#8768=LINE('',#20532,#10336);
#8769=LINE('',#20534,#10337);
#8770=LINE('',#20536,#10338);
#8771=LINE('',#20541,#10339);
#8772=LINE('',#20543,#10340);
#8773=LINE('',#20545,#10341);
#8774=LINE('',#20549,#10342);
#8775=LINE('',#20551,#10343);
#8776=LINE('',#20553,#10344);
#8777=LINE('',#20558,#10345);
#8778=LINE('',#20560,#10346);
#8779=LINE('',#20562,#10347);
#8780=LINE('',#20566,#10348);
#8781=LINE('',#20568,#10349);
#8782=LINE('',#20570,#10350);
#8783=LINE('',#20575,#10351);
#8784=LINE('',#20579,#10352);
#8785=LINE('',#20583,#10353);
#8786=LINE('',#20585,#10354);
#8787=LINE('',#20587,#10355);
#8788=LINE('',#20591,#10356);
#8789=LINE('',#20595,#10357);
#8790=LINE('',#20599,#10358);
#8791=LINE('',#20602,#10359);
#8792=LINE('',#20605,#10360);
#8793=LINE('',#20609,#10361);
#8794=LINE('',#20613,#10362);
#8795=LINE('',#20617,#10363);
#8796=LINE('',#20621,#10364);
#8797=LINE('',#20622,#10365);
#8798=LINE('',#20623,#10366);
#8799=LINE('',#20625,#10367);
#8800=LINE('',#20629,#10368);
#8801=LINE('',#20631,#10369);
#8802=LINE('',#20633,#10370);
#8803=LINE('',#20635,#10371);
#8804=LINE('',#20637,#10372);
#8805=LINE('',#20641,#10373);
#8806=LINE('',#20643,#10374);
#8807=LINE('',#20645,#10375);
#8808=LINE('',#20647,#10376);
#8809=LINE('',#20649,#10377);
#8810=LINE('',#20651,#10378);
#8811=LINE('',#20652,#10379);
#8812=LINE('',#20656,#10380);
#8813=LINE('',#20660,#10381);
#8814=LINE('',#20661,#10382);
#8815=LINE('',#20663,#10383);
#8816=LINE('',#20666,#10384);
#8817=LINE('',#20668,#10385);
#8818=LINE('',#20670,#10386);
#8819=LINE('',#20672,#10387);
#8820=LINE('',#20674,#10388);
#8821=LINE('',#20676,#10389);
#8822=LINE('',#20678,#10390);
#8823=LINE('',#20680,#10391);
#8824=LINE('',#20682,#10392);
#8825=LINE('',#20684,#10393);
#8826=LINE('',#20685,#10394);
#8827=LINE('',#20687,#10395);
#8828=LINE('',#20688,#10396);
#8829=LINE('',#20690,#10397);
#8830=LINE('',#20691,#10398);
#8831=LINE('',#20693,#10399);
#8832=LINE('',#20696,#10400);
#8833=LINE('',#20698,#10401);
#8834=LINE('',#20701,#10402);
#8835=LINE('',#20704,#10403);
#8836=LINE('',#20706,#10404);
#8837=LINE('',#20708,#10405);
#8838=LINE('',#20710,#10406);
#8839=LINE('',#20713,#10407);
#8840=LINE('',#20715,#10408);
#8841=LINE('',#20717,#10409);
#8842=LINE('',#20718,#10410);
#8843=LINE('',#20723,#10411);
#8844=LINE('',#20727,#10412);
#8845=LINE('',#20729,#10413);
#8846=LINE('',#20731,#10414);
#8847=LINE('',#20732,#10415);
#8848=LINE('',#20736,#10416);
#8849=LINE('',#20738,#10417);
#8850=LINE('',#20740,#10418);
#8851=LINE('',#20742,#10419);
#8852=LINE('',#20746,#10420);
#8853=LINE('',#20750,#10421);
#8854=LINE('',#20752,#10422);
#8855=LINE('',#20754,#10423);
#8856=LINE('',#20758,#10424);
#8857=LINE('',#20762,#10425);
#8858=LINE('',#20764,#10426);
#8859=LINE('',#20766,#10427);
#8860=LINE('',#20770,#10428);
#8861=LINE('',#20774,#10429);
#8862=LINE('',#20778,#10430);
#8863=LINE('',#20783,#10431);
#8864=LINE('',#20787,#10432);
#8865=LINE('',#20791,#10433);
#8866=LINE('',#20795,#10434);
#8867=LINE('',#20797,#10435);
#8868=LINE('',#20799,#10436);
#8869=LINE('',#20803,#10437);
#8870=LINE('',#20807,#10438);
#8871=LINE('',#20809,#10439);
#8872=LINE('',#20811,#10440);
#8873=LINE('',#20815,#10441);
#8874=LINE('',#20819,#10442);
#8875=LINE('',#20821,#10443);
#8876=LINE('',#20823,#10444);
#8877=LINE('',#20825,#10445);
#8878=LINE('',#20829,#10446);
#8879=LINE('',#20830,#10447);
#8880=LINE('',#20832,#10448);
#8881=LINE('',#20834,#10449);
#8882=LINE('',#20837,#10450);
#8883=LINE('',#20840,#10451);
#8884=LINE('',#20842,#10452);
#8885=LINE('',#20844,#10453);
#8886=LINE('',#20846,#10454);
#8887=LINE('',#20847,#10455);
#8888=LINE('',#20849,#10456);
#8889=LINE('',#20850,#10457);
#8890=LINE('',#20852,#10458);
#8891=LINE('',#20854,#10459);
#8892=LINE('',#20856,#10460);
#8893=LINE('',#20857,#10461);
#8894=LINE('',#20859,#10462);
#8895=LINE('',#20860,#10463);
#8896=LINE('',#20868,#10464);
#8897=LINE('',#20870,#10465);
#8898=LINE('',#20873,#10466);
#8899=LINE('',#20875,#10467);
#8900=LINE('',#20877,#10468);
#8901=LINE('',#20878,#10469);
#8902=LINE('',#20879,#10470);
#8903=LINE('',#20881,#10471);
#8904=LINE('',#20883,#10472);
#8905=LINE('',#20885,#10473);
#8906=LINE('',#20887,#10474);
#8907=LINE('',#20889,#10475);
#8908=LINE('',#20891,#10476);
#8909=LINE('',#20896,#10477);
#8910=LINE('',#20900,#10478);
#8911=LINE('',#20904,#10479);
#8912=LINE('',#20905,#10480);
#8913=LINE('',#20907,#10481);
#8914=LINE('',#20911,#10482);
#8915=LINE('',#20912,#10483);
#8916=LINE('',#20914,#10484);
#8917=LINE('',#20916,#10485);
#8918=LINE('',#20919,#10486);
#8919=LINE('',#20920,#10487);
#8920=LINE('',#20924,#10488);
#8921=LINE('',#20928,#10489);
#8922=LINE('',#20932,#10490);
#8923=LINE('',#20936,#10491);
#8924=LINE('',#20939,#10492);
#8925=LINE('',#20942,#10493);
#8926=LINE('',#20946,#10494);
#8927=LINE('',#20950,#10495);
#8928=LINE('',#20954,#10496);
#8929=LINE('',#20956,#10497);
#8930=LINE('',#20958,#10498);
#8931=LINE('',#20962,#10499);
#8932=LINE('',#20966,#10500);
#8933=LINE('',#20968,#10501);
#8934=LINE('',#20973,#10502);
#8935=LINE('',#20975,#10503);
#8936=LINE('',#20977,#10504);
#8937=LINE('',#20980,#10505);
#8938=LINE('',#20984,#10506);
#8939=LINE('',#20986,#10507);
#8940=LINE('',#20988,#10508);
#8941=LINE('',#20991,#10509);
#8942=LINE('',#20993,#10510);
#8943=LINE('',#20996,#10511);
#8944=LINE('',#20998,#10512);
#8945=LINE('',#21000,#10513);
#8946=LINE('',#21002,#10514);
#8947=LINE('',#21004,#10515);
#8948=LINE('',#21006,#10516);
#8949=LINE('',#21008,#10517);
#8950=LINE('',#21010,#10518);
#8951=LINE('',#21012,#10519);
#8952=LINE('',#21014,#10520);
#8953=LINE('',#21015,#10521);
#8954=LINE('',#21017,#10522);
#8955=LINE('',#21018,#10523);
#8956=LINE('',#21020,#10524);
#8957=LINE('',#21021,#10525);
#8958=LINE('',#21023,#10526);
#8959=LINE('',#21024,#10527);
#8960=LINE('',#21026,#10528);
#8961=LINE('',#21027,#10529);
#8962=LINE('',#21029,#10530);
#8963=LINE('',#21030,#10531);
#8964=LINE('',#21032,#10532);
#8965=LINE('',#21033,#10533);
#8966=LINE('',#21035,#10534);
#8967=LINE('',#21036,#10535);
#8968=LINE('',#21038,#10536);
#8969=LINE('',#21039,#10537);
#8970=LINE('',#21041,#10538);
#8971=LINE('',#21042,#10539);
#8972=LINE('',#21045,#10540);
#8973=LINE('',#21047,#10541);
#8974=LINE('',#21049,#10542);
#8975=LINE('',#21050,#10543);
#8976=LINE('',#21052,#10544);
#8977=LINE('',#21053,#10545);
#8978=LINE('',#21056,#10546);
#8979=LINE('',#21058,#10547);
#8980=LINE('',#21060,#10548);
#8981=LINE('',#21061,#10549);
#8982=LINE('',#21063,#10550);
#8983=LINE('',#21064,#10551);
#8984=LINE('',#21066,#10552);
#8985=LINE('',#21067,#10553);
#8986=LINE('',#21069,#10554);
#8987=LINE('',#21071,#10555);
#8988=LINE('',#21072,#10556);
#8989=LINE('',#21073,#10557);
#8990=LINE('',#21075,#10558);
#8991=LINE('',#21077,#10559);
#8992=LINE('',#21079,#10560);
#8993=LINE('',#21081,#10561);
#8994=LINE('',#21082,#10562);
#8995=LINE('',#21083,#10563);
#8996=LINE('',#21087,#10564);
#8997=LINE('',#21089,#10565);
#8998=LINE('',#21091,#10566);
#8999=LINE('',#21096,#10567);
#9000=LINE('',#21098,#10568);
#9001=LINE('',#21100,#10569);
#9002=LINE('',#21110,#10570);
#9003=LINE('',#21116,#10571);
#9004=LINE('',#21120,#10572);
#9005=LINE('',#21124,#10573);
#9006=LINE('',#21129,#10574);
#9007=LINE('',#21131,#10575);
#9008=LINE('',#21137,#10576);
#9009=LINE('',#21139,#10577);
#9010=LINE('',#21141,#10578);
#9011=LINE('',#21142,#10579);
#9012=LINE('',#21144,#10580);
#9013=LINE('',#21147,#10581);
#9014=LINE('',#21149,#10582);
#9015=LINE('',#21151,#10583);
#9016=LINE('',#21152,#10584);
#9017=LINE('',#21153,#10585);
#9018=LINE('',#21158,#10586);
#9019=LINE('',#21161,#10587);
#9020=LINE('',#21163,#10588);
#9021=LINE('',#21165,#10589);
#9022=LINE('',#21168,#10590);
#9023=LINE('',#21169,#10591);
#9024=LINE('',#21171,#10592);
#9025=LINE('',#21172,#10593);
#9026=LINE('',#21184,#10594);
#9027=LINE('',#21185,#10595);
#9028=LINE('',#21187,#10596);
#9029=LINE('',#21189,#10597);
#9030=LINE('',#21193,#10598);
#9031=LINE('',#21194,#10599);
#9032=LINE('',#21196,#10600);
#9033=LINE('',#21197,#10601);
#9034=LINE('',#21202,#10602);
#9035=LINE('',#21204,#10603);
#9036=LINE('',#21206,#10604);
#9037=LINE('',#21208,#10605);
#9038=LINE('',#21211,#10606);
#9039=LINE('',#21217,#10607);
#9040=LINE('',#21219,#10608);
#9041=LINE('',#21221,#10609);
#9042=LINE('',#21224,#10610);
#9043=LINE('',#21225,#10611);
#9044=LINE('',#21227,#10612);
#9045=LINE('',#21229,#10613);
#9046=LINE('',#21231,#10614);
#9047=LINE('',#21233,#10615);
#9048=LINE('',#21240,#10616);
#9049=LINE('',#21241,#10617);
#9050=LINE('',#21243,#10618);
#9051=LINE('',#21244,#10619);
#9052=LINE('',#21246,#10620);
#9053=LINE('',#21247,#10621);
#9054=LINE('',#21249,#10622);
#9055=LINE('',#21251,#10623);
#9056=LINE('',#21253,#10624);
#9057=LINE('',#21258,#10625);
#9058=LINE('',#21262,#10626);
#9059=LINE('',#21264,#10627);
#9060=LINE('',#21280,#10628);
#9061=LINE('',#21283,#10629);
#9062=LINE('',#21284,#10630);
#9063=LINE('',#21302,#10631);
#9064=LINE('',#21310,#10632);
#9065=LINE('',#21312,#10633);
#9066=LINE('',#21316,#10634);
#9067=LINE('',#21318,#10635);
#9068=LINE('',#21319,#10636);
#9069=LINE('',#21321,#10637);
#9070=LINE('',#21331,#10638);
#9071=LINE('',#21340,#10639);
#9072=LINE('',#21346,#10640);
#9073=LINE('',#21355,#10641);
#9074=LINE('',#21357,#10642);
#9075=LINE('',#21375,#10643);
#9076=LINE('',#21376,#10644);
#9077=LINE('',#21378,#10645);
#9078=LINE('',#21380,#10646);
#9079=LINE('',#21384,#10647);
#9080=LINE('',#21385,#10648);
#9081=LINE('',#21387,#10649);
#9082=LINE('',#21389,#10650);
#9083=LINE('',#21394,#10651);
#9084=LINE('',#21398,#10652);
#9085=LINE('',#21404,#10653);
#9086=LINE('',#21406,#10654);
#9087=LINE('',#21424,#10655);
#9088=LINE('',#21427,#10656);
#9089=LINE('',#21428,#10657);
#9090=LINE('',#21444,#10658);
#9091=LINE('',#21450,#10659);
#9092=LINE('',#21455,#10660);
#9093=LINE('',#21456,#10661);
#9094=LINE('',#21458,#10662);
#9095=LINE('',#21460,#10663);
#9096=LINE('',#21464,#10664);
#9097=LINE('',#21466,#10665);
#9098=LINE('',#21468,#10666);
#9099=LINE('',#21470,#10667);
#9100=LINE('',#21473,#10668);
#9101=LINE('',#21476,#10669);
#9102=LINE('',#21478,#10670);
#9103=LINE('',#21485,#10671);
#9104=LINE('',#21489,#10672);
#9105=LINE('',#21491,#10673);
#9106=LINE('',#21493,#10674);
#9107=LINE('',#21497,#10675);
#9108=LINE('',#21499,#10676);
#9109=LINE('',#21503,#10677);
#9110=LINE('',#21504,#10678);
#9111=LINE('',#21506,#10679);
#9112=LINE('',#21528,#10680);
#9113=LINE('',#21534,#10681);
#9114=LINE('',#21538,#10682);
#9115=LINE('',#21542,#10683);
#9116=LINE('',#21546,#10684);
#9117=LINE('',#21548,#10685);
#9118=LINE('',#21551,#10686);
#9119=LINE('',#21552,#10687);
#9120=LINE('',#21554,#10688);
#9121=LINE('',#21557,#10689);
#9122=LINE('',#21559,#10690);
#9123=LINE('',#21561,#10691);
#9124=LINE('',#21562,#10692);
#9125=LINE('',#21564,#10693);
#9126=LINE('',#21566,#10694);
#9127=LINE('',#21568,#10695);
#9128=LINE('',#21575,#10696);
#9129=LINE('',#21578,#10697);
#9130=LINE('',#21580,#10698);
#9131=LINE('',#21582,#10699);
#9132=LINE('',#21585,#10700);
#9133=LINE('',#21586,#10701);
#9134=LINE('',#21588,#10702);
#9135=LINE('',#21589,#10703);
#9136=LINE('',#21601,#10704);
#9137=LINE('',#21602,#10705);
#9138=LINE('',#21604,#10706);
#9139=LINE('',#21605,#10707);
#9140=LINE('',#21610,#10708);
#9141=LINE('',#21611,#10709);
#9142=LINE('',#21613,#10710);
#9143=LINE('',#21614,#10711);
#9144=LINE('',#21619,#10712);
#9145=LINE('',#21621,#10713);
#9146=LINE('',#21622,#10714);
#9147=LINE('',#21624,#10715);
#9148=LINE('',#21634,#10716);
#9149=LINE('',#21643,#10717);
#9150=LINE('',#21649,#10718);
#9151=LINE('',#21658,#10719);
#9152=LINE('',#21660,#10720);
#9153=LINE('',#21678,#10721);
#9154=LINE('',#21679,#10722);
#9155=LINE('',#21681,#10723);
#9156=LINE('',#21683,#10724);
#9157=LINE('',#21687,#10725);
#9158=LINE('',#21688,#10726);
#9159=LINE('',#21690,#10727);
#9160=LINE('',#21691,#10728);
#9161=LINE('',#21693,#10729);
#9162=LINE('',#21694,#10730);
#9163=LINE('',#21696,#10731);
#9164=LINE('',#21698,#10732);
#9165=LINE('',#21700,#10733);
#9166=LINE('',#21705,#10734);
#9167=LINE('',#21709,#10735);
#9168=LINE('',#21711,#10736);
#9169=LINE('',#21727,#10737);
#9170=LINE('',#21730,#10738);
#9171=LINE('',#21731,#10739);
#9172=LINE('',#21749,#10740);
#9173=LINE('',#21757,#10741);
#9174=LINE('',#21759,#10742);
#9175=LINE('',#21763,#10743);
#9176=LINE('',#21764,#10744);
#9177=LINE('',#21766,#10745);
#9178=LINE('',#21768,#10746);
#9179=LINE('',#21773,#10747);
#9180=LINE('',#21777,#10748);
#9181=LINE('',#21783,#10749);
#9182=LINE('',#21785,#10750);
#9183=LINE('',#21786,#10751);
#9184=LINE('',#21792,#10752);
#9185=LINE('',#21798,#10753);
#9186=LINE('',#21800,#10754);
#9187=LINE('',#21816,#10755);
#9188=LINE('',#21819,#10756);
#9189=LINE('',#21820,#10757);
#9190=LINE('',#21837,#10758);
#9191=LINE('',#21839,#10759);
#9192=LINE('',#21843,#10760);
#9193=LINE('',#21845,#10761);
#9194=LINE('',#21847,#10762);
#9195=LINE('',#21849,#10763);
#9196=LINE('',#21852,#10764);
#9197=LINE('',#21855,#10765);
#9198=LINE('',#21857,#10766);
#9199=LINE('',#21862,#10767);
#9200=LINE('',#21867,#10768);
#9201=LINE('',#21869,#10769);
#9202=LINE('',#21872,#10770);
#9203=LINE('',#21877,#10771);
#9204=LINE('',#21880,#10772);
#9205=LINE('',#21882,#10773);
#9206=LINE('',#21883,#10774);
#9207=LINE('',#21885,#10775);
#9208=LINE('',#21911,#10776);
#9209=LINE('',#21912,#10777);
#9210=LINE('',#21914,#10778);
#9211=LINE('',#21915,#10779);
#9212=LINE('',#21919,#10780);
#9213=LINE('',#21920,#10781);
#9214=LINE('',#21922,#10782);
#9215=LINE('',#21923,#10783);
#9216=VECTOR('',#14420,1000.);
#9217=VECTOR('',#14421,1000.);
#9218=VECTOR('',#14422,1000.);
#9219=VECTOR('',#14423,1000.);
#9220=VECTOR('',#14424,1000.);
#9221=VECTOR('',#14425,1000.);
#9222=VECTOR('',#14426,1000.);
#9223=VECTOR('',#14427,1000.);
#9224=VECTOR('',#14430,1000.);
#9225=VECTOR('',#14431,1000.);
#9226=VECTOR('',#14432,1000.);
#9227=VECTOR('',#14433,1000.);
#9228=VECTOR('',#14434,1000.);
#9229=VECTOR('',#14435,1000.);
#9230=VECTOR('',#14436,1000.);
#9231=VECTOR('',#14437,1000.);
#9232=VECTOR('',#14438,1000.);
#9233=VECTOR('',#14439,1000.);
#9234=VECTOR('',#14440,1000.);
#9235=VECTOR('',#14441,1000.);
#9236=VECTOR('',#14442,1000.);
#9237=VECTOR('',#14443,1000.);
#9238=VECTOR('',#14444,1000.);
#9239=VECTOR('',#14445,1000.);
#9240=VECTOR('',#14446,1000.);
#9241=VECTOR('',#14447,1000.);
#9242=VECTOR('',#14448,1000.);
#9243=VECTOR('',#14449,1000.);
#9244=VECTOR('',#14450,1000.);
#9245=VECTOR('',#14451,1000.);
#9246=VECTOR('',#14452,1000.);
#9247=VECTOR('',#14453,1000.);
#9248=VECTOR('',#14454,1000.);
#9249=VECTOR('',#14455,1000.);
#9250=VECTOR('',#14458,1000.);
#9251=VECTOR('',#14459,1000.);
#9252=VECTOR('',#14460,1000.);
#9253=VECTOR('',#14461,1000.);
#9254=VECTOR('',#14462,1000.);
#9255=VECTOR('',#14463,1000.);
#9256=VECTOR('',#14464,1000.);
#9257=VECTOR('',#14465,1000.);
#9258=VECTOR('',#14466,1000.);
#9259=VECTOR('',#14467,1000.);
#9260=VECTOR('',#14468,1000.);
#9261=VECTOR('',#14469,1000.);
#9262=VECTOR('',#14472,1000.);
#9263=VECTOR('',#14473,1000.);
#9264=VECTOR('',#14474,1000.);
#9265=VECTOR('',#14475,1000.);
#9266=VECTOR('',#14478,1000.);
#9267=VECTOR('',#14479,1000.);
#9268=VECTOR('',#14480,1000.);
#9269=VECTOR('',#14481,1000.);
#9270=VECTOR('',#14484,1000.);
#9271=VECTOR('',#14485,1000.);
#9272=VECTOR('',#14486,1000.);
#9273=VECTOR('',#14487,1000.);
#9274=VECTOR('',#14488,1000.);
#9275=VECTOR('',#14489,1000.);
#9276=VECTOR('',#14490,1000.);
#9277=VECTOR('',#14491,1000.);
#9278=VECTOR('',#14492,1000.);
#9279=VECTOR('',#14493,1000.);
#9280=VECTOR('',#14494,1000.);
#9281=VECTOR('',#14495,1000.);
#9282=VECTOR('',#14498,1000.);
#9283=VECTOR('',#14499,1000.);
#9284=VECTOR('',#14500,1000.);
#9285=VECTOR('',#14501,1000.);
#9286=VECTOR('',#14502,1000.);
#9287=VECTOR('',#14503,1000.);
#9288=VECTOR('',#14504,1000.);
#9289=VECTOR('',#14505,1000.);
#9290=VECTOR('',#14508,1000.);
#9291=VECTOR('',#14509,1000.);
#9292=VECTOR('',#14510,1000.);
#9293=VECTOR('',#14511,1000.);
#9294=VECTOR('',#14514,1000.);
#9295=VECTOR('',#14515,1000.);
#9296=VECTOR('',#14516,1000.);
#9297=VECTOR('',#14517,1000.);
#9298=VECTOR('',#14520,1000.);
#9299=VECTOR('',#14521,1000.);
#9300=VECTOR('',#14522,1000.);
#9301=VECTOR('',#14523,1000.);
#9302=VECTOR('',#14526,1000.);
#9303=VECTOR('',#14527,1000.);
#9304=VECTOR('',#14528,1000.);
#9305=VECTOR('',#14529,1000.);
#9306=VECTOR('',#14532,1000.);
#9307=VECTOR('',#14533,1000.);
#9308=VECTOR('',#14534,1000.);
#9309=VECTOR('',#14535,1000.);
#9310=VECTOR('',#14538,1000.);
#9311=VECTOR('',#14539,1000.);
#9312=VECTOR('',#14540,1000.);
#9313=VECTOR('',#14541,1000.);
#9314=VECTOR('',#14544,1000.);
#9315=VECTOR('',#14545,1000.);
#9316=VECTOR('',#14546,1000.);
#9317=VECTOR('',#14547,1000.);
#9318=VECTOR('',#14550,1000.);
#9319=VECTOR('',#14551,1000.);
#9320=VECTOR('',#14552,1000.);
#9321=VECTOR('',#14553,1000.);
#9322=VECTOR('',#14556,1000.);
#9323=VECTOR('',#14557,1000.);
#9324=VECTOR('',#14558,1000.);
#9325=VECTOR('',#14559,1000.);
#9326=VECTOR('',#14562,1000.);
#9327=VECTOR('',#14563,1000.);
#9328=VECTOR('',#14564,1000.);
#9329=VECTOR('',#14565,1000.);
#9330=VECTOR('',#14568,1000.);
#9331=VECTOR('',#14569,1000.);
#9332=VECTOR('',#14570,1000.);
#9333=VECTOR('',#14571,1000.);
#9334=VECTOR('',#14574,1000.);
#9335=VECTOR('',#14575,1000.);
#9336=VECTOR('',#14576,1000.);
#9337=VECTOR('',#14577,1000.);
#9338=VECTOR('',#14586,1000.);
#9339=VECTOR('',#14593,1000.);
#9340=VECTOR('',#14594,1000.);
#9341=VECTOR('',#14595,1000.);
#9342=VECTOR('',#14596,1000.);
#9343=VECTOR('',#14599,1000.);
#9344=VECTOR('',#14606,1000.);
#9345=VECTOR('',#14609,1000.);
#9346=VECTOR('',#14614,1000.);
#9347=VECTOR('',#14615,1000.);
#9348=VECTOR('',#14616,1000.);
#9349=VECTOR('',#14617,1000.);
#9350=VECTOR('',#14620,1000.);
#9351=VECTOR('',#14627,1000.);
#9352=VECTOR('',#14628,1000.);
#9353=VECTOR('',#14629,1000.);
#9354=VECTOR('',#14630,1000.);
#9355=VECTOR('',#14633,1000.);
#9356=VECTOR('',#14640,1000.);
#9357=VECTOR('',#14641,1000.);
#9358=VECTOR('',#14642,1000.);
#9359=VECTOR('',#14643,1000.);
#9360=VECTOR('',#14652,1000.);
#9361=VECTOR('',#14653,1000.);
#9362=VECTOR('',#14654,1000.);
#9363=VECTOR('',#14655,1000.);
#9364=VECTOR('',#14664,1000.);
#9365=VECTOR('',#14665,1000.);
#9366=VECTOR('',#14666,1000.);
#9367=VECTOR('',#14667,1000.);
#9368=VECTOR('',#14676,1000.);
#9369=VECTOR('',#14677,1000.);
#9370=VECTOR('',#14678,1000.);
#9371=VECTOR('',#14681,1000.);
#9372=VECTOR('',#14682,1000.);
#9373=VECTOR('',#14683,1000.);
#9374=VECTOR('',#14684,1000.);
#9375=VECTOR('',#14685,1000.);
#9376=VECTOR('',#14686,1000.);
#9377=VECTOR('',#14687,1000.);
#9378=VECTOR('',#14688,1000.);
#9379=VECTOR('',#14689,1000.);
#9380=VECTOR('',#14690,1000.);
#9381=VECTOR('',#14691,1000.);
#9382=VECTOR('',#14692,1000.);
#9383=VECTOR('',#14693,1000.);
#9384=VECTOR('',#14694,1000.);
#9385=VECTOR('',#14695,1000.);
#9386=VECTOR('',#14696,1000.);
#9387=VECTOR('',#14697,1000.);
#9388=VECTOR('',#14698,1000.);
#9389=VECTOR('',#14699,1000.);
#9390=VECTOR('',#14700,1000.);
#9391=VECTOR('',#14701,1000.);
#9392=VECTOR('',#14702,1000.);
#9393=VECTOR('',#14703,1000.);
#9394=VECTOR('',#14704,1000.);
#9395=VECTOR('',#14705,1000.);
#9396=VECTOR('',#14706,1000.);
#9397=VECTOR('',#14707,1000.);
#9398=VECTOR('',#14708,1000.);
#9399=VECTOR('',#14709,1000.);
#9400=VECTOR('',#14710,1000.);
#9401=VECTOR('',#14711,1000.);
#9402=VECTOR('',#14712,1000.);
#9403=VECTOR('',#14713,1000.);
#9404=VECTOR('',#14714,1000.);
#9405=VECTOR('',#14715,1000.);
#9406=VECTOR('',#14716,1000.);
#9407=VECTOR('',#14717,1000.);
#9408=VECTOR('',#14718,1000.);
#9409=VECTOR('',#14719,1000.);
#9410=VECTOR('',#14720,1000.);
#9411=VECTOR('',#14723,1000.);
#9412=VECTOR('',#14724,1000.);
#9413=VECTOR('',#14725,1000.);
#9414=VECTOR('',#14726,1000.);
#9415=VECTOR('',#14727,1000.);
#9416=VECTOR('',#14730,1000.);
#9417=VECTOR('',#14731,1000.);
#9418=VECTOR('',#14734,1000.);
#9419=VECTOR('',#14735,1000.);
#9420=VECTOR('',#14736,1000.);
#9421=VECTOR('',#14737,1000.);
#9422=VECTOR('',#14738,1000.);
#9423=VECTOR('',#14739,1000.);
#9424=VECTOR('',#14740,1000.);
#9425=VECTOR('',#14741,1000.);
#9426=VECTOR('',#14742,1000.);
#9427=VECTOR('',#14743,1000.);
#9428=VECTOR('',#14744,1000.);
#9429=VECTOR('',#14745,1000.);
#9430=VECTOR('',#14746,1000.);
#9431=VECTOR('',#14747,1000.);
#9432=VECTOR('',#14748,1000.);
#9433=VECTOR('',#14749,1000.);
#9434=VECTOR('',#14750,1000.);
#9435=VECTOR('',#14751,1000.);
#9436=VECTOR('',#14752,1000.);
#9437=VECTOR('',#14753,1000.);
#9438=VECTOR('',#14754,1000.);
#9439=VECTOR('',#14755,1000.);
#9440=VECTOR('',#14756,1000.);
#9441=VECTOR('',#14757,1000.);
#9442=VECTOR('',#14758,1000.);
#9443=VECTOR('',#14759,1000.);
#9444=VECTOR('',#14760,1000.);
#9445=VECTOR('',#14761,1000.);
#9446=VECTOR('',#14762,1000.);
#9447=VECTOR('',#14765,1000.);
#9448=VECTOR('',#14766,1000.);
#9449=VECTOR('',#14767,1000.);
#9450=VECTOR('',#14768,1000.);
#9451=VECTOR('',#14769,1000.);
#9452=VECTOR('',#14770,1000.);
#9453=VECTOR('',#14771,1000.);
#9454=VECTOR('',#14774,1000.);
#9455=VECTOR('',#14775,1000.);
#9456=VECTOR('',#14776,1000.);
#9457=VECTOR('',#14779,1000.);
#9458=VECTOR('',#14780,1000.);
#9459=VECTOR('',#14781,1000.);
#9460=VECTOR('',#14782,1000.);
#9461=VECTOR('',#14783,1000.);
#9462=VECTOR('',#14784,1000.);
#9463=VECTOR('',#14785,1000.);
#9464=VECTOR('',#14786,1000.);
#9465=VECTOR('',#14787,1000.);
#9466=VECTOR('',#14788,1000.);
#9467=VECTOR('',#14789,1000.);
#9468=VECTOR('',#14790,1000.);
#9469=VECTOR('',#14791,1000.);
#9470=VECTOR('',#14792,1000.);
#9471=VECTOR('',#14793,1000.);
#9472=VECTOR('',#14794,1000.);
#9473=VECTOR('',#14795,1000.);
#9474=VECTOR('',#14796,1000.);
#9475=VECTOR('',#14797,1000.);
#9476=VECTOR('',#14798,1000.);
#9477=VECTOR('',#14799,1000.);
#9478=VECTOR('',#14800,1000.);
#9479=VECTOR('',#14801,1000.);
#9480=VECTOR('',#14802,1000.);
#9481=VECTOR('',#14803,1000.);
#9482=VECTOR('',#14804,1000.);
#9483=VECTOR('',#14805,1000.);
#9484=VECTOR('',#14806,1000.);
#9485=VECTOR('',#14807,1000.);
#9486=VECTOR('',#14808,1000.);
#9487=VECTOR('',#14809,1000.);
#9488=VECTOR('',#14810,1000.);
#9489=VECTOR('',#14811,1000.);
#9490=VECTOR('',#14812,1000.);
#9491=VECTOR('',#14813,1000.);
#9492=VECTOR('',#14814,1000.);
#9493=VECTOR('',#14815,1000.);
#9494=VECTOR('',#14816,1000.);
#9495=VECTOR('',#14817,1000.);
#9496=VECTOR('',#14818,1000.);
#9497=VECTOR('',#14819,1000.);
#9498=VECTOR('',#14820,1000.);
#9499=VECTOR('',#14821,1000.);
#9500=VECTOR('',#14822,1000.);
#9501=VECTOR('',#14823,1000.);
#9502=VECTOR('',#14824,1000.);
#9503=VECTOR('',#14825,1000.);
#9504=VECTOR('',#14826,1000.);
#9505=VECTOR('',#14827,1000.);
#9506=VECTOR('',#14828,1000.);
#9507=VECTOR('',#14831,1000.);
#9508=VECTOR('',#14832,1000.);
#9509=VECTOR('',#14835,1000.);
#9510=VECTOR('',#14836,1000.);
#9511=VECTOR('',#14839,1000.);
#9512=VECTOR('',#14840,1000.);
#9513=VECTOR('',#14843,1000.);
#9514=VECTOR('',#14844,1000.);
#9515=VECTOR('',#14847,1000.);
#9516=VECTOR('',#14848,1000.);
#9517=VECTOR('',#14851,1000.);
#9518=VECTOR('',#14852,1000.);
#9519=VECTOR('',#14855,1000.);
#9520=VECTOR('',#14858,1000.);
#9521=VECTOR('',#14861,1000.);
#9522=VECTOR('',#14862,1000.);
#9523=VECTOR('',#14863,1000.);
#9524=VECTOR('',#14864,1000.);
#9525=VECTOR('',#14865,1000.);
#9526=VECTOR('',#14866,1000.);
#9527=VECTOR('',#14867,1000.);
#9528=VECTOR('',#14868,1000.);
#9529=VECTOR('',#14869,1000.);
#9530=VECTOR('',#14870,1000.);
#9531=VECTOR('',#14873,1000.);
#9532=VECTOR('',#14876,1000.);
#9533=VECTOR('',#14879,1000.);
#9534=VECTOR('',#14884,1000.);
#9535=VECTOR('',#14887,1000.);
#9536=VECTOR('',#14892,1000.);
#9537=VECTOR('',#14895,1000.);
#9538=VECTOR('',#14900,1000.);
#9539=VECTOR('',#14901,1000.);
#9540=VECTOR('',#14902,1000.);
#9541=VECTOR('',#14903,1000.);
#9542=VECTOR('',#14906,1000.);
#9543=VECTOR('',#14909,1000.);
#9544=VECTOR('',#14910,1000.);
#9545=VECTOR('',#14913,1000.);
#9546=VECTOR('',#14914,1000.);
#9547=VECTOR('',#14917,1000.);
#9548=VECTOR('',#14920,1000.);
#9549=VECTOR('',#14921,1000.);
#9550=VECTOR('',#14922,1000.);
#9551=VECTOR('',#14923,1000.);
#9552=VECTOR('',#14926,1000.);
#9553=VECTOR('',#14929,1000.);
#9554=VECTOR('',#14934,1000.);
#9555=VECTOR('',#14935,1000.);
#9556=VECTOR('',#14936,1000.);
#9557=VECTOR('',#14937,1000.);
#9558=VECTOR('',#14940,1000.);
#9559=VECTOR('',#14943,1000.);
#9560=VECTOR('',#14944,1000.);
#9561=VECTOR('',#14945,1000.);
#9562=VECTOR('',#14948,1000.);
#9563=VECTOR('',#14949,1000.);
#9564=VECTOR('',#14950,1000.);
#9565=VECTOR('',#14953,1000.);
#9566=VECTOR('',#14956,1000.);
#9567=VECTOR('',#14957,1000.);
#9568=VECTOR('',#14958,1000.);
#9569=VECTOR('',#14959,1000.);
#9570=VECTOR('',#14962,1000.);
#9571=VECTOR('',#14965,1000.);
#9572=VECTOR('',#14968,1000.);
#9573=VECTOR('',#14973,1000.);
#9574=VECTOR('',#14976,1000.);
#9575=VECTOR('',#14981,1000.);
#9576=VECTOR('',#14984,1000.);
#9577=VECTOR('',#14985,1000.);
#9578=VECTOR('',#14986,1000.);
#9579=VECTOR('',#14987,1000.);
#9580=VECTOR('',#14990,1000.);
#9581=VECTOR('',#14991,1000.);
#9582=VECTOR('',#14994,1000.);
#9583=VECTOR('',#14995,1000.);
#9584=VECTOR('',#14996,1000.);
#9585=VECTOR('',#14997,1000.);
#9586=VECTOR('',#14998,1000.);
#9587=VECTOR('',#14999,1000.);
#9588=VECTOR('',#15002,1000.);
#9589=VECTOR('',#15003,1000.);
#9590=VECTOR('',#15004,1000.);
#9591=VECTOR('',#15005,1000.);
#9592=VECTOR('',#15012,1000.);
#9593=VECTOR('',#15013,1000.);
#9594=VECTOR('',#15014,1000.);
#9595=VECTOR('',#15015,1000.);
#9596=VECTOR('',#15018,1000.);
#9597=VECTOR('',#15021,1000.);
#9598=VECTOR('',#15024,1000.);
#9599=VECTOR('',#15027,1000.);
#9600=VECTOR('',#15030,1000.);
#9601=VECTOR('',#15033,1000.);
#9602=VECTOR('',#15034,1000.);
#9603=VECTOR('',#15037,1000.);
#9604=VECTOR('',#15040,1000.);
#9605=VECTOR('',#15041,1000.);
#9606=VECTOR('',#15042,1000.);
#9607=VECTOR('',#15045,1000.);
#9608=VECTOR('',#15048,1000.);
#9609=VECTOR('',#15051,1000.);
#9610=VECTOR('',#15054,1000.);
#9611=VECTOR('',#15057,1000.);
#9612=VECTOR('',#15060,1000.);
#9613=VECTOR('',#15061,1000.);
#9614=VECTOR('',#15064,1000.);
#9615=VECTOR('',#15067,1000.);
#9616=VECTOR('',#15068,1000.);
#9617=VECTOR('',#15069,1000.);
#9618=VECTOR('',#15072,1000.);
#9619=VECTOR('',#15075,1000.);
#9620=VECTOR('',#15078,1000.);
#9621=VECTOR('',#15081,1000.);
#9622=VECTOR('',#15082,1000.);
#9623=VECTOR('',#15085,1000.);
#9624=VECTOR('',#15088,1000.);
#9625=VECTOR('',#15089,1000.);
#9626=VECTOR('',#15092,1000.);
#9627=VECTOR('',#15095,1000.);
#9628=VECTOR('',#15096,1000.);
#9629=VECTOR('',#15099,1000.);
#9630=VECTOR('',#15102,1000.);
#9631=VECTOR('',#15103,1000.);
#9632=VECTOR('',#15106,1000.);
#9633=VECTOR('',#15109,1000.);
#9634=VECTOR('',#15112,1000.);
#9635=VECTOR('',#15113,1000.);
#9636=VECTOR('',#15114,1000.);
#9637=VECTOR('',#15115,1000.);
#9638=VECTOR('',#15120,1000.);
#9639=VECTOR('',#15123,1000.);
#9640=VECTOR('',#15124,1000.);
#9641=VECTOR('',#15127,1000.);
#9642=VECTOR('',#15130,1000.);
#9643=VECTOR('',#15131,1000.);
#9644=VECTOR('',#15132,1000.);
#9645=VECTOR('',#15135,1000.);
#9646=VECTOR('',#15138,1000.);
#9647=VECTOR('',#15141,1000.);
#9648=VECTOR('',#15142,1000.);
#9649=VECTOR('',#15143,1000.);
#9650=VECTOR('',#15144,1000.);
#9651=VECTOR('',#15149,1000.);
#9652=VECTOR('',#15152,1000.);
#9653=VECTOR('',#15153,1000.);
#9654=VECTOR('',#15156,1000.);
#9655=VECTOR('',#15159,1000.);
#9656=VECTOR('',#15160,1000.);
#9657=VECTOR('',#15161,1000.);
#9658=VECTOR('',#15164,1000.);
#9659=VECTOR('',#15167,1000.);
#9660=VECTOR('',#15170,1000.);
#9661=VECTOR('',#15171,1000.);
#9662=VECTOR('',#15172,1000.);
#9663=VECTOR('',#15177,1000.);
#9664=VECTOR('',#15188,1000.);
#9665=VECTOR('',#15191,1000.);
#9666=VECTOR('',#15194,1000.);
#9667=VECTOR('',#15197,1000.);
#9668=VECTOR('',#15200,1000.);
#9669=VECTOR('',#15201,1000.);
#9670=VECTOR('',#15204,1000.);
#9671=VECTOR('',#15205,1000.);
#9672=VECTOR('',#15208,1000.);
#9673=VECTOR('',#15209,1000.);
#9674=VECTOR('',#15212,1000.);
#9675=VECTOR('',#15213,1000.);
#9676=VECTOR('',#15216,1000.);
#9677=VECTOR('',#15217,1000.);
#9678=VECTOR('',#15220,1000.);
#9679=VECTOR('',#15221,1000.);
#9680=VECTOR('',#15224,1000.);
#9681=VECTOR('',#15225,1000.);
#9682=VECTOR('',#15228,1000.);
#9683=VECTOR('',#15229,1000.);
#9684=VECTOR('',#15234,1000.);
#9685=VECTOR('',#15239,1000.);
#9686=VECTOR('',#15244,1000.);
#9687=VECTOR('',#15249,1000.);
#9688=VECTOR('',#15254,1000.);
#9689=VECTOR('',#15257,1000.);
#9690=VECTOR('',#15260,1000.);
#9691=VECTOR('',#15261,1000.);
#9692=VECTOR('',#15264,1000.);
#9693=VECTOR('',#15265,1000.);
#9694=VECTOR('',#15268,1000.);
#9695=VECTOR('',#15273,1000.);
#9696=VECTOR('',#15284,1000.);
#9697=VECTOR('',#15285,1000.);
#9698=VECTOR('',#15288,1000.);
#9699=VECTOR('',#15289,1000.);
#9700=VECTOR('',#15292,1000.);
#9701=VECTOR('',#15297,1000.);
#9702=VECTOR('',#15298,1000.);
#9703=VECTOR('',#15301,1000.);
#9704=VECTOR('',#15302,1000.);
#9705=VECTOR('',#15305,1000.);
#9706=VECTOR('',#15388,1000.);
#9707=VECTOR('',#15389,1000.);
#9708=VECTOR('',#15390,1000.);
#9709=VECTOR('',#15391,1000.);
#9710=VECTOR('',#15392,1000.);
#9711=VECTOR('',#15395,1000.);
#9712=VECTOR('',#15398,1000.);
#9713=VECTOR('',#15399,1000.);
#9714=VECTOR('',#15400,1000.);
#9715=VECTOR('',#15401,1000.);
#9716=VECTOR('',#15402,1000.);
#9717=VECTOR('',#15403,1000.);
#9718=VECTOR('',#15404,1000.);
#9719=VECTOR('',#15405,1000.);
#9720=VECTOR('',#15406,1000.);
#9721=VECTOR('',#15407,1000.);
#9722=VECTOR('',#15408,1000.);
#9723=VECTOR('',#15409,1000.);
#9724=VECTOR('',#15410,1000.);
#9725=VECTOR('',#15411,1000.);
#9726=VECTOR('',#15412,1000.);
#9727=VECTOR('',#15413,1000.);
#9728=VECTOR('',#15414,1000.);
#9729=VECTOR('',#15415,1000.);
#9730=VECTOR('',#15418,1000.);
#9731=VECTOR('',#15419,1000.);
#9732=VECTOR('',#15420,1000.);
#9733=VECTOR('',#15421,1000.);
#9734=VECTOR('',#15422,1000.);
#9735=VECTOR('',#15423,1000.);
#9736=VECTOR('',#15426,1000.);
#9737=VECTOR('',#15427,1000.);
#9738=VECTOR('',#15428,1000.);
#9739=VECTOR('',#15429,1000.);
#9740=VECTOR('',#15430,1000.);
#9741=VECTOR('',#15433,1000.);
#9742=VECTOR('',#15434,1000.);
#9743=VECTOR('',#15435,1000.);
#9744=VECTOR('',#15436,1000.);
#9745=VECTOR('',#15437,1000.);
#9746=VECTOR('',#15438,1000.);
#9747=VECTOR('',#15439,1000.);
#9748=VECTOR('',#15440,1000.);
#9749=VECTOR('',#15441,1000.);
#9750=VECTOR('',#15442,1000.);
#9751=VECTOR('',#15443,1000.);
#9752=VECTOR('',#15444,1000.);
#9753=VECTOR('',#15445,1000.);
#9754=VECTOR('',#15446,1000.);
#9755=VECTOR('',#15447,1000.);
#9756=VECTOR('',#15448,1000.);
#9757=VECTOR('',#15449,1000.);
#9758=VECTOR('',#15450,1000.);
#9759=VECTOR('',#15451,1000.);
#9760=VECTOR('',#15452,1000.);
#9761=VECTOR('',#15453,1000.);
#9762=VECTOR('',#15454,1000.);
#9763=VECTOR('',#15455,1000.);
#9764=VECTOR('',#15456,1000.);
#9765=VECTOR('',#15457,1000.);
#9766=VECTOR('',#15458,1000.);
#9767=VECTOR('',#15459,1000.);
#9768=VECTOR('',#15460,1000.);
#9769=VECTOR('',#15461,1000.);
#9770=VECTOR('',#15462,1000.);
#9771=VECTOR('',#15463,1000.);
#9772=VECTOR('',#15464,1000.);
#9773=VECTOR('',#15465,1000.);
#9774=VECTOR('',#15466,1000.);
#9775=VECTOR('',#15467,1000.);
#9776=VECTOR('',#15468,1000.);
#9777=VECTOR('',#15469,1000.);
#9778=VECTOR('',#15470,1000.);
#9779=VECTOR('',#15471,1000.);
#9780=VECTOR('',#15472,1000.);
#9781=VECTOR('',#15473,1000.);
#9782=VECTOR('',#15474,1000.);
#9783=VECTOR('',#15477,1000.);
#9784=VECTOR('',#15482,1000.);
#9785=VECTOR('',#15483,1000.);
#9786=VECTOR('',#15484,1000.);
#9787=VECTOR('',#15485,1000.);
#9788=VECTOR('',#15486,1000.);
#9789=VECTOR('',#15487,1000.);
#9790=VECTOR('',#15488,1000.);
#9791=VECTOR('',#15489,1000.);
#9792=VECTOR('',#15490,1000.);
#9793=VECTOR('',#15491,1000.);
#9794=VECTOR('',#15492,1000.);
#9795=VECTOR('',#15495,1000.);
#9796=VECTOR('',#15496,1000.);
#9797=VECTOR('',#15497,1000.);
#9798=VECTOR('',#15498,1000.);
#9799=VECTOR('',#15499,1000.);
#9800=VECTOR('',#15500,1000.);
#9801=VECTOR('',#15501,1000.);
#9802=VECTOR('',#15502,1000.);
#9803=VECTOR('',#15503,1000.);
#9804=VECTOR('',#15504,1000.);
#9805=VECTOR('',#15505,1000.);
#9806=VECTOR('',#15506,1000.);
#9807=VECTOR('',#15509,1000.);
#9808=VECTOR('',#15510,1000.);
#9809=VECTOR('',#15513,1000.);
#9810=VECTOR('',#15514,1000.);
#9811=VECTOR('',#15515,1000.);
#9812=VECTOR('',#15518,1000.);
#9813=VECTOR('',#15519,1000.);
#9814=VECTOR('',#15520,1000.);
#9815=VECTOR('',#15521,1000.);
#9816=VECTOR('',#15522,1000.);
#9817=VECTOR('',#15523,1000.);
#9818=VECTOR('',#15524,1000.);
#9819=VECTOR('',#15525,1000.);
#9820=VECTOR('',#15526,1000.);
#9821=VECTOR('',#15527,1000.);
#9822=VECTOR('',#15528,1000.);
#9823=VECTOR('',#15529,1000.);
#9824=VECTOR('',#15530,1000.);
#9825=VECTOR('',#15531,1000.);
#9826=VECTOR('',#15532,1000.);
#9827=VECTOR('',#15535,1000.);
#9828=VECTOR('',#15536,1000.);
#9829=VECTOR('',#15539,1000.);
#9830=VECTOR('',#15540,1000.);
#9831=VECTOR('',#15541,1000.);
#9832=VECTOR('',#15542,1000.);
#9833=VECTOR('',#15543,1000.);
#9834=VECTOR('',#15544,1000.);
#9835=VECTOR('',#15545,1000.);
#9836=VECTOR('',#15546,1000.);
#9837=VECTOR('',#15547,1000.);
#9838=VECTOR('',#15548,1000.);
#9839=VECTOR('',#15549,1000.);
#9840=VECTOR('',#15550,1000.);
#9841=VECTOR('',#15551,1000.);
#9842=VECTOR('',#15552,1000.);
#9843=VECTOR('',#15553,1000.);
#9844=VECTOR('',#15554,1000.);
#9845=VECTOR('',#15555,1000.);
#9846=VECTOR('',#15556,1000.);
#9847=VECTOR('',#15557,1000.);
#9848=VECTOR('',#15558,1000.);
#9849=VECTOR('',#15559,1000.);
#9850=VECTOR('',#15560,1000.);
#9851=VECTOR('',#15561,1000.);
#9852=VECTOR('',#15562,1000.);
#9853=VECTOR('',#15563,1000.);
#9854=VECTOR('',#15564,1000.);
#9855=VECTOR('',#15567,1000.);
#9856=VECTOR('',#15568,1000.);
#9857=VECTOR('',#15569,1000.);
#9858=VECTOR('',#15570,1000.);
#9859=VECTOR('',#15571,1000.);
#9860=VECTOR('',#15572,1000.);
#9861=VECTOR('',#15573,1000.);
#9862=VECTOR('',#15574,1000.);
#9863=VECTOR('',#15575,1000.);
#9864=VECTOR('',#15576,1000.);
#9865=VECTOR('',#15577,1000.);
#9866=VECTOR('',#15578,1000.);
#9867=VECTOR('',#15579,1000.);
#9868=VECTOR('',#15580,1000.);
#9869=VECTOR('',#15581,1000.);
#9870=VECTOR('',#15582,1000.);
#9871=VECTOR('',#15583,1000.);
#9872=VECTOR('',#15584,1000.);
#9873=VECTOR('',#15585,1000.);
#9874=VECTOR('',#15586,1000.);
#9875=VECTOR('',#15587,1000.);
#9876=VECTOR('',#15588,1000.);
#9877=VECTOR('',#15589,1000.);
#9878=VECTOR('',#15590,1000.);
#9879=VECTOR('',#15591,1000.);
#9880=VECTOR('',#15592,1000.);
#9881=VECTOR('',#15593,1000.);
#9882=VECTOR('',#15594,1000.);
#9883=VECTOR('',#15595,1000.);
#9884=VECTOR('',#15596,1000.);
#9885=VECTOR('',#15597,1000.);
#9886=VECTOR('',#15598,1000.);
#9887=VECTOR('',#15599,1000.);
#9888=VECTOR('',#15600,1000.);
#9889=VECTOR('',#15601,1000.);
#9890=VECTOR('',#15602,1000.);
#9891=VECTOR('',#15603,1000.);
#9892=VECTOR('',#15604,1000.);
#9893=VECTOR('',#15605,1000.);
#9894=VECTOR('',#15606,1000.);
#9895=VECTOR('',#15607,1000.);
#9896=VECTOR('',#15608,1000.);
#9897=VECTOR('',#15609,1000.);
#9898=VECTOR('',#15610,1000.);
#9899=VECTOR('',#15611,1000.);
#9900=VECTOR('',#15612,1000.);
#9901=VECTOR('',#15613,1000.);
#9902=VECTOR('',#15614,1000.);
#9903=VECTOR('',#15617,1000.);
#9904=VECTOR('',#15618,1000.);
#9905=VECTOR('',#15619,1000.);
#9906=VECTOR('',#15620,1000.);
#9907=VECTOR('',#15623,1000.);
#9908=VECTOR('',#15624,1000.);
#9909=VECTOR('',#15625,1000.);
#9910=VECTOR('',#15626,1000.);
#9911=VECTOR('',#15629,1000.);
#9912=VECTOR('',#15630,1000.);
#9913=VECTOR('',#15631,1000.);
#9914=VECTOR('',#15632,1000.);
#9915=VECTOR('',#15635,1000.);
#9916=VECTOR('',#15636,1000.);
#9917=VECTOR('',#15637,1000.);
#9918=VECTOR('',#15638,1000.);
#9919=VECTOR('',#15639,1000.);
#9920=VECTOR('',#15640,1000.);
#9921=VECTOR('',#15641,1000.);
#9922=VECTOR('',#15642,1000.);
#9923=VECTOR('',#15643,1000.);
#9924=VECTOR('',#15644,1000.);
#9925=VECTOR('',#15645,1000.);
#9926=VECTOR('',#15646,1000.);
#9927=VECTOR('',#15647,1000.);
#9928=VECTOR('',#15648,1000.);
#9929=VECTOR('',#15651,1000.);
#9930=VECTOR('',#15654,1000.);
#9931=VECTOR('',#15655,1000.);
#9932=VECTOR('',#15656,1000.);
#9933=VECTOR('',#15657,1000.);
#9934=VECTOR('',#15658,1000.);
#9935=VECTOR('',#15661,1000.);
#9936=VECTOR('',#15662,1000.);
#9937=VECTOR('',#15663,1000.);
#9938=VECTOR('',#15664,1000.);
#9939=VECTOR('',#15665,1000.);
#9940=VECTOR('',#15668,1000.);
#9941=VECTOR('',#15671,1000.);
#9942=VECTOR('',#15674,1000.);
#9943=VECTOR('',#15675,1000.);
#9944=VECTOR('',#15676,1000.);
#9945=VECTOR('',#15677,1000.);
#9946=VECTOR('',#15678,1000.);
#9947=VECTOR('',#15681,1000.);
#9948=VECTOR('',#15684,1000.);
#9949=VECTOR('',#15687,1000.);
#9950=VECTOR('',#15688,1000.);
#9951=VECTOR('',#15689,1000.);
#9952=VECTOR('',#15690,1000.);
#9953=VECTOR('',#15693,1000.);
#9954=VECTOR('',#15694,1000.);
#9955=VECTOR('',#15695,1000.);
#9956=VECTOR('',#15696,1000.);
#9957=VECTOR('',#15699,1000.);
#9958=VECTOR('',#15700,1000.);
#9959=VECTOR('',#15701,1000.);
#9960=VECTOR('',#15704,1000.);
#9961=VECTOR('',#15705,1000.);
#9962=VECTOR('',#15706,1000.);
#9963=VECTOR('',#15707,1000.);
#9964=VECTOR('',#15708,1000.);
#9965=VECTOR('',#15709,1000.);
#9966=VECTOR('',#15710,1000.);
#9967=VECTOR('',#15713,1000.);
#9968=VECTOR('',#15716,1000.);
#9969=VECTOR('',#15717,1000.);
#9970=VECTOR('',#15718,1000.);
#9971=VECTOR('',#15721,1000.);
#9972=VECTOR('',#15722,1000.);
#9973=VECTOR('',#15723,1000.);
#9974=VECTOR('',#15724,1000.);
#9975=VECTOR('',#15729,1000.);
#9976=VECTOR('',#15730,1000.);
#9977=VECTOR('',#15731,1000.);
#9978=VECTOR('',#15732,1000.);
#9979=VECTOR('',#15735,1000.);
#9980=VECTOR('',#15736,1000.);
#9981=VECTOR('',#15737,1000.);
#9982=VECTOR('',#15742,1000.);
#9983=VECTOR('',#15743,1000.);
#9984=VECTOR('',#15746,1000.);
#9985=VECTOR('',#15747,1000.);
#9986=VECTOR('',#15748,1000.);
#9987=VECTOR('',#15749,1000.);
#9988=VECTOR('',#15752,1000.);
#9989=VECTOR('',#15753,1000.);
#9990=VECTOR('',#15754,1000.);
#9991=VECTOR('',#15755,1000.);
#9992=VECTOR('',#15758,1000.);
#9993=VECTOR('',#15759,1000.);
#9994=VECTOR('',#15760,1000.);
#9995=VECTOR('',#15763,1000.);
#9996=VECTOR('',#15764,1000.);
#9997=VECTOR('',#15765,1000.);
#9998=VECTOR('',#15766,1000.);
#9999=VECTOR('',#15769,1000.);
#10000=VECTOR('',#15770,1000.);
#10001=VECTOR('',#15771,1000.);
#10002=VECTOR('',#15774,1000.);
#10003=VECTOR('',#15775,1000.);
#10004=VECTOR('',#15776,1000.);
#10005=VECTOR('',#15777,1000.);
#10006=VECTOR('',#15778,1000.);
#10007=VECTOR('',#15779,1000.);
#10008=VECTOR('',#15782,1000.);
#10009=VECTOR('',#15783,1000.);
#10010=VECTOR('',#15786,1000.);
#10011=VECTOR('',#15787,1000.);
#10012=VECTOR('',#15790,1000.);
#10013=VECTOR('',#15791,1000.);
#10014=VECTOR('',#15794,1000.);
#10015=VECTOR('',#15795,1000.);
#10016=VECTOR('',#15798,1000.);
#10017=VECTOR('',#15799,1000.);
#10018=VECTOR('',#15802,1000.);
#10019=VECTOR('',#15803,1000.);
#10020=VECTOR('',#15806,1000.);
#10021=VECTOR('',#15807,1000.);
#10022=VECTOR('',#15808,1000.);
#10023=VECTOR('',#15811,1000.);
#10024=VECTOR('',#15812,1000.);
#10025=VECTOR('',#15813,1000.);
#10026=VECTOR('',#15814,1000.);
#10027=VECTOR('',#15815,1000.);
#10028=VECTOR('',#15816,1000.);
#10029=VECTOR('',#15817,1000.);
#10030=VECTOR('',#15820,1000.);
#10031=VECTOR('',#15821,1000.);
#10032=VECTOR('',#15822,1000.);
#10033=VECTOR('',#15825,1000.);
#10034=VECTOR('',#15826,1000.);
#10035=VECTOR('',#15827,1000.);
#10036=VECTOR('',#15830,1000.);
#10037=VECTOR('',#15831,1000.);
#10038=VECTOR('',#15832,1000.);
#10039=VECTOR('',#15833,1000.);
#10040=VECTOR('',#15834,1000.);
#10041=VECTOR('',#15837,1000.);
#10042=VECTOR('',#15838,1000.);
#10043=VECTOR('',#15839,1000.);
#10044=VECTOR('',#15840,1000.);
#10045=VECTOR('',#15841,1000.);
#10046=VECTOR('',#15844,1000.);
#10047=VECTOR('',#15845,1000.);
#10048=VECTOR('',#15846,1000.);
#10049=VECTOR('',#15847,1000.);
#10050=VECTOR('',#15848,1000.);
#10051=VECTOR('',#15851,1000.);
#10052=VECTOR('',#15856,1000.);
#10053=VECTOR('',#15861,1000.);
#10054=VECTOR('',#15862,1000.);
#10055=VECTOR('',#15865,1000.);
#10056=VECTOR('',#15866,1000.);
#10057=VECTOR('',#15869,1000.);
#10058=VECTOR('',#15872,1000.);
#10059=VECTOR('',#15873,1000.);
#10060=VECTOR('',#15876,1000.);
#10061=VECTOR('',#15877,1000.);
#10062=VECTOR('',#15880,1000.);
#10063=VECTOR('',#15881,1000.);
#10064=VECTOR('',#15884,1000.);
#10065=VECTOR('',#15887,1000.);
#10066=VECTOR('',#15888,1000.);
#10067=VECTOR('',#15891,1000.);
#10068=VECTOR('',#15892,1000.);
#10069=VECTOR('',#15895,1000.);
#10070=VECTOR('',#15896,1000.);
#10071=VECTOR('',#15899,1000.);
#10072=VECTOR('',#15902,1000.);
#10073=VECTOR('',#15903,1000.);
#10074=VECTOR('',#15906,1000.);
#10075=VECTOR('',#15907,1000.);
#10076=VECTOR('',#15910,1000.);
#10077=VECTOR('',#15911,1000.);
#10078=VECTOR('',#15914,1000.);
#10079=VECTOR('',#15917,1000.);
#10080=VECTOR('',#15918,1000.);
#10081=VECTOR('',#15921,1000.);
#10082=VECTOR('',#15922,1000.);
#10083=VECTOR('',#15925,1000.);
#10084=VECTOR('',#15926,1000.);
#10085=VECTOR('',#15929,1000.);
#10086=VECTOR('',#15932,1000.);
#10087=VECTOR('',#15933,1000.);
#10088=VECTOR('',#15936,1000.);
#10089=VECTOR('',#15937,1000.);
#10090=VECTOR('',#15940,1000.);
#10091=VECTOR('',#15941,1000.);
#10092=VECTOR('',#15944,1000.);
#10093=VECTOR('',#15947,1000.);
#10094=VECTOR('',#15948,1000.);
#10095=VECTOR('',#15951,1000.);
#10096=VECTOR('',#15952,1000.);
#10097=VECTOR('',#15955,1000.);
#10098=VECTOR('',#15956,1000.);
#10099=VECTOR('',#15959,1000.);
#10100=VECTOR('',#15962,1000.);
#10101=VECTOR('',#15963,1000.);
#10102=VECTOR('',#15966,1000.);
#10103=VECTOR('',#15967,1000.);
#10104=VECTOR('',#15970,1000.);
#10105=VECTOR('',#15971,1000.);
#10106=VECTOR('',#15974,1000.);
#10107=VECTOR('',#15977,1000.);
#10108=VECTOR('',#15978,1000.);
#10109=VECTOR('',#15981,1000.);
#10110=VECTOR('',#15982,1000.);
#10111=VECTOR('',#15985,1000.);
#10112=VECTOR('',#15986,1000.);
#10113=VECTOR('',#15987,1000.);
#10114=VECTOR('',#15990,1000.);
#10115=VECTOR('',#15991,1000.);
#10116=VECTOR('',#15992,1000.);
#10117=VECTOR('',#15995,1000.);
#10118=VECTOR('',#15996,1000.);
#10119=VECTOR('',#15999,1000.);
#10120=VECTOR('',#16000,1000.);
#10121=VECTOR('',#16003,1000.);
#10122=VECTOR('',#16004,1000.);
#10123=VECTOR('',#16005,1000.);
#10124=VECTOR('',#16008,1000.);
#10125=VECTOR('',#16009,1000.);
#10126=VECTOR('',#16012,1000.);
#10127=VECTOR('',#16013,1000.);
#10128=VECTOR('',#16014,1000.);
#10129=VECTOR('',#16017,1000.);
#10130=VECTOR('',#16018,1000.);
#10131=VECTOR('',#16019,1000.);
#10132=VECTOR('',#16022,1000.);
#10133=VECTOR('',#16023,1000.);
#10134=VECTOR('',#16026,1000.);
#10135=VECTOR('',#16029,1000.);
#10136=VECTOR('',#16054,1000.);
#10137=VECTOR('',#16055,1000.);
#10138=VECTOR('',#16058,1000.);
#10139=VECTOR('',#16061,1000.);
#10140=VECTOR('',#16064,1000.);
#10141=VECTOR('',#16069,1000.);
#10142=VECTOR('',#16070,1000.);
#10143=VECTOR('',#16077,1000.);
#10144=VECTOR('',#16080,1000.);
#10145=VECTOR('',#16085,1000.);
#10146=VECTOR('',#16086,1000.);
#10147=VECTOR('',#16089,1000.);
#10148=VECTOR('',#16092,1000.);
#10149=VECTOR('',#16093,1000.);
#10150=VECTOR('',#16096,1000.);
#10151=VECTOR('',#16097,1000.);
#10152=VECTOR('',#16098,1000.);
#10153=VECTOR('',#16103,1000.);
#10154=VECTOR('',#16104,1000.);
#10155=VECTOR('',#16105,1000.);
#10156=VECTOR('',#16108,1000.);
#10157=VECTOR('',#16111,1000.);
#10158=VECTOR('',#16114,1000.);
#10159=VECTOR('',#16117,1000.);
#10160=VECTOR('',#16118,1000.);
#10161=VECTOR('',#16121,1000.);
#10162=VECTOR('',#16122,1000.);
#10163=VECTOR('',#16125,1000.);
#10164=VECTOR('',#16128,1000.);
#10165=VECTOR('',#16133,1000.);
#10166=VECTOR('',#16134,1000.);
#10167=VECTOR('',#16137,1000.);
#10168=VECTOR('',#16140,1000.);
#10169=VECTOR('',#16145,1000.);
#10170=VECTOR('',#16146,1000.);
#10171=VECTOR('',#16149,1000.);
#10172=VECTOR('',#16154,1000.);
#10173=VECTOR('',#16155,1000.);
#10174=VECTOR('',#16158,1000.);
#10175=VECTOR('',#16163,1000.);
#10176=VECTOR('',#16164,1000.);
#10177=VECTOR('',#16167,1000.);
#10178=VECTOR('',#16172,1000.);
#10179=VECTOR('',#16173,1000.);
#10180=VECTOR('',#16176,1000.);
#10181=VECTOR('',#16183,1000.);
#10182=VECTOR('',#16184,1000.);
#10183=VECTOR('',#16187,1000.);
#10184=VECTOR('',#16190,1000.);
#10185=VECTOR('',#16193,1000.);
#10186=VECTOR('',#16196,1000.);
#10187=VECTOR('',#16199,1000.);
#10188=VECTOR('',#16202,1000.);
#10189=VECTOR('',#16205,1000.);
#10190=VECTOR('',#16208,1000.);
#10191=VECTOR('',#16211,1000.);
#10192=VECTOR('',#16214,1000.);
#10193=VECTOR('',#16217,1000.);
#10194=VECTOR('',#16220,1000.);
#10195=VECTOR('',#16223,1000.);
#10196=VECTOR('',#16226,1000.);
#10197=VECTOR('',#16229,1000.);
#10198=VECTOR('',#16232,1000.);
#10199=VECTOR('',#16235,1000.);
#10200=VECTOR('',#16238,1000.);
#10201=VECTOR('',#16241,1000.);
#10202=VECTOR('',#16246,1000.);
#10203=VECTOR('',#16267,1000.);
#10204=VECTOR('',#16272,1000.);
#10205=VECTOR('',#16277,1000.);
#10206=VECTOR('',#16278,1000.);
#10207=VECTOR('',#16281,1000.);
#10208=VECTOR('',#16282,1000.);
#10209=VECTOR('',#16291,1000.);
#10210=VECTOR('',#16292,1000.);
#10211=VECTOR('',#16295,1000.);
#10212=VECTOR('',#16296,1000.);
#10213=VECTOR('',#16299,1000.);
#10214=VECTOR('',#16304,1000.);
#10215=VECTOR('',#16309,1000.);
#10216=VECTOR('',#16346,1000.);
#10217=VECTOR('',#16349,1000.);
#10218=VECTOR('',#16354,1000.);
#10219=VECTOR('',#16357,1000.);
#10220=VECTOR('',#16364,1000.);
#10221=VECTOR('',#16367,1000.);
#10222=VECTOR('',#16372,1000.);
#10223=VECTOR('',#16375,1000.);
#10224=VECTOR('',#16378,1000.);
#10225=VECTOR('',#16381,1000.);
#10226=VECTOR('',#16388,1000.);
#10227=VECTOR('',#16391,1000.);
#10228=VECTOR('',#16394,1000.);
#10229=VECTOR('',#16395,1000.);
#10230=VECTOR('',#16396,1000.);
#10231=VECTOR('',#16397,1000.);
#10232=VECTOR('',#16400,1000.);
#10233=VECTOR('',#16401,1000.);
#10234=VECTOR('',#16402,1000.);
#10235=VECTOR('',#16403,1000.);
#10236=VECTOR('',#16404,1000.);
#10237=VECTOR('',#16407,1000.);
#10238=VECTOR('',#16410,1000.);
#10239=VECTOR('',#16413,1000.);
#10240=VECTOR('',#16416,1000.);
#10241=VECTOR('',#16417,1000.);
#10242=VECTOR('',#16418,1000.);
#10243=VECTOR('',#16421,1000.);
#10244=VECTOR('',#16424,1000.);
#10245=VECTOR('',#16425,1000.);
#10246=VECTOR('',#16426,1000.);
#10247=VECTOR('',#16429,1000.);
#10248=VECTOR('',#16432,1000.);
#10249=VECTOR('',#16433,1000.);
#10250=VECTOR('',#16434,1000.);
#10251=VECTOR('',#16435,1000.);
#10252=VECTOR('',#16438,1000.);
#10253=VECTOR('',#16439,1000.);
#10254=VECTOR('',#16440,1000.);
#10255=VECTOR('',#16441,1000.);
#10256=VECTOR('',#16446,1000.);
#10257=VECTOR('',#16449,1000.);
#10258=VECTOR('',#16452,1000.);
#10259=VECTOR('',#16453,1000.);
#10260=VECTOR('',#16454,1000.);
#10261=VECTOR('',#16455,1000.);
#10262=VECTOR('',#16458,1000.);
#10263=VECTOR('',#16459,1000.);
#10264=VECTOR('',#16460,1000.);
#10265=VECTOR('',#16461,1000.);
#10266=VECTOR('',#16464,1000.);
#10267=VECTOR('',#16467,1000.);
#10268=VECTOR('',#16468,1000.);
#10269=VECTOR('',#16469,1000.);
#10270=VECTOR('',#16472,1000.);
#10271=VECTOR('',#16475,1000.);
#10272=VECTOR('',#16476,1000.);
#10273=VECTOR('',#16477,1000.);
#10274=VECTOR('',#16480,1000.);
#10275=VECTOR('',#16483,1000.);
#10276=VECTOR('',#16486,1000.);
#10277=VECTOR('',#16487,1000.);
#10278=VECTOR('',#16488,1000.);
#10279=VECTOR('',#16489,1000.);
#10280=VECTOR('',#16492,1000.);
#10281=VECTOR('',#16493,1000.);
#10282=VECTOR('',#16496,1000.);
#10283=VECTOR('',#16497,1000.);
#10284=VECTOR('',#16500,1000.);
#10285=VECTOR('',#16501,1000.);
#10286=VECTOR('',#16502,1000.);
#10287=VECTOR('',#16503,1000.);
#10288=VECTOR('',#16504,1000.);
#10289=VECTOR('',#16505,1000.);
#10290=VECTOR('',#16506,1000.);
#10291=VECTOR('',#16507,1000.);
#10292=VECTOR('',#16512,1000.);
#10293=VECTOR('',#16515,1000.);
#10294=VECTOR('',#16518,1000.);
#10295=VECTOR('',#16521,1000.);
#10296=VECTOR('',#16524,1000.);
#10297=VECTOR('',#16527,1000.);
#10298=VECTOR('',#16534,1000.);
#10299=VECTOR('',#16537,1000.);
#10300=VECTOR('',#16540,1000.);
#10301=VECTOR('',#16543,1000.);
#10302=VECTOR('',#16548,1000.);
#10303=VECTOR('',#16551,1000.);
#10304=VECTOR('',#16554,1000.);
#10305=VECTOR('',#16557,1000.);
#10306=VECTOR('',#16560,1000.);
#10307=VECTOR('',#16561,1000.);
#10308=VECTOR('',#16564,1000.);
#10309=VECTOR('',#16567,1000.);
#10310=VECTOR('',#16568,1000.);
#10311=VECTOR('',#16569,1000.);
#10312=VECTOR('',#16570,1000.);
#10313=VECTOR('',#16571,1000.);
#10314=VECTOR('',#16572,1000.);
#10315=VECTOR('',#16573,1000.);
#10316=VECTOR('',#16574,1000.);
#10317=VECTOR('',#16577,1000.);
#10318=VECTOR('',#16580,1000.);
#10319=VECTOR('',#16583,1000.);
#10320=VECTOR('',#16584,1000.);
#10321=VECTOR('',#16585,1000.);
#10322=VECTOR('',#16586,1000.);
#10323=VECTOR('',#16587,1000.);
#10324=VECTOR('',#16588,1000.);
#10325=VECTOR('',#16589,1000.);
#10326=VECTOR('',#16590,1000.);
#10327=VECTOR('',#16591,1000.);
#10328=VECTOR('',#16594,1000.);
#10329=VECTOR('',#16597,1000.);
#10330=VECTOR('',#16600,1000.);
#10331=VECTOR('',#16601,1000.);
#10332=VECTOR('',#16602,1000.);
#10333=VECTOR('',#16603,1000.);
#10334=VECTOR('',#16604,1000.);
#10335=VECTOR('',#16605,1000.);
#10336=VECTOR('',#16606,1000.);
#10337=VECTOR('',#16607,1000.);
#10338=VECTOR('',#16610,1000.);
#10339=VECTOR('',#16613,1000.);
#10340=VECTOR('',#16614,1000.);
#10341=VECTOR('',#16615,1000.);
#10342=VECTOR('',#16618,1000.);
#10343=VECTOR('',#16619,1000.);
#10344=VECTOR('',#16622,1000.);
#10345=VECTOR('',#16625,1000.);
#10346=VECTOR('',#16626,1000.);
#10347=VECTOR('',#16627,1000.);
#10348=VECTOR('',#16630,1000.);
#10349=VECTOR('',#16631,1000.);
#10350=VECTOR('',#16634,1000.);
#10351=VECTOR('',#16637,1000.);
#10352=VECTOR('',#16640,1000.);
#10353=VECTOR('',#16643,1000.);
#10354=VECTOR('',#16644,1000.);
#10355=VECTOR('',#16645,1000.);
#10356=VECTOR('',#16648,1000.);
#10357=VECTOR('',#16651,1000.);
#10358=VECTOR('',#16654,1000.);
#10359=VECTOR('',#16657,1000.);
#10360=VECTOR('',#16660,1000.);
#10361=VECTOR('',#16663,1000.);
#10362=VECTOR('',#16666,1000.);
#10363=VECTOR('',#16669,1000.);
#10364=VECTOR('',#16672,1000.);
#10365=VECTOR('',#16673,1000.);
#10366=VECTOR('',#16674,1000.);
#10367=VECTOR('',#16675,1000.);
#10368=VECTOR('',#16678,1000.);
#10369=VECTOR('',#16679,1000.);
#10370=VECTOR('',#16680,1000.);
#10371=VECTOR('',#16681,1000.);
#10372=VECTOR('',#16682,1000.);
#10373=VECTOR('',#16685,1000.);
#10374=VECTOR('',#16686,1000.);
#10375=VECTOR('',#16687,1000.);
#10376=VECTOR('',#16688,1000.);
#10377=VECTOR('',#16689,1000.);
#10378=VECTOR('',#16690,1000.);
#10379=VECTOR('',#16691,1000.);
#10380=VECTOR('',#16694,1000.);
#10381=VECTOR('',#16699,1000.);
#10382=VECTOR('',#16700,1000.);
#10383=VECTOR('',#16703,1000.);
#10384=VECTOR('',#16704,1000.);
#10385=VECTOR('',#16705,1000.);
#10386=VECTOR('',#16706,1000.);
#10387=VECTOR('',#16709,1000.);
#10388=VECTOR('',#16710,1000.);
#10389=VECTOR('',#16711,1000.);
#10390=VECTOR('',#16714,1000.);
#10391=VECTOR('',#16715,1000.);
#10392=VECTOR('',#16716,1000.);
#10393=VECTOR('',#16719,1000.);
#10394=VECTOR('',#16720,1000.);
#10395=VECTOR('',#16723,1000.);
#10396=VECTOR('',#16724,1000.);
#10397=VECTOR('',#16727,1000.);
#10398=VECTOR('',#16728,1000.);
#10399=VECTOR('',#16731,1000.);
#10400=VECTOR('',#16734,1000.);
#10401=VECTOR('',#16735,1000.);
#10402=VECTOR('',#16740,1000.);
#10403=VECTOR('',#16741,1000.);
#10404=VECTOR('',#16742,1000.);
#10405=VECTOR('',#16743,1000.);
#10406=VECTOR('',#16746,1000.);
#10407=VECTOR('',#16747,1000.);
#10408=VECTOR('',#16748,1000.);
#10409=VECTOR('',#16749,1000.);
#10410=VECTOR('',#16750,1000.);
#10411=VECTOR('',#16753,1000.);
#10412=VECTOR('',#16756,1000.);
#10413=VECTOR('',#16757,1000.);
#10414=VECTOR('',#16758,1000.);
#10415=VECTOR('',#16759,1000.);
#10416=VECTOR('',#16762,1000.);
#10417=VECTOR('',#16763,1000.);
#10418=VECTOR('',#16764,1000.);
#10419=VECTOR('',#16765,1000.);
#10420=VECTOR('',#16768,1000.);
#10421=VECTOR('',#16771,1000.);
#10422=VECTOR('',#16772,1000.);
#10423=VECTOR('',#16773,1000.);
#10424=VECTOR('',#16776,1000.);
#10425=VECTOR('',#16779,1000.);
#10426=VECTOR('',#16780,1000.);
#10427=VECTOR('',#16781,1000.);
#10428=VECTOR('',#16784,1000.);
#10429=VECTOR('',#16787,1000.);
#10430=VECTOR('',#16792,1000.);
#10431=VECTOR('',#16795,1000.);
#10432=VECTOR('',#16798,1000.);
#10433=VECTOR('',#16801,1000.);
#10434=VECTOR('',#16804,1000.);
#10435=VECTOR('',#16805,1000.);
#10436=VECTOR('',#16806,1000.);
#10437=VECTOR('',#16809,1000.);
#10438=VECTOR('',#16812,1000.);
#10439=VECTOR('',#16813,1000.);
#10440=VECTOR('',#16814,1000.);
#10441=VECTOR('',#16817,1000.);
#10442=VECTOR('',#16820,1000.);
#10443=VECTOR('',#16821,1000.);
#10444=VECTOR('',#16822,1000.);
#10445=VECTOR('',#16823,1000.);
#10446=VECTOR('',#16826,1000.);
#10447=VECTOR('',#16827,1000.);
#10448=VECTOR('',#16828,1000.);
#10449=VECTOR('',#16829,1000.);
#10450=VECTOR('',#16832,1000.);
#10451=VECTOR('',#16833,1000.);
#10452=VECTOR('',#16834,1000.);
#10453=VECTOR('',#16835,1000.);
#10454=VECTOR('',#16838,1000.);
#10455=VECTOR('',#16839,1000.);
#10456=VECTOR('',#16842,1000.);
#10457=VECTOR('',#16843,1000.);
#10458=VECTOR('',#16846,1000.);
#10459=VECTOR('',#16847,1000.);
#10460=VECTOR('',#16848,1000.);
#10461=VECTOR('',#16849,1000.);
#10462=VECTOR('',#16850,1000.);
#10463=VECTOR('',#16851,1000.);
#10464=VECTOR('',#16864,1000.);
#10465=VECTOR('',#16867,1000.);
#10466=VECTOR('',#16868,1000.);
#10467=VECTOR('',#16869,1000.);
#10468=VECTOR('',#16870,1000.);
#10469=VECTOR('',#16871,1000.);
#10470=VECTOR('',#16872,1000.);
#10471=VECTOR('',#16873,1000.);
#10472=VECTOR('',#16874,1000.);
#10473=VECTOR('',#16877,1000.);
#10474=VECTOR('',#16878,1000.);
#10475=VECTOR('',#16879,1000.);
#10476=VECTOR('',#16882,1000.);
#10477=VECTOR('',#16885,1000.);
#10478=VECTOR('',#16888,1000.);
#10479=VECTOR('',#16891,1000.);
#10480=VECTOR('',#16892,1000.);
#10481=VECTOR('',#16893,1000.);
#10482=VECTOR('',#16896,1000.);
#10483=VECTOR('',#16897,1000.);
#10484=VECTOR('',#16898,1000.);
#10485=VECTOR('',#16899,1000.);
#10486=VECTOR('',#16902,1000.);
#10487=VECTOR('',#16903,1000.);
#10488=VECTOR('',#16906,1000.);
#10489=VECTOR('',#16909,1000.);
#10490=VECTOR('',#16912,1000.);
#10491=VECTOR('',#16915,1000.);
#10492=VECTOR('',#16918,1000.);
#10493=VECTOR('',#16921,1000.);
#10494=VECTOR('',#16924,1000.);
#10495=VECTOR('',#16927,1000.);
#10496=VECTOR('',#16930,1000.);
#10497=VECTOR('',#16931,1000.);
#10498=VECTOR('',#16932,1000.);
#10499=VECTOR('',#16935,1000.);
#10500=VECTOR('',#16940,1000.);
#10501=VECTOR('',#16943,1000.);
#10502=VECTOR('',#16950,1000.);
#10503=VECTOR('',#16951,1000.);
#10504=VECTOR('',#16952,1000.);
#10505=VECTOR('',#16955,1000.);
#10506=VECTOR('',#16960,1000.);
#10507=VECTOR('',#16961,1000.);
#10508=VECTOR('',#16962,1000.);
#10509=VECTOR('',#16965,1000.);
#10510=VECTOR('',#16968,1000.);
#10511=VECTOR('',#16969,1000.);
#10512=VECTOR('',#16970,1000.);
#10513=VECTOR('',#16971,1000.);
#10514=VECTOR('',#16974,1000.);
#10515=VECTOR('',#16975,1000.);
#10516=VECTOR('',#16976,1000.);
#10517=VECTOR('',#16979,1000.);
#10518=VECTOR('',#16980,1000.);
#10519=VECTOR('',#16981,1000.);
#10520=VECTOR('',#16984,1000.);
#10521=VECTOR('',#16985,1000.);
#10522=VECTOR('',#16988,1000.);
#10523=VECTOR('',#16989,1000.);
#10524=VECTOR('',#16992,1000.);
#10525=VECTOR('',#16993,1000.);
#10526=VECTOR('',#16996,1000.);
#10527=VECTOR('',#16997,1000.);
#10528=VECTOR('',#17000,1000.);
#10529=VECTOR('',#17001,1000.);
#10530=VECTOR('',#17004,1000.);
#10531=VECTOR('',#17005,1000.);
#10532=VECTOR('',#17008,1000.);
#10533=VECTOR('',#17009,1000.);
#10534=VECTOR('',#17012,1000.);
#10535=VECTOR('',#17013,1000.);
#10536=VECTOR('',#17016,1000.);
#10537=VECTOR('',#17017,1000.);
#10538=VECTOR('',#17020,1000.);
#10539=VECTOR('',#17021,1000.);
#10540=VECTOR('',#17026,1000.);
#10541=VECTOR('',#17029,1000.);
#10542=VECTOR('',#17032,1000.);
#10543=VECTOR('',#17033,1000.);
#10544=VECTOR('',#17036,1000.);
#10545=VECTOR('',#17037,1000.);
#10546=VECTOR('',#17042,1000.);
#10547=VECTOR('',#17045,1000.);
#10548=VECTOR('',#17048,1000.);
#10549=VECTOR('',#17049,1000.);
#10550=VECTOR('',#17052,1000.);
#10551=VECTOR('',#17053,1000.);
#10552=VECTOR('',#17056,1000.);
#10553=VECTOR('',#17057,1000.);
#10554=VECTOR('',#17060,1000.);
#10555=VECTOR('',#17061,1000.);
#10556=VECTOR('',#17062,1000.);
#10557=VECTOR('',#17063,1000.);
#10558=VECTOR('',#17064,1000.);
#10559=VECTOR('',#17067,1000.);
#10560=VECTOR('',#17068,1000.);
#10561=VECTOR('',#17069,1000.);
#10562=VECTOR('',#17070,1000.);
#10563=VECTOR('',#17071,1000.);
#10564=VECTOR('',#17076,1000.);
#10565=VECTOR('',#17077,1000.);
#10566=VECTOR('',#17078,1000.);
#10567=VECTOR('',#17083,1000.);
#10568=VECTOR('',#17084,1000.);
#10569=VECTOR('',#17085,1000.);
#10570=VECTOR('',#17100,1000.);
#10571=VECTOR('',#17107,1000.);
#10572=VECTOR('',#17110,1000.);
#10573=VECTOR('',#17113,1000.);
#10574=VECTOR('',#17120,1000.);
#10575=VECTOR('',#17123,1000.);
#10576=VECTOR('',#17128,1000.);
#10577=VECTOR('',#17129,1000.);
#10578=VECTOR('',#17132,1000.);
#10579=VECTOR('',#17133,1000.);
#10580=VECTOR('',#17136,1000.);
#10581=VECTOR('',#17137,1000.);
#10582=VECTOR('',#17138,1000.);
#10583=VECTOR('',#17139,1000.);
#10584=VECTOR('',#17140,1000.);
#10585=VECTOR('',#17141,1000.);
#10586=VECTOR('',#17150,1000.);
#10587=VECTOR('',#17151,1000.);
#10588=VECTOR('',#17152,1000.);
#10589=VECTOR('',#17153,1000.);
#10590=VECTOR('',#17158,1000.);
#10591=VECTOR('',#17159,1000.);
#10592=VECTOR('',#17162,1000.);
#10593=VECTOR('',#17163,1000.);
#10594=VECTOR('',#17186,1000.);
#10595=VECTOR('',#17187,1000.);
#10596=VECTOR('',#17190,1000.);
#10597=VECTOR('',#17193,1000.);
#10598=VECTOR('',#17200,1000.);
#10599=VECTOR('',#17201,1000.);
#10600=VECTOR('',#17204,1000.);
#10601=VECTOR('',#17205,1000.);
#10602=VECTOR('',#17214,1000.);
#10603=VECTOR('',#17217,1000.);
#10604=VECTOR('',#17220,1000.);
#10605=VECTOR('',#17223,1000.);
#10606=VECTOR('',#17228,1000.);
#10607=VECTOR('',#17233,1000.);
#10608=VECTOR('',#17234,1000.);
#10609=VECTOR('',#17237,1000.);
#10610=VECTOR('',#17238,1000.);
#10611=VECTOR('',#17239,1000.);
#10612=VECTOR('',#17242,1000.);
#10613=VECTOR('',#17243,1000.);
#10614=VECTOR('',#17244,1000.);
#10615=VECTOR('',#17247,1000.);
#10616=VECTOR('',#17260,1000.);
#10617=VECTOR('',#17261,1000.);
#10618=VECTOR('',#17264,1000.);
#10619=VECTOR('',#17265,1000.);
#10620=VECTOR('',#17268,1000.);
#10621=VECTOR('',#17269,1000.);
#10622=VECTOR('',#17272,1000.);
#10623=VECTOR('',#17273,1000.);
#10624=VECTOR('',#17274,1000.);
#10625=VECTOR('',#17279,1000.);
#10626=VECTOR('',#17282,1000.);
#10627=VECTOR('',#17285,1000.);
#10628=VECTOR('',#17292,1000.);
#10629=VECTOR('',#17293,1000.);
#10630=VECTOR('',#17294,1000.);
#10631=VECTOR('',#17301,1000.);
#10632=VECTOR('',#17316,1000.);
#10633=VECTOR('',#17319,1000.);
#10634=VECTOR('',#17326,1000.);
#10635=VECTOR('',#17329,1000.);
#10636=VECTOR('',#17330,1000.);
#10637=VECTOR('',#17333,1000.);
#10638=VECTOR('',#17338,1000.);
#10639=VECTOR('',#17341,1000.);
#10640=VECTOR('',#17348,1000.);
#10641=VECTOR('',#17361,1000.);
#10642=VECTOR('',#17364,1000.);
#10643=VECTOR('',#17371,1000.);
#10644=VECTOR('',#17372,1000.);
#10645=VECTOR('',#17375,1000.);
#10646=VECTOR('',#17378,1000.);
#10647=VECTOR('',#17385,1000.);
#10648=VECTOR('',#17386,1000.);
#10649=VECTOR('',#17389,1000.);
#10650=VECTOR('',#17392,1000.);
#10651=VECTOR('',#17397,1000.);
#10652=VECTOR('',#17400,1000.);
#10653=VECTOR('',#17407,1000.);
#10654=VECTOR('',#17410,1000.);
#10655=VECTOR('',#17417,1000.);
#10656=VECTOR('',#17418,1000.);
#10657=VECTOR('',#17419,1000.);
#10658=VECTOR('',#17426,1000.);
#10659=VECTOR('',#17433,1000.);
#10660=VECTOR('',#17442,1000.);
#10661=VECTOR('',#17443,1000.);
#10662=VECTOR('',#17446,1000.);
#10663=VECTOR('',#17449,1000.);
#10664=VECTOR('',#17456,1000.);
#10665=VECTOR('',#17459,1000.);
#10666=VECTOR('',#17462,1000.);
#10667=VECTOR('',#17465,1000.);
#10668=VECTOR('',#17470,1000.);
#10669=VECTOR('',#17471,1000.);
#10670=VECTOR('',#17472,1000.);
#10671=VECTOR('',#17481,1000.);
#10672=VECTOR('',#17484,1000.);
#10673=VECTOR('',#17485,1000.);
#10674=VECTOR('',#17488,1000.);
#10675=VECTOR('',#17491,1000.);
#10676=VECTOR('',#17492,1000.);
#10677=VECTOR('',#17497,1000.);
#10678=VECTOR('',#17498,1000.);
#10679=VECTOR('',#17501,1000.);
#10680=VECTOR('',#17542,1000.);
#10681=VECTOR('',#17549,1000.);
#10682=VECTOR('',#17552,1000.);
#10683=VECTOR('',#17555,1000.);
#10684=VECTOR('',#17560,1000.);
#10685=VECTOR('',#17563,1000.);
#10686=VECTOR('',#17564,1000.);
#10687=VECTOR('',#17565,1000.);
#10688=VECTOR('',#17568,1000.);
#10689=VECTOR('',#17569,1000.);
#10690=VECTOR('',#17570,1000.);
#10691=VECTOR('',#17571,1000.);
#10692=VECTOR('',#17572,1000.);
#10693=VECTOR('',#17573,1000.);
#10694=VECTOR('',#17574,1000.);
#10695=VECTOR('',#17577,1000.);
#10696=VECTOR('',#17590,1000.);
#10697=VECTOR('',#17591,1000.);
#10698=VECTOR('',#17592,1000.);
#10699=VECTOR('',#17593,1000.);
#10700=VECTOR('',#17598,1000.);
#10701=VECTOR('',#17599,1000.);
#10702=VECTOR('',#17602,1000.);
#10703=VECTOR('',#17603,1000.);
#10704=VECTOR('',#17626,1000.);
#10705=VECTOR('',#17627,1000.);
#10706=VECTOR('',#17630,1000.);
#10707=VECTOR('',#17631,1000.);
#10708=VECTOR('',#17640,1000.);
#10709=VECTOR('',#17641,1000.);
#10710=VECTOR('',#17644,1000.);
#10711=VECTOR('',#17645,1000.);
#10712=VECTOR('',#17654,1000.);
#10713=VECTOR('',#17657,1000.);
#10714=VECTOR('',#17658,1000.);
#10715=VECTOR('',#17661,1000.);
#10716=VECTOR('',#17666,1000.);
#10717=VECTOR('',#17669,1000.);
#10718=VECTOR('',#17676,1000.);
#10719=VECTOR('',#17689,1000.);
#10720=VECTOR('',#17692,1000.);
#10721=VECTOR('',#17699,1000.);
#10722=VECTOR('',#17700,1000.);
#10723=VECTOR('',#17703,1000.);
#10724=VECTOR('',#17706,1000.);
#10725=VECTOR('',#17713,1000.);
#10726=VECTOR('',#17714,1000.);
#10727=VECTOR('',#17717,1000.);
#10728=VECTOR('',#17718,1000.);
#10729=VECTOR('',#17721,1000.);
#10730=VECTOR('',#17722,1000.);
#10731=VECTOR('',#17725,1000.);
#10732=VECTOR('',#17726,1000.);
#10733=VECTOR('',#17727,1000.);
#10734=VECTOR('',#17732,1000.);
#10735=VECTOR('',#17735,1000.);
#10736=VECTOR('',#17738,1000.);
#10737=VECTOR('',#17745,1000.);
#10738=VECTOR('',#17746,1000.);
#10739=VECTOR('',#17747,1000.);
#10740=VECTOR('',#17754,1000.);
#10741=VECTOR('',#17769,1000.);
#10742=VECTOR('',#17772,1000.);
#10743=VECTOR('',#17779,1000.);
#10744=VECTOR('',#17780,1000.);
#10745=VECTOR('',#17783,1000.);
#10746=VECTOR('',#17786,1000.);
#10747=VECTOR('',#17791,1000.);
#10748=VECTOR('',#17794,1000.);
#10749=VECTOR('',#17801,1000.);
#10750=VECTOR('',#17804,1000.);
#10751=VECTOR('',#17805,1000.);
#10752=VECTOR('',#17812,1000.);
#10753=VECTOR('',#17819,1000.);
#10754=VECTOR('',#17822,1000.);
#10755=VECTOR('',#17829,1000.);
#10756=VECTOR('',#17830,1000.);
#10757=VECTOR('',#17831,1000.);
#10758=VECTOR('',#17840,1000.);
#10759=VECTOR('',#17843,1000.);
#10760=VECTOR('',#17850,1000.);
#10761=VECTOR('',#17853,1000.);
#10762=VECTOR('',#17856,1000.);
#10763=VECTOR('',#17859,1000.);
#10764=VECTOR('',#17864,1000.);
#10765=VECTOR('',#17865,1000.);
#10766=VECTOR('',#17866,1000.);
#10767=VECTOR('',#17873,1000.);
#10768=VECTOR('',#17876,1000.);
#10769=VECTOR('',#17877,1000.);
#10770=VECTOR('',#17882,1000.);
#10771=VECTOR('',#17885,1000.);
#10772=VECTOR('',#17888,1000.);
#10773=VECTOR('',#17891,1000.);
#10774=VECTOR('',#17892,1000.);
#10775=VECTOR('',#17895,1000.);
#10776=VECTOR('',#17946,1000.);
#10777=VECTOR('',#17947,1000.);
#10778=VECTOR('',#17950,1000.);
#10779=VECTOR('',#17951,1000.);
#10780=VECTOR('',#17958,1000.);
#10781=VECTOR('',#17959,1000.);
#10782=VECTOR('',#17962,1000.);
#10783=VECTOR('',#17963,1000.);
#10784=EDGE_LOOP('',(#612,#613,#614,#615,#616,#617,#618,#619));
#10785=EDGE_LOOP('',(#620,#621,#622,#623,#624,#625,#626,#627,#628,#629,
#630,#631,#632,#633,#634,#635,#636,#637,#638,#639,#640,#641,#642,#643,#644,
#645));
#10786=EDGE_LOOP('',(#646,#647,#648,#649,#650,#651,#652,#653,#654,#655,
#656,#657));
#10787=EDGE_LOOP('',(#658,#659,#660,#661));
#10788=EDGE_LOOP('',(#662,#663,#664,#665));
#10789=EDGE_LOOP('',(#666,#667,#668,#669,#670,#671,#672,#673,#674,#675,
#676,#677));
#10790=EDGE_LOOP('',(#678,#679,#680,#681,#682,#683,#684,#685));
#10791=EDGE_LOOP('',(#686,#687,#688,#689));
#10792=EDGE_LOOP('',(#690,#691,#692,#693));
#10793=EDGE_LOOP('',(#694,#695,#696,#697));
#10794=EDGE_LOOP('',(#698,#699,#700,#701));
#10795=EDGE_LOOP('',(#702,#703,#704,#705));
#10796=EDGE_LOOP('',(#706,#707,#708,#709));
#10797=EDGE_LOOP('',(#710,#711,#712,#713));
#10798=EDGE_LOOP('',(#714,#715,#716,#717));
#10799=EDGE_LOOP('',(#718,#719,#720,#721));
#10800=EDGE_LOOP('',(#722,#723,#724,#725));
#10801=EDGE_LOOP('',(#726,#727,#728,#729));
#10802=EDGE_LOOP('',(#730,#731,#732,#733));
#10803=EDGE_LOOP('',(#734,#735,#736,#737));
#10804=EDGE_LOOP('',(#738,#739,#740,#741));
#10805=EDGE_LOOP('',(#742,#743,#744,#745));
#10806=EDGE_LOOP('',(#746,#747,#748,#749));
#10807=EDGE_LOOP('',(#750,#751,#752,#753));
#10808=EDGE_LOOP('',(#754,#755,#756,#757));
#10809=EDGE_LOOP('',(#758,#759,#760,#761));
#10810=EDGE_LOOP('',(#762,#763,#764,#765));
#10811=EDGE_LOOP('',(#766,#767,#768,#769));
#10812=EDGE_LOOP('',(#770,#771,#772,#773));
#10813=EDGE_LOOP('',(#774,#775,#776,#777));
#10814=EDGE_LOOP('',(#778,#779,#780,#781));
#10815=EDGE_LOOP('',(#782,#783,#784,#785));
#10816=EDGE_LOOP('',(#786,#787,#788,#789));
#10817=EDGE_LOOP('',(#790,#791,#792,#793));
#10818=EDGE_LOOP('',(#794,#795,#796,#797));
#10819=EDGE_LOOP('',(#798,#799,#800,#801,#802,#803,#804,#805,#806,#807,
#808,#809,#810,#811,#812,#813,#814,#815,#816,#817,#818,#819,#820,#821,#822,
#823,#824,#825,#826,#827,#828,#829,#830,#831,#832,#833,#834,#835,#836,#837,
#838,#839,#840,#841,#842,#843));
#10820=EDGE_LOOP('',(#844,#845,#846,#847,#848,#849,#850,#851,#852,#853,
#854));
#10821=EDGE_LOOP('',(#855,#856,#857,#858));
#10822=EDGE_LOOP('',(#859,#860,#861,#862,#863,#864,#865,#866,#867,#868,
#869,#870,#871,#872,#873,#874,#875,#876,#877,#878,#879,#880,#881,#882,#883,
#884,#885,#886,#887,#888,#889,#890));
#10823=EDGE_LOOP('',(#891,#892,#893,#894,#895,#896,#897,#898,#899,#900,
#901));
#10824=EDGE_LOOP('',(#902,#903,#904,#905));
#10825=EDGE_LOOP('',(#906,#907,#908,#909,#910,#911,#912,#913,#914,#915,
#916,#917,#918,#919,#920,#921,#922,#923,#924,#925,#926,#927,#928,#929,#930,
#931,#932,#933,#934,#935,#936,#937,#938,#939,#940,#941,#942,#943,#944,#945,
#946,#947,#948,#949,#950,#951,#952,#953,#954,#955,#956,#957,#958,#959,#960,
#961,#962,#963,#964,#965,#966,#967,#968,#969,#970,#971,#972,#973));
#10826=EDGE_LOOP('',(#974,#975,#976,#977));
#10827=EDGE_LOOP('',(#978,#979,#980,#981));
#10828=EDGE_LOOP('',(#982,#983,#984,#985));
#10829=EDGE_LOOP('',(#986,#987,#988,#989));
#10830=EDGE_LOOP('',(#990,#991,#992,#993));
#10831=EDGE_LOOP('',(#994,#995,#996,#997));
#10832=EDGE_LOOP('',(#998,#999,#1000,#1001));
#10833=EDGE_LOOP('',(#1002,#1003,#1004,#1005));
#10834=EDGE_LOOP('',(#1006,#1007,#1008,#1009,#1010,#1011,#1012,#1013,#1014,
#1015,#1016,#1017,#1018,#1019,#1020,#1021));
#10835=EDGE_LOOP('',(#1022,#1023,#1024,#1025));
#10836=EDGE_LOOP('',(#1026,#1027,#1028,#1029));
#10837=EDGE_LOOP('',(#1030,#1031,#1032,#1033));
#10838=EDGE_LOOP('',(#1034,#1035,#1036,#1037));
#10839=EDGE_LOOP('',(#1038,#1039,#1040,#1041));
#10840=EDGE_LOOP('',(#1042,#1043,#1044,#1045));
#10841=EDGE_LOOP('',(#1046,#1047,#1048,#1049));
#10842=EDGE_LOOP('',(#1050,#1051,#1052,#1053));
#10843=EDGE_LOOP('',(#1054,#1055,#1056,#1057));
#10844=EDGE_LOOP('',(#1058,#1059,#1060,#1061));
#10845=EDGE_LOOP('',(#1062,#1063,#1064,#1065,#1066,#1067,#1068,#1069,#1070,
#1071,#1072,#1073,#1074,#1075,#1076,#1077,#1078,#1079,#1080));
#10846=EDGE_LOOP('',(#1081,#1082,#1083,#1084,#1085,#1086,#1087,#1088,#1089,
#1090,#1091,#1092,#1093,#1094,#1095,#1096,#1097,#1098,#1099));
#10847=EDGE_LOOP('',(#1100,#1101,#1102,#1103));
#10848=EDGE_LOOP('',(#1104,#1105,#1106,#1107));
#10849=EDGE_LOOP('',(#1108,#1109,#1110,#1111));
#10850=EDGE_LOOP('',(#1112,#1113,#1114,#1115,#1116,#1117,#1118,#1119,#1120,
#1121,#1122,#1123,#1124,#1125,#1126,#1127,#1128,#1129,#1130));
#10851=EDGE_LOOP('',(#1131,#1132,#1133,#1134,#1135,#1136,#1137,#1138,#1139,
#1140,#1141,#1142,#1143,#1144,#1145,#1146,#1147,#1148,#1149));
#10852=EDGE_LOOP('',(#1150,#1151,#1152,#1153));
#10853=EDGE_LOOP('',(#1154,#1155,#1156,#1157));
#10854=EDGE_LOOP('',(#1158,#1159,#1160,#1161));
#10855=EDGE_LOOP('',(#1162,#1163,#1164,#1165));
#10856=EDGE_LOOP('',(#1166,#1167,#1168,#1169));
#10857=EDGE_LOOP('',(#1170,#1171,#1172,#1173));
#10858=EDGE_LOOP('',(#1174,#1175,#1176,#1177));
#10859=EDGE_LOOP('',(#1178,#1179,#1180,#1181));
#10860=EDGE_LOOP('',(#1182,#1183,#1184,#1185,#1186,#1187,#1188,#1189));
#10861=EDGE_LOOP('',(#1190,#1191,#1192,#1193));
#10862=EDGE_LOOP('',(#1194,#1195,#1196,#1197,#1198,#1199,#1200,#1201));
#10863=EDGE_LOOP('',(#1202,#1203,#1204,#1205,#1206,#1207,#1208,#1209));
#10864=EDGE_LOOP('',(#1210,#1211,#1212,#1213));
#10865=EDGE_LOOP('',(#1214,#1215,#1216,#1217));
#10866=EDGE_LOOP('',(#1218,#1219,#1220,#1221,#1222,#1223,#1224,#1225,#1226,
#1227,#1228,#1229,#1230,#1231,#1232,#1233));
#10867=EDGE_LOOP('',(#1234,#1235,#1236,#1237));
#10868=EDGE_LOOP('',(#1238,#1239,#1240,#1241,#1242,#1243,#1244,#1245,#1246,
#1247,#1248,#1249,#1250,#1251,#1252));
#10869=EDGE_LOOP('',(#1253,#1254,#1255,#1256));
#10870=EDGE_LOOP('',(#1257,#1258,#1259,#1260,#1261,#1262,#1263,#1264,#1265,
#1266,#1267,#1268,#1269,#1270,#1271));
#10871=EDGE_LOOP('',(#1272,#1273,#1274,#1275));
#10872=EDGE_LOOP('',(#1276,#1277,#1278,#1279,#1280,#1281,#1282,#1283,#1284,
#1285,#1286,#1287,#1288,#1289,#1290));
#10873=EDGE_LOOP('',(#1291,#1292,#1293,#1294));
#10874=EDGE_LOOP('',(#1295,#1296,#1297,#1298,#1299,#1300,#1301,#1302,#1303,
#1304,#1305,#1306,#1307,#1308,#1309));
#10875=EDGE_LOOP('',(#1310,#1311,#1312,#1313));
#10876=EDGE_LOOP('',(#1314,#1315,#1316,#1317,#1318,#1319,#1320,#1321,#1322,
#1323,#1324,#1325,#1326,#1327,#1328,#1329));
#10877=EDGE_LOOP('',(#1330,#1331,#1332,#1333));
#10878=EDGE_LOOP('',(#1334,#1335,#1336,#1337,#1338,#1339,#1340,#1341,#1342,
#1343,#1344,#1345,#1346,#1347,#1348));
#10879=EDGE_LOOP('',(#1349,#1350,#1351,#1352,#1353,#1354,#1355,#1356,#1357,
#1358,#1359,#1360,#1361,#1362,#1363,#1364));
#10880=EDGE_LOOP('',(#1365,#1366,#1367,#1368));
#10881=EDGE_LOOP('',(#1369,#1370,#1371,#1372));
#10882=EDGE_LOOP('',(#1373,#1374,#1375,#1376,#1377,#1378,#1379,#1380,#1381,
#1382,#1383,#1384,#1385,#1386,#1387,#1388));
#10883=EDGE_LOOP('',(#1389,#1390,#1391,#1392,#1393,#1394,#1395,#1396,#1397,
#1398,#1399,#1400,#1401,#1402,#1403,#1404));
#10884=EDGE_LOOP('',(#1405,#1406,#1407,#1408));
#10885=EDGE_LOOP('',(#1409,#1410,#1411,#1412));
#10886=EDGE_LOOP('',(#1413,#1414,#1415,#1416,#1417,#1418,#1419,#1420,#1421,
#1422,#1423,#1424,#1425,#1426,#1427,#1428));
#10887=EDGE_LOOP('',(#1429,#1430,#1431,#1432,#1433,#1434,#1435,#1436,#1437,
#1438,#1439,#1440,#1441,#1442,#1443,#1444));
#10888=EDGE_LOOP('',(#1445,#1446,#1447,#1448));
#10889=EDGE_LOOP('',(#1449,#1450,#1451,#1452));
#10890=EDGE_LOOP('',(#1453,#1454,#1455,#1456));
#10891=EDGE_LOOP('',(#1457,#1458,#1459,#1460));
#10892=EDGE_LOOP('',(#1461,#1462,#1463,#1464));
#10893=EDGE_LOOP('',(#1465,#1466,#1467));
#10894=EDGE_LOOP('',(#1468,#1469,#1470,#1471));
#10895=EDGE_LOOP('',(#1472,#1473,#1474,#1475));
#10896=EDGE_LOOP('',(#1476,#1477,#1478,#1479));
#10897=EDGE_LOOP('',(#1480,#1481,#1482,#1483));
#10898=EDGE_LOOP('',(#1484,#1485,#1486,#1487));
#10899=EDGE_LOOP('',(#1488,#1489,#1490,#1491));
#10900=EDGE_LOOP('',(#1492,#1493,#1494,#1495));
#10901=EDGE_LOOP('',(#1496,#1497,#1498,#1499));
#10902=EDGE_LOOP('',(#1500,#1501,#1502,#1503));
#10903=EDGE_LOOP('',(#1504,#1505,#1506,#1507));
#10904=EDGE_LOOP('',(#1508,#1509,#1510,#1511));
#10905=EDGE_LOOP('',(#1512,#1513,#1514,#1515));
#10906=EDGE_LOOP('',(#1516,#1517,#1518,#1519));
#10907=EDGE_LOOP('',(#1520,#1521,#1522,#1523));
#10908=EDGE_LOOP('',(#1524,#1525,#1526,#1527));
#10909=EDGE_LOOP('',(#1528,#1529,#1530,#1531));
#10910=EDGE_LOOP('',(#1532,#1533,#1534,#1535));
#10911=EDGE_LOOP('',(#1536,#1537,#1538,#1539));
#10912=EDGE_LOOP('',(#1540,#1541,#1542,#1543));
#10913=EDGE_LOOP('',(#1544,#1545,#1546,#1547));
#10914=EDGE_LOOP('',(#1548,#1549,#1550,#1551));
#10915=EDGE_LOOP('',(#1552,#1553,#1554,#1555));
#10916=EDGE_LOOP('',(#1556,#1557,#1558,#1559));
#10917=EDGE_LOOP('',(#1560,#1561,#1562,#1563));
#10918=EDGE_LOOP('',(#1564,#1565,#1566,#1567));
#10919=EDGE_LOOP('',(#1568,#1569,#1570,#1571));
#10920=EDGE_LOOP('',(#1572,#1573,#1574,#1575));
#10921=EDGE_LOOP('',(#1576,#1577,#1578,#1579));
#10922=EDGE_LOOP('',(#1580,#1581,#1582,#1583));
#10923=EDGE_LOOP('',(#1584,#1585,#1586,#1587));
#10924=EDGE_LOOP('',(#1588,#1589,#1590,#1591));
#10925=EDGE_LOOP('',(#1592,#1593,#1594,#1595));
#10926=EDGE_LOOP('',(#1596,#1597,#1598,#1599));
#10927=EDGE_LOOP('',(#1600,#1601,#1602,#1603));
#10928=EDGE_LOOP('',(#1604,#1605,#1606,#1607));
#10929=EDGE_LOOP('',(#1608,#1609,#1610,#1611));
#10930=EDGE_LOOP('',(#1612,#1613,#1614,#1615));
#10931=EDGE_LOOP('',(#1616,#1617,#1618,#1619));
#10932=EDGE_LOOP('',(#1620,#1621,#1622,#1623));
#10933=EDGE_LOOP('',(#1624,#1625,#1626,#1627));
#10934=EDGE_LOOP('',(#1628,#1629,#1630,#1631));
#10935=EDGE_LOOP('',(#1632,#1633,#1634,#1635));
#10936=EDGE_LOOP('',(#1636,#1637,#1638,#1639));
#10937=EDGE_LOOP('',(#1640,#1641,#1642,#1643));
#10938=EDGE_LOOP('',(#1644,#1645,#1646,#1647));
#10939=EDGE_LOOP('',(#1648,#1649,#1650,#1651));
#10940=EDGE_LOOP('',(#1652,#1653,#1654,#1655));
#10941=EDGE_LOOP('',(#1656,#1657,#1658,#1659));
#10942=EDGE_LOOP('',(#1660,#1661,#1662,#1663));
#10943=EDGE_LOOP('',(#1664,#1665,#1666,#1667));
#10944=EDGE_LOOP('',(#1668,#1669,#1670,#1671));
#10945=EDGE_LOOP('',(#1672,#1673,#1674,#1675));
#10946=EDGE_LOOP('',(#1676,#1677,#1678,#1679));
#10947=EDGE_LOOP('',(#1680,#1681,#1682,#1683));
#10948=EDGE_LOOP('',(#1684,#1685,#1686,#1687));
#10949=EDGE_LOOP('',(#1688,#1689,#1690,#1691));
#10950=EDGE_LOOP('',(#1692));
#10951=EDGE_LOOP('',(#1693));
#10952=EDGE_LOOP('',(#1694));
#10953=EDGE_LOOP('',(#1695));
#10954=EDGE_LOOP('',(#1696));
#10955=EDGE_LOOP('',(#1697));
#10956=EDGE_LOOP('',(#1698));
#10957=EDGE_LOOP('',(#1699));
#10958=EDGE_LOOP('',(#1700));
#10959=EDGE_LOOP('',(#1701));
#10960=EDGE_LOOP('',(#1702));
#10961=EDGE_LOOP('',(#1703));
#10962=EDGE_LOOP('',(#1704));
#10963=EDGE_LOOP('',(#1705));
#10964=EDGE_LOOP('',(#1706));
#10965=EDGE_LOOP('',(#1707));
#10966=EDGE_LOOP('',(#1708));
#10967=EDGE_LOOP('',(#1709));
#10968=EDGE_LOOP('',(#1710));
#10969=EDGE_LOOP('',(#1711));
#10970=EDGE_LOOP('',(#1712,#1713,#1714,#1715));
#10971=EDGE_LOOP('',(#1716,#1717,#1718,#1719));
#10972=EDGE_LOOP('',(#1720,#1721,#1722,#1723,#1724,#1725,#1726,#1727,#1728,
#1729,#1730,#1731,#1732,#1733,#1734,#1735,#1736,#1737));
#10973=EDGE_LOOP('',(#1738,#1739,#1740,#1741,#1742,#1743));
#10974=EDGE_LOOP('',(#1744,#1745,#1746,#1747,#1748,#1749));
#10975=EDGE_LOOP('',(#1750,#1751,#1752,#1753));
#10976=EDGE_LOOP('',(#1754,#1755,#1756,#1757,#1758,#1759,#1760,#1761,#1762,
#1763,#1764,#1765,#1766,#1767,#1768,#1769,#1770,#1771,#1772,#1773,#1774,
#1775,#1776,#1777,#1778,#1779,#1780,#1781,#1782,#1783,#1784,#1785,#1786,
#1787,#1788,#1789,#1790,#1791,#1792,#1793,#1794,#1795));
#10977=EDGE_LOOP('',(#1796,#1797,#1798,#1799,#1800,#1801,#1802,#1803,#1804,
#1805,#1806,#1807));
#10978=EDGE_LOOP('',(#1808,#1809,#1810,#1811,#1812,#1813,#1814,#1815,#1816,
#1817,#1818,#1819));
#10979=EDGE_LOOP('',(#1820,#1821,#1822,#1823));
#10980=EDGE_LOOP('',(#1824,#1825,#1826,#1827,#1828,#1829,#1830,#1831,#1832,
#1833,#1834,#1835,#1836,#1837,#1838,#1839,#1840,#1841,#1842,#1843,#1844,
#1845,#1846,#1847,#1848,#1849));
#10981=EDGE_LOOP('',(#1850,#1851,#1852,#1853,#1854,#1855,#1856,#1857,#1858,
#1859,#1860,#1861,#1862,#1863,#1864,#1865,#1866,#1867,#1868,#1869));
#10982=EDGE_LOOP('',(#1870,#1871,#1872,#1873,#1874,#1875,#1876,#1877));
#10983=EDGE_LOOP('',(#1878,#1879,#1880,#1881,#1882,#1883,#1884,#1885,#1886,
#1887,#1888,#1889,#1890,#1891,#1892,#1893,#1894,#1895,#1896,#1897,#1898,
#1899,#1900,#1901,#1902,#1903,#1904,#1905,#1906,#1907,#1908,#1909,#1910,
#1911,#1912,#1913,#1914,#1915,#1916,#1917,#1918,#1919,#1920,#1921,#1922,
#1923,#1924,#1925));
#10984=EDGE_LOOP('',(#1926,#1927,#1928,#1929));
#10985=EDGE_LOOP('',(#1930,#1931,#1932,#1933));
#10986=EDGE_LOOP('',(#1934,#1935,#1936,#1937,#1938,#1939));
#10987=EDGE_LOOP('',(#1940,#1941,#1942,#1943,#1944,#1945,#1946,#1947,#1948,
#1949,#1950,#1951,#1952,#1953,#1954,#1955,#1956,#1957));
#10988=EDGE_LOOP('',(#1958,#1959,#1960,#1961));
#10989=EDGE_LOOP('',(#1962,#1963,#1964,#1965));
#10990=EDGE_LOOP('',(#1966,#1967,#1968,#1969,#1970,#1971));
#10991=EDGE_LOOP('',(#1972,#1973,#1974,#1975));
#10992=EDGE_LOOP('',(#1976,#1977,#1978,#1979,#1980,#1981));
#10993=EDGE_LOOP('',(#1982,#1983,#1984,#1985));
#10994=EDGE_LOOP('',(#1986,#1987,#1988,#1989));
#10995=EDGE_LOOP('',(#1990,#1991,#1992,#1993));
#10996=EDGE_LOOP('',(#1994,#1995,#1996,#1997));
#10997=EDGE_LOOP('',(#1998,#1999,#2000,#2001,#2002,#2003,#2004,#2005,#2006,
#2007,#2008));
#10998=EDGE_LOOP('',(#2009,#2010,#2011,#2012));
#10999=EDGE_LOOP('',(#2013,#2014,#2015,#2016,#2017,#2018));
#11000=EDGE_LOOP('',(#2019,#2020,#2021,#2022,#2023));
#11001=EDGE_LOOP('',(#2024,#2025,#2026,#2027));
#11002=EDGE_LOOP('',(#2028,#2029,#2030,#2031,#2032));
#11003=EDGE_LOOP('',(#2033,#2034,#2035,#2036));
#11004=EDGE_LOOP('',(#2037,#2038,#2039,#2040));
#11005=EDGE_LOOP('',(#2041,#2042,#2043,#2044));
#11006=EDGE_LOOP('',(#2045,#2046,#2047,#2048));
#11007=EDGE_LOOP('',(#2049,#2050,#2051,#2052));
#11008=EDGE_LOOP('',(#2053,#2054,#2055,#2056,#2057,#2058,#2059,#2060,#2061,
#2062));
#11009=EDGE_LOOP('',(#2063,#2064,#2065,#2066));
#11010=EDGE_LOOP('',(#2067,#2068,#2069,#2070));
#11011=EDGE_LOOP('',(#2071,#2072,#2073,#2074,#2075,#2076));
#11012=EDGE_LOOP('',(#2077,#2078,#2079,#2080,#2081,#2082));
#11013=EDGE_LOOP('',(#2083,#2084,#2085,#2086));
#11014=EDGE_LOOP('',(#2087,#2088,#2089,#2090));
#11015=EDGE_LOOP('',(#2091,#2092,#2093,#2094,#2095,#2096));
#11016=EDGE_LOOP('',(#2097,#2098,#2099,#2100,#2101,#2102,#2103,#2104,#2105,
#2106));
#11017=EDGE_LOOP('',(#2107,#2108,#2109,#2110));
#11018=EDGE_LOOP('',(#2111,#2112,#2113,#2114));
#11019=EDGE_LOOP('',(#2115,#2116,#2117,#2118,#2119,#2120,#2121,#2122));
#11020=EDGE_LOOP('',(#2123,#2124,#2125,#2126,#2127,#2128,#2129,#2130));
#11021=EDGE_LOOP('',(#2131,#2132,#2133,#2134,#2135,#2136,#2137,#2138));
#11022=EDGE_LOOP('',(#2139,#2140,#2141,#2142));
#11023=EDGE_LOOP('',(#2143,#2144,#2145,#2146,#2147));
#11024=EDGE_LOOP('',(#2148,#2149,#2150,#2151));
#11025=EDGE_LOOP('',(#2152,#2153,#2154,#2155,#2156));
#11026=EDGE_LOOP('',(#2157,#2158,#2159,#2160));
#11027=EDGE_LOOP('',(#2161,#2162,#2163,#2164,#2165));
#11028=EDGE_LOOP('',(#2166,#2167,#2168,#2169));
#11029=EDGE_LOOP('',(#2170,#2171,#2172,#2173,#2174));
#11030=EDGE_LOOP('',(#2175,#2176,#2177,#2178));
#11031=EDGE_LOOP('',(#2179,#2180,#2181,#2182,#2183));
#11032=EDGE_LOOP('',(#2184,#2185,#2186,#2187));
#11033=EDGE_LOOP('',(#2188,#2189,#2190,#2191,#2192));
#11034=EDGE_LOOP('',(#2193,#2194,#2195,#2196));
#11035=EDGE_LOOP('',(#2197,#2198,#2199,#2200,#2201));
#11036=EDGE_LOOP('',(#2202,#2203,#2204,#2205));
#11037=EDGE_LOOP('',(#2206,#2207,#2208,#2209,#2210));
#11038=EDGE_LOOP('',(#2211,#2212,#2213,#2214));
#11039=EDGE_LOOP('',(#2215,#2216,#2217,#2218,#2219));
#11040=EDGE_LOOP('',(#2220,#2221,#2222,#2223));
#11041=EDGE_LOOP('',(#2224,#2225,#2226,#2227,#2228));
#11042=EDGE_LOOP('',(#2229,#2230,#2231,#2232));
#11043=EDGE_LOOP('',(#2233,#2234,#2235,#2236,#2237));
#11044=EDGE_LOOP('',(#2238,#2239,#2240,#2241));
#11045=EDGE_LOOP('',(#2242,#2243,#2244,#2245,#2246));
#11046=EDGE_LOOP('',(#2247,#2248,#2249,#2250));
#11047=EDGE_LOOP('',(#2251,#2252,#2253,#2254,#2255));
#11048=EDGE_LOOP('',(#2256,#2257,#2258,#2259));
#11049=EDGE_LOOP('',(#2260,#2261,#2262,#2263,#2264));
#11050=EDGE_LOOP('',(#2265,#2266,#2267,#2268));
#11051=EDGE_LOOP('',(#2269,#2270,#2271,#2272,#2273));
#11052=EDGE_LOOP('',(#2274,#2275,#2276,#2277));
#11053=EDGE_LOOP('',(#2278,#2279,#2280,#2281,#2282));
#11054=EDGE_LOOP('',(#2283,#2284,#2285,#2286));
#11055=EDGE_LOOP('',(#2287,#2288,#2289,#2290,#2291));
#11056=EDGE_LOOP('',(#2292,#2293,#2294,#2295));
#11057=EDGE_LOOP('',(#2296,#2297,#2298,#2299,#2300));
#11058=EDGE_LOOP('',(#2301,#2302,#2303,#2304));
#11059=EDGE_LOOP('',(#2305,#2306,#2307,#2308,#2309,#2310,#2311,#2312,#2313,
#2314,#2315));
#11060=EDGE_LOOP('',(#2316,#2317,#2318,#2319));
#11061=EDGE_LOOP('',(#2320,#2321,#2322,#2323));
#11062=EDGE_LOOP('',(#2324,#2325,#2326,#2327,#2328,#2329,#2330,#2331));
#11063=EDGE_LOOP('',(#2332,#2333,#2334,#2335,#2336,#2337,#2338));
#11064=EDGE_LOOP('',(#2339,#2340,#2341,#2342,#2343,#2344,#2345));
#11065=EDGE_LOOP('',(#2346,#2347,#2348,#2349,#2350,#2351,#2352,#2353,#2354));
#11066=EDGE_LOOP('',(#2355,#2356,#2357,#2358,#2359,#2360));
#11067=EDGE_LOOP('',(#2361,#2362,#2363,#2364));
#11068=EDGE_LOOP('',(#2365,#2366,#2367,#2368));
#11069=EDGE_LOOP('',(#2369,#2370,#2371,#2372,#2373,#2374,#2375,#2376,#2377,
#2378));
#11070=EDGE_LOOP('',(#2379,#2380,#2381,#2382,#2383));
#11071=EDGE_LOOP('',(#2384,#2385,#2386,#2387,#2388));
#11072=EDGE_LOOP('',(#2389,#2390,#2391,#2392,#2393));
#11073=EDGE_LOOP('',(#2394,#2395,#2396,#2397,#2398));
#11074=EDGE_LOOP('',(#2399,#2400,#2401,#2402,#2403,#2404,#2405,#2406));
#11075=EDGE_LOOP('',(#2407,#2408,#2409,#2410));
#11076=EDGE_LOOP('',(#2411,#2412,#2413,#2414));
#11077=EDGE_LOOP('',(#2415,#2416,#2417,#2418,#2419,#2420,#2421,#2422));
#11078=EDGE_LOOP('',(#2423,#2424,#2425,#2426));
#11079=EDGE_LOOP('',(#2427,#2428,#2429,#2430));
#11080=EDGE_LOOP('',(#2431,#2432,#2433,#2434));
#11081=EDGE_LOOP('',(#2435,#2436,#2437,#2438));
#11082=EDGE_LOOP('',(#2439,#2440,#2441,#2442));
#11083=EDGE_LOOP('',(#2443,#2444,#2445,#2446));
#11084=EDGE_LOOP('',(#2447,#2448,#2449,#2450));
#11085=EDGE_LOOP('',(#2451,#2452,#2453,#2454));
#11086=EDGE_LOOP('',(#2455,#2456,#2457,#2458));
#11087=EDGE_LOOP('',(#2459,#2460,#2461,#2462,#2463));
#11088=EDGE_LOOP('',(#2464,#2465,#2466,#2467,#2468));
#11089=EDGE_LOOP('',(#2469,#2470,#2471,#2472));
#11090=EDGE_LOOP('',(#2473,#2474,#2475,#2476,#2477));
#11091=EDGE_LOOP('',(#2478,#2479,#2480,#2481));
#11092=EDGE_LOOP('',(#2482,#2483,#2484,#2485));
#11093=EDGE_LOOP('',(#2486,#2487,#2488,#2489));
#11094=EDGE_LOOP('',(#2490,#2491,#2492,#2493,#2494));
#11095=EDGE_LOOP('',(#2495,#2496,#2497,#2498));
#11096=EDGE_LOOP('',(#2499,#2500,#2501,#2502));
#11097=EDGE_LOOP('',(#2503,#2504,#2505,#2506));
#11098=EDGE_LOOP('',(#2507,#2508,#2509,#2510));
#11099=EDGE_LOOP('',(#2511,#2512,#2513,#2514));
#11100=EDGE_LOOP('',(#2515,#2516,#2517,#2518));
#11101=EDGE_LOOP('',(#2519,#2520,#2521,#2522));
#11102=EDGE_LOOP('',(#2523,#2524,#2525,#2526));
#11103=EDGE_LOOP('',(#2527,#2528,#2529,#2530));
#11104=EDGE_LOOP('',(#2531,#2532,#2533,#2534));
#11105=EDGE_LOOP('',(#2535,#2536,#2537,#2538));
#11106=EDGE_LOOP('',(#2539,#2540,#2541,#2542));
#11107=EDGE_LOOP('',(#2543,#2544,#2545,#2546));
#11108=EDGE_LOOP('',(#2547,#2548,#2549,#2550));
#11109=EDGE_LOOP('',(#2551,#2552,#2553,#2554));
#11110=EDGE_LOOP('',(#2555,#2556,#2557,#2558));
#11111=EDGE_LOOP('',(#2559,#2560,#2561,#2562));
#11112=EDGE_LOOP('',(#2563,#2564,#2565,#2566));
#11113=EDGE_LOOP('',(#2567,#2568,#2569,#2570));
#11114=EDGE_LOOP('',(#2571,#2572,#2573,#2574));
#11115=EDGE_LOOP('',(#2575,#2576,#2577,#2578,#2579,#2580));
#11116=EDGE_LOOP('',(#2581,#2582,#2583,#2584));
#11117=EDGE_LOOP('',(#2585,#2586,#2587,#2588));
#11118=EDGE_LOOP('',(#2589,#2590,#2591,#2592));
#11119=EDGE_LOOP('',(#2593,#2594,#2595,#2596));
#11120=EDGE_LOOP('',(#2597,#2598,#2599,#2600));
#11121=EDGE_LOOP('',(#2601,#2602,#2603,#2604));
#11122=EDGE_LOOP('',(#2605,#2606,#2607,#2608));
#11123=EDGE_LOOP('',(#2609,#2610,#2611,#2612));
#11124=EDGE_LOOP('',(#2613,#2614,#2615,#2616));
#11125=EDGE_LOOP('',(#2617,#2618,#2619,#2620));
#11126=EDGE_LOOP('',(#2621,#2622,#2623,#2624));
#11127=EDGE_LOOP('',(#2625,#2626,#2627,#2628));
#11128=EDGE_LOOP('',(#2629,#2630,#2631,#2632));
#11129=EDGE_LOOP('',(#2633,#2634,#2635,#2636));
#11130=EDGE_LOOP('',(#2637,#2638,#2639,#2640));
#11131=EDGE_LOOP('',(#2641,#2642,#2643,#2644));
#11132=EDGE_LOOP('',(#2645,#2646,#2647,#2648));
#11133=EDGE_LOOP('',(#2649,#2650,#2651,#2652));
#11134=EDGE_LOOP('',(#2653,#2654,#2655,#2656));
#11135=EDGE_LOOP('',(#2657,#2658,#2659,#2660));
#11136=EDGE_LOOP('',(#2661,#2662,#2663,#2664));
#11137=EDGE_LOOP('',(#2665,#2666,#2667,#2668));
#11138=EDGE_LOOP('',(#2669,#2670,#2671,#2672));
#11139=EDGE_LOOP('',(#2673,#2674,#2675,#2676));
#11140=EDGE_LOOP('',(#2677,#2678,#2679,#2680));
#11141=EDGE_LOOP('',(#2681,#2682,#2683,#2684));
#11142=EDGE_LOOP('',(#2685,#2686,#2687,#2688));
#11143=EDGE_LOOP('',(#2689,#2690,#2691,#2692));
#11144=EDGE_LOOP('',(#2693,#2694,#2695,#2696));
#11145=EDGE_LOOP('',(#2697,#2698,#2699,#2700));
#11146=EDGE_LOOP('',(#2701,#2702,#2703,#2704));
#11147=EDGE_LOOP('',(#2705,#2706,#2707,#2708));
#11148=EDGE_LOOP('',(#2709,#2710,#2711,#2712));
#11149=EDGE_LOOP('',(#2713,#2714,#2715,#2716));
#11150=EDGE_LOOP('',(#2717,#2718,#2719,#2720));
#11151=EDGE_LOOP('',(#2721,#2722,#2723,#2724));
#11152=EDGE_LOOP('',(#2725,#2726,#2727,#2728));
#11153=EDGE_LOOP('',(#2729,#2730,#2731,#2732));
#11154=EDGE_LOOP('',(#2733,#2734,#2735,#2736));
#11155=EDGE_LOOP('',(#2737,#2738,#2739,#2740,#2741,#2742));
#11156=EDGE_LOOP('',(#2743,#2744,#2745,#2746));
#11157=EDGE_LOOP('',(#2747,#2748,#2749,#2750));
#11158=EDGE_LOOP('',(#2751,#2752,#2753,#2754));
#11159=EDGE_LOOP('',(#2755,#2756,#2757,#2758));
#11160=EDGE_LOOP('',(#2759,#2760,#2761,#2762,#2763));
#11161=EDGE_LOOP('',(#2764,#2765,#2766,#2767));
#11162=EDGE_LOOP('',(#2768,#2769,#2770,#2771));
#11163=EDGE_LOOP('',(#2772,#2773,#2774,#2775));
#11164=EDGE_LOOP('',(#2776));
#11165=EDGE_LOOP('',(#2777));
#11166=EDGE_LOOP('',(#2778));
#11167=EDGE_LOOP('',(#2779));
#11168=EDGE_LOOP('',(#2780));
#11169=EDGE_LOOP('',(#2781));
#11170=EDGE_LOOP('',(#2782));
#11171=EDGE_LOOP('',(#2783));
#11172=EDGE_LOOP('',(#2784));
#11173=EDGE_LOOP('',(#2785));
#11174=EDGE_LOOP('',(#2786));
#11175=EDGE_LOOP('',(#2787));
#11176=EDGE_LOOP('',(#2788,#2789,#2790,#2791));
#11177=EDGE_LOOP('',(#2792,#2793,#2794,#2795));
#11178=EDGE_LOOP('',(#2796,#2797,#2798,#2799));
#11179=EDGE_LOOP('',(#2800,#2801,#2802,#2803));
#11180=EDGE_LOOP('',(#2804,#2805,#2806,#2807));
#11181=EDGE_LOOP('',(#2808,#2809,#2810,#2811));
#11182=EDGE_LOOP('',(#2812,#2813,#2814,#2815));
#11183=EDGE_LOOP('',(#2816,#2817,#2818,#2819));
#11184=EDGE_LOOP('',(#2820,#2821,#2822,#2823,#2824,#2825,#2826,#2827,#2828,
#2829,#2830,#2831,#2832,#2833,#2834,#2835,#2836,#2837,#2838,#2839,#2840,
#2841,#2842,#2843,#2844,#2845,#2846,#2847,#2848,#2849,#2850));
#11185=EDGE_LOOP('',(#2851,#2852,#2853,#2854,#2855,#2856,#2857,#2858,#2859,
#2860,#2861,#2862,#2863,#2864,#2865,#2866,#2867,#2868,#2869,#2870,#2871,
#2872,#2873,#2874,#2875,#2876,#2877,#2878,#2879,#2880,#2881));
#11186=EDGE_LOOP('',(#2882,#2883,#2884,#2885));
#11187=EDGE_LOOP('',(#2886,#2887,#2888,#2889));
#11188=EDGE_LOOP('',(#2890,#2891,#2892,#2893));
#11189=EDGE_LOOP('',(#2894,#2895,#2896,#2897,#2898,#2899,#2900,#2901));
#11190=EDGE_LOOP('',(#2902,#2903,#2904,#2905,#2906,#2907,#2908,#2909));
#11191=EDGE_LOOP('',(#2910,#2911,#2912,#2913));
#11192=EDGE_LOOP('',(#2914,#2915,#2916,#2917,#2918,#2919,#2920,#2921));
#11193=EDGE_LOOP('',(#2922,#2923,#2924,#2925));
#11194=EDGE_LOOP('',(#2926,#2927,#2928,#2929,#2930,#2931,#2932,#2933,#2934,
#2935,#2936,#2937,#2938,#2939,#2940,#2941,#2942,#2943,#2944,#2945,#2946,
#2947));
#11195=EDGE_LOOP('',(#2948,#2949,#2950,#2951,#2952,#2953,#2954,#2955,#2956,
#2957,#2958,#2959,#2960,#2961,#2962,#2963,#2964,#2965,#2966,#2967,#2968,
#2969));
#11196=EDGE_LOOP('',(#2970,#2971,#2972,#2973,#2974,#2975,#2976,#2977));
#11197=EDGE_LOOP('',(#2978,#2979,#2980,#2981,#2982,#2983,#2984,#2985));
#11198=EDGE_LOOP('',(#2986,#2987,#2988,#2989,#2990,#2991,#2992,#2993));
#11199=EDGE_LOOP('',(#2994,#2995,#2996,#2997,#2998,#2999,#3000,#3001,#3002,
#3003,#3004,#3005,#3006,#3007,#3008,#3009,#3010,#3011,#3012,#3013,#3014,
#3015,#3016,#3017,#3018,#3019,#3020,#3021,#3022,#3023,#3024,#3025,#3026,
#3027,#3028,#3029,#3030,#3031,#3032,#3033,#3034,#3035,#3036,#3037,#3038,
#3039,#3040,#3041,#3042,#3043,#3044,#3045,#3046,#3047));
#11200=EDGE_LOOP('',(#3048,#3049,#3050,#3051));
#11201=EDGE_LOOP('',(#3052,#3053,#3054,#3055));
#11202=EDGE_LOOP('',(#3056,#3057,#3058,#3059));
#11203=EDGE_LOOP('',(#3060,#3061,#3062,#3063));
#11204=EDGE_LOOP('',(#3064,#3065,#3066,#3067));
#11205=EDGE_LOOP('',(#3068,#3069,#3070,#3071,#3072,#3073));
#11206=EDGE_LOOP('',(#3074,#3075,#3076,#3077));
#11207=EDGE_LOOP('',(#3078,#3079,#3080,#3081,#3082,#3083,#3084,#3085));
#11208=EDGE_LOOP('',(#3086,#3087,#3088,#3089));
#11209=EDGE_LOOP('',(#3090,#3091,#3092,#3093));
#11210=EDGE_LOOP('',(#3094,#3095,#3096,#3097,#3098,#3099,#3100,#3101,#3102,
#3103,#3104,#3105,#3106,#3107,#3108,#3109,#3110,#3111,#3112,#3113,#3114,
#3115,#3116,#3117,#3118,#3119,#3120,#3121,#3122,#3123,#3124));
#11211=EDGE_LOOP('',(#3125,#3126,#3127,#3128,#3129,#3130,#3131,#3132,#3133,
#3134,#3135,#3136,#3137,#3138,#3139,#3140,#3141,#3142,#3143,#3144,#3145,
#3146,#3147,#3148,#3149,#3150,#3151,#3152,#3153,#3154,#3155));
#11212=EDGE_LOOP('',(#3156,#3157,#3158,#3159));
#11213=EDGE_LOOP('',(#3160,#3161,#3162,#3163));
#11214=EDGE_LOOP('',(#3164,#3165,#3166,#3167));
#11215=EDGE_LOOP('',(#3168,#3169,#3170,#3171,#3172,#3173,#3174,#3175));
#11216=EDGE_LOOP('',(#3176,#3177,#3178,#3179));
#11217=EDGE_LOOP('',(#3180,#3181,#3182,#3183));
#11218=EDGE_LOOP('',(#3184,#3185,#3186,#3187,#3188,#3189,#3190,#3191));
#11219=EDGE_LOOP('',(#3192,#3193,#3194,#3195));
#11220=EDGE_LOOP('',(#3196,#3197,#3198,#3199,#3200,#3201,#3202,#3203,#3204,
#3205,#3206,#3207,#3208,#3209,#3210,#3211,#3212,#3213,#3214,#3215,#3216,
#3217,#3218,#3219,#3220,#3221,#3222,#3223,#3224,#3225,#3226,#3227,#3228,
#3229,#3230,#3231,#3232,#3233,#3234,#3235,#3236,#3237,#3238,#3239,#3240,
#3241,#3242,#3243,#3244,#3245));
#11221=EDGE_LOOP('',(#3246,#3247,#3248,#3249,#3250,#3251,#3252,#3253));
#11222=EDGE_LOOP('',(#3254,#3255,#3256,#3257,#3258,#3259,#3260,#3261));
#11223=EDGE_LOOP('',(#3262,#3263,#3264,#3265,#3266,#3267,#3268,#3269));
#11224=EDGE_LOOP('',(#3270,#3271,#3272,#3273));
#11225=EDGE_LOOP('',(#3274,#3275,#3276,#3277));
#11226=EDGE_LOOP('',(#3278,#3279,#3280,#3281));
#11227=EDGE_LOOP('',(#3282,#3283,#3284,#3285));
#11228=EDGE_LOOP('',(#3286,#3287,#3288,#3289));
#11229=EDGE_LOOP('',(#3290,#3291,#3292,#3293));
#11230=EDGE_LOOP('',(#3294,#3295,#3296,#3297,#3298,#3299));
#11231=EDGE_LOOP('',(#3300,#3301,#3302,#3303,#3304,#3305));
#11232=EDGE_LOOP('',(#3306,#3307,#3308,#3309,#3310,#3311));
#11233=EDGE_LOOP('',(#3312,#3313,#3314,#3315));
#11234=EDGE_LOOP('',(#3316,#3317,#3318,#3319));
#11235=EDGE_LOOP('',(#3320,#3321,#3322,#3323));
#11236=EDGE_LOOP('',(#3324,#3325,#3326,#3327));
#11237=EDGE_LOOP('',(#3328,#3329,#3330,#3331));
#11238=EDGE_LOOP('',(#3332,#3333,#3334,#3335));
#11239=EDGE_LOOP('',(#3336,#3337,#3338,#3339));
#11240=EDGE_LOOP('',(#3340,#3341,#3342,#3343));
#11241=EDGE_LOOP('',(#3344,#3345,#3346,#3347));
#11242=EDGE_LOOP('',(#3348,#3349,#3350,#3351));
#11243=EDGE_LOOP('',(#3352,#3353,#3354,#3355));
#11244=EDGE_LOOP('',(#3356,#3357,#3358,#3359));
#11245=EDGE_LOOP('',(#3360,#3361,#3362,#3363));
#11246=EDGE_LOOP('',(#3364,#3365,#3366,#3367));
#11247=EDGE_LOOP('',(#3368,#3369,#3370,#3371));
#11248=EDGE_LOOP('',(#3372,#3373,#3374,#3375,#3376,#3377,#3378,#3379));
#11249=EDGE_LOOP('',(#3380,#3381,#3382,#3383,#3384,#3385,#3386,#3387));
#11250=EDGE_LOOP('',(#3388,#3389,#3390,#3391,#3392,#3393,#3394,#3395,#3396,
#3397,#3398,#3399));
#11251=EDGE_LOOP('',(#3400,#3401,#3402,#3403));
#11252=EDGE_LOOP('',(#3404,#3405,#3406,#3407,#3408,#3409));
#11253=EDGE_LOOP('',(#3410,#3411,#3412,#3413,#3414,#3415,#3416,#3417,#3418,
#3419,#3420,#3421,#3422,#3423,#3424,#3425,#3426,#3427,#3428,#3429));
#11254=EDGE_LOOP('',(#3430,#3431,#3432,#3433,#3434,#3435,#3436,#3437));
#11255=EDGE_LOOP('',(#3438,#3439,#3440,#3441,#3442,#3443));
#11256=EDGE_LOOP('',(#3444,#3445,#3446,#3447));
#11257=EDGE_LOOP('',(#3448,#3449,#3450,#3451));
#11258=EDGE_LOOP('',(#3452,#3453,#3454,#3455));
#11259=EDGE_LOOP('',(#3456,#3457,#3458,#3459));
#11260=EDGE_LOOP('',(#3460,#3461,#3462,#3463));
#11261=EDGE_LOOP('',(#3464,#3465,#3466,#3467));
#11262=EDGE_LOOP('',(#3468,#3469,#3470,#3471));
#11263=EDGE_LOOP('',(#3472,#3473,#3474,#3475));
#11264=EDGE_LOOP('',(#3476,#3477,#3478,#3479));
#11265=EDGE_LOOP('',(#3480,#3481,#3482,#3483));
#11266=EDGE_LOOP('',(#3484,#3485,#3486,#3487));
#11267=EDGE_LOOP('',(#3488,#3489,#3490,#3491));
#11268=EDGE_LOOP('',(#3492,#3493,#3494,#3495));
#11269=EDGE_LOOP('',(#3496,#3497,#3498,#3499));
#11270=EDGE_LOOP('',(#3500,#3501,#3502,#3503));
#11271=EDGE_LOOP('',(#3504,#3505,#3506,#3507));
#11272=EDGE_LOOP('',(#3508,#3509,#3510,#3511));
#11273=EDGE_LOOP('',(#3512,#3513,#3514,#3515));
#11274=EDGE_LOOP('',(#3516,#3517,#3518,#3519));
#11275=EDGE_LOOP('',(#3520,#3521,#3522,#3523));
#11276=EDGE_LOOP('',(#3524,#3525,#3526,#3527));
#11277=EDGE_LOOP('',(#3528,#3529,#3530,#3531));
#11278=EDGE_LOOP('',(#3532,#3533,#3534,#3535));
#11279=EDGE_LOOP('',(#3536,#3537,#3538,#3539));
#11280=EDGE_LOOP('',(#3540,#3541,#3542,#3543));
#11281=EDGE_LOOP('',(#3544,#3545,#3546,#3547));
#11282=EDGE_LOOP('',(#3548,#3549,#3550,#3551));
#11283=EDGE_LOOP('',(#3552,#3553,#3554,#3555));
#11284=EDGE_LOOP('',(#3556,#3557,#3558,#3559));
#11285=EDGE_LOOP('',(#3560,#3561,#3562,#3563));
#11286=EDGE_LOOP('',(#3564,#3565,#3566,#3567));
#11287=EDGE_LOOP('',(#3568,#3569,#3570,#3571));
#11288=EDGE_LOOP('',(#3572,#3573,#3574,#3575,#3576,#3577));
#11289=EDGE_LOOP('',(#3578,#3579,#3580,#3581));
#11290=EDGE_LOOP('',(#3582,#3583,#3584,#3585));
#11291=EDGE_LOOP('',(#3586,#3587,#3588,#3589));
#11292=EDGE_LOOP('',(#3590,#3591,#3592,#3593,#3594,#3595));
#11293=EDGE_LOOP('',(#3596,#3597,#3598,#3599));
#11294=EDGE_LOOP('',(#3600,#3601,#3602,#3603));
#11295=EDGE_LOOP('',(#3604,#3605,#3606,#3607,#3608));
#11296=EDGE_LOOP('',(#3609,#3610,#3611,#3612,#3613));
#11297=EDGE_LOOP('',(#3614,#3615,#3616,#3617));
#11298=EDGE_LOOP('',(#3618,#3619,#3620,#3621,#3622,#3623,#3624,#3625));
#11299=EDGE_LOOP('',(#3626,#3627,#3628,#3629));
#11300=EDGE_LOOP('',(#3630,#3631,#3632,#3633,#3634,#3635));
#11301=EDGE_LOOP('',(#3636,#3637,#3638,#3639));
#11302=EDGE_LOOP('',(#3640,#3641,#3642,#3643,#3644,#3645));
#11303=EDGE_LOOP('',(#3646,#3647,#3648,#3649));
#11304=EDGE_LOOP('',(#3650,#3651,#3652,#3653));
#11305=EDGE_LOOP('',(#3654,#3655,#3656,#3657,#3658,#3659,#3660,#3661));
#11306=EDGE_LOOP('',(#3662,#3663,#3664,#3665,#3666,#3667,#3668,#3669));
#11307=EDGE_LOOP('',(#3670,#3671,#3672,#3673));
#11308=EDGE_LOOP('',(#3674,#3675,#3676,#3677));
#11309=EDGE_LOOP('',(#3678,#3679,#3680,#3681,#3682));
#11310=EDGE_LOOP('',(#3683,#3684,#3685,#3686));
#11311=EDGE_LOOP('',(#3687,#3688,#3689,#3690,#3691));
#11312=EDGE_LOOP('',(#3692,#3693,#3694,#3695,#3696,#3697));
#11313=EDGE_LOOP('',(#3698,#3699,#3700,#3701));
#11314=EDGE_LOOP('',(#3702,#3703,#3704,#3705));
#11315=EDGE_LOOP('',(#3706,#3707,#3708,#3709));
#11316=EDGE_LOOP('',(#3710,#3711,#3712,#3713,#3714,#3715));
#11317=EDGE_LOOP('',(#3716,#3717,#3718,#3719));
#11318=EDGE_LOOP('',(#3720,#3721,#3722,#3723,#3724,#3725,#3726,#3727));
#11319=EDGE_LOOP('',(#3728,#3729,#3730,#3731,#3732,#3733,#3734,#3735));
#11320=EDGE_LOOP('',(#3736,#3737,#3738,#3739));
#11321=EDGE_LOOP('',(#3740,#3741,#3742,#3743));
#11322=EDGE_LOOP('',(#3744,#3745,#3746,#3747));
#11323=EDGE_LOOP('',(#3748,#3749,#3750,#3751,#3752,#3753));
#11324=EDGE_LOOP('',(#3754,#3755,#3756,#3757,#3758,#3759));
#11325=EDGE_LOOP('',(#3760,#3761,#3762,#3763));
#11326=EDGE_LOOP('',(#3764,#3765,#3766,#3767));
#11327=EDGE_LOOP('',(#3768,#3769,#3770,#3771,#3772,#3773));
#11328=EDGE_LOOP('',(#3774,#3775,#3776,#3777));
#11329=EDGE_LOOP('',(#3778,#3779,#3780,#3781,#3782,#3783));
#11330=EDGE_LOOP('',(#3784,#3785,#3786,#3787));
#11331=EDGE_LOOP('',(#3788,#3789,#3790,#3791));
#11332=EDGE_LOOP('',(#3792,#3793,#3794,#3795));
#11333=EDGE_LOOP('',(#3796,#3797,#3798,#3799,#3800,#3801,#3802,#3803,#3804));
#11334=EDGE_LOOP('',(#3805,#3806,#3807,#3808,#3809,#3810,#3811,#3812,#3813));
#11335=EDGE_LOOP('',(#3814,#3815,#3816,#3817));
#11336=EDGE_LOOP('',(#3818,#3819,#3820,#3821));
#11337=EDGE_LOOP('',(#3822,#3823,#3824,#3825));
#11338=EDGE_LOOP('',(#3826,#3827,#3828,#3829));
#11339=EDGE_LOOP('',(#3830,#3831,#3832,#3833));
#11340=EDGE_LOOP('',(#3834,#3835,#3836,#3837));
#11341=EDGE_LOOP('',(#3838,#3839,#3840,#3841));
#11342=EDGE_LOOP('',(#3842,#3843,#3844,#3845,#3846,#3847));
#11343=EDGE_LOOP('',(#3848,#3849,#3850,#3851,#3852,#3853));
#11344=EDGE_LOOP('',(#3854,#3855,#3856,#3857,#3858,#3859));
#11345=EDGE_LOOP('',(#3860,#3861,#3862,#3863));
#11346=EDGE_LOOP('',(#3864,#3865,#3866,#3867,#3868,#3869));
#11347=EDGE_LOOP('',(#3870,#3871,#3872,#3873));
#11348=EDGE_LOOP('',(#3874,#3875,#3876,#3877));
#11349=EDGE_LOOP('',(#3878,#3879,#3880,#3881));
#11350=EDGE_LOOP('',(#3882,#3883,#3884,#3885));
#11351=EDGE_LOOP('',(#3886,#3887,#3888,#3889));
#11352=EDGE_LOOP('',(#3890,#3891,#3892,#3893));
#11353=EDGE_LOOP('',(#3894,#3895,#3896,#3897));
#11354=EDGE_LOOP('',(#3898,#3899,#3900,#3901));
#11355=EDGE_LOOP('',(#3902,#3903,#3904,#3905));
#11356=EDGE_LOOP('',(#3906,#3907,#3908,#3909));
#11357=EDGE_LOOP('',(#3910,#3911,#3912,#3913));
#11358=EDGE_LOOP('',(#3914,#3915,#3916,#3917));
#11359=EDGE_LOOP('',(#3918,#3919,#3920,#3921,#3922,#3923));
#11360=EDGE_LOOP('',(#3924,#3925,#3926,#3927,#3928,#3929,#3930,#3931,#3932,
#3933,#3934,#3935,#3936,#3937,#3938,#3939,#3940,#3941,#3942,#3943));
#11361=EDGE_LOOP('',(#3944,#3945,#3946,#3947,#3948,#3949,#3950,#3951));
#11362=EDGE_LOOP('',(#3952,#3953,#3954,#3955));
#11363=EDGE_LOOP('',(#3956,#3957,#3958,#3959));
#11364=EDGE_LOOP('',(#3960,#3961,#3962,#3963));
#11365=EDGE_LOOP('',(#3964,#3965,#3966,#3967));
#11366=EDGE_LOOP('',(#3968,#3969,#3970,#3971));
#11367=EDGE_LOOP('',(#3972,#3973,#3974,#3975,#3976,#3977));
#11368=EDGE_LOOP('',(#3978,#3979,#3980,#3981));
#11369=EDGE_LOOP('',(#3982,#3983,#3984,#3985));
#11370=EDGE_LOOP('',(#3986,#3987,#3988,#3989));
#11371=EDGE_LOOP('',(#3990,#3991,#3992,#3993));
#11372=EDGE_LOOP('',(#3994,#3995,#3996,#3997));
#11373=EDGE_LOOP('',(#3998,#3999,#4000,#4001));
#11374=EDGE_LOOP('',(#4002,#4003,#4004,#4005));
#11375=EDGE_LOOP('',(#4006,#4007,#4008,#4009));
#11376=EDGE_LOOP('',(#4010,#4011,#4012,#4013));
#11377=EDGE_LOOP('',(#4014,#4015,#4016,#4017));
#11378=EDGE_LOOP('',(#4018,#4019,#4020,#4021));
#11379=EDGE_LOOP('',(#4022,#4023,#4024,#4025));
#11380=EDGE_LOOP('',(#4026,#4027,#4028,#4029));
#11381=EDGE_LOOP('',(#4030,#4031,#4032,#4033));
#11382=EDGE_LOOP('',(#4034,#4035,#4036,#4037));
#11383=EDGE_LOOP('',(#4038,#4039,#4040,#4041));
#11384=EDGE_LOOP('',(#4042,#4043,#4044,#4045));
#11385=EDGE_LOOP('',(#4046,#4047,#4048,#4049));
#11386=EDGE_LOOP('',(#4050,#4051,#4052,#4053));
#11387=EDGE_LOOP('',(#4054,#4055,#4056,#4057));
#11388=EDGE_LOOP('',(#4058,#4059,#4060,#4061));
#11389=EDGE_LOOP('',(#4062,#4063,#4064,#4065));
#11390=EDGE_LOOP('',(#4066,#4067,#4068,#4069,#4070));
#11391=EDGE_LOOP('',(#4071,#4072,#4073,#4074));
#11392=EDGE_LOOP('',(#4075,#4076,#4077,#4078,#4079));
#11393=EDGE_LOOP('',(#4080,#4081,#4082,#4083,#4084,#4085));
#11394=EDGE_LOOP('',(#4086,#4087,#4088,#4089));
#11395=EDGE_LOOP('',(#4090,#4091,#4092,#4093));
#11396=EDGE_LOOP('',(#4094,#4095,#4096,#4097));
#11397=EDGE_LOOP('',(#4098,#4099,#4100,#4101,#4102,#4103));
#11398=EDGE_LOOP('',(#4104,#4105,#4106,#4107));
#11399=EDGE_LOOP('',(#4108,#4109,#4110,#4111,#4112,#4113,#4114,#4115));
#11400=EDGE_LOOP('',(#4116,#4117,#4118,#4119,#4120,#4121,#4122,#4123));
#11401=EDGE_LOOP('',(#4124,#4125,#4126,#4127));
#11402=EDGE_LOOP('',(#4128,#4129,#4130,#4131));
#11403=EDGE_LOOP('',(#4132,#4133,#4134,#4135,#4136));
#11404=EDGE_LOOP('',(#4137,#4138,#4139,#4140,#4141));
#11405=EDGE_LOOP('',(#4142,#4143,#4144,#4145));
#11406=EDGE_LOOP('',(#4146,#4147,#4148,#4149,#4150,#4151,#4152,#4153));
#11407=EDGE_LOOP('',(#4154,#4155,#4156,#4157));
#11408=EDGE_LOOP('',(#4158,#4159,#4160,#4161,#4162,#4163));
#11409=EDGE_LOOP('',(#4164,#4165,#4166,#4167));
#11410=EDGE_LOOP('',(#4168,#4169,#4170,#4171,#4172,#4173));
#11411=EDGE_LOOP('',(#4174,#4175,#4176,#4177));
#11412=EDGE_LOOP('',(#4178,#4179,#4180,#4181));
#11413=EDGE_LOOP('',(#4182,#4183,#4184,#4185,#4186,#4187,#4188,#4189));
#11414=EDGE_LOOP('',(#4190,#4191,#4192,#4193,#4194,#4195,#4196,#4197));
#11415=EDGE_LOOP('',(#4198,#4199,#4200,#4201));
#11416=EDGE_LOOP('',(#4202,#4203,#4204,#4205));
#11417=EDGE_LOOP('',(#4206,#4207,#4208,#4209));
#11418=EDGE_LOOP('',(#4210,#4211,#4212,#4213,#4214,#4215));
#11419=EDGE_LOOP('',(#4216,#4217,#4218,#4219,#4220,#4221));
#11420=EDGE_LOOP('',(#4222,#4223,#4224,#4225));
#11421=EDGE_LOOP('',(#4226,#4227,#4228,#4229));
#11422=EDGE_LOOP('',(#4230,#4231,#4232,#4233));
#11423=EDGE_LOOP('',(#4234,#4235,#4236,#4237));
#11424=EDGE_LOOP('',(#4238,#4239,#4240,#4241));
#11425=EDGE_LOOP('',(#4242,#4243,#4244,#4245,#4246,#4247));
#11426=EDGE_LOOP('',(#4248,#4249,#4250,#4251));
#11427=EDGE_LOOP('',(#4252,#4253,#4254,#4255,#4256,#4257));
#11428=EDGE_LOOP('',(#4258,#4259,#4260,#4261,#4262,#4263,#4264,#4265,#4266));
#11429=EDGE_LOOP('',(#4267,#4268,#4269,#4270,#4271,#4272,#4273,#4274,#4275));
#11430=EDGE_LOOP('',(#4276,#4277,#4278,#4279));
#11431=EDGE_LOOP('',(#4280,#4281,#4282,#4283));
#11432=EDGE_LOOP('',(#4284,#4285,#4286,#4287));
#11433=EDGE_LOOP('',(#4288,#4289,#4290,#4291));
#11434=EDGE_LOOP('',(#4292,#4293,#4294,#4295));
#11435=EDGE_LOOP('',(#4296,#4297,#4298,#4299));
#11436=EDGE_LOOP('',(#4300,#4301,#4302,#4303));
#11437=EDGE_LOOP('',(#4304,#4305,#4306,#4307,#4308,#4309));
#11438=EDGE_LOOP('',(#4310,#4311,#4312,#4313,#4314,#4315));
#11439=EDGE_LOOP('',(#4316,#4317,#4318,#4319,#4320,#4321));
#11440=EDGE_LOOP('',(#4322,#4323,#4324,#4325));
#11441=EDGE_LOOP('',(#4326,#4327,#4328,#4329,#4330,#4331));
#11442=EDGE_LOOP('',(#4332,#4333,#4334,#4335));
#11443=EDGE_LOOP('',(#4336,#4337,#4338,#4339));
#11444=EDGE_LOOP('',(#4340,#4341,#4342,#4343));
#11445=EDGE_LOOP('',(#4344,#4345,#4346,#4347));
#11446=EDGE_LOOP('',(#4348,#4349,#4350,#4351));
#11447=EDGE_LOOP('',(#4352,#4353,#4354,#4355));
#11448=EDGE_LOOP('',(#4356,#4357,#4358,#4359));
#11449=EDGE_LOOP('',(#4360,#4361,#4362,#4363));
#11450=EDGE_LOOP('',(#4364,#4365,#4366,#4367));
#11451=EDGE_LOOP('',(#4368,#4369,#4370,#4371));
#11452=EDGE_LOOP('',(#4372,#4373,#4374,#4375));
#11453=EDGE_LOOP('',(#4376,#4377,#4378,#4379));
#11454=EDGE_LOOP('',(#4380,#4381,#4382,#4383));
#11455=EDGE_LOOP('',(#4384,#4385,#4386,#4387));
#11456=EDGE_LOOP('',(#4388,#4389,#4390,#4391));
#11457=EDGE_LOOP('',(#4392,#4393,#4394,#4395));
#11458=EDGE_LOOP('',(#4396,#4397,#4398,#4399));
#11459=EDGE_LOOP('',(#4400,#4401,#4402,#4403));
#11460=EDGE_LOOP('',(#4404,#4405,#4406,#4407));
#11461=EDGE_LOOP('',(#4408,#4409,#4410,#4411));
#11462=EDGE_LOOP('',(#4412,#4413,#4414,#4415));
#11463=EDGE_LOOP('',(#4416,#4417,#4418,#4419));
#11464=EDGE_LOOP('',(#4420,#4421,#4422,#4423));
#11465=EDGE_LOOP('',(#4424,#4425,#4426,#4427));
#11466=EDGE_LOOP('',(#4428,#4429,#4430,#4431));
#11467=EDGE_LOOP('',(#4432,#4433,#4434,#4435));
#11468=EDGE_LOOP('',(#4436,#4437,#4438,#4439));
#11469=EDGE_LOOP('',(#4440,#4441,#4442,#4443));
#11470=EDGE_LOOP('',(#4444,#4445,#4446,#4447));
#11471=EDGE_LOOP('',(#4448,#4449,#4450,#4451));
#11472=EDGE_LOOP('',(#4452));
#11473=EDGE_LOOP('',(#4453));
#11474=EDGE_LOOP('',(#4454));
#11475=EDGE_LOOP('',(#4455));
#11476=EDGE_LOOP('',(#4456));
#11477=EDGE_LOOP('',(#4457));
#11478=EDGE_LOOP('',(#4458));
#11479=EDGE_LOOP('',(#4459));
#11480=EDGE_LOOP('',(#4460));
#11481=EDGE_LOOP('',(#4461));
#11482=EDGE_LOOP('',(#4462));
#11483=EDGE_LOOP('',(#4463));
#11484=FACE_BOUND('',#10784,.T.);
#11485=FACE_BOUND('',#10785,.T.);
#11486=FACE_BOUND('',#10786,.T.);
#11487=FACE_BOUND('',#10787,.T.);
#11488=FACE_BOUND('',#10788,.T.);
#11489=FACE_BOUND('',#10789,.T.);
#11490=FACE_BOUND('',#10790,.T.);
#11491=FACE_BOUND('',#10791,.T.);
#11492=FACE_BOUND('',#10792,.T.);
#11493=FACE_BOUND('',#10793,.T.);
#11494=FACE_BOUND('',#10794,.T.);
#11495=FACE_BOUND('',#10795,.T.);
#11496=FACE_BOUND('',#10796,.T.);
#11497=FACE_BOUND('',#10797,.T.);
#11498=FACE_BOUND('',#10798,.T.);
#11499=FACE_BOUND('',#10799,.T.);
#11500=FACE_BOUND('',#10800,.T.);
#11501=FACE_BOUND('',#10801,.T.);
#11502=FACE_BOUND('',#10802,.T.);
#11503=FACE_BOUND('',#10803,.T.);
#11504=FACE_BOUND('',#10804,.T.);
#11505=FACE_BOUND('',#10805,.T.);
#11506=FACE_BOUND('',#10806,.T.);
#11507=FACE_BOUND('',#10807,.T.);
#11508=FACE_BOUND('',#10808,.T.);
#11509=FACE_BOUND('',#10809,.T.);
#11510=FACE_BOUND('',#10810,.T.);
#11511=FACE_BOUND('',#10811,.T.);
#11512=FACE_BOUND('',#10812,.T.);
#11513=FACE_BOUND('',#10813,.T.);
#11514=FACE_BOUND('',#10814,.T.);
#11515=FACE_BOUND('',#10815,.T.);
#11516=FACE_BOUND('',#10816,.T.);
#11517=FACE_BOUND('',#10817,.T.);
#11518=FACE_BOUND('',#10818,.T.);
#11519=FACE_BOUND('',#10819,.T.);
#11520=FACE_BOUND('',#10820,.T.);
#11521=FACE_BOUND('',#10821,.T.);
#11522=FACE_BOUND('',#10822,.T.);
#11523=FACE_BOUND('',#10823,.T.);
#11524=FACE_BOUND('',#10824,.T.);
#11525=FACE_BOUND('',#10825,.T.);
#11526=FACE_BOUND('',#10826,.T.);
#11527=FACE_BOUND('',#10827,.T.);
#11528=FACE_BOUND('',#10828,.T.);
#11529=FACE_BOUND('',#10829,.T.);
#11530=FACE_BOUND('',#10830,.T.);
#11531=FACE_BOUND('',#10831,.T.);
#11532=FACE_BOUND('',#10832,.T.);
#11533=FACE_BOUND('',#10833,.T.);
#11534=FACE_BOUND('',#10834,.T.);
#11535=FACE_BOUND('',#10835,.T.);
#11536=FACE_BOUND('',#10836,.T.);
#11537=FACE_BOUND('',#10837,.T.);
#11538=FACE_BOUND('',#10838,.T.);
#11539=FACE_BOUND('',#10839,.T.);
#11540=FACE_BOUND('',#10840,.T.);
#11541=FACE_BOUND('',#10841,.T.);
#11542=FACE_BOUND('',#10842,.T.);
#11543=FACE_BOUND('',#10843,.T.);
#11544=FACE_BOUND('',#10844,.T.);
#11545=FACE_BOUND('',#10845,.T.);
#11546=FACE_BOUND('',#10846,.T.);
#11547=FACE_BOUND('',#10847,.T.);
#11548=FACE_BOUND('',#10848,.T.);
#11549=FACE_BOUND('',#10849,.T.);
#11550=FACE_BOUND('',#10850,.T.);
#11551=FACE_BOUND('',#10851,.T.);
#11552=FACE_BOUND('',#10852,.T.);
#11553=FACE_BOUND('',#10853,.T.);
#11554=FACE_BOUND('',#10854,.T.);
#11555=FACE_BOUND('',#10855,.T.);
#11556=FACE_BOUND('',#10856,.T.);
#11557=FACE_BOUND('',#10857,.T.);
#11558=FACE_BOUND('',#10858,.T.);
#11559=FACE_BOUND('',#10859,.T.);
#11560=FACE_BOUND('',#10860,.T.);
#11561=FACE_BOUND('',#10861,.T.);
#11562=FACE_BOUND('',#10862,.T.);
#11563=FACE_BOUND('',#10863,.T.);
#11564=FACE_BOUND('',#10864,.T.);
#11565=FACE_BOUND('',#10865,.T.);
#11566=FACE_BOUND('',#10866,.T.);
#11567=FACE_BOUND('',#10867,.T.);
#11568=FACE_BOUND('',#10868,.T.);
#11569=FACE_BOUND('',#10869,.T.);
#11570=FACE_BOUND('',#10870,.T.);
#11571=FACE_BOUND('',#10871,.T.);
#11572=FACE_BOUND('',#10872,.T.);
#11573=FACE_BOUND('',#10873,.T.);
#11574=FACE_BOUND('',#10874,.T.);
#11575=FACE_BOUND('',#10875,.T.);
#11576=FACE_BOUND('',#10876,.T.);
#11577=FACE_BOUND('',#10877,.T.);
#11578=FACE_BOUND('',#10878,.T.);
#11579=FACE_BOUND('',#10879,.T.);
#11580=FACE_BOUND('',#10880,.T.);
#11581=FACE_BOUND('',#10881,.T.);
#11582=FACE_BOUND('',#10882,.T.);
#11583=FACE_BOUND('',#10883,.T.);
#11584=FACE_BOUND('',#10884,.T.);
#11585=FACE_BOUND('',#10885,.T.);
#11586=FACE_BOUND('',#10886,.T.);
#11587=FACE_BOUND('',#10887,.T.);
#11588=FACE_BOUND('',#10888,.T.);
#11589=FACE_BOUND('',#10889,.T.);
#11590=FACE_BOUND('',#10890,.T.);
#11591=FACE_BOUND('',#10891,.T.);
#11592=FACE_BOUND('',#10892,.T.);
#11593=FACE_BOUND('',#10893,.T.);
#11594=FACE_BOUND('',#10894,.T.);
#11595=FACE_BOUND('',#10895,.T.);
#11596=FACE_BOUND('',#10896,.T.);
#11597=FACE_BOUND('',#10897,.T.);
#11598=FACE_BOUND('',#10898,.T.);
#11599=FACE_BOUND('',#10899,.T.);
#11600=FACE_BOUND('',#10900,.T.);
#11601=FACE_BOUND('',#10901,.T.);
#11602=FACE_BOUND('',#10902,.T.);
#11603=FACE_BOUND('',#10903,.T.);
#11604=FACE_BOUND('',#10904,.T.);
#11605=FACE_BOUND('',#10905,.T.);
#11606=FACE_BOUND('',#10906,.T.);
#11607=FACE_BOUND('',#10907,.T.);
#11608=FACE_BOUND('',#10908,.T.);
#11609=FACE_BOUND('',#10909,.T.);
#11610=FACE_BOUND('',#10910,.T.);
#11611=FACE_BOUND('',#10911,.T.);
#11612=FACE_BOUND('',#10912,.T.);
#11613=FACE_BOUND('',#10913,.T.);
#11614=FACE_BOUND('',#10914,.T.);
#11615=FACE_BOUND('',#10915,.T.);
#11616=FACE_BOUND('',#10916,.T.);
#11617=FACE_BOUND('',#10917,.T.);
#11618=FACE_BOUND('',#10918,.T.);
#11619=FACE_BOUND('',#10919,.T.);
#11620=FACE_BOUND('',#10920,.T.);
#11621=FACE_BOUND('',#10921,.T.);
#11622=FACE_BOUND('',#10922,.T.);
#11623=FACE_BOUND('',#10923,.T.);
#11624=FACE_BOUND('',#10924,.T.);
#11625=FACE_BOUND('',#10925,.T.);
#11626=FACE_BOUND('',#10926,.T.);
#11627=FACE_BOUND('',#10927,.T.);
#11628=FACE_BOUND('',#10928,.T.);
#11629=FACE_BOUND('',#10929,.T.);
#11630=FACE_BOUND('',#10930,.T.);
#11631=FACE_BOUND('',#10931,.T.);
#11632=FACE_BOUND('',#10932,.T.);
#11633=FACE_BOUND('',#10933,.T.);
#11634=FACE_BOUND('',#10934,.T.);
#11635=FACE_BOUND('',#10935,.T.);
#11636=FACE_BOUND('',#10936,.T.);
#11637=FACE_BOUND('',#10937,.T.);
#11638=FACE_BOUND('',#10938,.T.);
#11639=FACE_BOUND('',#10939,.T.);
#11640=FACE_BOUND('',#10940,.T.);
#11641=FACE_BOUND('',#10941,.T.);
#11642=FACE_BOUND('',#10942,.T.);
#11643=FACE_BOUND('',#10943,.T.);
#11644=FACE_BOUND('',#10944,.T.);
#11645=FACE_BOUND('',#10945,.T.);
#11646=FACE_BOUND('',#10946,.T.);
#11647=FACE_BOUND('',#10947,.T.);
#11648=FACE_BOUND('',#10948,.T.);
#11649=FACE_BOUND('',#10949,.T.);
#11650=FACE_BOUND('',#10950,.T.);
#11651=FACE_BOUND('',#10951,.T.);
#11652=FACE_BOUND('',#10952,.T.);
#11653=FACE_BOUND('',#10953,.T.);
#11654=FACE_BOUND('',#10954,.T.);
#11655=FACE_BOUND('',#10955,.T.);
#11656=FACE_BOUND('',#10956,.T.);
#11657=FACE_BOUND('',#10957,.T.);
#11658=FACE_BOUND('',#10958,.T.);
#11659=FACE_BOUND('',#10959,.T.);
#11660=FACE_BOUND('',#10960,.T.);
#11661=FACE_BOUND('',#10961,.T.);
#11662=FACE_BOUND('',#10962,.T.);
#11663=FACE_BOUND('',#10963,.T.);
#11664=FACE_BOUND('',#10964,.T.);
#11665=FACE_BOUND('',#10965,.T.);
#11666=FACE_BOUND('',#10966,.T.);
#11667=FACE_BOUND('',#10967,.T.);
#11668=FACE_BOUND('',#10968,.T.);
#11669=FACE_BOUND('',#10969,.T.);
#11670=FACE_BOUND('',#10970,.T.);
#11671=FACE_BOUND('',#10971,.T.);
#11672=FACE_BOUND('',#10972,.T.);
#11673=FACE_BOUND('',#10973,.T.);
#11674=FACE_BOUND('',#10974,.T.);
#11675=FACE_BOUND('',#10975,.T.);
#11676=FACE_BOUND('',#10976,.T.);
#11677=FACE_BOUND('',#10977,.T.);
#11678=FACE_BOUND('',#10978,.T.);
#11679=FACE_BOUND('',#10979,.T.);
#11680=FACE_BOUND('',#10980,.T.);
#11681=FACE_BOUND('',#10981,.T.);
#11682=FACE_BOUND('',#10982,.T.);
#11683=FACE_BOUND('',#10983,.T.);
#11684=FACE_BOUND('',#10984,.T.);
#11685=FACE_BOUND('',#10985,.T.);
#11686=FACE_BOUND('',#10986,.T.);
#11687=FACE_BOUND('',#10987,.T.);
#11688=FACE_BOUND('',#10988,.T.);
#11689=FACE_BOUND('',#10989,.T.);
#11690=FACE_BOUND('',#10990,.T.);
#11691=FACE_BOUND('',#10991,.T.);
#11692=FACE_BOUND('',#10992,.T.);
#11693=FACE_BOUND('',#10993,.T.);
#11694=FACE_BOUND('',#10994,.T.);
#11695=FACE_BOUND('',#10995,.T.);
#11696=FACE_BOUND('',#10996,.T.);
#11697=FACE_BOUND('',#10997,.T.);
#11698=FACE_BOUND('',#10998,.T.);
#11699=FACE_BOUND('',#10999,.T.);
#11700=FACE_BOUND('',#11000,.T.);
#11701=FACE_BOUND('',#11001,.T.);
#11702=FACE_BOUND('',#11002,.T.);
#11703=FACE_BOUND('',#11003,.T.);
#11704=FACE_BOUND('',#11004,.T.);
#11705=FACE_BOUND('',#11005,.T.);
#11706=FACE_BOUND('',#11006,.T.);
#11707=FACE_BOUND('',#11007,.T.);
#11708=FACE_BOUND('',#11008,.T.);
#11709=FACE_BOUND('',#11009,.T.);
#11710=FACE_BOUND('',#11010,.T.);
#11711=FACE_BOUND('',#11011,.T.);
#11712=FACE_BOUND('',#11012,.T.);
#11713=FACE_BOUND('',#11013,.T.);
#11714=FACE_BOUND('',#11014,.T.);
#11715=FACE_BOUND('',#11015,.T.);
#11716=FACE_BOUND('',#11016,.T.);
#11717=FACE_BOUND('',#11017,.T.);
#11718=FACE_BOUND('',#11018,.T.);
#11719=FACE_BOUND('',#11019,.T.);
#11720=FACE_BOUND('',#11020,.T.);
#11721=FACE_BOUND('',#11021,.T.);
#11722=FACE_BOUND('',#11022,.T.);
#11723=FACE_BOUND('',#11023,.T.);
#11724=FACE_BOUND('',#11024,.T.);
#11725=FACE_BOUND('',#11025,.T.);
#11726=FACE_BOUND('',#11026,.T.);
#11727=FACE_BOUND('',#11027,.T.);
#11728=FACE_BOUND('',#11028,.T.);
#11729=FACE_BOUND('',#11029,.T.);
#11730=FACE_BOUND('',#11030,.T.);
#11731=FACE_BOUND('',#11031,.T.);
#11732=FACE_BOUND('',#11032,.T.);
#11733=FACE_BOUND('',#11033,.T.);
#11734=FACE_BOUND('',#11034,.T.);
#11735=FACE_BOUND('',#11035,.T.);
#11736=FACE_BOUND('',#11036,.T.);
#11737=FACE_BOUND('',#11037,.T.);
#11738=FACE_BOUND('',#11038,.T.);
#11739=FACE_BOUND('',#11039,.T.);
#11740=FACE_BOUND('',#11040,.T.);
#11741=FACE_BOUND('',#11041,.T.);
#11742=FACE_BOUND('',#11042,.T.);
#11743=FACE_BOUND('',#11043,.T.);
#11744=FACE_BOUND('',#11044,.T.);
#11745=FACE_BOUND('',#11045,.T.);
#11746=FACE_BOUND('',#11046,.T.);
#11747=FACE_BOUND('',#11047,.T.);
#11748=FACE_BOUND('',#11048,.T.);
#11749=FACE_BOUND('',#11049,.T.);
#11750=FACE_BOUND('',#11050,.T.);
#11751=FACE_BOUND('',#11051,.T.);
#11752=FACE_BOUND('',#11052,.T.);
#11753=FACE_BOUND('',#11053,.T.);
#11754=FACE_BOUND('',#11054,.T.);
#11755=FACE_BOUND('',#11055,.T.);
#11756=FACE_BOUND('',#11056,.T.);
#11757=FACE_BOUND('',#11057,.T.);
#11758=FACE_BOUND('',#11058,.T.);
#11759=FACE_BOUND('',#11059,.T.);
#11760=FACE_BOUND('',#11060,.T.);
#11761=FACE_BOUND('',#11061,.T.);
#11762=FACE_BOUND('',#11062,.T.);
#11763=FACE_BOUND('',#11063,.T.);
#11764=FACE_BOUND('',#11064,.T.);
#11765=FACE_BOUND('',#11065,.T.);
#11766=FACE_BOUND('',#11066,.T.);
#11767=FACE_BOUND('',#11067,.T.);
#11768=FACE_BOUND('',#11068,.T.);
#11769=FACE_BOUND('',#11069,.T.);
#11770=FACE_BOUND('',#11070,.T.);
#11771=FACE_BOUND('',#11071,.T.);
#11772=FACE_BOUND('',#11072,.T.);
#11773=FACE_BOUND('',#11073,.T.);
#11774=FACE_BOUND('',#11074,.T.);
#11775=FACE_BOUND('',#11075,.T.);
#11776=FACE_BOUND('',#11076,.T.);
#11777=FACE_BOUND('',#11077,.T.);
#11778=FACE_BOUND('',#11078,.T.);
#11779=FACE_BOUND('',#11079,.T.);
#11780=FACE_BOUND('',#11080,.T.);
#11781=FACE_BOUND('',#11081,.T.);
#11782=FACE_BOUND('',#11082,.T.);
#11783=FACE_BOUND('',#11083,.T.);
#11784=FACE_BOUND('',#11084,.T.);
#11785=FACE_BOUND('',#11085,.T.);
#11786=FACE_BOUND('',#11086,.T.);
#11787=FACE_BOUND('',#11087,.T.);
#11788=FACE_BOUND('',#11088,.T.);
#11789=FACE_BOUND('',#11089,.T.);
#11790=FACE_BOUND('',#11090,.T.);
#11791=FACE_BOUND('',#11091,.T.);
#11792=FACE_BOUND('',#11092,.T.);
#11793=FACE_BOUND('',#11093,.T.);
#11794=FACE_BOUND('',#11094,.T.);
#11795=FACE_BOUND('',#11095,.T.);
#11796=FACE_BOUND('',#11096,.T.);
#11797=FACE_BOUND('',#11097,.T.);
#11798=FACE_BOUND('',#11098,.T.);
#11799=FACE_BOUND('',#11099,.T.);
#11800=FACE_BOUND('',#11100,.T.);
#11801=FACE_BOUND('',#11101,.T.);
#11802=FACE_BOUND('',#11102,.T.);
#11803=FACE_BOUND('',#11103,.T.);
#11804=FACE_BOUND('',#11104,.T.);
#11805=FACE_BOUND('',#11105,.T.);
#11806=FACE_BOUND('',#11106,.T.);
#11807=FACE_BOUND('',#11107,.T.);
#11808=FACE_BOUND('',#11108,.T.);
#11809=FACE_BOUND('',#11109,.T.);
#11810=FACE_BOUND('',#11110,.T.);
#11811=FACE_BOUND('',#11111,.T.);
#11812=FACE_BOUND('',#11112,.T.);
#11813=FACE_BOUND('',#11113,.T.);
#11814=FACE_BOUND('',#11114,.T.);
#11815=FACE_BOUND('',#11115,.T.);
#11816=FACE_BOUND('',#11116,.T.);
#11817=FACE_BOUND('',#11117,.T.);
#11818=FACE_BOUND('',#11118,.T.);
#11819=FACE_BOUND('',#11119,.T.);
#11820=FACE_BOUND('',#11120,.T.);
#11821=FACE_BOUND('',#11121,.T.);
#11822=FACE_BOUND('',#11122,.T.);
#11823=FACE_BOUND('',#11123,.T.);
#11824=FACE_BOUND('',#11124,.T.);
#11825=FACE_BOUND('',#11125,.T.);
#11826=FACE_BOUND('',#11126,.T.);
#11827=FACE_BOUND('',#11127,.T.);
#11828=FACE_BOUND('',#11128,.T.);
#11829=FACE_BOUND('',#11129,.T.);
#11830=FACE_BOUND('',#11130,.T.);
#11831=FACE_BOUND('',#11131,.T.);
#11832=FACE_BOUND('',#11132,.T.);
#11833=FACE_BOUND('',#11133,.T.);
#11834=FACE_BOUND('',#11134,.T.);
#11835=FACE_BOUND('',#11135,.T.);
#11836=FACE_BOUND('',#11136,.T.);
#11837=FACE_BOUND('',#11137,.T.);
#11838=FACE_BOUND('',#11138,.T.);
#11839=FACE_BOUND('',#11139,.T.);
#11840=FACE_BOUND('',#11140,.T.);
#11841=FACE_BOUND('',#11141,.T.);
#11842=FACE_BOUND('',#11142,.T.);
#11843=FACE_BOUND('',#11143,.T.);
#11844=FACE_BOUND('',#11144,.T.);
#11845=FACE_BOUND('',#11145,.T.);
#11846=FACE_BOUND('',#11146,.T.);
#11847=FACE_BOUND('',#11147,.T.);
#11848=FACE_BOUND('',#11148,.T.);
#11849=FACE_BOUND('',#11149,.T.);
#11850=FACE_BOUND('',#11150,.T.);
#11851=FACE_BOUND('',#11151,.T.);
#11852=FACE_BOUND('',#11152,.T.);
#11853=FACE_BOUND('',#11153,.T.);
#11854=FACE_BOUND('',#11154,.T.);
#11855=FACE_BOUND('',#11155,.T.);
#11856=FACE_BOUND('',#11156,.T.);
#11857=FACE_BOUND('',#11157,.T.);
#11858=FACE_BOUND('',#11158,.T.);
#11859=FACE_BOUND('',#11159,.T.);
#11860=FACE_BOUND('',#11160,.T.);
#11861=FACE_BOUND('',#11161,.T.);
#11862=FACE_BOUND('',#11162,.T.);
#11863=FACE_BOUND('',#11163,.T.);
#11864=FACE_BOUND('',#11164,.T.);
#11865=FACE_BOUND('',#11165,.T.);
#11866=FACE_BOUND('',#11166,.T.);
#11867=FACE_BOUND('',#11167,.T.);
#11868=FACE_BOUND('',#11168,.T.);
#11869=FACE_BOUND('',#11169,.T.);
#11870=FACE_BOUND('',#11170,.T.);
#11871=FACE_BOUND('',#11171,.T.);
#11872=FACE_BOUND('',#11172,.T.);
#11873=FACE_BOUND('',#11173,.T.);
#11874=FACE_BOUND('',#11174,.T.);
#11875=FACE_BOUND('',#11175,.T.);
#11876=FACE_BOUND('',#11176,.T.);
#11877=FACE_BOUND('',#11177,.T.);
#11878=FACE_BOUND('',#11178,.T.);
#11879=FACE_BOUND('',#11179,.T.);
#11880=FACE_BOUND('',#11180,.T.);
#11881=FACE_BOUND('',#11181,.T.);
#11882=FACE_BOUND('',#11182,.T.);
#11883=FACE_BOUND('',#11183,.T.);
#11884=FACE_BOUND('',#11184,.T.);
#11885=FACE_BOUND('',#11185,.T.);
#11886=FACE_BOUND('',#11186,.T.);
#11887=FACE_BOUND('',#11187,.T.);
#11888=FACE_BOUND('',#11188,.T.);
#11889=FACE_BOUND('',#11189,.T.);
#11890=FACE_BOUND('',#11190,.T.);
#11891=FACE_BOUND('',#11191,.T.);
#11892=FACE_BOUND('',#11192,.T.);
#11893=FACE_BOUND('',#11193,.T.);
#11894=FACE_BOUND('',#11194,.T.);
#11895=FACE_BOUND('',#11195,.T.);
#11896=FACE_BOUND('',#11196,.T.);
#11897=FACE_BOUND('',#11197,.T.);
#11898=FACE_BOUND('',#11198,.T.);
#11899=FACE_BOUND('',#11199,.T.);
#11900=FACE_BOUND('',#11200,.T.);
#11901=FACE_BOUND('',#11201,.T.);
#11902=FACE_BOUND('',#11202,.T.);
#11903=FACE_BOUND('',#11203,.T.);
#11904=FACE_BOUND('',#11204,.T.);
#11905=FACE_BOUND('',#11205,.T.);
#11906=FACE_BOUND('',#11206,.T.);
#11907=FACE_BOUND('',#11207,.T.);
#11908=FACE_BOUND('',#11208,.T.);
#11909=FACE_BOUND('',#11209,.T.);
#11910=FACE_BOUND('',#11210,.T.);
#11911=FACE_BOUND('',#11211,.T.);
#11912=FACE_BOUND('',#11212,.T.);
#11913=FACE_BOUND('',#11213,.T.);
#11914=FACE_BOUND('',#11214,.T.);
#11915=FACE_BOUND('',#11215,.T.);
#11916=FACE_BOUND('',#11216,.T.);
#11917=FACE_BOUND('',#11217,.T.);
#11918=FACE_BOUND('',#11218,.T.);
#11919=FACE_BOUND('',#11219,.T.);
#11920=FACE_BOUND('',#11220,.T.);
#11921=FACE_BOUND('',#11221,.T.);
#11922=FACE_BOUND('',#11222,.T.);
#11923=FACE_BOUND('',#11223,.T.);
#11924=FACE_BOUND('',#11224,.T.);
#11925=FACE_BOUND('',#11225,.T.);
#11926=FACE_BOUND('',#11226,.T.);
#11927=FACE_BOUND('',#11227,.T.);
#11928=FACE_BOUND('',#11228,.T.);
#11929=FACE_BOUND('',#11229,.T.);
#11930=FACE_BOUND('',#11230,.T.);
#11931=FACE_BOUND('',#11231,.T.);
#11932=FACE_BOUND('',#11232,.T.);
#11933=FACE_BOUND('',#11233,.T.);
#11934=FACE_BOUND('',#11234,.T.);
#11935=FACE_BOUND('',#11235,.T.);
#11936=FACE_BOUND('',#11236,.T.);
#11937=FACE_BOUND('',#11237,.T.);
#11938=FACE_BOUND('',#11238,.T.);
#11939=FACE_BOUND('',#11239,.T.);
#11940=FACE_BOUND('',#11240,.T.);
#11941=FACE_BOUND('',#11241,.T.);
#11942=FACE_BOUND('',#11242,.T.);
#11943=FACE_BOUND('',#11243,.T.);
#11944=FACE_BOUND('',#11244,.T.);
#11945=FACE_BOUND('',#11245,.T.);
#11946=FACE_BOUND('',#11246,.T.);
#11947=FACE_BOUND('',#11247,.T.);
#11948=FACE_BOUND('',#11248,.T.);
#11949=FACE_BOUND('',#11249,.T.);
#11950=FACE_BOUND('',#11250,.T.);
#11951=FACE_BOUND('',#11251,.T.);
#11952=FACE_BOUND('',#11252,.T.);
#11953=FACE_BOUND('',#11253,.T.);
#11954=FACE_BOUND('',#11254,.T.);
#11955=FACE_BOUND('',#11255,.T.);
#11956=FACE_BOUND('',#11256,.T.);
#11957=FACE_BOUND('',#11257,.T.);
#11958=FACE_BOUND('',#11258,.T.);
#11959=FACE_BOUND('',#11259,.T.);
#11960=FACE_BOUND('',#11260,.T.);
#11961=FACE_BOUND('',#11261,.T.);
#11962=FACE_BOUND('',#11262,.T.);
#11963=FACE_BOUND('',#11263,.T.);
#11964=FACE_BOUND('',#11264,.T.);
#11965=FACE_BOUND('',#11265,.T.);
#11966=FACE_BOUND('',#11266,.T.);
#11967=FACE_BOUND('',#11267,.T.);
#11968=FACE_BOUND('',#11268,.T.);
#11969=FACE_BOUND('',#11269,.T.);
#11970=FACE_BOUND('',#11270,.T.);
#11971=FACE_BOUND('',#11271,.T.);
#11972=FACE_BOUND('',#11272,.T.);
#11973=FACE_BOUND('',#11273,.T.);
#11974=FACE_BOUND('',#11274,.T.);
#11975=FACE_BOUND('',#11275,.T.);
#11976=FACE_BOUND('',#11276,.T.);
#11977=FACE_BOUND('',#11277,.T.);
#11978=FACE_BOUND('',#11278,.T.);
#11979=FACE_BOUND('',#11279,.T.);
#11980=FACE_BOUND('',#11280,.T.);
#11981=FACE_BOUND('',#11281,.T.);
#11982=FACE_BOUND('',#11282,.T.);
#11983=FACE_BOUND('',#11283,.T.);
#11984=FACE_BOUND('',#11284,.T.);
#11985=FACE_BOUND('',#11285,.T.);
#11986=FACE_BOUND('',#11286,.T.);
#11987=FACE_BOUND('',#11287,.T.);
#11988=FACE_BOUND('',#11288,.T.);
#11989=FACE_BOUND('',#11289,.T.);
#11990=FACE_BOUND('',#11290,.T.);
#11991=FACE_BOUND('',#11291,.T.);
#11992=FACE_BOUND('',#11292,.T.);
#11993=FACE_BOUND('',#11293,.T.);
#11994=FACE_BOUND('',#11294,.T.);
#11995=FACE_BOUND('',#11295,.T.);
#11996=FACE_BOUND('',#11296,.T.);
#11997=FACE_BOUND('',#11297,.T.);
#11998=FACE_BOUND('',#11298,.T.);
#11999=FACE_BOUND('',#11299,.T.);
#12000=FACE_BOUND('',#11300,.T.);
#12001=FACE_BOUND('',#11301,.T.);
#12002=FACE_BOUND('',#11302,.T.);
#12003=FACE_BOUND('',#11303,.T.);
#12004=FACE_BOUND('',#11304,.T.);
#12005=FACE_BOUND('',#11305,.T.);
#12006=FACE_BOUND('',#11306,.T.);
#12007=FACE_BOUND('',#11307,.T.);
#12008=FACE_BOUND('',#11308,.T.);
#12009=FACE_BOUND('',#11309,.T.);
#12010=FACE_BOUND('',#11310,.T.);
#12011=FACE_BOUND('',#11311,.T.);
#12012=FACE_BOUND('',#11312,.T.);
#12013=FACE_BOUND('',#11313,.T.);
#12014=FACE_BOUND('',#11314,.T.);
#12015=FACE_BOUND('',#11315,.T.);
#12016=FACE_BOUND('',#11316,.T.);
#12017=FACE_BOUND('',#11317,.T.);
#12018=FACE_BOUND('',#11318,.T.);
#12019=FACE_BOUND('',#11319,.T.);
#12020=FACE_BOUND('',#11320,.T.);
#12021=FACE_BOUND('',#11321,.T.);
#12022=FACE_BOUND('',#11322,.T.);
#12023=FACE_BOUND('',#11323,.T.);
#12024=FACE_BOUND('',#11324,.T.);
#12025=FACE_BOUND('',#11325,.T.);
#12026=FACE_BOUND('',#11326,.T.);
#12027=FACE_BOUND('',#11327,.T.);
#12028=FACE_BOUND('',#11328,.T.);
#12029=FACE_BOUND('',#11329,.T.);
#12030=FACE_BOUND('',#11330,.T.);
#12031=FACE_BOUND('',#11331,.T.);
#12032=FACE_BOUND('',#11332,.T.);
#12033=FACE_BOUND('',#11333,.T.);
#12034=FACE_BOUND('',#11334,.T.);
#12035=FACE_BOUND('',#11335,.T.);
#12036=FACE_BOUND('',#11336,.T.);
#12037=FACE_BOUND('',#11337,.T.);
#12038=FACE_BOUND('',#11338,.T.);
#12039=FACE_BOUND('',#11339,.T.);
#12040=FACE_BOUND('',#11340,.T.);
#12041=FACE_BOUND('',#11341,.T.);
#12042=FACE_BOUND('',#11342,.T.);
#12043=FACE_BOUND('',#11343,.T.);
#12044=FACE_BOUND('',#11344,.T.);
#12045=FACE_BOUND('',#11345,.T.);
#12046=FACE_BOUND('',#11346,.T.);
#12047=FACE_BOUND('',#11347,.T.);
#12048=FACE_BOUND('',#11348,.T.);
#12049=FACE_BOUND('',#11349,.T.);
#12050=FACE_BOUND('',#11350,.T.);
#12051=FACE_BOUND('',#11351,.T.);
#12052=FACE_BOUND('',#11352,.T.);
#12053=FACE_BOUND('',#11353,.T.);
#12054=FACE_BOUND('',#11354,.T.);
#12055=FACE_BOUND('',#11355,.T.);
#12056=FACE_BOUND('',#11356,.T.);
#12057=FACE_BOUND('',#11357,.T.);
#12058=FACE_BOUND('',#11358,.T.);
#12059=FACE_BOUND('',#11359,.T.);
#12060=FACE_BOUND('',#11360,.T.);
#12061=FACE_BOUND('',#11361,.T.);
#12062=FACE_BOUND('',#11362,.T.);
#12063=FACE_BOUND('',#11363,.T.);
#12064=FACE_BOUND('',#11364,.T.);
#12065=FACE_BOUND('',#11365,.T.);
#12066=FACE_BOUND('',#11366,.T.);
#12067=FACE_BOUND('',#11367,.T.);
#12068=FACE_BOUND('',#11368,.T.);
#12069=FACE_BOUND('',#11369,.T.);
#12070=FACE_BOUND('',#11370,.T.);
#12071=FACE_BOUND('',#11371,.T.);
#12072=FACE_BOUND('',#11372,.T.);
#12073=FACE_BOUND('',#11373,.T.);
#12074=FACE_BOUND('',#11374,.T.);
#12075=FACE_BOUND('',#11375,.T.);
#12076=FACE_BOUND('',#11376,.T.);
#12077=FACE_BOUND('',#11377,.T.);
#12078=FACE_BOUND('',#11378,.T.);
#12079=FACE_BOUND('',#11379,.T.);
#12080=FACE_BOUND('',#11380,.T.);
#12081=FACE_BOUND('',#11381,.T.);
#12082=FACE_BOUND('',#11382,.T.);
#12083=FACE_BOUND('',#11383,.T.);
#12084=FACE_BOUND('',#11384,.T.);
#12085=FACE_BOUND('',#11385,.T.);
#12086=FACE_BOUND('',#11386,.T.);
#12087=FACE_BOUND('',#11387,.T.);
#12088=FACE_BOUND('',#11388,.T.);
#12089=FACE_BOUND('',#11389,.T.);
#12090=FACE_BOUND('',#11390,.T.);
#12091=FACE_BOUND('',#11391,.T.);
#12092=FACE_BOUND('',#11392,.T.);
#12093=FACE_BOUND('',#11393,.T.);
#12094=FACE_BOUND('',#11394,.T.);
#12095=FACE_BOUND('',#11395,.T.);
#12096=FACE_BOUND('',#11396,.T.);
#12097=FACE_BOUND('',#11397,.T.);
#12098=FACE_BOUND('',#11398,.T.);
#12099=FACE_BOUND('',#11399,.T.);
#12100=FACE_BOUND('',#11400,.T.);
#12101=FACE_BOUND('',#11401,.T.);
#12102=FACE_BOUND('',#11402,.T.);
#12103=FACE_BOUND('',#11403,.T.);
#12104=FACE_BOUND('',#11404,.T.);
#12105=FACE_BOUND('',#11405,.T.);
#12106=FACE_BOUND('',#11406,.T.);
#12107=FACE_BOUND('',#11407,.T.);
#12108=FACE_BOUND('',#11408,.T.);
#12109=FACE_BOUND('',#11409,.T.);
#12110=FACE_BOUND('',#11410,.T.);
#12111=FACE_BOUND('',#11411,.T.);
#12112=FACE_BOUND('',#11412,.T.);
#12113=FACE_BOUND('',#11413,.T.);
#12114=FACE_BOUND('',#11414,.T.);
#12115=FACE_BOUND('',#11415,.T.);
#12116=FACE_BOUND('',#11416,.T.);
#12117=FACE_BOUND('',#11417,.T.);
#12118=FACE_BOUND('',#11418,.T.);
#12119=FACE_BOUND('',#11419,.T.);
#12120=FACE_BOUND('',#11420,.T.);
#12121=FACE_BOUND('',#11421,.T.);
#12122=FACE_BOUND('',#11422,.T.);
#12123=FACE_BOUND('',#11423,.T.);
#12124=FACE_BOUND('',#11424,.T.);
#12125=FACE_BOUND('',#11425,.T.);
#12126=FACE_BOUND('',#11426,.T.);
#12127=FACE_BOUND('',#11427,.T.);
#12128=FACE_BOUND('',#11428,.T.);
#12129=FACE_BOUND('',#11429,.T.);
#12130=FACE_BOUND('',#11430,.T.);
#12131=FACE_BOUND('',#11431,.T.);
#12132=FACE_BOUND('',#11432,.T.);
#12133=FACE_BOUND('',#11433,.T.);
#12134=FACE_BOUND('',#11434,.T.);
#12135=FACE_BOUND('',#11435,.T.);
#12136=FACE_BOUND('',#11436,.T.);
#12137=FACE_BOUND('',#11437,.T.);
#12138=FACE_BOUND('',#11438,.T.);
#12139=FACE_BOUND('',#11439,.T.);
#12140=FACE_BOUND('',#11440,.T.);
#12141=FACE_BOUND('',#11441,.T.);
#12142=FACE_BOUND('',#11442,.T.);
#12143=FACE_BOUND('',#11443,.T.);
#12144=FACE_BOUND('',#11444,.T.);
#12145=FACE_BOUND('',#11445,.T.);
#12146=FACE_BOUND('',#11446,.T.);
#12147=FACE_BOUND('',#11447,.T.);
#12148=FACE_BOUND('',#11448,.T.);
#12149=FACE_BOUND('',#11449,.T.);
#12150=FACE_BOUND('',#11450,.T.);
#12151=FACE_BOUND('',#11451,.T.);
#12152=FACE_BOUND('',#11452,.T.);
#12153=FACE_BOUND('',#11453,.T.);
#12154=FACE_BOUND('',#11454,.T.);
#12155=FACE_BOUND('',#11455,.T.);
#12156=FACE_BOUND('',#11456,.T.);
#12157=FACE_BOUND('',#11457,.T.);
#12158=FACE_BOUND('',#11458,.T.);
#12159=FACE_BOUND('',#11459,.T.);
#12160=FACE_BOUND('',#11460,.T.);
#12161=FACE_BOUND('',#11461,.T.);
#12162=FACE_BOUND('',#11462,.T.);
#12163=FACE_BOUND('',#11463,.T.);
#12164=FACE_BOUND('',#11464,.T.);
#12165=FACE_BOUND('',#11465,.T.);
#12166=FACE_BOUND('',#11466,.T.);
#12167=FACE_BOUND('',#11467,.T.);
#12168=FACE_BOUND('',#11468,.T.);
#12169=FACE_BOUND('',#11469,.T.);
#12170=FACE_BOUND('',#11470,.T.);
#12171=FACE_BOUND('',#11471,.T.);
#12172=FACE_BOUND('',#11472,.T.);
#12173=FACE_BOUND('',#11473,.T.);
#12174=FACE_BOUND('',#11474,.T.);
#12175=FACE_BOUND('',#11475,.T.);
#12176=FACE_BOUND('',#11476,.T.);
#12177=FACE_BOUND('',#11477,.T.);
#12178=FACE_BOUND('',#11478,.T.);
#12179=FACE_BOUND('',#11479,.T.);
#12180=FACE_BOUND('',#11480,.T.);
#12181=FACE_BOUND('',#11481,.T.);
#12182=FACE_BOUND('',#11482,.T.);
#12183=FACE_BOUND('',#11483,.T.);
#12184=PLANE('',#13406);
#12185=PLANE('',#13407);
#12186=PLANE('',#13408);
#12187=PLANE('',#13409);
#12188=PLANE('',#13410);
#12189=PLANE('',#13411);
#12190=PLANE('',#13412);
#12191=PLANE('',#13413);
#12192=PLANE('',#13414);
#12193=PLANE('',#13415);
#12194=PLANE('',#13416);
#12195=PLANE('',#13417);
#12196=PLANE('',#13418);
#12197=PLANE('',#13419);
#12198=PLANE('',#13420);
#12199=PLANE('',#13421);
#12200=PLANE('',#13422);
#12201=PLANE('',#13423);
#12202=PLANE('',#13424);
#12203=PLANE('',#13431);
#12204=PLANE('',#13438);
#12205=PLANE('',#13442);
#12206=PLANE('',#13446);
#12207=PLANE('',#13450);
#12208=PLANE('',#13454);
#12209=PLANE('',#13458);
#12210=PLANE('',#13459);
#12211=PLANE('',#13460);
#12212=PLANE('',#13461);
#12213=PLANE('',#13462);
#12214=PLANE('',#13463);
#12215=PLANE('',#13464);
#12216=PLANE('',#13465);
#12217=PLANE('',#13466);
#12218=PLANE('',#13467);
#12219=PLANE('',#13468);
#12220=PLANE('',#13469);
#12221=PLANE('',#13470);
#12222=PLANE('',#13471);
#12223=PLANE('',#13472);
#12224=PLANE('',#13473);
#12225=PLANE('',#13474);
#12226=PLANE('',#13475);
#12227=PLANE('',#13476);
#12228=PLANE('',#13477);
#12229=PLANE('',#13478);
#12230=PLANE('',#13479);
#12231=PLANE('',#13480);
#12232=PLANE('',#13481);
#12233=PLANE('',#13482);
#12234=PLANE('',#13483);
#12235=PLANE('',#13484);
#12236=PLANE('',#13485);
#12237=PLANE('',#13488);
#12238=PLANE('',#13491);
#12239=PLANE('',#13492);
#12240=PLANE('',#13493);
#12241=PLANE('',#13494);
#12242=PLANE('',#13497);
#12243=PLANE('',#13500);
#12244=PLANE('',#13501);
#12245=PLANE('',#13502);
#12246=PLANE('',#13503);
#12247=PLANE('',#13504);
#12248=PLANE('',#13505);
#12249=PLANE('',#13506);
#12250=PLANE('',#13507);
#12251=PLANE('',#13508);
#12252=PLANE('',#13509);
#12253=PLANE('',#13510);
#12254=PLANE('',#13511);
#12255=PLANE('',#13512);
#12256=PLANE('',#13513);
#12257=PLANE('',#13514);
#12258=PLANE('',#13517);
#12259=PLANE('',#13518);
#12260=PLANE('',#13521);
#12261=PLANE('',#13522);
#12262=PLANE('',#13525);
#12263=PLANE('',#13526);
#12264=PLANE('',#13529);
#12265=PLANE('',#13530);
#12266=PLANE('',#13533);
#12267=PLANE('',#13534);
#12268=PLANE('',#13537);
#12269=PLANE('',#13538);
#12270=PLANE('',#13541);
#12271=PLANE('',#13544);
#12272=PLANE('',#13545);
#12273=PLANE('',#13546);
#12274=PLANE('',#13549);
#12275=PLANE('',#13552);
#12276=PLANE('',#13553);
#12277=PLANE('',#13554);
#12278=PLANE('',#13557);
#12279=PLANE('',#13560);
#12280=PLANE('',#13561);
#12281=PLANE('',#13562);
#12282=PLANE('',#13563);
#12283=PLANE('',#13564);
#12284=PLANE('',#13565);
#12285=PLANE('',#13566);
#12286=PLANE('',#13567);
#12287=PLANE('',#13568);
#12288=PLANE('',#13569);
#12289=PLANE('',#13570);
#12290=PLANE('',#13571);
#12291=PLANE('',#13572);
#12292=PLANE('',#13573);
#12293=PLANE('',#13574);
#12294=PLANE('',#13575);
#12295=PLANE('',#13576);
#12296=PLANE('',#13577);
#12297=PLANE('',#13578);
#12298=PLANE('',#13579);
#12299=PLANE('',#13580);
#12300=PLANE('',#13581);
#12301=PLANE('',#13582);
#12302=PLANE('',#13583);
#12303=PLANE('',#13584);
#12304=PLANE('',#13585);
#12305=PLANE('',#13586);
#12306=PLANE('',#13587);
#12307=PLANE('',#13588);
#12308=PLANE('',#13589);
#12309=PLANE('',#13590);
#12310=PLANE('',#13591);
#12311=PLANE('',#13592);
#12312=PLANE('',#13593);
#12313=PLANE('',#13594);
#12314=PLANE('',#13595);
#12315=PLANE('',#13596);
#12316=PLANE('',#13597);
#12317=PLANE('',#13598);
#12318=PLANE('',#13599);
#12319=PLANE('',#13600);
#12320=PLANE('',#13601);
#12321=PLANE('',#13602);
#12322=PLANE('',#13603);
#12323=PLANE('',#13604);
#12324=PLANE('',#13605);
#12325=PLANE('',#13642);
#12326=PLANE('',#13643);
#12327=PLANE('',#13645);
#12328=PLANE('',#13648);
#12329=PLANE('',#13649);
#12330=PLANE('',#13650);
#12331=PLANE('',#13653);
#12332=PLANE('',#13654);
#12333=PLANE('',#13655);
#12334=PLANE('',#13656);
#12335=PLANE('',#13659);
#12336=PLANE('',#13660);
#12337=PLANE('',#13661);
#12338=PLANE('',#13662);
#12339=PLANE('',#13663);
#12340=PLANE('',#13664);
#12341=PLANE('',#13667);
#12342=PLANE('',#13670);
#12343=PLANE('',#13673);
#12344=PLANE('',#13674);
#12345=PLANE('',#13675);
#12346=PLANE('',#13676);
#12347=PLANE('',#13678);
#12348=PLANE('',#13679);
#12349=PLANE('',#13680);
#12350=PLANE('',#13682);
#12351=PLANE('',#13683);
#12352=PLANE('',#13685);
#12353=PLANE('',#13686);
#12354=PLANE('',#13687);
#12355=PLANE('',#13688);
#12356=PLANE('',#13689);
#12357=PLANE('',#13690);
#12358=PLANE('',#13691);
#12359=PLANE('',#13692);
#12360=PLANE('',#13693);
#12361=PLANE('',#13694);
#12362=PLANE('',#13695);
#12363=PLANE('',#13696);
#12364=PLANE('',#13697);
#12365=PLANE('',#13698);
#12366=PLANE('',#13699);
#12367=PLANE('',#13700);
#12368=PLANE('',#13701);
#12369=PLANE('',#13702);
#12370=PLANE('',#13703);
#12371=PLANE('',#13704);
#12372=PLANE('',#13705);
#12373=PLANE('',#13706);
#12374=PLANE('',#13707);
#12375=PLANE('',#13708);
#12376=PLANE('',#13709);
#12377=PLANE('',#13710);
#12378=PLANE('',#13711);
#12379=PLANE('',#13712);
#12380=PLANE('',#13713);
#12381=PLANE('',#13714);
#12382=PLANE('',#13715);
#12383=PLANE('',#13716);
#12384=PLANE('',#13717);
#12385=PLANE('',#13718);
#12386=PLANE('',#13719);
#12387=PLANE('',#13720);
#12388=PLANE('',#13721);
#12389=PLANE('',#13722);
#12390=PLANE('',#13723);
#12391=PLANE('',#13724);
#12392=PLANE('',#13725);
#12393=PLANE('',#13726);
#12394=PLANE('',#13727);
#12395=PLANE('',#13728);
#12396=PLANE('',#13729);
#12397=PLANE('',#13730);
#12398=PLANE('',#13731);
#12399=PLANE('',#13732);
#12400=PLANE('',#13733);
#12401=PLANE('',#13734);
#12402=PLANE('',#13735);
#12403=PLANE('',#13736);
#12404=PLANE('',#13737);
#12405=PLANE('',#13738);
#12406=PLANE('',#13739);
#12407=PLANE('',#13740);
#12408=PLANE('',#13741);
#12409=PLANE('',#13743);
#12410=PLANE('',#13744);
#12411=PLANE('',#13745);
#12412=PLANE('',#13746);
#12413=PLANE('',#13747);
#12414=PLANE('',#13748);
#12415=PLANE('',#13749);
#12416=PLANE('',#13750);
#12417=PLANE('',#13751);
#12418=PLANE('',#13752);
#12419=PLANE('',#13763);
#12420=PLANE('',#13764);
#12421=PLANE('',#13765);
#12422=PLANE('',#13767);
#12423=PLANE('',#13768);
#12424=PLANE('',#13769);
#12425=PLANE('',#13770);
#12426=PLANE('',#13771);
#12427=PLANE('',#13772);
#12428=PLANE('',#13773);
#12429=PLANE('',#13774);
#12430=PLANE('',#13775);
#12431=PLANE('',#13776);
#12432=PLANE('',#13777);
#12433=PLANE('',#13778);
#12434=PLANE('',#13779);
#12435=PLANE('',#13780);
#12436=PLANE('',#13781);
#12437=PLANE('',#13782);
#12438=PLANE('',#13783);
#12439=PLANE('',#13784);
#12440=PLANE('',#13786);
#12441=PLANE('',#13789);
#12442=PLANE('',#13791);
#12443=PLANE('',#13792);
#12444=PLANE('',#13793);
#12445=PLANE('',#13794);
#12446=PLANE('',#13795);
#12447=PLANE('',#13796);
#12448=PLANE('',#13797);
#12449=PLANE('',#13798);
#12450=PLANE('',#13799);
#12451=PLANE('',#13800);
#12452=PLANE('',#13801);
#12453=PLANE('',#13802);
#12454=PLANE('',#13803);
#12455=PLANE('',#13805);
#12456=PLANE('',#13806);
#12457=PLANE('',#13807);
#12458=PLANE('',#13808);
#12459=PLANE('',#13809);
#12460=PLANE('',#13810);
#12461=PLANE('',#13811);
#12462=PLANE('',#13812);
#12463=PLANE('',#13813);
#12464=PLANE('',#13814);
#12465=PLANE('',#13815);
#12466=PLANE('',#13816);
#12467=PLANE('',#13817);
#12468=PLANE('',#13818);
#12469=PLANE('',#13819);
#12470=PLANE('',#13820);
#12471=PLANE('',#13821);
#12472=PLANE('',#13822);
#12473=PLANE('',#13823);
#12474=PLANE('',#13824);
#12475=PLANE('',#13825);
#12476=PLANE('',#13826);
#12477=PLANE('',#13827);
#12478=PLANE('',#13828);
#12479=PLANE('',#13829);
#12480=PLANE('',#13830);
#12481=PLANE('',#13831);
#12482=PLANE('',#13832);
#12483=PLANE('',#13833);
#12484=PLANE('',#13834);
#12485=PLANE('',#13835);
#12486=PLANE('',#13836);
#12487=PLANE('',#13837);
#12488=PLANE('',#13838);
#12489=PLANE('',#13839);
#12490=PLANE('',#13840);
#12491=PLANE('',#13841);
#12492=PLANE('',#13842);
#12493=PLANE('',#13843);
#12494=PLANE('',#13844);
#12495=PLANE('',#13845);
#12496=PLANE('',#13846);
#12497=PLANE('',#13847);
#12498=PLANE('',#13848);
#12499=PLANE('',#13849);
#12500=PLANE('',#13850);
#12501=PLANE('',#13851);
#12502=PLANE('',#13852);
#12503=PLANE('',#13866);
#12504=PLANE('',#13867);
#12505=PLANE('',#13887);
#12506=PLANE('',#13888);
#12507=PLANE('',#13899);
#12508=PLANE('',#13910);
#12509=PLANE('',#13911);
#12510=PLANE('',#13912);
#12511=PLANE('',#13929);
#12512=PLANE('',#13934);
#12513=PLANE('',#13939);
#12514=PLANE('',#13940);
#12515=PLANE('',#13943);
#12516=PLANE('',#13946);
#12517=PLANE('',#13963);
#12518=PLANE('',#13964);
#12519=PLANE('',#13965);
#12520=PLANE('',#13966);
#12521=PLANE('',#13967);
#12522=PLANE('',#13968);
#12523=PLANE('',#13969);
#12524=PLANE('',#13970);
#12525=PLANE('',#13973);
#12526=PLANE('',#13974);
#12527=PLANE('',#13985);
#12528=PLANE('',#13996);
#12529=PLANE('',#13997);
#12530=PLANE('',#13998);
#12531=PLANE('',#14005);
#12532=PLANE('',#14006);
#12533=PLANE('',#14007);
#12534=PLANE('',#14024);
#12535=PLANE('',#14027);
#12536=PLANE('',#14030);
#12537=PLANE('',#14033);
#12538=PLANE('',#14034);
#12539=PLANE('',#14035);
#12540=PLANE('',#14036);
#12541=PLANE('',#14037);
#12542=PLANE('',#14038);
#12543=PLANE('',#14039);
#12544=PLANE('',#14040);
#12545=PLANE('',#14041);
#12546=PLANE('',#14042);
#12547=PLANE('',#14043);
#12548=PLANE('',#14044);
#12549=PLANE('',#14045);
#12550=PLANE('',#14048);
#12551=PLANE('',#14049);
#12552=PLANE('',#14050);
#12553=PLANE('',#14053);
#12554=PLANE('',#14054);
#12555=PLANE('',#14055);
#12556=PLANE('',#14056);
#12557=PLANE('',#14057);
#12558=PLANE('',#14058);
#12559=PLANE('',#14059);
#12560=PLANE('',#14064);
#12561=PLANE('',#14065);
#12562=PLANE('',#14078);
#12563=PLANE('',#14081);
#12564=PLANE('',#14082);
#12565=PLANE('',#14083);
#12566=PLANE('',#14086);
#12567=PLANE('',#14087);
#12568=PLANE('',#14088);
#12569=PLANE('',#14089);
#12570=PLANE('',#14090);
#12571=PLANE('',#14091);
#12572=PLANE('',#14100);
#12573=PLANE('',#14102);
#12574=PLANE('',#14105);
#12575=PLANE('',#14106);
#12576=PLANE('',#14107);
#12577=PLANE('',#14112);
#12578=PLANE('',#14113);
#12579=PLANE('',#14114);
#12580=PLANE('',#14115);
#12581=PLANE('',#14118);
#12582=PLANE('',#14119);
#12583=PLANE('',#14120);
#12584=PLANE('',#14121);
#12585=PLANE('',#14126);
#12586=PLANE('',#14127);
#12587=PLANE('',#14128);
#12588=PLANE('',#14129);
#12589=PLANE('',#14136);
#12590=PLANE('',#14146);
#12591=PLANE('',#14147);
#12592=PLANE('',#14150);
#12593=PLANE('',#14151);
#12594=PLANE('',#14152);
#12595=PLANE('',#14168);
#12596=PLANE('',#14169);
#12597=PLANE('',#14170);
#12598=PLANE('',#14173);
#12599=PLANE('',#14174);
#12600=PLANE('',#14175);
#12601=PLANE('',#14185);
#12602=PLANE('',#14195);
#12603=PLANE('',#14196);
#12604=PLANE('',#14197);
#12605=PLANE('',#14202);
#12606=PLANE('',#14203);
#12607=PLANE('',#14204);
#12608=PLANE('',#14205);
#12609=PLANE('',#14208);
#12610=PLANE('',#14211);
#12611=PLANE('',#14214);
#12612=PLANE('',#14215);
#12613=PLANE('',#14229);
#12614=PLANE('',#14230);
#12615=PLANE('',#14243);
#12616=PLANE('',#14244);
#12617=PLANE('',#14245);
#12618=PLANE('',#14246);
#12619=PLANE('',#14251);
#12620=PLANE('',#14252);
#12621=PLANE('',#14253);
#12622=PLANE('',#14254);
#12623=PLANE('',#14255);
#12624=PLANE('',#14256);
#12625=PLANE('',#14265);
#12626=PLANE('',#14266);
#12627=PLANE('',#14270);
#12628=PLANE('',#14271);
#12629=PLANE('',#14272);
#12630=PLANE('',#14275);
#12631=PLANE('',#14276);
#12632=PLANE('',#14277);
#12633=PLANE('',#14293);
#12634=PLANE('',#14294);
#12635=PLANE('',#14295);
#12636=PLANE('',#14298);
#12637=PLANE('',#14299);
#12638=PLANE('',#14300);
#12639=PLANE('',#14301);
#12640=PLANE('',#14308);
#12641=PLANE('',#14318);
#12642=PLANE('',#14319);
#12643=PLANE('',#14322);
#12644=PLANE('',#14323);
#12645=PLANE('',#14324);
#12646=PLANE('',#14331);
#12647=PLANE('',#14341);
#12648=PLANE('',#14345);
#12649=PLANE('',#14346);
#12650=PLANE('',#14351);
#12651=PLANE('',#14352);
#12652=PLANE('',#14353);
#12653=PLANE('',#14354);
#12654=PLANE('',#14357);
#12655=PLANE('',#14360);
#12656=PLANE('',#14363);
#12657=PLANE('',#14364);
#12658=PLANE('',#14388);
#12659=PLANE('',#14389);
#12660=PLANE('',#14390);
#12661=PLANE('',#14391);
#12662=PLANE('',#14392);
#12663=PLANE('',#14393);
#12664=PLANE('',#14394);
#12665=PLANE('',#14395);
#12666=PLANE('',#14396);
#12667=PLANE('',#14409);
#12668=PLANE('',#14410);
#12669=ADVANCED_FACE('',(#11484),#12184,.T.);
#12670=ADVANCED_FACE('',(#11485),#12185,.F.);
#12671=ADVANCED_FACE('',(#11486),#12186,.F.);
#12672=ADVANCED_FACE('',(#11487),#12187,.F.);
#12673=ADVANCED_FACE('',(#11488),#12188,.T.);
#12674=ADVANCED_FACE('',(#11489),#12189,.F.);
#12675=ADVANCED_FACE('',(#11490),#12190,.F.);
#12676=ADVANCED_FACE('',(#11491),#12191,.T.);
#12677=ADVANCED_FACE('',(#11492),#12192,.F.);
#12678=ADVANCED_FACE('',(#11493),#12193,.F.);
#12679=ADVANCED_FACE('',(#11494),#12194,.F.);
#12680=ADVANCED_FACE('',(#11495),#12195,.T.);
#12681=ADVANCED_FACE('',(#11496),#12196,.T.);
#12682=ADVANCED_FACE('',(#11497),#12197,.T.);
#12683=ADVANCED_FACE('',(#11498),#12198,.T.);
#12684=ADVANCED_FACE('',(#11499),#12199,.T.);
#12685=ADVANCED_FACE('',(#11500),#12200,.T.);
#12686=ADVANCED_FACE('',(#11501),#12201,.T.);
#12687=ADVANCED_FACE('',(#11502),#12202,.F.);
#12688=ADVANCED_FACE('',(#11503),#440,.T.);
#12689=ADVANCED_FACE('',(#11504),#441,.T.);
#12690=ADVANCED_FACE('',(#11505),#12203,.F.);
#12691=ADVANCED_FACE('',(#11506),#442,.T.);
#12692=ADVANCED_FACE('',(#11507),#443,.T.);
#12693=ADVANCED_FACE('',(#11508),#12204,.F.);
#12694=ADVANCED_FACE('',(#11509),#444,.T.);
#12695=ADVANCED_FACE('',(#11510),#12205,.F.);
#12696=ADVANCED_FACE('',(#11511),#445,.T.);
#12697=ADVANCED_FACE('',(#11512),#12206,.F.);
#12698=ADVANCED_FACE('',(#11513),#446,.T.);
#12699=ADVANCED_FACE('',(#11514),#12207,.F.);
#12700=ADVANCED_FACE('',(#11515),#447,.T.);
#12701=ADVANCED_FACE('',(#11516),#12208,.F.);
#12702=ADVANCED_FACE('',(#11517),#448,.T.);
#12703=ADVANCED_FACE('',(#11518),#12209,.F.);
#12704=ADVANCED_FACE('',(#11519),#12210,.F.);
#12705=ADVANCED_FACE('',(#11520),#12211,.T.);
#12706=ADVANCED_FACE('',(#11521),#12212,.F.);
#12707=ADVANCED_FACE('',(#11522),#12213,.F.);
#12708=ADVANCED_FACE('',(#11523),#12214,.F.);
#12709=ADVANCED_FACE('',(#11524),#12215,.F.);
#12710=ADVANCED_FACE('',(#11525),#12216,.F.);
#12711=ADVANCED_FACE('',(#11526),#12217,.F.);
#12712=ADVANCED_FACE('',(#11527),#12218,.F.);
#12713=ADVANCED_FACE('',(#11528),#12219,.F.);
#12714=ADVANCED_FACE('',(#11529),#12220,.F.);
#12715=ADVANCED_FACE('',(#11530),#12221,.F.);
#12716=ADVANCED_FACE('',(#11531),#12222,.F.);
#12717=ADVANCED_FACE('',(#11532),#12223,.F.);
#12718=ADVANCED_FACE('',(#11533),#12224,.F.);
#12719=ADVANCED_FACE('',(#11534),#12225,.F.);
#12720=ADVANCED_FACE('',(#11535),#12226,.F.);
#12721=ADVANCED_FACE('',(#11536),#12227,.T.);
#12722=ADVANCED_FACE('',(#11537),#12228,.T.);
#12723=ADVANCED_FACE('',(#11538),#12229,.T.);
#12724=ADVANCED_FACE('',(#11539),#12230,.T.);
#12725=ADVANCED_FACE('',(#11540),#12231,.T.);
#12726=ADVANCED_FACE('',(#11541),#12232,.T.);
#12727=ADVANCED_FACE('',(#11542),#12233,.T.);
#12728=ADVANCED_FACE('',(#11543),#12234,.T.);
#12729=ADVANCED_FACE('',(#11544),#12235,.T.);
#12730=ADVANCED_FACE('',(#11545),#12236,.F.);
#12731=ADVANCED_FACE('',(#11546),#12237,.F.);
#12732=ADVANCED_FACE('',(#11547),#12238,.T.);
#12733=ADVANCED_FACE('',(#11548),#12239,.T.);
#12734=ADVANCED_FACE('',(#11549),#12240,.T.);
#12735=ADVANCED_FACE('',(#11550),#12241,.T.);
#12736=ADVANCED_FACE('',(#11551),#12242,.T.);
#12737=ADVANCED_FACE('',(#11552),#12243,.T.);
#12738=ADVANCED_FACE('',(#11553),#12244,.T.);
#12739=ADVANCED_FACE('',(#11554),#12245,.T.);
#12740=ADVANCED_FACE('',(#11555),#12246,.T.);
#12741=ADVANCED_FACE('',(#11556),#12247,.T.);
#12742=ADVANCED_FACE('',(#11557),#12248,.T.);
#12743=ADVANCED_FACE('',(#11558),#12249,.T.);
#12744=ADVANCED_FACE('',(#11559),#12250,.T.);
#12745=ADVANCED_FACE('',(#11560),#12251,.T.);
#12746=ADVANCED_FACE('',(#11561),#12252,.F.);
#12747=ADVANCED_FACE('',(#11562),#12253,.F.);
#12748=ADVANCED_FACE('',(#11563),#12254,.F.);
#12749=ADVANCED_FACE('',(#11564),#12255,.T.);
#12750=ADVANCED_FACE('',(#11565),#12256,.T.);
#12751=ADVANCED_FACE('',(#11566),#12257,.T.);
#12752=ADVANCED_FACE('',(#11567),#12258,.T.);
#12753=ADVANCED_FACE('',(#11568),#12259,.T.);
#12754=ADVANCED_FACE('',(#11569),#12260,.F.);
#12755=ADVANCED_FACE('',(#11570),#12261,.T.);
#12756=ADVANCED_FACE('',(#11571),#12262,.T.);
#12757=ADVANCED_FACE('',(#11572),#12263,.T.);
#12758=ADVANCED_FACE('',(#11573),#12264,.F.);
#12759=ADVANCED_FACE('',(#11574),#12265,.T.);
#12760=ADVANCED_FACE('',(#11575),#12266,.T.);
#12761=ADVANCED_FACE('',(#11576),#12267,.T.);
#12762=ADVANCED_FACE('',(#11577),#12268,.F.);
#12763=ADVANCED_FACE('',(#11578),#12269,.F.);
#12764=ADVANCED_FACE('',(#11579),#12270,.F.);
#12765=ADVANCED_FACE('',(#11580),#12271,.F.);
#12766=ADVANCED_FACE('',(#11581),#12272,.T.);
#12767=ADVANCED_FACE('',(#11582),#12273,.F.);
#12768=ADVANCED_FACE('',(#11583),#12274,.F.);
#12769=ADVANCED_FACE('',(#11584),#12275,.F.);
#12770=ADVANCED_FACE('',(#11585),#12276,.T.);
#12771=ADVANCED_FACE('',(#11586),#12277,.F.);
#12772=ADVANCED_FACE('',(#11587),#12278,.F.);
#12773=ADVANCED_FACE('',(#11588),#12279,.F.);
#12774=ADVANCED_FACE('',(#11589),#12280,.T.);
#12775=ADVANCED_FACE('',(#11590),#12281,.F.);
#12776=ADVANCED_FACE('',(#11591),#12282,.F.);
#12777=ADVANCED_FACE('',(#11592),#12283,.F.);
#12778=ADVANCED_FACE('',(#11593),#12284,.F.);
#12779=ADVANCED_FACE('',(#11594),#12285,.F.);
#12780=ADVANCED_FACE('',(#11595),#12286,.T.);
#12781=ADVANCED_FACE('',(#11596),#12287,.T.);
#12782=ADVANCED_FACE('',(#11597),#12288,.T.);
#12783=ADVANCED_FACE('',(#11598),#12289,.T.);
#12784=ADVANCED_FACE('',(#11599),#12290,.T.);
#12785=ADVANCED_FACE('',(#11600),#12291,.T.);
#12786=ADVANCED_FACE('',(#11601),#12292,.T.);
#12787=ADVANCED_FACE('',(#11602),#12293,.T.);
#12788=ADVANCED_FACE('',(#11603),#12294,.T.);
#12789=ADVANCED_FACE('',(#11604),#12295,.F.);
#12790=ADVANCED_FACE('',(#11605),#12296,.F.);
#12791=ADVANCED_FACE('',(#11606),#12297,.F.);
#12792=ADVANCED_FACE('',(#11607),#12298,.F.);
#12793=ADVANCED_FACE('',(#11608),#12299,.F.);
#12794=ADVANCED_FACE('',(#11609),#12300,.F.);
#12795=ADVANCED_FACE('',(#11610),#12301,.F.);
#12796=ADVANCED_FACE('',(#11611),#12302,.F.);
#12797=ADVANCED_FACE('',(#11612),#12303,.F.);
#12798=ADVANCED_FACE('',(#11613),#12304,.F.);
#12799=ADVANCED_FACE('',(#11614),#12305,.F.);
#12800=ADVANCED_FACE('',(#11615),#12306,.F.);
#12801=ADVANCED_FACE('',(#11616),#12307,.F.);
#12802=ADVANCED_FACE('',(#11617),#12308,.F.);
#12803=ADVANCED_FACE('',(#11618),#12309,.F.);
#12804=ADVANCED_FACE('',(#11619),#12310,.F.);
#12805=ADVANCED_FACE('',(#11620),#12311,.F.);
#12806=ADVANCED_FACE('',(#11621),#12312,.F.);
#12807=ADVANCED_FACE('',(#11622),#12313,.F.);
#12808=ADVANCED_FACE('',(#11623),#12314,.F.);
#12809=ADVANCED_FACE('',(#11624),#12315,.F.);
#12810=ADVANCED_FACE('',(#11625),#12316,.F.);
#12811=ADVANCED_FACE('',(#11626),#12317,.T.);
#12812=ADVANCED_FACE('',(#11627),#12318,.T.);
#12813=ADVANCED_FACE('',(#11628),#12319,.F.);
#12814=ADVANCED_FACE('',(#11629),#12320,.T.);
#12815=ADVANCED_FACE('',(#11630),#12321,.T.);
#12816=ADVANCED_FACE('',(#11631),#12322,.T.);
#12817=ADVANCED_FACE('',(#11632),#12323,.F.);
#12818=ADVANCED_FACE('',(#11633),#12324,.T.);
#12819=ADVANCED_FACE('',(#11634),#449,.T.);
#12820=ADVANCED_FACE('',(#11635),#450,.T.);
#12821=ADVANCED_FACE('',(#11636),#451,.T.);
#12822=ADVANCED_FACE('',(#11637),#452,.T.);
#12823=ADVANCED_FACE('',(#11638),#453,.T.);
#12824=ADVANCED_FACE('',(#11639),#454,.T.);
#12825=ADVANCED_FACE('',(#11640),#455,.T.);
#12826=ADVANCED_FACE('',(#11641),#456,.T.);
#12827=ADVANCED_FACE('',(#11642),#457,.T.);
#12828=ADVANCED_FACE('',(#11643),#458,.T.);
#12829=ADVANCED_FACE('',(#11644),#459,.T.);
#12830=ADVANCED_FACE('',(#11645),#460,.T.);
#12831=ADVANCED_FACE('',(#11646),#461,.T.);
#12832=ADVANCED_FACE('',(#11647),#462,.T.);
#12833=ADVANCED_FACE('',(#11648),#463,.T.);
#12834=ADVANCED_FACE('',(#11649),#464,.T.);
#12835=ADVANCED_FACE('',(#11650,#11651),#465,.T.);
#12836=ADVANCED_FACE('',(#11652,#11653),#72,.T.);
#12837=ADVANCED_FACE('',(#11654,#11655),#466,.T.);
#12838=ADVANCED_FACE('',(#11656,#11657),#73,.T.);
#12839=ADVANCED_FACE('',(#11658,#11659),#467,.T.);
#12840=ADVANCED_FACE('',(#11660,#11661),#74,.T.);
#12841=ADVANCED_FACE('',(#11662,#11663),#468,.T.);
#12842=ADVANCED_FACE('',(#11664,#11665),#75,.T.);
#12843=ADVANCED_FACE('',(#11666,#11667),#469,.T.);
#12844=ADVANCED_FACE('',(#11668),#12325,.T.);
#12845=ADVANCED_FACE('',(#11669),#12326,.F.);
#12846=ADVANCED_FACE('',(#11670,#11671,#11672),#12327,.T.);
#12847=ADVANCED_FACE('',(#11673),#12328,.T.);
#12848=ADVANCED_FACE('',(#11674),#12329,.T.);
#12849=ADVANCED_FACE('',(#11675,#11676),#12330,.T.);
#12850=ADVANCED_FACE('',(#11677),#12331,.F.);
#12851=ADVANCED_FACE('',(#11678),#12332,.F.);
#12852=ADVANCED_FACE('',(#11679),#12333,.T.);
#12853=ADVANCED_FACE('',(#11680),#12334,.T.);
#12854=ADVANCED_FACE('',(#11681,#11682),#12335,.T.);
#12855=ADVANCED_FACE('',(#11683),#12336,.F.);
#12856=ADVANCED_FACE('',(#11684),#12337,.T.);
#12857=ADVANCED_FACE('',(#11685),#12338,.T.);
#12858=ADVANCED_FACE('',(#11686),#12339,.T.);
#12859=ADVANCED_FACE('',(#11687,#11688,#11689),#12340,.F.);
#12860=ADVANCED_FACE('',(#11690,#11691),#12341,.F.);
#12861=ADVANCED_FACE('',(#11692,#11693),#12342,.F.);
#12862=ADVANCED_FACE('',(#11694),#12343,.T.);
#12863=ADVANCED_FACE('',(#11695),#12344,.T.);
#12864=ADVANCED_FACE('',(#11696),#12345,.T.);
#12865=ADVANCED_FACE('',(#11697),#12346,.F.);
#12866=ADVANCED_FACE('',(#11698),#12347,.T.);
#12867=ADVANCED_FACE('',(#11699),#12348,.T.);
#12868=ADVANCED_FACE('',(#11700),#12349,.T.);
#12869=ADVANCED_FACE('',(#11701),#12350,.T.);
#12870=ADVANCED_FACE('',(#11702),#12351,.T.);
#12871=ADVANCED_FACE('',(#11703),#12352,.T.);
#12872=ADVANCED_FACE('',(#11704),#12353,.T.);
#12873=ADVANCED_FACE('',(#11705),#12354,.T.);
#12874=ADVANCED_FACE('',(#11706),#12355,.T.);
#12875=ADVANCED_FACE('',(#11707),#12356,.T.);
#12876=ADVANCED_FACE('',(#11708),#12357,.T.);
#12877=ADVANCED_FACE('',(#11709),#12358,.T.);
#12878=ADVANCED_FACE('',(#11710),#12359,.T.);
#12879=ADVANCED_FACE('',(#11711),#12360,.T.);
#12880=ADVANCED_FACE('',(#11712),#12361,.T.);
#12881=ADVANCED_FACE('',(#11713),#12362,.T.);
#12882=ADVANCED_FACE('',(#11714),#12363,.T.);
#12883=ADVANCED_FACE('',(#11715),#12364,.T.);
#12884=ADVANCED_FACE('',(#11716),#12365,.T.);
#12885=ADVANCED_FACE('',(#11717),#12366,.T.);
#12886=ADVANCED_FACE('',(#11718),#12367,.T.);
#12887=ADVANCED_FACE('',(#11719),#12368,.T.);
#12888=ADVANCED_FACE('',(#11720),#12369,.F.);
#12889=ADVANCED_FACE('',(#11721),#12370,.F.);
#12890=ADVANCED_FACE('',(#11722),#12371,.T.);
#12891=ADVANCED_FACE('',(#11723),#12372,.F.);
#12892=ADVANCED_FACE('',(#11724),#12373,.F.);
#12893=ADVANCED_FACE('',(#11725),#12374,.T.);
#12894=ADVANCED_FACE('',(#11726),#12375,.F.);
#12895=ADVANCED_FACE('',(#11727),#12376,.F.);
#12896=ADVANCED_FACE('',(#11728),#12377,.F.);
#12897=ADVANCED_FACE('',(#11729),#12378,.F.);
#12898=ADVANCED_FACE('',(#11730),#12379,.F.);
#12899=ADVANCED_FACE('',(#11731),#12380,.F.);
#12900=ADVANCED_FACE('',(#11732),#12381,.F.);
#12901=ADVANCED_FACE('',(#11733),#12382,.F.);
#12902=ADVANCED_FACE('',(#11734),#12383,.F.);
#12903=ADVANCED_FACE('',(#11735),#12384,.F.);
#12904=ADVANCED_FACE('',(#11736),#12385,.F.);
#12905=ADVANCED_FACE('',(#11737),#12386,.F.);
#12906=ADVANCED_FACE('',(#11738),#12387,.F.);
#12907=ADVANCED_FACE('',(#11739),#12388,.F.);
#12908=ADVANCED_FACE('',(#11740),#12389,.F.);
#12909=ADVANCED_FACE('',(#11741),#12390,.F.);
#12910=ADVANCED_FACE('',(#11742),#12391,.F.);
#12911=ADVANCED_FACE('',(#11743),#12392,.F.);
#12912=ADVANCED_FACE('',(#11744),#12393,.F.);
#12913=ADVANCED_FACE('',(#11745),#12394,.F.);
#12914=ADVANCED_FACE('',(#11746),#12395,.F.);
#12915=ADVANCED_FACE('',(#11747),#12396,.F.);
#12916=ADVANCED_FACE('',(#11748),#12397,.F.);
#12917=ADVANCED_FACE('',(#11749),#12398,.F.);
#12918=ADVANCED_FACE('',(#11750),#12399,.F.);
#12919=ADVANCED_FACE('',(#11751),#12400,.F.);
#12920=ADVANCED_FACE('',(#11752),#12401,.F.);
#12921=ADVANCED_FACE('',(#11753),#12402,.F.);
#12922=ADVANCED_FACE('',(#11754),#12403,.F.);
#12923=ADVANCED_FACE('',(#11755),#12404,.F.);
#12924=ADVANCED_FACE('',(#11756),#12405,.F.);
#12925=ADVANCED_FACE('',(#11757),#12406,.F.);
#12926=ADVANCED_FACE('',(#11758),#12407,.F.);
#12927=ADVANCED_FACE('',(#11759),#12408,.F.);
#12928=ADVANCED_FACE('',(#11760),#12409,.F.);
#12929=ADVANCED_FACE('',(#11761),#12410,.F.);
#12930=ADVANCED_FACE('',(#11762),#12411,.F.);
#12931=ADVANCED_FACE('',(#11763),#12412,.F.);
#12932=ADVANCED_FACE('',(#11764),#12413,.F.);
#12933=ADVANCED_FACE('',(#11765),#12414,.F.);
#12934=ADVANCED_FACE('',(#11766),#12415,.T.);
#12935=ADVANCED_FACE('',(#11767),#12416,.F.);
#12936=ADVANCED_FACE('',(#11768),#12417,.F.);
#12937=ADVANCED_FACE('',(#11769),#12418,.T.);
#12938=ADVANCED_FACE('',(#11770),#470,.T.);
#12939=ADVANCED_FACE('',(#11771),#471,.T.);
#12940=ADVANCED_FACE('',(#11772),#472,.T.);
#12941=ADVANCED_FACE('',(#11773),#473,.T.);
#12942=ADVANCED_FACE('',(#11774),#12419,.T.);
#12943=ADVANCED_FACE('',(#11775),#12420,.T.);
#12944=ADVANCED_FACE('',(#11776),#12421,.T.);
#12945=ADVANCED_FACE('',(#11777),#474,.F.);
#12946=ADVANCED_FACE('',(#11778),#12422,.T.);
#12947=ADVANCED_FACE('',(#11779),#12423,.F.);
#12948=ADVANCED_FACE('',(#11780),#12424,.F.);
#12949=ADVANCED_FACE('',(#11781),#12425,.F.);
#12950=ADVANCED_FACE('',(#11782),#12426,.F.);
#12951=ADVANCED_FACE('',(#11783),#12427,.F.);
#12952=ADVANCED_FACE('',(#11784),#12428,.F.);
#12953=ADVANCED_FACE('',(#11785),#12429,.T.);
#12954=ADVANCED_FACE('',(#11786),#12430,.T.);
#12955=ADVANCED_FACE('',(#11787),#12431,.T.);
#12956=ADVANCED_FACE('',(#11788),#12432,.T.);
#12957=ADVANCED_FACE('',(#11789),#12433,.T.);
#12958=ADVANCED_FACE('',(#11790),#12434,.T.);
#12959=ADVANCED_FACE('',(#11791),#12435,.T.);
#12960=ADVANCED_FACE('',(#11792),#12436,.T.);
#12961=ADVANCED_FACE('',(#11793),#12437,.T.);
#12962=ADVANCED_FACE('',(#11794),#12438,.T.);
#12963=ADVANCED_FACE('',(#11795),#12439,.T.);
#12964=ADVANCED_FACE('',(#11796),#475,.F.);
#12965=ADVANCED_FACE('',(#11797),#12440,.T.);
#12966=ADVANCED_FACE('',(#11798),#476,.F.);
#12967=ADVANCED_FACE('',(#11799),#477,.F.);
#12968=ADVANCED_FACE('',(#11800),#12441,.T.);
#12969=ADVANCED_FACE('',(#11801),#478,.F.);
#12970=ADVANCED_FACE('',(#11802),#12442,.T.);
#12971=ADVANCED_FACE('',(#11803),#12443,.F.);
#12972=ADVANCED_FACE('',(#11804),#12444,.F.);
#12973=ADVANCED_FACE('',(#11805),#12445,.T.);
#12974=ADVANCED_FACE('',(#11806),#12446,.F.);
#12975=ADVANCED_FACE('',(#11807),#12447,.F.);
#12976=ADVANCED_FACE('',(#11808),#12448,.T.);
#12977=ADVANCED_FACE('',(#11809),#12449,.F.);
#12978=ADVANCED_FACE('',(#11810),#12450,.F.);
#12979=ADVANCED_FACE('',(#11811),#12451,.T.);
#12980=ADVANCED_FACE('',(#11812),#12452,.T.);
#12981=ADVANCED_FACE('',(#11813),#12453,.T.);
#12982=ADVANCED_FACE('',(#11814),#12454,.F.);
#12983=ADVANCED_FACE('',(#11815),#479,.T.);
#12984=ADVANCED_FACE('',(#11816),#12455,.F.);
#12985=ADVANCED_FACE('',(#11817),#12456,.F.);
#12986=ADVANCED_FACE('',(#11818),#12457,.F.);
#12987=ADVANCED_FACE('',(#11819),#12458,.F.);
#12988=ADVANCED_FACE('',(#11820),#12459,.F.);
#12989=ADVANCED_FACE('',(#11821),#12460,.F.);
#12990=ADVANCED_FACE('',(#11822),#12461,.F.);
#12991=ADVANCED_FACE('',(#11823),#12462,.F.);
#12992=ADVANCED_FACE('',(#11824),#12463,.F.);
#12993=ADVANCED_FACE('',(#11825),#12464,.F.);
#12994=ADVANCED_FACE('',(#11826),#12465,.F.);
#12995=ADVANCED_FACE('',(#11827),#12466,.F.);
#12996=ADVANCED_FACE('',(#11828),#12467,.F.);
#12997=ADVANCED_FACE('',(#11829),#12468,.F.);
#12998=ADVANCED_FACE('',(#11830),#12469,.F.);
#12999=ADVANCED_FACE('',(#11831),#12470,.F.);
#13000=ADVANCED_FACE('',(#11832),#12471,.F.);
#13001=ADVANCED_FACE('',(#11833),#12472,.F.);
#13002=ADVANCED_FACE('',(#11834),#12473,.F.);
#13003=ADVANCED_FACE('',(#11835),#12474,.T.);
#13004=ADVANCED_FACE('',(#11836),#12475,.T.);
#13005=ADVANCED_FACE('',(#11837),#12476,.T.);
#13006=ADVANCED_FACE('',(#11838),#12477,.T.);
#13007=ADVANCED_FACE('',(#11839),#12478,.T.);
#13008=ADVANCED_FACE('',(#11840),#12479,.T.);
#13009=ADVANCED_FACE('',(#11841),#12480,.T.);
#13010=ADVANCED_FACE('',(#11842),#12481,.T.);
#13011=ADVANCED_FACE('',(#11843),#12482,.T.);
#13012=ADVANCED_FACE('',(#11844),#12483,.T.);
#13013=ADVANCED_FACE('',(#11845),#12484,.T.);
#13014=ADVANCED_FACE('',(#11846),#12485,.F.);
#13015=ADVANCED_FACE('',(#11847),#12486,.T.);
#13016=ADVANCED_FACE('',(#11848),#12487,.F.);
#13017=ADVANCED_FACE('',(#11849),#12488,.T.);
#13018=ADVANCED_FACE('',(#11850),#12489,.F.);
#13019=ADVANCED_FACE('',(#11851),#12490,.F.);
#13020=ADVANCED_FACE('',(#11852),#12491,.F.);
#13021=ADVANCED_FACE('',(#11853),#12492,.F.);
#13022=ADVANCED_FACE('',(#11854),#12493,.F.);
#13023=ADVANCED_FACE('',(#11855),#12494,.T.);
#13024=ADVANCED_FACE('',(#11856),#12495,.T.);
#13025=ADVANCED_FACE('',(#11857),#12496,.T.);
#13026=ADVANCED_FACE('',(#11858),#12497,.T.);
#13027=ADVANCED_FACE('',(#11859),#12498,.F.);
#13028=ADVANCED_FACE('',(#11860),#12499,.T.);
#13029=ADVANCED_FACE('',(#11861),#12500,.F.);
#13030=ADVANCED_FACE('',(#11862),#12501,.F.);
#13031=ADVANCED_FACE('',(#11863),#12502,.T.);
#13032=ADVANCED_FACE('',(#11864,#11865),#480,.T.);
#13033=ADVANCED_FACE('',(#11866,#11867),#76,.T.);
#13034=ADVANCED_FACE('',(#11868,#11869),#481,.T.);
#13035=ADVANCED_FACE('',(#11870,#11871),#77,.T.);
#13036=ADVANCED_FACE('',(#11872,#11873),#482,.T.);
#13037=ADVANCED_FACE('',(#11874),#12503,.T.);
#13038=ADVANCED_FACE('',(#11875),#12504,.F.);
#13039=ADVANCED_FACE('',(#11876),#483,.T.);
#13040=ADVANCED_FACE('',(#11877),#484,.T.);
#13041=ADVANCED_FACE('',(#11878),#485,.F.);
#13042=ADVANCED_FACE('',(#11879),#486,.F.);
#13043=ADVANCED_FACE('',(#11880),#487,.T.);
#13044=ADVANCED_FACE('',(#11881),#488,.F.);
#13045=ADVANCED_FACE('',(#11882),#12505,.F.);
#13046=ADVANCED_FACE('',(#11883,#11884),#12506,.T.);
#13047=ADVANCED_FACE('',(#11885,#11886),#12507,.F.);
#13048=ADVANCED_FACE('',(#11887),#12508,.F.);
#13049=ADVANCED_FACE('',(#11888),#12509,.F.);
#13050=ADVANCED_FACE('',(#11889),#12510,.F.);
#13051=ADVANCED_FACE('',(#11890),#489,.T.);
#13052=ADVANCED_FACE('',(#11891),#490,.T.);
#13053=ADVANCED_FACE('',(#11892),#491,.F.);
#13054=ADVANCED_FACE('',(#11893),#492,.F.);
#13055=ADVANCED_FACE('',(#11894),#12511,.T.);
#13056=ADVANCED_FACE('',(#11895),#12512,.F.);
#13057=ADVANCED_FACE('',(#11896),#12513,.T.);
#13058=ADVANCED_FACE('',(#11897),#12514,.T.);
#13059=ADVANCED_FACE('',(#11898),#12515,.T.);
#13060=ADVANCED_FACE('',(#11899),#12516,.T.);
#13061=ADVANCED_FACE('',(#11900),#12517,.T.);
#13062=ADVANCED_FACE('',(#11901),#12518,.F.);
#13063=ADVANCED_FACE('',(#11902),#12519,.F.);
#13064=ADVANCED_FACE('',(#11903),#12520,.F.);
#13065=ADVANCED_FACE('',(#11904),#12521,.F.);
#13066=ADVANCED_FACE('',(#11905),#12522,.F.);
#13067=ADVANCED_FACE('',(#11906),#12523,.T.);
#13068=ADVANCED_FACE('',(#11907),#12524,.T.);
#13069=ADVANCED_FACE('',(#11908),#12525,.F.);
#13070=ADVANCED_FACE('',(#11909,#11910),#12526,.T.);
#13071=ADVANCED_FACE('',(#11911,#11912),#12527,.F.);
#13072=ADVANCED_FACE('',(#11913),#12528,.F.);
#13073=ADVANCED_FACE('',(#11914),#12529,.F.);
#13074=ADVANCED_FACE('',(#11915),#12530,.F.);
#13075=ADVANCED_FACE('',(#11916),#493,.T.);
#13076=ADVANCED_FACE('',(#11917),#494,.F.);
#13077=ADVANCED_FACE('',(#11918),#12531,.T.);
#13078=ADVANCED_FACE('',(#11919),#12532,.F.);
#13079=ADVANCED_FACE('',(#11920),#12533,.F.);
#13080=ADVANCED_FACE('',(#11921),#12534,.T.);
#13081=ADVANCED_FACE('',(#11922),#12535,.T.);
#13082=ADVANCED_FACE('',(#11923),#12536,.T.);
#13083=ADVANCED_FACE('',(#11924),#12537,.F.);
#13084=ADVANCED_FACE('',(#11925),#12538,.F.);
#13085=ADVANCED_FACE('',(#11926),#12539,.F.);
#13086=ADVANCED_FACE('',(#11927),#12540,.F.);
#13087=ADVANCED_FACE('',(#11928),#12541,.F.);
#13088=ADVANCED_FACE('',(#11929),#12542,.T.);
#13089=ADVANCED_FACE('',(#11930),#12543,.F.);
#13090=ADVANCED_FACE('',(#11931),#12544,.T.);
#13091=ADVANCED_FACE('',(#11932),#12545,.T.);
#13092=ADVANCED_FACE('',(#11933),#12546,.T.);
#13093=ADVANCED_FACE('',(#11934),#12547,.T.);
#13094=ADVANCED_FACE('',(#11935),#12548,.T.);
#13095=ADVANCED_FACE('',(#11936),#12549,.T.);
#13096=ADVANCED_FACE('',(#11937),#495,.F.);
#13097=ADVANCED_FACE('',(#11938),#496,.F.);
#13098=ADVANCED_FACE('',(#11939),#12550,.T.);
#13099=ADVANCED_FACE('',(#11940),#12551,.T.);
#13100=ADVANCED_FACE('',(#11941),#12552,.T.);
#13101=ADVANCED_FACE('',(#11942),#497,.F.);
#13102=ADVANCED_FACE('',(#11943),#498,.F.);
#13103=ADVANCED_FACE('',(#11944),#12553,.T.);
#13104=ADVANCED_FACE('',(#11945),#12554,.T.);
#13105=ADVANCED_FACE('',(#11946),#12555,.T.);
#13106=ADVANCED_FACE('',(#11947),#12556,.T.);
#13107=ADVANCED_FACE('',(#11948),#12557,.T.);
#13108=ADVANCED_FACE('',(#11949),#12558,.F.);
#13109=ADVANCED_FACE('',(#11950),#12559,.F.);
#13110=ADVANCED_FACE('',(#11951),#12560,.F.);
#13111=ADVANCED_FACE('',(#11952),#12561,.F.);
#13112=ADVANCED_FACE('',(#11953),#499,.T.);
#13113=ADVANCED_FACE('',(#11954),#500,.F.);
#13114=ADVANCED_FACE('',(#11955),#12562,.F.);
#13115=ADVANCED_FACE('',(#11956,#11957),#12563,.T.);
#13116=ADVANCED_FACE('',(#11958,#11959),#12564,.F.);
#13117=ADVANCED_FACE('',(#11960),#12565,.F.);
#13118=ADVANCED_FACE('',(#11961),#501,.T.);
#13119=ADVANCED_FACE('',(#11962),#502,.F.);
#13120=ADVANCED_FACE('',(#11963),#12566,.T.);
#13121=ADVANCED_FACE('',(#11964),#12567,.F.);
#13122=ADVANCED_FACE('',(#11965),#12568,.T.);
#13123=ADVANCED_FACE('',(#11966),#12569,.T.);
#13124=ADVANCED_FACE('',(#11967),#12570,.T.);
#13125=ADVANCED_FACE('',(#11968),#12571,.T.);
#13126=ADVANCED_FACE('',(#11969),#503,.T.);
#13127=ADVANCED_FACE('',(#11970),#504,.T.);
#13128=ADVANCED_FACE('',(#11971),#505,.T.);
#13129=ADVANCED_FACE('',(#11972),#506,.T.);
#13130=ADVANCED_FACE('',(#11973),#12572,.T.);
#13131=ADVANCED_FACE('',(#11974),#507,.T.);
#13132=ADVANCED_FACE('',(#11975),#12573,.T.);
#13133=ADVANCED_FACE('',(#11976),#508,.F.);
#13134=ADVANCED_FACE('',(#11977),#509,.F.);
#13135=ADVANCED_FACE('',(#11978),#12574,.T.);
#13136=ADVANCED_FACE('',(#11979),#12575,.F.);
#13137=ADVANCED_FACE('',(#11980),#12576,.F.);
#13138=ADVANCED_FACE('',(#11981),#510,.T.);
#13139=ADVANCED_FACE('',(#11982),#511,.F.);
#13140=ADVANCED_FACE('',(#11983),#512,.F.);
#13141=ADVANCED_FACE('',(#11984),#513,.F.);
#13142=ADVANCED_FACE('',(#11985),#12577,.F.);
#13143=ADVANCED_FACE('',(#11986),#12578,.F.);
#13144=ADVANCED_FACE('',(#11987),#12579,.F.);
#13145=ADVANCED_FACE('',(#11988),#12580,.F.);
#13146=ADVANCED_FACE('',(#11989),#12581,.T.);
#13147=ADVANCED_FACE('',(#11990),#12582,.F.);
#13148=ADVANCED_FACE('',(#11991),#12583,.F.);
#13149=ADVANCED_FACE('',(#11992),#12584,.F.);
#13150=ADVANCED_FACE('',(#11993),#514,.T.);
#13151=ADVANCED_FACE('',(#11994),#515,.F.);
#13152=ADVANCED_FACE('',(#11995),#12585,.F.);
#13153=ADVANCED_FACE('',(#11996),#12586,.F.);
#13154=ADVANCED_FACE('',(#11997),#12587,.F.);
#13155=ADVANCED_FACE('',(#11998),#12588,.T.);
#13156=ADVANCED_FACE('',(#11999),#516,.F.);
#13157=ADVANCED_FACE('',(#12000),#517,.T.);
#13158=ADVANCED_FACE('',(#12001),#12589,.T.);
#13159=ADVANCED_FACE('',(#12002),#518,.F.);
#13160=ADVANCED_FACE('',(#12003),#519,.T.);
#13161=ADVANCED_FACE('',(#12004),#520,.F.);
#13162=ADVANCED_FACE('',(#12005),#12590,.T.);
#13163=ADVANCED_FACE('',(#12006),#12591,.F.);
#13164=ADVANCED_FACE('',(#12007),#521,.T.);
#13165=ADVANCED_FACE('',(#12008),#522,.T.);
#13166=ADVANCED_FACE('',(#12009),#12592,.F.);
#13167=ADVANCED_FACE('',(#12010),#12593,.F.);
#13168=ADVANCED_FACE('',(#12011),#12594,.F.);
#13169=ADVANCED_FACE('',(#12012),#523,.T.);
#13170=ADVANCED_FACE('',(#12013),#524,.F.);
#13171=ADVANCED_FACE('',(#12014),#525,.F.);
#13172=ADVANCED_FACE('',(#12015),#526,.T.);
#13173=ADVANCED_FACE('',(#12016),#527,.F.);
#13174=ADVANCED_FACE('',(#12017),#12595,.T.);
#13175=ADVANCED_FACE('',(#12018),#12596,.F.);
#13176=ADVANCED_FACE('',(#12019),#12597,.T.);
#13177=ADVANCED_FACE('',(#12020),#528,.T.);
#13178=ADVANCED_FACE('',(#12021),#529,.T.);
#13179=ADVANCED_FACE('',(#12022),#12598,.T.);
#13180=ADVANCED_FACE('',(#12023),#12599,.T.);
#13181=ADVANCED_FACE('',(#12024),#12600,.T.);
#13182=ADVANCED_FACE('',(#12025),#530,.T.);
#13183=ADVANCED_FACE('',(#12026),#531,.T.);
#13184=ADVANCED_FACE('',(#12027),#532,.F.);
#13185=ADVANCED_FACE('',(#12028),#12601,.T.);
#13186=ADVANCED_FACE('',(#12029),#533,.T.);
#13187=ADVANCED_FACE('',(#12030),#534,.F.);
#13188=ADVANCED_FACE('',(#12031),#535,.F.);
#13189=ADVANCED_FACE('',(#12032),#12602,.T.);
#13190=ADVANCED_FACE('',(#12033),#12603,.F.);
#13191=ADVANCED_FACE('',(#12034),#12604,.T.);
#13192=ADVANCED_FACE('',(#12035),#536,.T.);
#13193=ADVANCED_FACE('',(#12036),#537,.T.);
#13194=ADVANCED_FACE('',(#12037),#538,.F.);
#13195=ADVANCED_FACE('',(#12038),#539,.F.);
#13196=ADVANCED_FACE('',(#12039),#12605,.F.);
#13197=ADVANCED_FACE('',(#12040),#12606,.F.);
#13198=ADVANCED_FACE('',(#12041),#12607,.F.);
#13199=ADVANCED_FACE('',(#12042),#12608,.F.);
#13200=ADVANCED_FACE('',(#12043),#12609,.T.);
#13201=ADVANCED_FACE('',(#12044),#12610,.F.);
#13202=ADVANCED_FACE('',(#12045),#12611,.F.);
#13203=ADVANCED_FACE('',(#12046),#12612,.F.);
#13204=ADVANCED_FACE('',(#12047),#540,.T.);
#13205=ADVANCED_FACE('',(#12048),#541,.F.);
#13206=ADVANCED_FACE('',(#12049),#542,.T.);
#13207=ADVANCED_FACE('',(#12050),#543,.T.);
#13208=ADVANCED_FACE('',(#12051),#544,.T.);
#13209=ADVANCED_FACE('',(#12052),#545,.F.);
#13210=ADVANCED_FACE('',(#12053),#546,.F.);
#13211=ADVANCED_FACE('',(#12054),#547,.F.);
#13212=ADVANCED_FACE('',(#12055),#548,.F.);
#13213=ADVANCED_FACE('',(#12056),#549,.F.);
#13214=ADVANCED_FACE('',(#12057),#550,.F.);
#13215=ADVANCED_FACE('',(#12058),#12613,.F.);
#13216=ADVANCED_FACE('',(#12059),#12614,.F.);
#13217=ADVANCED_FACE('',(#12060),#551,.T.);
#13218=ADVANCED_FACE('',(#12061),#552,.F.);
#13219=ADVANCED_FACE('',(#12062,#12063),#12615,.T.);
#13220=ADVANCED_FACE('',(#12064,#12065),#12616,.F.);
#13221=ADVANCED_FACE('',(#12066),#12617,.F.);
#13222=ADVANCED_FACE('',(#12067),#12618,.F.);
#13223=ADVANCED_FACE('',(#12068),#553,.T.);
#13224=ADVANCED_FACE('',(#12069),#554,.F.);
#13225=ADVANCED_FACE('',(#12070),#12619,.T.);
#13226=ADVANCED_FACE('',(#12071),#12620,.F.);
#13227=ADVANCED_FACE('',(#12072),#12621,.T.);
#13228=ADVANCED_FACE('',(#12073),#12622,.T.);
#13229=ADVANCED_FACE('',(#12074),#12623,.T.);
#13230=ADVANCED_FACE('',(#12075),#12624,.T.);
#13231=ADVANCED_FACE('',(#12076),#555,.T.);
#13232=ADVANCED_FACE('',(#12077),#556,.T.);
#13233=ADVANCED_FACE('',(#12078),#557,.T.);
#13234=ADVANCED_FACE('',(#12079),#558,.T.);
#13235=ADVANCED_FACE('',(#12080),#12625,.T.);
#13236=ADVANCED_FACE('',(#12081),#12626,.T.);
#13237=ADVANCED_FACE('',(#12082),#559,.T.);
#13238=ADVANCED_FACE('',(#12083),#560,.F.);
#13239=ADVANCED_FACE('',(#12084),#561,.F.);
#13240=ADVANCED_FACE('',(#12085),#12627,.T.);
#13241=ADVANCED_FACE('',(#12086),#12628,.F.);
#13242=ADVANCED_FACE('',(#12087),#12629,.F.);
#13243=ADVANCED_FACE('',(#12088),#562,.T.);
#13244=ADVANCED_FACE('',(#12089),#563,.F.);
#13245=ADVANCED_FACE('',(#12090),#12630,.F.);
#13246=ADVANCED_FACE('',(#12091),#12631,.F.);
#13247=ADVANCED_FACE('',(#12092),#12632,.F.);
#13248=ADVANCED_FACE('',(#12093),#564,.T.);
#13249=ADVANCED_FACE('',(#12094),#565,.F.);
#13250=ADVANCED_FACE('',(#12095),#566,.F.);
#13251=ADVANCED_FACE('',(#12096),#567,.T.);
#13252=ADVANCED_FACE('',(#12097),#568,.F.);
#13253=ADVANCED_FACE('',(#12098),#12633,.T.);
#13254=ADVANCED_FACE('',(#12099),#12634,.F.);
#13255=ADVANCED_FACE('',(#12100),#12635,.T.);
#13256=ADVANCED_FACE('',(#12101),#569,.T.);
#13257=ADVANCED_FACE('',(#12102),#570,.T.);
#13258=ADVANCED_FACE('',(#12103),#12636,.F.);
#13259=ADVANCED_FACE('',(#12104),#12637,.F.);
#13260=ADVANCED_FACE('',(#12105),#12638,.F.);
#13261=ADVANCED_FACE('',(#12106),#12639,.T.);
#13262=ADVANCED_FACE('',(#12107),#571,.F.);
#13263=ADVANCED_FACE('',(#12108),#572,.T.);
#13264=ADVANCED_FACE('',(#12109),#12640,.T.);
#13265=ADVANCED_FACE('',(#12110),#573,.F.);
#13266=ADVANCED_FACE('',(#12111),#574,.T.);
#13267=ADVANCED_FACE('',(#12112),#575,.F.);
#13268=ADVANCED_FACE('',(#12113),#12641,.T.);
#13269=ADVANCED_FACE('',(#12114),#12642,.F.);
#13270=ADVANCED_FACE('',(#12115),#576,.T.);
#13271=ADVANCED_FACE('',(#12116),#577,.T.);
#13272=ADVANCED_FACE('',(#12117),#12643,.T.);
#13273=ADVANCED_FACE('',(#12118),#12644,.T.);
#13274=ADVANCED_FACE('',(#12119),#12645,.T.);
#13275=ADVANCED_FACE('',(#12120),#578,.T.);
#13276=ADVANCED_FACE('',(#12121),#579,.T.);
#13277=ADVANCED_FACE('',(#12122),#12646,.T.);
#13278=ADVANCED_FACE('',(#12123),#580,.F.);
#13279=ADVANCED_FACE('',(#12124),#581,.F.);
#13280=ADVANCED_FACE('',(#12125),#582,.T.);
#13281=ADVANCED_FACE('',(#12126),#12647,.T.);
#13282=ADVANCED_FACE('',(#12127),#583,.F.);
#13283=ADVANCED_FACE('',(#12128),#12648,.F.);
#13284=ADVANCED_FACE('',(#12129),#12649,.T.);
#13285=ADVANCED_FACE('',(#12130),#584,.T.);
#13286=ADVANCED_FACE('',(#12131),#585,.T.);
#13287=ADVANCED_FACE('',(#12132),#586,.F.);
#13288=ADVANCED_FACE('',(#12133),#587,.F.);
#13289=ADVANCED_FACE('',(#12134),#12650,.F.);
#13290=ADVANCED_FACE('',(#12135),#12651,.F.);
#13291=ADVANCED_FACE('',(#12136),#12652,.F.);
#13292=ADVANCED_FACE('',(#12137),#12653,.F.);
#13293=ADVANCED_FACE('',(#12138),#12654,.T.);
#13294=ADVANCED_FACE('',(#12139),#12655,.F.);
#13295=ADVANCED_FACE('',(#12140),#12656,.F.);
#13296=ADVANCED_FACE('',(#12141),#12657,.F.);
#13297=ADVANCED_FACE('',(#12142),#588,.T.);
#13298=ADVANCED_FACE('',(#12143),#589,.F.);
#13299=ADVANCED_FACE('',(#12144),#590,.T.);
#13300=ADVANCED_FACE('',(#12145),#591,.T.);
#13301=ADVANCED_FACE('',(#12146),#592,.T.);
#13302=ADVANCED_FACE('',(#12147),#593,.F.);
#13303=ADVANCED_FACE('',(#12148),#594,.F.);
#13304=ADVANCED_FACE('',(#12149),#595,.F.);
#13305=ADVANCED_FACE('',(#12150),#596,.F.);
#13306=ADVANCED_FACE('',(#12151),#597,.F.);
#13307=ADVANCED_FACE('',(#12152),#598,.F.);
#13308=ADVANCED_FACE('',(#12153),#599,.F.);
#13309=ADVANCED_FACE('',(#12154),#600,.F.);
#13310=ADVANCED_FACE('',(#12155),#601,.F.);
#13311=ADVANCED_FACE('',(#12156),#602,.T.);
#13312=ADVANCED_FACE('',(#12157),#603,.F.);
#13313=ADVANCED_FACE('',(#12158),#604,.T.);
#13314=ADVANCED_FACE('',(#12159),#605,.F.);
#13315=ADVANCED_FACE('',(#12160),#606,.T.);
#13316=ADVANCED_FACE('',(#12161),#607,.F.);
#13317=ADVANCED_FACE('',(#12162),#608,.T.);
#13318=ADVANCED_FACE('',(#12163),#12658,.F.);
#13319=ADVANCED_FACE('',(#12164),#12659,.T.);
#13320=ADVANCED_FACE('',(#12165),#12660,.T.);
#13321=ADVANCED_FACE('',(#12166),#12661,.T.);
#13322=ADVANCED_FACE('',(#12167),#12662,.F.);
#13323=ADVANCED_FACE('',(#12168),#12663,.T.);
#13324=ADVANCED_FACE('',(#12169),#12664,.T.);
#13325=ADVANCED_FACE('',(#12170),#12665,.T.);
#13326=ADVANCED_FACE('',(#12171),#12666,.F.);
#13327=ADVANCED_FACE('',(#12172,#12173),#609,.T.);
#13328=ADVANCED_FACE('',(#12174,#12175),#78,.T.);
#13329=ADVANCED_FACE('',(#12176,#12177),#610,.T.);
#13330=ADVANCED_FACE('',(#12178,#12179),#79,.T.);
#13331=ADVANCED_FACE('',(#12180,#12181),#611,.T.);
#13332=ADVANCED_FACE('',(#12182),#12667,.T.);
#13333=ADVANCED_FACE('',(#12183),#12668,.F.);
#13334=CLOSED_SHELL('',(#12669,#12670,#12671,#12672,#12673,#12674,#12675,
#12676,#12677,#12678,#12679,#12680,#12681,#12682,#12683,#12684,#12685,#12686,
#12687,#12688,#12689,#12690,#12691,#12692,#12693,#12694,#12695,#12696,#12697,
#12698,#12699,#12700,#12701,#12702,#12703,#12704,#12705,#12706,#12707,#12708,
#12709,#12710,#12711,#12712,#12713,#12714,#12715,#12716,#12717,#12718,#12719,
#12720,#12721,#12722,#12723,#12724,#12725,#12726,#12727,#12728,#12729,#12730,
#12731,#12732,#12733,#12734,#12735,#12736,#12737,#12738,#12739,#12740,#12741,
#12742,#12743,#12744,#12745,#12746,#12747,#12748,#12749,#12750,#12751,#12752,
#12753,#12754,#12755,#12756,#12757,#12758,#12759,#12760,#12761,#12762,#12763,
#12764,#12765,#12766,#12767,#12768,#12769,#12770,#12771,#12772,#12773,#12774,
#12775,#12776,#12777,#12778,#12779,#12780,#12781,#12782,#12783,#12784,#12785,
#12786,#12787,#12788,#12789,#12790,#12791,#12792,#12793,#12794,#12795,#12796,
#12797,#12798,#12799,#12800,#12801,#12802,#12803,#12804,#12805,#12806,#12807,
#12808,#12809,#12810,#12811,#12812,#12813,#12814,#12815,#12816,#12817,#12818,
#12819,#12820,#12821,#12822,#12823,#12824,#12825,#12826,#12827,#12828,#12829,
#12830,#12831,#12832,#12833,#12834));
#13335=CLOSED_SHELL('',(#12835,#12836,#12837,#12838,#12839,#12840,#12841,
#12842,#12843,#12844,#12845));
#13336=CLOSED_SHELL('',(#12846,#12847,#12848,#12849,#12850,#12851,#12852,
#12853,#12854,#12855,#12856,#12857,#12858,#12859,#12860,#12861,#12862,#12863,
#12864,#12865,#12866,#12867,#12868,#12869,#12870,#12871,#12872,#12873,#12874,
#12875,#12876,#12877,#12878,#12879,#12880,#12881,#12882,#12883,#12884,#12885,
#12886,#12887,#12888,#12889,#12890,#12891,#12892,#12893,#12894,#12895,#12896,
#12897,#12898,#12899,#12900,#12901,#12902,#12903,#12904,#12905,#12906,#12907,
#12908,#12909,#12910,#12911,#12912,#12913,#12914,#12915,#12916,#12917,#12918,
#12919,#12920,#12921,#12922,#12923,#12924,#12925,#12926,#12927,#12928,#12929,
#12930,#12931,#12932,#12933,#12934,#12935,#12936,#12937,#12938,#12939,#12940,
#12941,#12942,#12943,#12944,#12945,#12946,#12947,#12948,#12949,#12950,#12951,
#12952,#12953,#12954,#12955,#12956,#12957,#12958,#12959,#12960,#12961,#12962,
#12963,#12964,#12965,#12966,#12967,#12968,#12969,#12970,#12971,#12972,#12973,
#12974,#12975,#12976,#12977,#12978,#12979,#12980,#12981,#12982,#12983,#12984,
#12985,#12986,#12987,#12988,#12989,#12990,#12991,#12992,#12993,#12994,#12995,
#12996,#12997,#12998,#12999,#13000,#13001,#13002,#13003,#13004,#13005,#13006,
#13007,#13008,#13009,#13010,#13011,#13012,#13013,#13014,#13015,#13016,#13017,
#13018,#13019,#13020,#13021,#13022,#13023,#13024,#13025,#13026,#13027,#13028,
#13029,#13030,#13031));
#13337=CLOSED_SHELL('',(#13032,#13033,#13034,#13035,#13036,#13037,#13038));
#13338=CLOSED_SHELL('',(#13039,#13040,#13041,#13042,#13043,#13044,#13045,
#13046,#13047,#13048,#13049,#13050,#13051,#13052,#13053,#13054,#13055,#13056,
#13057,#13058,#13059,#13060,#13061,#13062,#13063,#13064,#13065,#13066,#13067,
#13068,#13069,#13070,#13071,#13072,#13073,#13074,#13075,#13076,#13077,#13078,
#13079,#13080,#13081,#13082,#13083,#13084,#13085,#13086,#13087,#13088,#13089,
#13090,#13091,#13092,#13093,#13094,#13095,#13096,#13097,#13098,#13099,#13100,
#13101,#13102,#13103,#13104,#13105,#13106,#13107,#13108,#13109,#13110,#13111,
#13112,#13113,#13114,#13115,#13116,#13117,#13118,#13119,#13120,#13121,#13122,
#13123,#13124,#13125,#13126,#13127,#13128,#13129,#13130,#13131,#13132,#13133,
#13134,#13135,#13136,#13137,#13138,#13139,#13140,#13141,#13142,#13143,#13144,
#13145,#13146,#13147,#13148,#13149,#13150,#13151,#13152,#13153,#13154,#13155,
#13156,#13157,#13158,#13159,#13160,#13161,#13162,#13163,#13164,#13165,#13166,
#13167,#13168,#13169,#13170,#13171,#13172,#13173,#13174,#13175,#13176,#13177,
#13178,#13179,#13180,#13181,#13182,#13183,#13184,#13185,#13186,#13187,#13188,
#13189,#13190,#13191,#13192,#13193,#13194,#13195,#13196,#13197,#13198,#13199,
#13200,#13201,#13202,#13203,#13204,#13205,#13206,#13207,#13208,#13209,#13210,
#13211,#13212,#13213,#13214,#13215,#13216,#13217,#13218,#13219,#13220,#13221,
#13222,#13223,#13224,#13225,#13226,#13227,#13228,#13229,#13230,#13231,#13232,
#13233,#13234,#13235,#13236,#13237,#13238,#13239,#13240,#13241,#13242,#13243,
#13244,#13245,#13246,#13247,#13248,#13249,#13250,#13251,#13252,#13253,#13254,
#13255,#13256,#13257,#13258,#13259,#13260,#13261,#13262,#13263,#13264,#13265,
#13266,#13267,#13268,#13269,#13270,#13271,#13272,#13273,#13274,#13275,#13276,
#13277,#13278,#13279,#13280,#13281,#13282,#13283,#13284,#13285,#13286,#13287,
#13288,#13289,#13290,#13291,#13292,#13293,#13294,#13295,#13296,#13297,#13298,
#13299,#13300,#13301,#13302,#13303,#13304,#13305,#13306,#13307,#13308,#13309,
#13310,#13311,#13312,#13313,#13314,#13315,#13316,#13317,#13318,#13319,#13320,
#13321,#13322,#13323,#13324,#13325,#13326));
#13339=CLOSED_SHELL('',(#13327,#13328,#13329,#13330,#13331,#13332,#13333));
#13340=STYLED_ITEM('',(#13346),#13385);
#13341=STYLED_ITEM('',(#13347),#13386);
#13342=STYLED_ITEM('',(#13348),#13387);
#13343=STYLED_ITEM('',(#13349),#13388);
#13344=STYLED_ITEM('',(#13350),#13389);
#13345=STYLED_ITEM('',(#13351),#13390);
#13346=PRESENTATION_STYLE_ASSIGNMENT((#13352));
#13347=PRESENTATION_STYLE_ASSIGNMENT((#13353));
#13348=PRESENTATION_STYLE_ASSIGNMENT((#13354));
#13349=PRESENTATION_STYLE_ASSIGNMENT((#13355));
#13350=PRESENTATION_STYLE_ASSIGNMENT((#13356));
#13351=PRESENTATION_STYLE_ASSIGNMENT((#13357));
#13352=SURFACE_STYLE_USAGE(.BOTH.,#13358);
#13353=SURFACE_STYLE_USAGE(.BOTH.,#13359);
#13354=SURFACE_STYLE_USAGE(.BOTH.,#13360);
#13355=SURFACE_STYLE_USAGE(.BOTH.,#13361);
#13356=SURFACE_STYLE_USAGE(.BOTH.,#13362);
#13357=SURFACE_STYLE_USAGE(.BOTH.,#13363);
#13358=SURFACE_SIDE_STYLE('',(#13364));
#13359=SURFACE_SIDE_STYLE('',(#13365));
#13360=SURFACE_SIDE_STYLE('',(#13366));
#13361=SURFACE_SIDE_STYLE('',(#13367));
#13362=SURFACE_SIDE_STYLE('',(#13368));
#13363=SURFACE_SIDE_STYLE('',(#13369));
#13364=SURFACE_STYLE_FILL_AREA(#13370);
#13365=SURFACE_STYLE_FILL_AREA(#13371);
#13366=SURFACE_STYLE_FILL_AREA(#13372);
#13367=SURFACE_STYLE_FILL_AREA(#13373);
#13368=SURFACE_STYLE_FILL_AREA(#13374);
#13369=SURFACE_STYLE_FILL_AREA(#13375);
#13370=FILL_AREA_STYLE('',(#13376));
#13371=FILL_AREA_STYLE('',(#13377));
#13372=FILL_AREA_STYLE('',(#13378));
#13373=FILL_AREA_STYLE('',(#13379));
#13374=FILL_AREA_STYLE('',(#13380));
#13375=FILL_AREA_STYLE('',(#13381));
#13376=FILL_AREA_STYLE_COLOUR('',#13382);
#13377=FILL_AREA_STYLE_COLOUR('',#13383);
#13378=FILL_AREA_STYLE_COLOUR('',#13382);
#13379=FILL_AREA_STYLE_COLOUR('',#13383);
#13380=FILL_AREA_STYLE_COLOUR('',#13384);
#13381=FILL_AREA_STYLE_COLOUR('',#13383);
#13382=COLOUR_RGB('',0.200000002980232,0.200000002980232,0.200000002980232);
#13383=COLOUR_RGB('',0.87058824300766,0.633254885673523,0.172549024224281);
#13384=COLOUR_RGB('',0.910000026226044,0.899999976158142,0.949999988079071);
#13385=MANIFOLD_SOLID_BREP('',#13334);
#13386=MANIFOLD_SOLID_BREP('',#13335);
#13387=MANIFOLD_SOLID_BREP('',#13336);
#13388=MANIFOLD_SOLID_BREP('',#13337);
#13389=MANIFOLD_SOLID_BREP('',#13338);
#13390=MANIFOLD_SOLID_BREP('',#13339);
#13391=SHAPE_DEFINITION_REPRESENTATION(#21970,#13398);
#13392=SHAPE_DEFINITION_REPRESENTATION(#21969,#13399);
#13393=SHAPE_DEFINITION_REPRESENTATION(#21972,#13400);
#13394=SHAPE_DEFINITION_REPRESENTATION(#21974,#13401);
#13395=SHAPE_DEFINITION_REPRESENTATION(#21977,#13402);
#13396=SHAPE_DEFINITION_REPRESENTATION(#21979,#13403);
#13397=SHAPE_DEFINITION_REPRESENTATION(#21981,#13404);
#13398=SHAPE_REPRESENTATION('615008160221_insert',(#13405),#21953);
#13399=SHAPE_REPRESENTATION('615008160221',(#13405,#13622,#13644,#13853,
#13854,#13868,#14397,#14411,#14412,#14413,#14414,#14415),#21952);
#13400=SHAPE_REPRESENTATION('615008160221_pin',(#13405),#21954);
#13401=SHAPE_REPRESENTATION('615008160221_housing',(#13405),#21955);
#13402=SHAPE_REPRESENTATION('615008160221_pin3',(#13405),#21956);
#13403=SHAPE_REPRESENTATION('615008160221_Shielding',(#13405),#21957);
#13404=SHAPE_REPRESENTATION('615008160221_pin2',(#13405),#21958);
#13405=AXIS2_PLACEMENT_3D('',#18006,#14416,#14417);
#13406=AXIS2_PLACEMENT_3D('',#18007,#14418,#14419);
#13407=AXIS2_PLACEMENT_3D('',#18024,#14428,#14429);
#13408=AXIS2_PLACEMENT_3D('',#18077,#14456,#14457);
#13409=AXIS2_PLACEMENT_3D('',#18102,#14470,#14471);
#13410=AXIS2_PLACEMENT_3D('',#18111,#14476,#14477);
#13411=AXIS2_PLACEMENT_3D('',#18120,#14482,#14483);
#13412=AXIS2_PLACEMENT_3D('',#18145,#14496,#14497);
#13413=AXIS2_PLACEMENT_3D('',#18162,#14506,#14507);
#13414=AXIS2_PLACEMENT_3D('',#18171,#14512,#14513);
#13415=AXIS2_PLACEMENT_3D('',#18180,#14518,#14519);
#13416=AXIS2_PLACEMENT_3D('',#18189,#14524,#14525);
#13417=AXIS2_PLACEMENT_3D('',#18198,#14530,#14531);
#13418=AXIS2_PLACEMENT_3D('',#18207,#14536,#14537);
#13419=AXIS2_PLACEMENT_3D('',#18216,#14542,#14543);
#13420=AXIS2_PLACEMENT_3D('',#18225,#14548,#14549);
#13421=AXIS2_PLACEMENT_3D('',#18234,#14554,#14555);
#13422=AXIS2_PLACEMENT_3D('',#18243,#14560,#14561);
#13423=AXIS2_PLACEMENT_3D('',#18252,#14566,#14567);
#13424=AXIS2_PLACEMENT_3D('',#18261,#14572,#14573);
#13425=AXIS2_PLACEMENT_3D('',#18270,#14578,#14579);
#13426=AXIS2_PLACEMENT_3D('',#18271,#14580,#14581);
#13427=AXIS2_PLACEMENT_3D('',#18272,#14582,#14583);
#13428=AXIS2_PLACEMENT_3D('',#18273,#14584,#14585);
#13429=AXIS2_PLACEMENT_3D('',#18277,#14587,#14588);
#13430=AXIS2_PLACEMENT_3D('',#18278,#14589,#14590);
#13431=AXIS2_PLACEMENT_3D('',#18279,#14591,#14592);
#13432=AXIS2_PLACEMENT_3D('',#18288,#14597,#14598);
#13433=AXIS2_PLACEMENT_3D('',#18292,#14600,#14601);
#13434=AXIS2_PLACEMENT_3D('',#18293,#14602,#14603);
#13435=AXIS2_PLACEMENT_3D('',#18294,#14604,#14605);
#13436=AXIS2_PLACEMENT_3D('',#18298,#14607,#14608);
#13437=AXIS2_PLACEMENT_3D('',#18302,#14610,#14611);
#13438=AXIS2_PLACEMENT_3D('',#18303,#14612,#14613);
#13439=AXIS2_PLACEMENT_3D('',#18312,#14618,#14619);
#13440=AXIS2_PLACEMENT_3D('',#18316,#14621,#14622);
#13441=AXIS2_PLACEMENT_3D('',#18317,#14623,#14624);
#13442=AXIS2_PLACEMENT_3D('',#18318,#14625,#14626);
#13443=AXIS2_PLACEMENT_3D('',#18327,#14631,#14632);
#13444=AXIS2_PLACEMENT_3D('',#18331,#14634,#14635);
#13445=AXIS2_PLACEMENT_3D('',#18332,#14636,#14637);
#13446=AXIS2_PLACEMENT_3D('',#18333,#14638,#14639);
#13447=AXIS2_PLACEMENT_3D('',#18342,#14644,#14645);
#13448=AXIS2_PLACEMENT_3D('',#18343,#14646,#14647);
#13449=AXIS2_PLACEMENT_3D('',#18344,#14648,#14649);
#13450=AXIS2_PLACEMENT_3D('',#18345,#14650,#14651);
#13451=AXIS2_PLACEMENT_3D('',#18354,#14656,#14657);
#13452=AXIS2_PLACEMENT_3D('',#18355,#14658,#14659);
#13453=AXIS2_PLACEMENT_3D('',#18356,#14660,#14661);
#13454=AXIS2_PLACEMENT_3D('',#18357,#14662,#14663);
#13455=AXIS2_PLACEMENT_3D('',#18366,#14668,#14669);
#13456=AXIS2_PLACEMENT_3D('',#18367,#14670,#14671);
#13457=AXIS2_PLACEMENT_3D('',#18368,#14672,#14673);
#13458=AXIS2_PLACEMENT_3D('',#18369,#14674,#14675);
#13459=AXIS2_PLACEMENT_3D('',#18375,#14679,#14680);
#13460=AXIS2_PLACEMENT_3D('',#18450,#14721,#14722);
#13461=AXIS2_PLACEMENT_3D('',#18459,#14728,#14729);
#13462=AXIS2_PLACEMENT_3D('',#18462,#14732,#14733);
#13463=AXIS2_PLACEMENT_3D('',#18518,#14763,#14764);
#13464=AXIS2_PLACEMENT_3D('',#18530,#14772,#14773);
#13465=AXIS2_PLACEMENT_3D('',#18536,#14777,#14778);
#13466=AXIS2_PLACEMENT_3D('',#18620,#14829,#14830);
#13467=AXIS2_PLACEMENT_3D('',#18623,#14833,#14834);
#13468=AXIS2_PLACEMENT_3D('',#18626,#14837,#14838);
#13469=AXIS2_PLACEMENT_3D('',#18629,#14841,#14842);
#13470=AXIS2_PLACEMENT_3D('',#18632,#14845,#14846);
#13471=AXIS2_PLACEMENT_3D('',#18635,#14849,#14850);
#13472=AXIS2_PLACEMENT_3D('',#18638,#14853,#14854);
#13473=AXIS2_PLACEMENT_3D('',#18640,#14856,#14857);
#13474=AXIS2_PLACEMENT_3D('',#18642,#14859,#14860);
#13475=AXIS2_PLACEMENT_3D('',#18659,#14871,#14872);
#13476=AXIS2_PLACEMENT_3D('',#18661,#14874,#14875);
#13477=AXIS2_PLACEMENT_3D('',#18663,#14877,#14878);
#13478=AXIS2_PLACEMENT_3D('',#18665,#14880,#14881);
#13479=AXIS2_PLACEMENT_3D('',#18666,#14882,#14883);
#13480=AXIS2_PLACEMENT_3D('',#18668,#14885,#14886);
#13481=AXIS2_PLACEMENT_3D('',#18670,#14888,#14889);
#13482=AXIS2_PLACEMENT_3D('',#18671,#14890,#14891);
#13483=AXIS2_PLACEMENT_3D('',#18673,#14893,#14894);
#13484=AXIS2_PLACEMENT_3D('',#18675,#14896,#14897);
#13485=AXIS2_PLACEMENT_3D('',#18676,#14898,#14899);
#13486=AXIS2_PLACEMENT_3D('',#18684,#14904,#14905);
#13487=AXIS2_PLACEMENT_3D('',#18688,#14907,#14908);
#13488=AXIS2_PLACEMENT_3D('',#18693,#14911,#14912);
#13489=AXIS2_PLACEMENT_3D('',#18698,#14915,#14916);
#13490=AXIS2_PLACEMENT_3D('',#18702,#14918,#14919);
#13491=AXIS2_PLACEMENT_3D('',#18710,#14924,#14925);
#13492=AXIS2_PLACEMENT_3D('',#18712,#14927,#14928);
#13493=AXIS2_PLACEMENT_3D('',#18714,#14930,#14931);
#13494=AXIS2_PLACEMENT_3D('',#18715,#14932,#14933);
#13495=AXIS2_PLACEMENT_3D('',#18723,#14938,#14939);
#13496=AXIS2_PLACEMENT_3D('',#18727,#14941,#14942);
#13497=AXIS2_PLACEMENT_3D('',#18734,#14946,#14947);
#13498=AXIS2_PLACEMENT_3D('',#18741,#14951,#14952);
#13499=AXIS2_PLACEMENT_3D('',#18745,#14954,#14955);
#13500=AXIS2_PLACEMENT_3D('',#18753,#14960,#14961);
#13501=AXIS2_PLACEMENT_3D('',#18755,#14963,#14964);
#13502=AXIS2_PLACEMENT_3D('',#18757,#14966,#14967);
#13503=AXIS2_PLACEMENT_3D('',#18759,#14969,#14970);
#13504=AXIS2_PLACEMENT_3D('',#18760,#14971,#14972);
#13505=AXIS2_PLACEMENT_3D('',#18762,#14974,#14975);
#13506=AXIS2_PLACEMENT_3D('',#18764,#14977,#14978);
#13507=AXIS2_PLACEMENT_3D('',#18765,#14979,#14980);
#13508=AXIS2_PLACEMENT_3D('',#18767,#14982,#14983);
#13509=AXIS2_PLACEMENT_3D('',#18774,#14988,#14989);
#13510=AXIS2_PLACEMENT_3D('',#18778,#14992,#14993);
#13511=AXIS2_PLACEMENT_3D('',#18790,#15000,#15001);
#13512=AXIS2_PLACEMENT_3D('',#18797,#15006,#15007);
#13513=AXIS2_PLACEMENT_3D('',#18798,#15008,#15009);
#13514=AXIS2_PLACEMENT_3D('',#18799,#15010,#15011);
#13515=AXIS2_PLACEMENT_3D('',#18805,#15016,#15017);
#13516=AXIS2_PLACEMENT_3D('',#18809,#15019,#15020);
#13517=AXIS2_PLACEMENT_3D('',#18812,#15022,#15023);
#13518=AXIS2_PLACEMENT_3D('',#18814,#15025,#15026);
#13519=AXIS2_PLACEMENT_3D('',#18817,#15028,#15029);
#13520=AXIS2_PLACEMENT_3D('',#18821,#15031,#15032);
#13521=AXIS2_PLACEMENT_3D('',#18825,#15035,#15036);
#13522=AXIS2_PLACEMENT_3D('',#18827,#15038,#15039);
#13523=AXIS2_PLACEMENT_3D('',#18832,#15043,#15044);
#13524=AXIS2_PLACEMENT_3D('',#18836,#15046,#15047);
#13525=AXIS2_PLACEMENT_3D('',#18839,#15049,#15050);
#13526=AXIS2_PLACEMENT_3D('',#18841,#15052,#15053);
#13527=AXIS2_PLACEMENT_3D('',#18844,#15055,#15056);
#13528=AXIS2_PLACEMENT_3D('',#18848,#15058,#15059);
#13529=AXIS2_PLACEMENT_3D('',#18852,#15062,#15063);
#13530=AXIS2_PLACEMENT_3D('',#18854,#15065,#15066);
#13531=AXIS2_PLACEMENT_3D('',#18859,#15070,#15071);
#13532=AXIS2_PLACEMENT_3D('',#18863,#15073,#15074);
#13533=AXIS2_PLACEMENT_3D('',#18866,#15076,#15077);
#13534=AXIS2_PLACEMENT_3D('',#18868,#15079,#15080);
#13535=AXIS2_PLACEMENT_3D('',#18872,#15083,#15084);
#13536=AXIS2_PLACEMENT_3D('',#18876,#15086,#15087);
#13537=AXIS2_PLACEMENT_3D('',#18880,#15090,#15091);
#13538=AXIS2_PLACEMENT_3D('',#18882,#15093,#15094);
#13539=AXIS2_PLACEMENT_3D('',#18886,#15097,#15098);
#13540=AXIS2_PLACEMENT_3D('',#18890,#15100,#15101);
#13541=AXIS2_PLACEMENT_3D('',#18894,#15104,#15105);
#13542=AXIS2_PLACEMENT_3D('',#18897,#15107,#15108);
#13543=AXIS2_PLACEMENT_3D('',#18901,#15110,#15111);
#13544=AXIS2_PLACEMENT_3D('',#18907,#15116,#15117);
#13545=AXIS2_PLACEMENT_3D('',#18908,#15118,#15119);
#13546=AXIS2_PLACEMENT_3D('',#18910,#15121,#15122);
#13547=AXIS2_PLACEMENT_3D('',#18914,#15125,#15126);
#13548=AXIS2_PLACEMENT_3D('',#18918,#15128,#15129);
#13549=AXIS2_PLACEMENT_3D('',#18923,#15133,#15134);
#13550=AXIS2_PLACEMENT_3D('',#18926,#15136,#15137);
#13551=AXIS2_PLACEMENT_3D('',#18930,#15139,#15140);
#13552=AXIS2_PLACEMENT_3D('',#18936,#15145,#15146);
#13553=AXIS2_PLACEMENT_3D('',#18937,#15147,#15148);
#13554=AXIS2_PLACEMENT_3D('',#18939,#15150,#15151);
#13555=AXIS2_PLACEMENT_3D('',#18943,#15154,#15155);
#13556=AXIS2_PLACEMENT_3D('',#18947,#15157,#15158);
#13557=AXIS2_PLACEMENT_3D('',#18952,#15162,#15163);
#13558=AXIS2_PLACEMENT_3D('',#18955,#15165,#15166);
#13559=AXIS2_PLACEMENT_3D('',#18959,#15168,#15169);
#13560=AXIS2_PLACEMENT_3D('',#18964,#15173,#15174);
#13561=AXIS2_PLACEMENT_3D('',#18965,#15175,#15176);
#13562=AXIS2_PLACEMENT_3D('',#18967,#15178,#15179);
#13563=AXIS2_PLACEMENT_3D('',#18968,#15180,#15181);
#13564=AXIS2_PLACEMENT_3D('',#18969,#15182,#15183);
#13565=AXIS2_PLACEMENT_3D('',#18970,#15184,#15185);
#13566=AXIS2_PLACEMENT_3D('',#18971,#15186,#15187);
#13567=AXIS2_PLACEMENT_3D('',#18973,#15189,#15190);
#13568=AXIS2_PLACEMENT_3D('',#18975,#15192,#15193);
#13569=AXIS2_PLACEMENT_3D('',#18977,#15195,#15196);
#13570=AXIS2_PLACEMENT_3D('',#18979,#15198,#15199);
#13571=AXIS2_PLACEMENT_3D('',#18982,#15202,#15203);
#13572=AXIS2_PLACEMENT_3D('',#18985,#15206,#15207);
#13573=AXIS2_PLACEMENT_3D('',#18988,#15210,#15211);
#13574=AXIS2_PLACEMENT_3D('',#18991,#15214,#15215);
#13575=AXIS2_PLACEMENT_3D('',#18994,#15218,#15219);
#13576=AXIS2_PLACEMENT_3D('',#18997,#15222,#15223);
#13577=AXIS2_PLACEMENT_3D('',#19000,#15226,#15227);
#13578=AXIS2_PLACEMENT_3D('',#19003,#15230,#15231);
#13579=AXIS2_PLACEMENT_3D('',#19004,#15232,#15233);
#13580=AXIS2_PLACEMENT_3D('',#19006,#15235,#15236);
#13581=AXIS2_PLACEMENT_3D('',#19007,#15237,#15238);
#13582=AXIS2_PLACEMENT_3D('',#19009,#15240,#15241);
#13583=AXIS2_PLACEMENT_3D('',#19010,#15242,#15243);
#13584=AXIS2_PLACEMENT_3D('',#19012,#15245,#15246);
#13585=AXIS2_PLACEMENT_3D('',#19013,#15247,#15248);
#13586=AXIS2_PLACEMENT_3D('',#19015,#15250,#15251);
#13587=AXIS2_PLACEMENT_3D('',#19016,#15252,#15253);
#13588=AXIS2_PLACEMENT_3D('',#19018,#15255,#15256);
#13589=AXIS2_PLACEMENT_3D('',#19020,#15258,#15259);
#13590=AXIS2_PLACEMENT_3D('',#19023,#15262,#15263);
#13591=AXIS2_PLACEMENT_3D('',#19026,#15266,#15267);
#13592=AXIS2_PLACEMENT_3D('',#19028,#15269,#15270);
#13593=AXIS2_PLACEMENT_3D('',#19029,#15271,#15272);
#13594=AXIS2_PLACEMENT_3D('',#19031,#15274,#15275);
#13595=AXIS2_PLACEMENT_3D('',#19032,#15276,#15277);
#13596=AXIS2_PLACEMENT_3D('',#19033,#15278,#15279);
#13597=AXIS2_PLACEMENT_3D('',#19034,#15280,#15281);
#13598=AXIS2_PLACEMENT_3D('',#19035,#15282,#15283);
#13599=AXIS2_PLACEMENT_3D('',#19039,#15286,#15287);
#13600=AXIS2_PLACEMENT_3D('',#19043,#15290,#15291);
#13601=AXIS2_PLACEMENT_3D('',#19045,#15293,#15294);
#13602=AXIS2_PLACEMENT_3D('',#19046,#15295,#15296);
#13603=AXIS2_PLACEMENT_3D('',#19050,#15299,#15300);
#13604=AXIS2_PLACEMENT_3D('',#19054,#15303,#15304);
#13605=AXIS2_PLACEMENT_3D('',#19056,#15306,#15307);
#13606=AXIS2_PLACEMENT_3D('',#19057,#15308,#15309);
#13607=AXIS2_PLACEMENT_3D('',#19058,#15310,#15311);
#13608=AXIS2_PLACEMENT_3D('',#19059,#15312,#15313);
#13609=AXIS2_PLACEMENT_3D('',#19060,#15314,#15315);
#13610=AXIS2_PLACEMENT_3D('',#19061,#15316,#15317);
#13611=AXIS2_PLACEMENT_3D('',#19062,#15318,#15319);
#13612=AXIS2_PLACEMENT_3D('',#19063,#15320,#15321);
#13613=AXIS2_PLACEMENT_3D('',#19064,#15322,#15323);
#13614=AXIS2_PLACEMENT_3D('',#19065,#15324,#15325);
#13615=AXIS2_PLACEMENT_3D('',#19066,#15326,#15327);
#13616=AXIS2_PLACEMENT_3D('',#19067,#15328,#15329);
#13617=AXIS2_PLACEMENT_3D('',#19068,#15330,#15331);
#13618=AXIS2_PLACEMENT_3D('',#19069,#15332,#15333);
#13619=AXIS2_PLACEMENT_3D('',#19070,#15334,#15335);
#13620=AXIS2_PLACEMENT_3D('',#19071,#15336,#15337);
#13621=AXIS2_PLACEMENT_3D('',#19072,#15338,#15339);
#13622=AXIS2_PLACEMENT_3D('',#19073,#15340,#15341);
#13623=AXIS2_PLACEMENT_3D('',#19074,#15342,#15343);
#13624=AXIS2_PLACEMENT_3D('',#19075,#15344,#15345);
#13625=AXIS2_PLACEMENT_3D('',#19077,#15346,#15347);
#13626=AXIS2_PLACEMENT_3D('',#19079,#15348,#15349);
#13627=AXIS2_PLACEMENT_3D('',#19080,#15350,#15351);
#13628=AXIS2_PLACEMENT_3D('',#19082,#15352,#15353);
#13629=AXIS2_PLACEMENT_3D('',#19083,#15354,#15355);
#13630=AXIS2_PLACEMENT_3D('',#19085,#15356,#15357);
#13631=AXIS2_PLACEMENT_3D('',#19086,#15358,#15359);
#13632=AXIS2_PLACEMENT_3D('',#19088,#15360,#15361);
#13633=AXIS2_PLACEMENT_3D('',#19089,#15362,#15363);
#13634=AXIS2_PLACEMENT_3D('',#19091,#15364,#15365);
#13635=AXIS2_PLACEMENT_3D('',#19092,#15366,#15367);
#13636=AXIS2_PLACEMENT_3D('',#19094,#15368,#15369);
#13637=AXIS2_PLACEMENT_3D('',#19095,#15370,#15371);
#13638=AXIS2_PLACEMENT_3D('',#19097,#15372,#15373);
#13639=AXIS2_PLACEMENT_3D('',#19098,#15374,#15375);
#13640=AXIS2_PLACEMENT_3D('',#19100,#15376,#15377);
#13641=AXIS2_PLACEMENT_3D('',#19101,#15378,#15379);
#13642=AXIS2_PLACEMENT_3D('',#19103,#15380,#15381);
#13643=AXIS2_PLACEMENT_3D('',#19104,#15382,#15383);
#13644=AXIS2_PLACEMENT_3D('',#19105,#15384,#15385);
#13645=AXIS2_PLACEMENT_3D('',#19106,#15386,#15387);
#13646=AXIS2_PLACEMENT_3D('',#19118,#15393,#15394);
#13647=AXIS2_PLACEMENT_3D('',#19122,#15396,#15397);
#13648=AXIS2_PLACEMENT_3D('',#19159,#15416,#15417);
#13649=AXIS2_PLACEMENT_3D('',#19172,#15424,#15425);
#13650=AXIS2_PLACEMENT_3D('',#19182,#15431,#15432);
#13651=AXIS2_PLACEMENT_3D('',#19267,#15475,#15476);
#13652=AXIS2_PLACEMENT_3D('',#19271,#15478,#15479);
#13653=AXIS2_PLACEMENT_3D('',#19272,#15480,#15481);
#13654=AXIS2_PLACEMENT_3D('',#19294,#15493,#15494);
#13655=AXIS2_PLACEMENT_3D('',#19319,#15507,#15508);
#13656=AXIS2_PLACEMENT_3D('',#19322,#15511,#15512);
#13657=AXIS2_PLACEMENT_3D('',#19330,#15516,#15517);
#13658=AXIS2_PLACEMENT_3D('',#19359,#15533,#15534);
#13659=AXIS2_PLACEMENT_3D('',#19364,#15537,#15538);
#13660=AXIS2_PLACEMENT_3D('',#19415,#15565,#15566);
#13661=AXIS2_PLACEMENT_3D('',#19512,#15615,#15616);
#13662=AXIS2_PLACEMENT_3D('',#19521,#15621,#15622);
#13663=AXIS2_PLACEMENT_3D('',#19530,#15627,#15628);
#13664=AXIS2_PLACEMENT_3D('',#19537,#15633,#15634);
#13665=AXIS2_PLACEMENT_3D('',#19563,#15649,#15650);
#13666=AXIS2_PLACEMENT_3D('',#19568,#15652,#15653);
#13667=AXIS2_PLACEMENT_3D('',#19579,#15659,#15660);
#13668=AXIS2_PLACEMENT_3D('',#19589,#15666,#15667);
#13669=AXIS2_PLACEMENT_3D('',#19594,#15669,#15670);
#13670=AXIS2_PLACEMENT_3D('',#19597,#15672,#15673);
#13671=AXIS2_PLACEMENT_3D('',#19607,#15679,#15680);
#13672=AXIS2_PLACEMENT_3D('',#19612,#15682,#15683);
#13673=AXIS2_PLACEMENT_3D('',#19615,#15685,#15686);
#13674=AXIS2_PLACEMENT_3D('',#19624,#15691,#15692);
#13675=AXIS2_PLACEMENT_3D('',#19633,#15697,#15698);
#13676=AXIS2_PLACEMENT_3D('',#19639,#15702,#15703);
#13677=AXIS2_PLACEMENT_3D('',#19653,#15711,#15712);
#13678=AXIS2_PLACEMENT_3D('',#19656,#15714,#15715);
#13679=AXIS2_PLACEMENT_3D('',#19662,#15719,#15720);
#13680=AXIS2_PLACEMENT_3D('',#19669,#15725,#15726);
#13681=AXIS2_PLACEMENT_3D('',#19670,#15727,#15728);
#13682=AXIS2_PLACEMENT_3D('',#19680,#15733,#15734);
#13683=AXIS2_PLACEMENT_3D('',#19686,#15738,#15739);
#13684=AXIS2_PLACEMENT_3D('',#19687,#15740,#15741);
#13685=AXIS2_PLACEMENT_3D('',#19691,#15744,#15745);
#13686=AXIS2_PLACEMENT_3D('',#19700,#15750,#15751);
#13687=AXIS2_PLACEMENT_3D('',#19709,#15756,#15757);
#13688=AXIS2_PLACEMENT_3D('',#19715,#15761,#15762);
#13689=AXIS2_PLACEMENT_3D('',#19724,#15767,#15768);
#13690=AXIS2_PLACEMENT_3D('',#19730,#15772,#15773);
#13691=AXIS2_PLACEMENT_3D('',#19739,#15780,#15781);
#13692=AXIS2_PLACEMENT_3D('',#19743,#15784,#15785);
#13693=AXIS2_PLACEMENT_3D('',#19747,#15788,#15789);
#13694=AXIS2_PLACEMENT_3D('',#19750,#15792,#15793);
#13695=AXIS2_PLACEMENT_3D('',#19754,#15796,#15797);
#13696=AXIS2_PLACEMENT_3D('',#19758,#15800,#15801);
#13697=AXIS2_PLACEMENT_3D('',#19762,#15804,#15805);
#13698=AXIS2_PLACEMENT_3D('',#19767,#15809,#15810);
#13699=AXIS2_PLACEMENT_3D('',#19779,#15818,#15819);
#13700=AXIS2_PLACEMENT_3D('',#19785,#15823,#15824);
#13701=AXIS2_PLACEMENT_3D('',#19791,#15828,#15829);
#13702=AXIS2_PLACEMENT_3D('',#19799,#15835,#15836);
#13703=AXIS2_PLACEMENT_3D('',#19808,#15842,#15843);
#13704=AXIS2_PLACEMENT_3D('',#19817,#15849,#15850);
#13705=AXIS2_PLACEMENT_3D('',#19819,#15852,#15853);
#13706=AXIS2_PLACEMENT_3D('',#19820,#15854,#15855);
#13707=AXIS2_PLACEMENT_3D('',#19822,#15857,#15858);
#13708=AXIS2_PLACEMENT_3D('',#19823,#15859,#15860);
#13709=AXIS2_PLACEMENT_3D('',#19827,#15863,#15864);
#13710=AXIS2_PLACEMENT_3D('',#19830,#15867,#15868);
#13711=AXIS2_PLACEMENT_3D('',#19832,#15870,#15871);
#13712=AXIS2_PLACEMENT_3D('',#19836,#15874,#15875);
#13713=AXIS2_PLACEMENT_3D('',#19840,#15878,#15879);
#13714=AXIS2_PLACEMENT_3D('',#19843,#15882,#15883);
#13715=AXIS2_PLACEMENT_3D('',#19845,#15885,#15886);
#13716=AXIS2_PLACEMENT_3D('',#19849,#15889,#15890);
#13717=AXIS2_PLACEMENT_3D('',#19853,#15893,#15894);
#13718=AXIS2_PLACEMENT_3D('',#19856,#15897,#15898);
#13719=AXIS2_PLACEMENT_3D('',#19858,#15900,#15901);
#13720=AXIS2_PLACEMENT_3D('',#19862,#15904,#15905);
#13721=AXIS2_PLACEMENT_3D('',#19866,#15908,#15909);
#13722=AXIS2_PLACEMENT_3D('',#19869,#15912,#15913);
#13723=AXIS2_PLACEMENT_3D('',#19871,#15915,#15916);
#13724=AXIS2_PLACEMENT_3D('',#19875,#15919,#15920);
#13725=AXIS2_PLACEMENT_3D('',#19879,#15923,#15924);
#13726=AXIS2_PLACEMENT_3D('',#19882,#15927,#15928);
#13727=AXIS2_PLACEMENT_3D('',#19884,#15930,#15931);
#13728=AXIS2_PLACEMENT_3D('',#19888,#15934,#15935);
#13729=AXIS2_PLACEMENT_3D('',#19892,#15938,#15939);
#13730=AXIS2_PLACEMENT_3D('',#19895,#15942,#15943);
#13731=AXIS2_PLACEMENT_3D('',#19897,#15945,#15946);
#13732=AXIS2_PLACEMENT_3D('',#19901,#15949,#15950);
#13733=AXIS2_PLACEMENT_3D('',#19905,#15953,#15954);
#13734=AXIS2_PLACEMENT_3D('',#19908,#15957,#15958);
#13735=AXIS2_PLACEMENT_3D('',#19910,#15960,#15961);
#13736=AXIS2_PLACEMENT_3D('',#19914,#15964,#15965);
#13737=AXIS2_PLACEMENT_3D('',#19918,#15968,#15969);
#13738=AXIS2_PLACEMENT_3D('',#19921,#15972,#15973);
#13739=AXIS2_PLACEMENT_3D('',#19923,#15975,#15976);
#13740=AXIS2_PLACEMENT_3D('',#19927,#15979,#15980);
#13741=AXIS2_PLACEMENT_3D('',#19931,#15983,#15984);
#13742=AXIS2_PLACEMENT_3D('',#19938,#15988,#15989);
#13743=AXIS2_PLACEMENT_3D('',#19945,#15993,#15994);
#13744=AXIS2_PLACEMENT_3D('',#19949,#15997,#15998);
#13745=AXIS2_PLACEMENT_3D('',#19953,#16001,#16002);
#13746=AXIS2_PLACEMENT_3D('',#19957,#16006,#16007);
#13747=AXIS2_PLACEMENT_3D('',#19960,#16010,#16011);
#13748=AXIS2_PLACEMENT_3D('',#19964,#16015,#16016);
#13749=AXIS2_PLACEMENT_3D('',#19968,#16020,#16021);
#13750=AXIS2_PLACEMENT_3D('',#19971,#16024,#16025);
#13751=AXIS2_PLACEMENT_3D('',#19973,#16027,#16028);
#13752=AXIS2_PLACEMENT_3D('',#19975,#16030,#16031);
#13753=AXIS2_PLACEMENT_3D('',#19976,#16032,#16033);
#13754=AXIS2_PLACEMENT_3D('',#19977,#16034,#16035);
#13755=AXIS2_PLACEMENT_3D('',#19979,#16036,#16037);
#13756=AXIS2_PLACEMENT_3D('',#19980,#16038,#16039);
#13757=AXIS2_PLACEMENT_3D('',#19981,#16040,#16041);
#13758=AXIS2_PLACEMENT_3D('',#19982,#16042,#16043);
#13759=AXIS2_PLACEMENT_3D('',#19983,#16044,#16045);
#13760=AXIS2_PLACEMENT_3D('',#19985,#16046,#16047);
#13761=AXIS2_PLACEMENT_3D('',#19986,#16048,#16049);
#13762=AXIS2_PLACEMENT_3D('',#19987,#16050,#16051);
#13763=AXIS2_PLACEMENT_3D('',#19988,#16052,#16053);
#13764=AXIS2_PLACEMENT_3D('',#19991,#16056,#16057);
#13765=AXIS2_PLACEMENT_3D('',#19993,#16059,#16060);
#13766=AXIS2_PLACEMENT_3D('',#19995,#16062,#16063);
#13767=AXIS2_PLACEMENT_3D('',#19997,#16065,#16066);
#13768=AXIS2_PLACEMENT_3D('',#19998,#16067,#16068);
#13769=AXIS2_PLACEMENT_3D('',#20001,#16071,#16072);
#13770=AXIS2_PLACEMENT_3D('',#20002,#16073,#16074);
#13771=AXIS2_PLACEMENT_3D('',#20003,#16075,#16076);
#13772=AXIS2_PLACEMENT_3D('',#20005,#16078,#16079);
#13773=AXIS2_PLACEMENT_3D('',#20007,#16081,#16082);
#13774=AXIS2_PLACEMENT_3D('',#20008,#16083,#16084);
#13775=AXIS2_PLACEMENT_3D('',#20011,#16087,#16088);
#13776=AXIS2_PLACEMENT_3D('',#20013,#16090,#16091);
#13777=AXIS2_PLACEMENT_3D('',#20017,#16094,#16095);
#13778=AXIS2_PLACEMENT_3D('',#20022,#16099,#16100);
#13779=AXIS2_PLACEMENT_3D('',#20023,#16101,#16102);
#13780=AXIS2_PLACEMENT_3D('',#20028,#16106,#16107);
#13781=AXIS2_PLACEMENT_3D('',#20030,#16109,#16110);
#13782=AXIS2_PLACEMENT_3D('',#20032,#16112,#16113);
#13783=AXIS2_PLACEMENT_3D('',#20034,#16115,#16116);
#13784=AXIS2_PLACEMENT_3D('',#20038,#16119,#16120);
#13785=AXIS2_PLACEMENT_3D('',#20041,#16123,#16124);
#13786=AXIS2_PLACEMENT_3D('',#20043,#16126,#16127);
#13787=AXIS2_PLACEMENT_3D('',#20045,#16129,#16130);
#13788=AXIS2_PLACEMENT_3D('',#20046,#16131,#16132);
#13789=AXIS2_PLACEMENT_3D('',#20049,#16135,#16136);
#13790=AXIS2_PLACEMENT_3D('',#20051,#16138,#16139);
#13791=AXIS2_PLACEMENT_3D('',#20053,#16141,#16142);
#13792=AXIS2_PLACEMENT_3D('',#20054,#16143,#16144);
#13793=AXIS2_PLACEMENT_3D('',#20058,#16147,#16148);
#13794=AXIS2_PLACEMENT_3D('',#20060,#16150,#16151);
#13795=AXIS2_PLACEMENT_3D('',#20061,#16152,#16153);
#13796=AXIS2_PLACEMENT_3D('',#20065,#16156,#16157);
#13797=AXIS2_PLACEMENT_3D('',#20067,#16159,#16160);
#13798=AXIS2_PLACEMENT_3D('',#20068,#16161,#16162);
#13799=AXIS2_PLACEMENT_3D('',#20072,#16165,#16166);
#13800=AXIS2_PLACEMENT_3D('',#20074,#16168,#16169);
#13801=AXIS2_PLACEMENT_3D('',#20075,#16170,#16171);
#13802=AXIS2_PLACEMENT_3D('',#20079,#16174,#16175);
#13803=AXIS2_PLACEMENT_3D('',#20081,#16177,#16178);
#13804=AXIS2_PLACEMENT_3D('',#20082,#16179,#16180);
#13805=AXIS2_PLACEMENT_3D('',#20083,#16181,#16182);
#13806=AXIS2_PLACEMENT_3D('',#20086,#16185,#16186);
#13807=AXIS2_PLACEMENT_3D('',#20088,#16188,#16189);
#13808=AXIS2_PLACEMENT_3D('',#20090,#16191,#16192);
#13809=AXIS2_PLACEMENT_3D('',#20092,#16194,#16195);
#13810=AXIS2_PLACEMENT_3D('',#20094,#16197,#16198);
#13811=AXIS2_PLACEMENT_3D('',#20096,#16200,#16201);
#13812=AXIS2_PLACEMENT_3D('',#20098,#16203,#16204);
#13813=AXIS2_PLACEMENT_3D('',#20100,#16206,#16207);
#13814=AXIS2_PLACEMENT_3D('',#20102,#16209,#16210);
#13815=AXIS2_PLACEMENT_3D('',#20104,#16212,#16213);
#13816=AXIS2_PLACEMENT_3D('',#20106,#16215,#16216);
#13817=AXIS2_PLACEMENT_3D('',#20108,#16218,#16219);
#13818=AXIS2_PLACEMENT_3D('',#20110,#16221,#16222);
#13819=AXIS2_PLACEMENT_3D('',#20112,#16224,#16225);
#13820=AXIS2_PLACEMENT_3D('',#20114,#16227,#16228);
#13821=AXIS2_PLACEMENT_3D('',#20116,#16230,#16231);
#13822=AXIS2_PLACEMENT_3D('',#20118,#16233,#16234);
#13823=AXIS2_PLACEMENT_3D('',#20120,#16236,#16237);
#13824=AXIS2_PLACEMENT_3D('',#20122,#16239,#16240);
#13825=AXIS2_PLACEMENT_3D('',#20124,#16242,#16243);
#13826=AXIS2_PLACEMENT_3D('',#20125,#16244,#16245);
#13827=AXIS2_PLACEMENT_3D('',#20127,#16247,#16248);
#13828=AXIS2_PLACEMENT_3D('',#20128,#16249,#16250);
#13829=AXIS2_PLACEMENT_3D('',#20129,#16251,#16252);
#13830=AXIS2_PLACEMENT_3D('',#20130,#16253,#16254);
#13831=AXIS2_PLACEMENT_3D('',#20131,#16255,#16256);
#13832=AXIS2_PLACEMENT_3D('',#20132,#16257,#16258);
#13833=AXIS2_PLACEMENT_3D('',#20133,#16259,#16260);
#13834=AXIS2_PLACEMENT_3D('',#20134,#16261,#16262);
#13835=AXIS2_PLACEMENT_3D('',#20135,#16263,#16264);
#13836=AXIS2_PLACEMENT_3D('',#20136,#16265,#16266);
#13837=AXIS2_PLACEMENT_3D('',#20138,#16268,#16269);
#13838=AXIS2_PLACEMENT_3D('',#20139,#16270,#16271);
#13839=AXIS2_PLACEMENT_3D('',#20141,#16273,#16274);
#13840=AXIS2_PLACEMENT_3D('',#20142,#16275,#16276);
#13841=AXIS2_PLACEMENT_3D('',#20145,#16279,#16280);
#13842=AXIS2_PLACEMENT_3D('',#20148,#16283,#16284);
#13843=AXIS2_PLACEMENT_3D('',#20149,#16285,#16286);
#13844=AXIS2_PLACEMENT_3D('',#20150,#16287,#16288);
#13845=AXIS2_PLACEMENT_3D('',#20151,#16289,#16290);
#13846=AXIS2_PLACEMENT_3D('',#20155,#16293,#16294);
#13847=AXIS2_PLACEMENT_3D('',#20159,#16297,#16298);
#13848=AXIS2_PLACEMENT_3D('',#20161,#16300,#16301);
#13849=AXIS2_PLACEMENT_3D('',#20162,#16302,#16303);
#13850=AXIS2_PLACEMENT_3D('',#20164,#16305,#16306);
#13851=AXIS2_PLACEMENT_3D('',#20165,#16307,#16308);
#13852=AXIS2_PLACEMENT_3D('',#20167,#16310,#16311);
#13853=AXIS2_PLACEMENT_3D('',#20168,#16312,#16313);
#13854=AXIS2_PLACEMENT_3D('',#20169,#16314,#16315);
#13855=AXIS2_PLACEMENT_3D('',#20170,#16316,#16317);
#13856=AXIS2_PLACEMENT_3D('',#20171,#16318,#16319);
#13857=AXIS2_PLACEMENT_3D('',#20173,#16320,#16321);
#13858=AXIS2_PLACEMENT_3D('',#20175,#16322,#16323);
#13859=AXIS2_PLACEMENT_3D('',#20176,#16324,#16325);
#13860=AXIS2_PLACEMENT_3D('',#20178,#16326,#16327);
#13861=AXIS2_PLACEMENT_3D('',#20179,#16328,#16329);
#13862=AXIS2_PLACEMENT_3D('',#20181,#16330,#16331);
#13863=AXIS2_PLACEMENT_3D('',#20182,#16332,#16333);
#13864=AXIS2_PLACEMENT_3D('',#20184,#16334,#16335);
#13865=AXIS2_PLACEMENT_3D('',#20185,#16336,#16337);
#13866=AXIS2_PLACEMENT_3D('',#20187,#16338,#16339);
#13867=AXIS2_PLACEMENT_3D('',#20188,#16340,#16341);
#13868=AXIS2_PLACEMENT_3D('',#20189,#16342,#16343);
#13869=AXIS2_PLACEMENT_3D('',#20190,#16344,#16345);
#13870=AXIS2_PLACEMENT_3D('',#20194,#16347,#16348);
#13871=AXIS2_PLACEMENT_3D('',#20198,#16350,#16351);
#13872=AXIS2_PLACEMENT_3D('',#20199,#16352,#16353);
#13873=AXIS2_PLACEMENT_3D('',#20203,#16355,#16356);
#13874=AXIS2_PLACEMENT_3D('',#20207,#16358,#16359);
#13875=AXIS2_PLACEMENT_3D('',#20208,#16360,#16361);
#13876=AXIS2_PLACEMENT_3D('',#20209,#16362,#16363);
#13877=AXIS2_PLACEMENT_3D('',#20214,#16365,#16366);
#13878=AXIS2_PLACEMENT_3D('',#20217,#16368,#16369);
#13879=AXIS2_PLACEMENT_3D('',#20218,#16370,#16371);
#13880=AXIS2_PLACEMENT_3D('',#20223,#16373,#16374);
#13881=AXIS2_PLACEMENT_3D('',#20226,#16376,#16377);
#13882=AXIS2_PLACEMENT_3D('',#20230,#16379,#16380);
#13883=AXIS2_PLACEMENT_3D('',#20234,#16382,#16383);
#13884=AXIS2_PLACEMENT_3D('',#20235,#16384,#16385);
#13885=AXIS2_PLACEMENT_3D('',#20236,#16386,#16387);
#13886=AXIS2_PLACEMENT_3D('',#20241,#16389,#16390);
#13887=AXIS2_PLACEMENT_3D('',#20244,#16392,#16393);
#13888=AXIS2_PLACEMENT_3D('',#20253,#16398,#16399);
#13889=AXIS2_PLACEMENT_3D('',#20265,#16405,#16406);
#13890=AXIS2_PLACEMENT_3D('',#20269,#16408,#16409);
#13891=AXIS2_PLACEMENT_3D('',#20273,#16411,#16412);
#13892=AXIS2_PLACEMENT_3D('',#20277,#16414,#16415);
#13893=AXIS2_PLACEMENT_3D('',#20285,#16419,#16420);
#13894=AXIS2_PLACEMENT_3D('',#20289,#16422,#16423);
#13895=AXIS2_PLACEMENT_3D('',#20297,#16427,#16428);
#13896=AXIS2_PLACEMENT_3D('',#20301,#16430,#16431);
#13897=AXIS2_PLACEMENT_3D('',#20311,#16436,#16437);
#13898=AXIS2_PLACEMENT_3D('',#20320,#16442,#16443);
#13899=AXIS2_PLACEMENT_3D('',#20321,#16444,#16445);
#13900=AXIS2_PLACEMENT_3D('',#20325,#16447,#16448);
#13901=AXIS2_PLACEMENT_3D('',#20329,#16450,#16451);
#13902=AXIS2_PLACEMENT_3D('',#20338,#16456,#16457);
#13903=AXIS2_PLACEMENT_3D('',#20348,#16462,#16463);
#13904=AXIS2_PLACEMENT_3D('',#20352,#16465,#16466);
#13905=AXIS2_PLACEMENT_3D('',#20360,#16470,#16471);
#13906=AXIS2_PLACEMENT_3D('',#20364,#16473,#16474);
#13907=AXIS2_PLACEMENT_3D('',#20372,#16478,#16479);
#13908=AXIS2_PLACEMENT_3D('',#20376,#16481,#16482);
#13909=AXIS2_PLACEMENT_3D('',#20380,#16484,#16485);
#13910=AXIS2_PLACEMENT_3D('',#20389,#16490,#16491);
#13911=AXIS2_PLACEMENT_3D('',#20392,#16494,#16495);
#13912=AXIS2_PLACEMENT_3D('',#20395,#16498,#16499);
#13913=AXIS2_PLACEMENT_3D('',#20412,#16508,#16509);
#13914=AXIS2_PLACEMENT_3D('',#20413,#16510,#16511);
#13915=AXIS2_PLACEMENT_3D('',#20418,#16513,#16514);
#13916=AXIS2_PLACEMENT_3D('',#20422,#16516,#16517);
#13917=AXIS2_PLACEMENT_3D('',#20426,#16519,#16520);
#13918=AXIS2_PLACEMENT_3D('',#20428,#16522,#16523);
#13919=AXIS2_PLACEMENT_3D('',#20431,#16525,#16526);
#13920=AXIS2_PLACEMENT_3D('',#20435,#16528,#16529);
#13921=AXIS2_PLACEMENT_3D('',#20436,#16530,#16531);
#13922=AXIS2_PLACEMENT_3D('',#20437,#16532,#16533);
#13923=AXIS2_PLACEMENT_3D('',#20441,#16535,#16536);
#13924=AXIS2_PLACEMENT_3D('',#20445,#16538,#16539);
#13925=AXIS2_PLACEMENT_3D('',#20449,#16541,#16542);
#13926=AXIS2_PLACEMENT_3D('',#20452,#16544,#16545);
#13927=AXIS2_PLACEMENT_3D('',#20453,#16546,#16547);
#13928=AXIS2_PLACEMENT_3D('',#20457,#16549,#16550);
#13929=AXIS2_PLACEMENT_3D('',#20460,#16552,#16553);
#13930=AXIS2_PLACEMENT_3D('',#20463,#16555,#16556);
#13931=AXIS2_PLACEMENT_3D('',#20467,#16558,#16559);
#13932=AXIS2_PLACEMENT_3D('',#20472,#16562,#16563);
#13933=AXIS2_PLACEMENT_3D('',#20476,#16565,#16566);
#13934=AXIS2_PLACEMENT_3D('',#20490,#16575,#16576);
#13935=AXIS2_PLACEMENT_3D('',#20493,#16578,#16579);
#13936=AXIS2_PLACEMENT_3D('',#20497,#16581,#16582);
#13937=AXIS2_PLACEMENT_3D('',#20513,#16592,#16593);
#13938=AXIS2_PLACEMENT_3D('',#20517,#16595,#16596);
#13939=AXIS2_PLACEMENT_3D('',#20520,#16598,#16599);
#13940=AXIS2_PLACEMENT_3D('',#20535,#16608,#16609);
#13941=AXIS2_PLACEMENT_3D('',#20539,#16611,#16612);
#13942=AXIS2_PLACEMENT_3D('',#20547,#16616,#16617);
#13943=AXIS2_PLACEMENT_3D('',#20552,#16620,#16621);
#13944=AXIS2_PLACEMENT_3D('',#20556,#16623,#16624);
#13945=AXIS2_PLACEMENT_3D('',#20564,#16628,#16629);
#13946=AXIS2_PLACEMENT_3D('',#20569,#16632,#16633);
#13947=AXIS2_PLACEMENT_3D('',#20573,#16635,#16636);
#13948=AXIS2_PLACEMENT_3D('',#20577,#16638,#16639);
#13949=AXIS2_PLACEMENT_3D('',#20581,#16641,#16642);
#13950=AXIS2_PLACEMENT_3D('',#20589,#16646,#16647);
#13951=AXIS2_PLACEMENT_3D('',#20593,#16649,#16650);
#13952=AXIS2_PLACEMENT_3D('',#20597,#16652,#16653);
#13953=AXIS2_PLACEMENT_3D('',#20601,#16655,#16656);
#13954=AXIS2_PLACEMENT_3D('',#20603,#16658,#16659);
#13955=AXIS2_PLACEMENT_3D('',#20607,#16661,#16662);
#13956=AXIS2_PLACEMENT_3D('',#20611,#16664,#16665);
#13957=AXIS2_PLACEMENT_3D('',#20615,#16667,#16668);
#13958=AXIS2_PLACEMENT_3D('',#20619,#16670,#16671);
#13959=AXIS2_PLACEMENT_3D('',#20627,#16676,#16677);
#13960=AXIS2_PLACEMENT_3D('',#20639,#16683,#16684);
#13961=AXIS2_PLACEMENT_3D('',#20654,#16692,#16693);
#13962=AXIS2_PLACEMENT_3D('',#20658,#16695,#16696);
#13963=AXIS2_PLACEMENT_3D('',#20659,#16697,#16698);
#13964=AXIS2_PLACEMENT_3D('',#20662,#16701,#16702);
#13965=AXIS2_PLACEMENT_3D('',#20671,#16707,#16708);
#13966=AXIS2_PLACEMENT_3D('',#20677,#16712,#16713);
#13967=AXIS2_PLACEMENT_3D('',#20683,#16717,#16718);
#13968=AXIS2_PLACEMENT_3D('',#20686,#16721,#16722);
#13969=AXIS2_PLACEMENT_3D('',#20689,#16725,#16726);
#13970=AXIS2_PLACEMENT_3D('',#20692,#16729,#16730);
#13971=AXIS2_PLACEMENT_3D('',#20694,#16732,#16733);
#13972=AXIS2_PLACEMENT_3D('',#20699,#16736,#16737);
#13973=AXIS2_PLACEMENT_3D('',#20700,#16738,#16739);
#13974=AXIS2_PLACEMENT_3D('',#20709,#16744,#16745);
#13975=AXIS2_PLACEMENT_3D('',#20721,#16751,#16752);
#13976=AXIS2_PLACEMENT_3D('',#20725,#16754,#16755);
#13977=AXIS2_PLACEMENT_3D('',#20734,#16760,#16761);
#13978=AXIS2_PLACEMENT_3D('',#20744,#16766,#16767);
#13979=AXIS2_PLACEMENT_3D('',#20748,#16769,#16770);
#13980=AXIS2_PLACEMENT_3D('',#20756,#16774,#16775);
#13981=AXIS2_PLACEMENT_3D('',#20760,#16777,#16778);
#13982=AXIS2_PLACEMENT_3D('',#20768,#16782,#16783);
#13983=AXIS2_PLACEMENT_3D('',#20772,#16785,#16786);
#13984=AXIS2_PLACEMENT_3D('',#20776,#16788,#16789);
#13985=AXIS2_PLACEMENT_3D('',#20777,#16790,#16791);
#13986=AXIS2_PLACEMENT_3D('',#20781,#16793,#16794);
#13987=AXIS2_PLACEMENT_3D('',#20785,#16796,#16797);
#13988=AXIS2_PLACEMENT_3D('',#20789,#16799,#16800);
#13989=AXIS2_PLACEMENT_3D('',#20793,#16802,#16803);
#13990=AXIS2_PLACEMENT_3D('',#20801,#16807,#16808);
#13991=AXIS2_PLACEMENT_3D('',#20805,#16810,#16811);
#13992=AXIS2_PLACEMENT_3D('',#20813,#16815,#16816);
#13993=AXIS2_PLACEMENT_3D('',#20817,#16818,#16819);
#13994=AXIS2_PLACEMENT_3D('',#20827,#16824,#16825);
#13995=AXIS2_PLACEMENT_3D('',#20836,#16830,#16831);
#13996=AXIS2_PLACEMENT_3D('',#20845,#16836,#16837);
#13997=AXIS2_PLACEMENT_3D('',#20848,#16840,#16841);
#13998=AXIS2_PLACEMENT_3D('',#20851,#16844,#16845);
#13999=AXIS2_PLACEMENT_3D('',#20861,#16852,#16853);
#14000=AXIS2_PLACEMENT_3D('',#20862,#16854,#16855);
#14001=AXIS2_PLACEMENT_3D('',#20863,#16856,#16857);
#14002=AXIS2_PLACEMENT_3D('',#20864,#16858,#16859);
#14003=AXIS2_PLACEMENT_3D('',#20865,#16860,#16861);
#14004=AXIS2_PLACEMENT_3D('',#20866,#16862,#16863);
#14005=AXIS2_PLACEMENT_3D('',#20869,#16865,#16866);
#14006=AXIS2_PLACEMENT_3D('',#20884,#16875,#16876);
#14007=AXIS2_PLACEMENT_3D('',#20890,#16880,#16881);
#14008=AXIS2_PLACEMENT_3D('',#20894,#16883,#16884);
#14009=AXIS2_PLACEMENT_3D('',#20898,#16886,#16887);
#14010=AXIS2_PLACEMENT_3D('',#20902,#16889,#16890);
#14011=AXIS2_PLACEMENT_3D('',#20909,#16894,#16895);
#14012=AXIS2_PLACEMENT_3D('',#20918,#16900,#16901);
#14013=AXIS2_PLACEMENT_3D('',#20922,#16904,#16905);
#14014=AXIS2_PLACEMENT_3D('',#20926,#16907,#16908);
#14015=AXIS2_PLACEMENT_3D('',#20930,#16910,#16911);
#14016=AXIS2_PLACEMENT_3D('',#20934,#16913,#16914);
#14017=AXIS2_PLACEMENT_3D('',#20938,#16916,#16917);
#14018=AXIS2_PLACEMENT_3D('',#20940,#16919,#16920);
#14019=AXIS2_PLACEMENT_3D('',#20944,#16922,#16923);
#14020=AXIS2_PLACEMENT_3D('',#20948,#16925,#16926);
#14021=AXIS2_PLACEMENT_3D('',#20952,#16928,#16929);
#14022=AXIS2_PLACEMENT_3D('',#20960,#16933,#16934);
#14023=AXIS2_PLACEMENT_3D('',#20964,#16936,#16937);
#14024=AXIS2_PLACEMENT_3D('',#20965,#16938,#16939);
#14025=AXIS2_PLACEMENT_3D('',#20967,#16941,#16942);
#14026=AXIS2_PLACEMENT_3D('',#20969,#16944,#16945);
#14027=AXIS2_PLACEMENT_3D('',#20970,#16946,#16947);
#14028=AXIS2_PLACEMENT_3D('',#20971,#16948,#16949);
#14029=AXIS2_PLACEMENT_3D('',#20979,#16953,#16954);
#14030=AXIS2_PLACEMENT_3D('',#20981,#16956,#16957);
#14031=AXIS2_PLACEMENT_3D('',#20982,#16958,#16959);
#14032=AXIS2_PLACEMENT_3D('',#20990,#16963,#16964);
#14033=AXIS2_PLACEMENT_3D('',#20992,#16966,#16967);
#14034=AXIS2_PLACEMENT_3D('',#21001,#16972,#16973);
#14035=AXIS2_PLACEMENT_3D('',#21007,#16977,#16978);
#14036=AXIS2_PLACEMENT_3D('',#21013,#16982,#16983);
#14037=AXIS2_PLACEMENT_3D('',#21016,#16986,#16987);
#14038=AXIS2_PLACEMENT_3D('',#21019,#16990,#16991);
#14039=AXIS2_PLACEMENT_3D('',#21022,#16994,#16995);
#14040=AXIS2_PLACEMENT_3D('',#21025,#16998,#16999);
#14041=AXIS2_PLACEMENT_3D('',#21028,#17002,#17003);
#14042=AXIS2_PLACEMENT_3D('',#21031,#17006,#17007);
#14043=AXIS2_PLACEMENT_3D('',#21034,#17010,#17011);
#14044=AXIS2_PLACEMENT_3D('',#21037,#17014,#17015);
#14045=AXIS2_PLACEMENT_3D('',#21040,#17018,#17019);
#14046=AXIS2_PLACEMENT_3D('',#21043,#17022,#17023);
#14047=AXIS2_PLACEMENT_3D('',#21044,#17024,#17025);
#14048=AXIS2_PLACEMENT_3D('',#21046,#17027,#17028);
#14049=AXIS2_PLACEMENT_3D('',#21048,#17030,#17031);
#14050=AXIS2_PLACEMENT_3D('',#21051,#17034,#17035);
#14051=AXIS2_PLACEMENT_3D('',#21054,#17038,#17039);
#14052=AXIS2_PLACEMENT_3D('',#21055,#17040,#17041);
#14053=AXIS2_PLACEMENT_3D('',#21057,#17043,#17044);
#14054=AXIS2_PLACEMENT_3D('',#21059,#17046,#17047);
#14055=AXIS2_PLACEMENT_3D('',#21062,#17050,#17051);
#14056=AXIS2_PLACEMENT_3D('',#21065,#17054,#17055);
#14057=AXIS2_PLACEMENT_3D('',#21068,#17058,#17059);
#14058=AXIS2_PLACEMENT_3D('',#21076,#17065,#17066);
#14059=AXIS2_PLACEMENT_3D('',#21084,#17072,#17073);
#14060=AXIS2_PLACEMENT_3D('',#21085,#17074,#17075);
#14061=AXIS2_PLACEMENT_3D('',#21093,#17079,#17080);
#14062=AXIS2_PLACEMENT_3D('',#21094,#17081,#17082);
#14063=AXIS2_PLACEMENT_3D('',#21102,#17086,#17087);
#14064=AXIS2_PLACEMENT_3D('',#21103,#17088,#17089);
#14065=AXIS2_PLACEMENT_3D('',#21104,#17090,#17091);
#14066=AXIS2_PLACEMENT_3D('',#21105,#17092,#17093);
#14067=AXIS2_PLACEMENT_3D('',#21106,#17094,#17095);
#14068=AXIS2_PLACEMENT_3D('',#21107,#17096,#17097);
#14069=AXIS2_PLACEMENT_3D('',#21108,#17098,#17099);
#14070=AXIS2_PLACEMENT_3D('',#21112,#17101,#17102);
#14071=AXIS2_PLACEMENT_3D('',#21113,#17103,#17104);
#14072=AXIS2_PLACEMENT_3D('',#21114,#17105,#17106);
#14073=AXIS2_PLACEMENT_3D('',#21118,#17108,#17109);
#14074=AXIS2_PLACEMENT_3D('',#21122,#17111,#17112);
#14075=AXIS2_PLACEMENT_3D('',#21126,#17114,#17115);
#14076=AXIS2_PLACEMENT_3D('',#21127,#17116,#17117);
#14077=AXIS2_PLACEMENT_3D('',#21128,#17118,#17119);
#14078=AXIS2_PLACEMENT_3D('',#21130,#17121,#17122);
#14079=AXIS2_PLACEMENT_3D('',#21134,#17124,#17125);
#14080=AXIS2_PLACEMENT_3D('',#21135,#17126,#17127);
#14081=AXIS2_PLACEMENT_3D('',#21140,#17130,#17131);
#14082=AXIS2_PLACEMENT_3D('',#21143,#17134,#17135);
#14083=AXIS2_PLACEMENT_3D('',#21154,#17142,#17143);
#14084=AXIS2_PLACEMENT_3D('',#21155,#17144,#17145);
#14085=AXIS2_PLACEMENT_3D('',#21156,#17146,#17147);
#14086=AXIS2_PLACEMENT_3D('',#21157,#17148,#17149);
#14087=AXIS2_PLACEMENT_3D('',#21166,#17154,#17155);
#14088=AXIS2_PLACEMENT_3D('',#21167,#17156,#17157);
#14089=AXIS2_PLACEMENT_3D('',#21170,#17160,#17161);
#14090=AXIS2_PLACEMENT_3D('',#21173,#17164,#17165);
#14091=AXIS2_PLACEMENT_3D('',#21174,#17166,#17167);
#14092=AXIS2_PLACEMENT_3D('',#21175,#17168,#17169);
#14093=AXIS2_PLACEMENT_3D('',#21176,#17170,#17171);
#14094=AXIS2_PLACEMENT_3D('',#21177,#17172,#17173);
#14095=AXIS2_PLACEMENT_3D('',#21178,#17174,#17175);
#14096=AXIS2_PLACEMENT_3D('',#21179,#17176,#17177);
#14097=AXIS2_PLACEMENT_3D('',#21180,#17178,#17179);
#14098=AXIS2_PLACEMENT_3D('',#21181,#17180,#17181);
#14099=AXIS2_PLACEMENT_3D('',#21182,#17182,#17183);
#14100=AXIS2_PLACEMENT_3D('',#21183,#17184,#17185);
#14101=AXIS2_PLACEMENT_3D('',#21186,#17188,#17189);
#14102=AXIS2_PLACEMENT_3D('',#21188,#17191,#17192);
#14103=AXIS2_PLACEMENT_3D('',#21190,#17194,#17195);
#14104=AXIS2_PLACEMENT_3D('',#21191,#17196,#17197);
#14105=AXIS2_PLACEMENT_3D('',#21192,#17198,#17199);
#14106=AXIS2_PLACEMENT_3D('',#21195,#17202,#17203);
#14107=AXIS2_PLACEMENT_3D('',#21198,#17206,#17207);
#14108=AXIS2_PLACEMENT_3D('',#21199,#17208,#17209);
#14109=AXIS2_PLACEMENT_3D('',#21200,#17210,#17211);
#14110=AXIS2_PLACEMENT_3D('',#21201,#17212,#17213);
#14111=AXIS2_PLACEMENT_3D('',#21203,#17215,#17216);
#14112=AXIS2_PLACEMENT_3D('',#21205,#17218,#17219);
#14113=AXIS2_PLACEMENT_3D('',#21207,#17221,#17222);
#14114=AXIS2_PLACEMENT_3D('',#21209,#17224,#17225);
#14115=AXIS2_PLACEMENT_3D('',#21210,#17226,#17227);
#14116=AXIS2_PLACEMENT_3D('',#21214,#17229,#17230);
#14117=AXIS2_PLACEMENT_3D('',#21215,#17231,#17232);
#14118=AXIS2_PLACEMENT_3D('',#21220,#17235,#17236);
#14119=AXIS2_PLACEMENT_3D('',#21226,#17240,#17241);
#14120=AXIS2_PLACEMENT_3D('',#21232,#17245,#17246);
#14121=AXIS2_PLACEMENT_3D('',#21234,#17248,#17249);
#14122=AXIS2_PLACEMENT_3D('',#21235,#17250,#17251);
#14123=AXIS2_PLACEMENT_3D('',#21236,#17252,#17253);
#14124=AXIS2_PLACEMENT_3D('',#21237,#17254,#17255);
#14125=AXIS2_PLACEMENT_3D('',#21238,#17256,#17257);
#14126=AXIS2_PLACEMENT_3D('',#21239,#17258,#17259);
#14127=AXIS2_PLACEMENT_3D('',#21242,#17262,#17263);
#14128=AXIS2_PLACEMENT_3D('',#21245,#17266,#17267);
#14129=AXIS2_PLACEMENT_3D('',#21248,#17270,#17271);
#14130=AXIS2_PLACEMENT_3D('',#21254,#17275,#17276);
#14131=AXIS2_PLACEMENT_3D('',#21255,#17277,#17278);
#14132=AXIS2_PLACEMENT_3D('',#21260,#17280,#17281);
#14133=AXIS2_PLACEMENT_3D('',#21263,#17283,#17284);
#14134=AXIS2_PLACEMENT_3D('',#21272,#17286,#17287);
#14135=AXIS2_PLACEMENT_3D('',#21273,#17288,#17289);
#14136=AXIS2_PLACEMENT_3D('',#21279,#17290,#17291);
#14137=AXIS2_PLACEMENT_3D('',#21285,#17295,#17296);
#14138=AXIS2_PLACEMENT_3D('',#21286,#17297,#17298);
#14139=AXIS2_PLACEMENT_3D('',#21300,#17299,#17300);
#14140=AXIS2_PLACEMENT_3D('',#21303,#17302,#17303);
#14141=AXIS2_PLACEMENT_3D('',#21304,#17304,#17305);
#14142=AXIS2_PLACEMENT_3D('',#21305,#17306,#17307);
#14143=AXIS2_PLACEMENT_3D('',#21306,#17308,#17309);
#14144=AXIS2_PLACEMENT_3D('',#21307,#17310,#17311);
#14145=AXIS2_PLACEMENT_3D('',#21308,#17312,#17313);
#14146=AXIS2_PLACEMENT_3D('',#21309,#17314,#17315);
#14147=AXIS2_PLACEMENT_3D('',#21311,#17317,#17318);
#14148=AXIS2_PLACEMENT_3D('',#21313,#17320,#17321);
#14149=AXIS2_PLACEMENT_3D('',#21314,#17322,#17323);
#14150=AXIS2_PLACEMENT_3D('',#21315,#17324,#17325);
#14151=AXIS2_PLACEMENT_3D('',#21317,#17327,#17328);
#14152=AXIS2_PLACEMENT_3D('',#21320,#17331,#17332);
#14153=AXIS2_PLACEMENT_3D('',#21322,#17334,#17335);
#14154=AXIS2_PLACEMENT_3D('',#21323,#17336,#17337);
#14155=AXIS2_PLACEMENT_3D('',#21338,#17339,#17340);
#14156=AXIS2_PLACEMENT_3D('',#21341,#17342,#17343);
#14157=AXIS2_PLACEMENT_3D('',#21342,#17344,#17345);
#14158=AXIS2_PLACEMENT_3D('',#21344,#17346,#17347);
#14159=AXIS2_PLACEMENT_3D('',#21347,#17349,#17350);
#14160=AXIS2_PLACEMENT_3D('',#21348,#17351,#17352);
#14161=AXIS2_PLACEMENT_3D('',#21349,#17353,#17354);
#14162=AXIS2_PLACEMENT_3D('',#21350,#17355,#17356);
#14163=AXIS2_PLACEMENT_3D('',#21351,#17357,#17358);
#14164=AXIS2_PLACEMENT_3D('',#21353,#17359,#17360);
#14165=AXIS2_PLACEMENT_3D('',#21356,#17362,#17363);
#14166=AXIS2_PLACEMENT_3D('',#21366,#17365,#17366);
#14167=AXIS2_PLACEMENT_3D('',#21367,#17367,#17368);
#14168=AXIS2_PLACEMENT_3D('',#21374,#17369,#17370);
#14169=AXIS2_PLACEMENT_3D('',#21377,#17373,#17374);
#14170=AXIS2_PLACEMENT_3D('',#21379,#17376,#17377);
#14171=AXIS2_PLACEMENT_3D('',#21381,#17379,#17380);
#14172=AXIS2_PLACEMENT_3D('',#21382,#17381,#17382);
#14173=AXIS2_PLACEMENT_3D('',#21383,#17383,#17384);
#14174=AXIS2_PLACEMENT_3D('',#21386,#17387,#17388);
#14175=AXIS2_PLACEMENT_3D('',#21388,#17390,#17391);
#14176=AXIS2_PLACEMENT_3D('',#21390,#17393,#17394);
#14177=AXIS2_PLACEMENT_3D('',#21391,#17395,#17396);
#14178=AXIS2_PLACEMENT_3D('',#21396,#17398,#17399);
#14179=AXIS2_PLACEMENT_3D('',#21399,#17401,#17402);
#14180=AXIS2_PLACEMENT_3D('',#21400,#17403,#17404);
#14181=AXIS2_PLACEMENT_3D('',#21402,#17405,#17406);
#14182=AXIS2_PLACEMENT_3D('',#21405,#17408,#17409);
#14183=AXIS2_PLACEMENT_3D('',#21415,#17411,#17412);
#14184=AXIS2_PLACEMENT_3D('',#21416,#17413,#17414);
#14185=AXIS2_PLACEMENT_3D('',#21423,#17415,#17416);
#14186=AXIS2_PLACEMENT_3D('',#21429,#17420,#17421);
#14187=AXIS2_PLACEMENT_3D('',#21430,#17422,#17423);
#14188=AXIS2_PLACEMENT_3D('',#21442,#17424,#17425);
#14189=AXIS2_PLACEMENT_3D('',#21445,#17427,#17428);
#14190=AXIS2_PLACEMENT_3D('',#21446,#17429,#17430);
#14191=AXIS2_PLACEMENT_3D('',#21448,#17431,#17432);
#14192=AXIS2_PLACEMENT_3D('',#21451,#17434,#17435);
#14193=AXIS2_PLACEMENT_3D('',#21452,#17436,#17437);
#14194=AXIS2_PLACEMENT_3D('',#21453,#17438,#17439);
#14195=AXIS2_PLACEMENT_3D('',#21454,#17440,#17441);
#14196=AXIS2_PLACEMENT_3D('',#21457,#17444,#17445);
#14197=AXIS2_PLACEMENT_3D('',#21459,#17447,#17448);
#14198=AXIS2_PLACEMENT_3D('',#21461,#17450,#17451);
#14199=AXIS2_PLACEMENT_3D('',#21462,#17452,#17453);
#14200=AXIS2_PLACEMENT_3D('',#21463,#17454,#17455);
#14201=AXIS2_PLACEMENT_3D('',#21465,#17457,#17458);
#14202=AXIS2_PLACEMENT_3D('',#21467,#17460,#17461);
#14203=AXIS2_PLACEMENT_3D('',#21469,#17463,#17464);
#14204=AXIS2_PLACEMENT_3D('',#21471,#17466,#17467);
#14205=AXIS2_PLACEMENT_3D('',#21472,#17468,#17469);
#14206=AXIS2_PLACEMENT_3D('',#21480,#17473,#17474);
#14207=AXIS2_PLACEMENT_3D('',#21481,#17475,#17476);
#14208=AXIS2_PLACEMENT_3D('',#21482,#17477,#17478);
#14209=AXIS2_PLACEMENT_3D('',#21483,#17479,#17480);
#14210=AXIS2_PLACEMENT_3D('',#21487,#17482,#17483);
#14211=AXIS2_PLACEMENT_3D('',#21492,#17486,#17487);
#14212=AXIS2_PLACEMENT_3D('',#21496,#17489,#17490);
#14213=AXIS2_PLACEMENT_3D('',#21501,#17493,#17494);
#14214=AXIS2_PLACEMENT_3D('',#21502,#17495,#17496);
#14215=AXIS2_PLACEMENT_3D('',#21505,#17499,#17500);
#14216=AXIS2_PLACEMENT_3D('',#21507,#17502,#17503);
#14217=AXIS2_PLACEMENT_3D('',#21508,#17504,#17505);
#14218=AXIS2_PLACEMENT_3D('',#21509,#17506,#17507);
#14219=AXIS2_PLACEMENT_3D('',#21510,#17508,#17509);
#14220=AXIS2_PLACEMENT_3D('',#21511,#17510,#17511);
#14221=AXIS2_PLACEMENT_3D('',#21512,#17512,#17513);
#14222=AXIS2_PLACEMENT_3D('',#21513,#17514,#17515);
#14223=AXIS2_PLACEMENT_3D('',#21514,#17516,#17517);
#14224=AXIS2_PLACEMENT_3D('',#21515,#17518,#17519);
#14225=AXIS2_PLACEMENT_3D('',#21516,#17520,#17521);
#14226=AXIS2_PLACEMENT_3D('',#21517,#17522,#17523);
#14227=AXIS2_PLACEMENT_3D('',#21518,#17524,#17525);
#14228=AXIS2_PLACEMENT_3D('',#21519,#17526,#17527);
#14229=AXIS2_PLACEMENT_3D('',#21520,#17528,#17529);
#14230=AXIS2_PLACEMENT_3D('',#21521,#17530,#17531);
#14231=AXIS2_PLACEMENT_3D('',#21522,#17532,#17533);
#14232=AXIS2_PLACEMENT_3D('',#21523,#17534,#17535);
#14233=AXIS2_PLACEMENT_3D('',#21524,#17536,#17537);
#14234=AXIS2_PLACEMENT_3D('',#21525,#17538,#17539);
#14235=AXIS2_PLACEMENT_3D('',#21526,#17540,#17541);
#14236=AXIS2_PLACEMENT_3D('',#21530,#17543,#17544);
#14237=AXIS2_PLACEMENT_3D('',#21531,#17545,#17546);
#14238=AXIS2_PLACEMENT_3D('',#21532,#17547,#17548);
#14239=AXIS2_PLACEMENT_3D('',#21536,#17550,#17551);
#14240=AXIS2_PLACEMENT_3D('',#21540,#17553,#17554);
#14241=AXIS2_PLACEMENT_3D('',#21544,#17556,#17557);
#14242=AXIS2_PLACEMENT_3D('',#21545,#17558,#17559);
#14243=AXIS2_PLACEMENT_3D('',#21547,#17561,#17562);
#14244=AXIS2_PLACEMENT_3D('',#21553,#17566,#17567);
#14245=AXIS2_PLACEMENT_3D('',#21567,#17575,#17576);
#14246=AXIS2_PLACEMENT_3D('',#21569,#17578,#17579);
#14247=AXIS2_PLACEMENT_3D('',#21570,#17580,#17581);
#14248=AXIS2_PLACEMENT_3D('',#21571,#17582,#17583);
#14249=AXIS2_PLACEMENT_3D('',#21572,#17584,#17585);
#14250=AXIS2_PLACEMENT_3D('',#21573,#17586,#17587);
#14251=AXIS2_PLACEMENT_3D('',#21574,#17588,#17589);
#14252=AXIS2_PLACEMENT_3D('',#21583,#17594,#17595);
#14253=AXIS2_PLACEMENT_3D('',#21584,#17596,#17597);
#14254=AXIS2_PLACEMENT_3D('',#21587,#17600,#17601);
#14255=AXIS2_PLACEMENT_3D('',#21590,#17604,#17605);
#14256=AXIS2_PLACEMENT_3D('',#21591,#17606,#17607);
#14257=AXIS2_PLACEMENT_3D('',#21592,#17608,#17609);
#14258=AXIS2_PLACEMENT_3D('',#21593,#17610,#17611);
#14259=AXIS2_PLACEMENT_3D('',#21594,#17612,#17613);
#14260=AXIS2_PLACEMENT_3D('',#21595,#17614,#17615);
#14261=AXIS2_PLACEMENT_3D('',#21596,#17616,#17617);
#14262=AXIS2_PLACEMENT_3D('',#21597,#17618,#17619);
#14263=AXIS2_PLACEMENT_3D('',#21598,#17620,#17621);
#14264=AXIS2_PLACEMENT_3D('',#21599,#17622,#17623);
#14265=AXIS2_PLACEMENT_3D('',#21600,#17624,#17625);
#14266=AXIS2_PLACEMENT_3D('',#21603,#17628,#17629);
#14267=AXIS2_PLACEMENT_3D('',#21606,#17632,#17633);
#14268=AXIS2_PLACEMENT_3D('',#21607,#17634,#17635);
#14269=AXIS2_PLACEMENT_3D('',#21608,#17636,#17637);
#14270=AXIS2_PLACEMENT_3D('',#21609,#17638,#17639);
#14271=AXIS2_PLACEMENT_3D('',#21612,#17642,#17643);
#14272=AXIS2_PLACEMENT_3D('',#21615,#17646,#17647);
#14273=AXIS2_PLACEMENT_3D('',#21616,#17648,#17649);
#14274=AXIS2_PLACEMENT_3D('',#21617,#17650,#17651);
#14275=AXIS2_PLACEMENT_3D('',#21618,#17652,#17653);
#14276=AXIS2_PLACEMENT_3D('',#21620,#17655,#17656);
#14277=AXIS2_PLACEMENT_3D('',#21623,#17659,#17660);
#14278=AXIS2_PLACEMENT_3D('',#21625,#17662,#17663);
#14279=AXIS2_PLACEMENT_3D('',#21626,#17664,#17665);
#14280=AXIS2_PLACEMENT_3D('',#21641,#17667,#17668);
#14281=AXIS2_PLACEMENT_3D('',#21644,#17670,#17671);
#14282=AXIS2_PLACEMENT_3D('',#21645,#17672,#17673);
#14283=AXIS2_PLACEMENT_3D('',#21647,#17674,#17675);
#14284=AXIS2_PLACEMENT_3D('',#21650,#17677,#17678);
#14285=AXIS2_PLACEMENT_3D('',#21651,#17679,#17680);
#14286=AXIS2_PLACEMENT_3D('',#21652,#17681,#17682);
#14287=AXIS2_PLACEMENT_3D('',#21653,#17683,#17684);
#14288=AXIS2_PLACEMENT_3D('',#21654,#17685,#17686);
#14289=AXIS2_PLACEMENT_3D('',#21656,#17687,#17688);
#14290=AXIS2_PLACEMENT_3D('',#21659,#17690,#17691);
#14291=AXIS2_PLACEMENT_3D('',#21669,#17693,#17694);
#14292=AXIS2_PLACEMENT_3D('',#21670,#17695,#17696);
#14293=AXIS2_PLACEMENT_3D('',#21677,#17697,#17698);
#14294=AXIS2_PLACEMENT_3D('',#21680,#17701,#17702);
#14295=AXIS2_PLACEMENT_3D('',#21682,#17704,#17705);
#14296=AXIS2_PLACEMENT_3D('',#21684,#17707,#17708);
#14297=AXIS2_PLACEMENT_3D('',#21685,#17709,#17710);
#14298=AXIS2_PLACEMENT_3D('',#21686,#17711,#17712);
#14299=AXIS2_PLACEMENT_3D('',#21689,#17715,#17716);
#14300=AXIS2_PLACEMENT_3D('',#21692,#17719,#17720);
#14301=AXIS2_PLACEMENT_3D('',#21695,#17723,#17724);
#14302=AXIS2_PLACEMENT_3D('',#21701,#17728,#17729);
#14303=AXIS2_PLACEMENT_3D('',#21702,#17730,#17731);
#14304=AXIS2_PLACEMENT_3D('',#21707,#17733,#17734);
#14305=AXIS2_PLACEMENT_3D('',#21710,#17736,#17737);
#14306=AXIS2_PLACEMENT_3D('',#21719,#17739,#17740);
#14307=AXIS2_PLACEMENT_3D('',#21720,#17741,#17742);
#14308=AXIS2_PLACEMENT_3D('',#21726,#17743,#17744);
#14309=AXIS2_PLACEMENT_3D('',#21732,#17748,#17749);
#14310=AXIS2_PLACEMENT_3D('',#21733,#17750,#17751);
#14311=AXIS2_PLACEMENT_3D('',#21747,#17752,#17753);
#14312=AXIS2_PLACEMENT_3D('',#21750,#17755,#17756);
#14313=AXIS2_PLACEMENT_3D('',#21751,#17757,#17758);
#14314=AXIS2_PLACEMENT_3D('',#21752,#17759,#17760);
#14315=AXIS2_PLACEMENT_3D('',#21753,#17761,#17762);
#14316=AXIS2_PLACEMENT_3D('',#21754,#17763,#17764);
#14317=AXIS2_PLACEMENT_3D('',#21755,#17765,#17766);
#14318=AXIS2_PLACEMENT_3D('',#21756,#17767,#17768);
#14319=AXIS2_PLACEMENT_3D('',#21758,#17770,#17771);
#14320=AXIS2_PLACEMENT_3D('',#21760,#17773,#17774);
#14321=AXIS2_PLACEMENT_3D('',#21761,#17775,#17776);
#14322=AXIS2_PLACEMENT_3D('',#21762,#17777,#17778);
#14323=AXIS2_PLACEMENT_3D('',#21765,#17781,#17782);
#14324=AXIS2_PLACEMENT_3D('',#21767,#17784,#17785);
#14325=AXIS2_PLACEMENT_3D('',#21769,#17787,#17788);
#14326=AXIS2_PLACEMENT_3D('',#21770,#17789,#17790);
#14327=AXIS2_PLACEMENT_3D('',#21775,#17792,#17793);
#14328=AXIS2_PLACEMENT_3D('',#21778,#17795,#17796);
#14329=AXIS2_PLACEMENT_3D('',#21779,#17797,#17798);
#14330=AXIS2_PLACEMENT_3D('',#21781,#17799,#17800);
#14331=AXIS2_PLACEMENT_3D('',#21784,#17802,#17803);
#14332=AXIS2_PLACEMENT_3D('',#21787,#17806,#17807);
#14333=AXIS2_PLACEMENT_3D('',#21788,#17808,#17809);
#14334=AXIS2_PLACEMENT_3D('',#21790,#17810,#17811);
#14335=AXIS2_PLACEMENT_3D('',#21793,#17813,#17814);
#14336=AXIS2_PLACEMENT_3D('',#21794,#17815,#17816);
#14337=AXIS2_PLACEMENT_3D('',#21796,#17817,#17818);
#14338=AXIS2_PLACEMENT_3D('',#21799,#17820,#17821);
#14339=AXIS2_PLACEMENT_3D('',#21808,#17823,#17824);
#14340=AXIS2_PLACEMENT_3D('',#21809,#17825,#17826);
#14341=AXIS2_PLACEMENT_3D('',#21815,#17827,#17828);
#14342=AXIS2_PLACEMENT_3D('',#21821,#17832,#17833);
#14343=AXIS2_PLACEMENT_3D('',#21822,#17834,#17835);
#14344=AXIS2_PLACEMENT_3D('',#21835,#17836,#17837);
#14345=AXIS2_PLACEMENT_3D('',#21836,#17838,#17839);
#14346=AXIS2_PLACEMENT_3D('',#21838,#17841,#17842);
#14347=AXIS2_PLACEMENT_3D('',#21840,#17844,#17845);
#14348=AXIS2_PLACEMENT_3D('',#21841,#17846,#17847);
#14349=AXIS2_PLACEMENT_3D('',#21842,#17848,#17849);
#14350=AXIS2_PLACEMENT_3D('',#21844,#17851,#17852);
#14351=AXIS2_PLACEMENT_3D('',#21846,#17854,#17855);
#14352=AXIS2_PLACEMENT_3D('',#21848,#17857,#17858);
#14353=AXIS2_PLACEMENT_3D('',#21850,#17860,#17861);
#14354=AXIS2_PLACEMENT_3D('',#21851,#17862,#17863);
#14355=AXIS2_PLACEMENT_3D('',#21859,#17867,#17868);
#14356=AXIS2_PLACEMENT_3D('',#21860,#17869,#17870);
#14357=AXIS2_PLACEMENT_3D('',#21861,#17871,#17872);
#14358=AXIS2_PLACEMENT_3D('',#21865,#17874,#17875);
#14359=AXIS2_PLACEMENT_3D('',#21870,#17878,#17879);
#14360=AXIS2_PLACEMENT_3D('',#21871,#17880,#17881);
#14361=AXIS2_PLACEMENT_3D('',#21875,#17883,#17884);
#14362=AXIS2_PLACEMENT_3D('',#21879,#17886,#17887);
#14363=AXIS2_PLACEMENT_3D('',#21881,#17889,#17890);
#14364=AXIS2_PLACEMENT_3D('',#21884,#17893,#17894);
#14365=AXIS2_PLACEMENT_3D('',#21886,#17896,#17897);
#14366=AXIS2_PLACEMENT_3D('',#21887,#17898,#17899);
#14367=AXIS2_PLACEMENT_3D('',#21888,#17900,#17901);
#14368=AXIS2_PLACEMENT_3D('',#21889,#17902,#17903);
#14369=AXIS2_PLACEMENT_3D('',#21890,#17904,#17905);
#14370=AXIS2_PLACEMENT_3D('',#21891,#17906,#17907);
#14371=AXIS2_PLACEMENT_3D('',#21892,#17908,#17909);
#14372=AXIS2_PLACEMENT_3D('',#21893,#17910,#17911);
#14373=AXIS2_PLACEMENT_3D('',#21894,#17912,#17913);
#14374=AXIS2_PLACEMENT_3D('',#21895,#17914,#17915);
#14375=AXIS2_PLACEMENT_3D('',#21896,#17916,#17917);
#14376=AXIS2_PLACEMENT_3D('',#21897,#17918,#17919);
#14377=AXIS2_PLACEMENT_3D('',#21898,#17920,#17921);
#14378=AXIS2_PLACEMENT_3D('',#21899,#17922,#17923);
#14379=AXIS2_PLACEMENT_3D('',#21900,#17924,#17925);
#14380=AXIS2_PLACEMENT_3D('',#21901,#17926,#17927);
#14381=AXIS2_PLACEMENT_3D('',#21902,#17928,#17929);
#14382=AXIS2_PLACEMENT_3D('',#21903,#17930,#17931);
#14383=AXIS2_PLACEMENT_3D('',#21904,#17932,#17933);
#14384=AXIS2_PLACEMENT_3D('',#21905,#17934,#17935);
#14385=AXIS2_PLACEMENT_3D('',#21906,#17936,#17937);
#14386=AXIS2_PLACEMENT_3D('',#21907,#17938,#17939);
#14387=AXIS2_PLACEMENT_3D('',#21908,#17940,#17941);
#14388=AXIS2_PLACEMENT_3D('',#21909,#17942,#17943);
#14389=AXIS2_PLACEMENT_3D('',#21910,#17944,#17945);
#14390=AXIS2_PLACEMENT_3D('',#21913,#17948,#17949);
#14391=AXIS2_PLACEMENT_3D('',#21916,#17952,#17953);
#14392=AXIS2_PLACEMENT_3D('',#21917,#17954,#17955);
#14393=AXIS2_PLACEMENT_3D('',#21918,#17956,#17957);
#14394=AXIS2_PLACEMENT_3D('',#21921,#17960,#17961);
#14395=AXIS2_PLACEMENT_3D('',#21924,#17964,#17965);
#14396=AXIS2_PLACEMENT_3D('',#21925,#17966,#17967);
#14397=AXIS2_PLACEMENT_3D('',#21926,#17968,#17969);
#14398=AXIS2_PLACEMENT_3D('',#21927,#17970,#17971);
#14399=AXIS2_PLACEMENT_3D('',#21928,#17972,#17973);
#14400=AXIS2_PLACEMENT_3D('',#21930,#17974,#17975);
#14401=AXIS2_PLACEMENT_3D('',#21932,#17976,#17977);
#14402=AXIS2_PLACEMENT_3D('',#21933,#17978,#17979);
#14403=AXIS2_PLACEMENT_3D('',#21935,#17980,#17981);
#14404=AXIS2_PLACEMENT_3D('',#21936,#17982,#17983);
#14405=AXIS2_PLACEMENT_3D('',#21938,#17984,#17985);
#14406=AXIS2_PLACEMENT_3D('',#21939,#17986,#17987);
#14407=AXIS2_PLACEMENT_3D('',#21941,#17988,#17989);
#14408=AXIS2_PLACEMENT_3D('',#21942,#17990,#17991);
#14409=AXIS2_PLACEMENT_3D('',#21944,#17992,#17993);
#14410=AXIS2_PLACEMENT_3D('',#21945,#17994,#17995);
#14411=AXIS2_PLACEMENT_3D('',#21946,#17996,#17997);
#14412=AXIS2_PLACEMENT_3D('',#21947,#17998,#17999);
#14413=AXIS2_PLACEMENT_3D('',#21948,#18000,#18001);
#14414=AXIS2_PLACEMENT_3D('',#21949,#18002,#18003);
#14415=AXIS2_PLACEMENT_3D('',#21950,#18004,#18005);
#14416=DIRECTION('',(0.,0.,1.));
#14417=DIRECTION('',(1.,0.,0.));
#14418=DIRECTION('',(0.,1.,0.));
#14419=DIRECTION('',(0.,0.,1.));
#14420=DIRECTION('',(-1.,0.,0.));
#14421=DIRECTION('',(-1.49007993081711E-16,0.,-1.));
#14422=DIRECTION('',(-1.,0.,0.));
#14423=DIRECTION('',(0.,0.,-1.));
#14424=DIRECTION('',(-1.,0.,0.));
#14425=DIRECTION('',(0.,0.,-1.));
#14426=DIRECTION('',(-1.,0.,0.));
#14427=DIRECTION('',(0.,0.,1.));
#14428=DIRECTION('',(1.,0.,0.));
#14429=DIRECTION('',(0.,0.,-1.));
#14430=DIRECTION('',(0.,0.,-1.));
#14431=DIRECTION('',(0.,-1.,0.));
#14432=DIRECTION('',(0.,0.,1.));
#14433=DIRECTION('',(0.,-1.,-2.00778180089908E-16));
#14434=DIRECTION('',(0.,0.,-1.));
#14435=DIRECTION('',(0.,-1.,0.));
#14436=DIRECTION('',(0.,0.,-1.));
#14437=DIRECTION('',(0.,1.,0.));
#14438=DIRECTION('',(0.,0.,1.));
#14439=DIRECTION('',(0.,-1.,0.));
#14440=DIRECTION('',(0.,0.,1.));
#14441=DIRECTION('',(0.,1.,0.));
#14442=DIRECTION('',(0.,1.73472347597681E-16,-1.));
#14443=DIRECTION('',(0.,-1.,3.61400721398519E-16));
#14444=DIRECTION('',(0.,0.,-1.));
#14445=DIRECTION('',(0.,-1.,0.));
#14446=DIRECTION('',(0.,0.,1.));
#14447=DIRECTION('',(0.,-1.,0.));
#14448=DIRECTION('',(0.,-1.3043033653961E-15,-1.));
#14449=DIRECTION('',(0.,1.,0.));
#14450=DIRECTION('',(0.,0.,1.));
#14451=DIRECTION('',(0.,-1.,0.));
#14452=DIRECTION('',(0.,-4.4626853386034E-15,-1.));
#14453=DIRECTION('',(0.,1.,0.));
#14454=DIRECTION('',(0.,0.,1.));
#14455=DIRECTION('',(0.,-1.,0.));
#14456=DIRECTION('',(1.,0.,0.));
#14457=DIRECTION('',(0.,0.,-1.));
#14458=DIRECTION('',(0.,-1.,0.));
#14459=DIRECTION('',(0.,0.,1.));
#14460=DIRECTION('',(0.,-1.,0.));
#14461=DIRECTION('',(0.,0.,-1.));
#14462=DIRECTION('',(0.,1.,0.));
#14463=DIRECTION('',(0.,0.,1.));
#14464=DIRECTION('',(0.,-1.,0.));
#14465=DIRECTION('',(0.,-1.63037920674512E-16,1.));
#14466=DIRECTION('',(0.,-1.,0.));
#14467=DIRECTION('',(0.,0.,1.));
#14468=DIRECTION('',(0.,-1.,-2.00778180089908E-16));
#14469=DIRECTION('',(0.,-1.27553196763001E-16,-1.));
#14470=DIRECTION('',(0.,0.,-1.));
#14471=DIRECTION('',(-1.,0.,0.));
#14472=DIRECTION('',(-2.00778180089908E-16,1.,0.));
#14473=DIRECTION('',(-1.,0.,0.));
#14474=DIRECTION('',(0.,-1.,0.));
#14475=DIRECTION('',(-1.,0.,0.));
#14476=DIRECTION('',(-1.,0.,0.));
#14477=DIRECTION('',(0.,0.,1.));
#14478=DIRECTION('',(0.,1.,0.));
#14479=DIRECTION('',(0.,0.,1.));
#14480=DIRECTION('',(0.,1.,0.));
#14481=DIRECTION('',(0.,0.,-1.));
#14482=DIRECTION('',(-1.,0.,0.));
#14483=DIRECTION('',(0.,0.,1.));
#14484=DIRECTION('',(0.,0.,-1.));
#14485=DIRECTION('',(0.,-1.,0.));
#14486=DIRECTION('',(0.,0.,1.));
#14487=DIRECTION('',(0.,-1.,0.));
#14488=DIRECTION('',(0.,0.,1.));
#14489=DIRECTION('',(0.,-1.,0.));
#14490=DIRECTION('',(0.,0.,1.));
#14491=DIRECTION('',(0.,-1.,0.));
#14492=DIRECTION('',(0.,0.,1.));
#14493=DIRECTION('',(0.,-1.,0.));
#14494=DIRECTION('',(0.,0.,-1.));
#14495=DIRECTION('',(0.,-1.,0.));
#14496=DIRECTION('',(-1.,0.,0.));
#14497=DIRECTION('',(0.,0.,1.));
#14498=DIRECTION('',(0.,-1.,0.));
#14499=DIRECTION('',(0.,0.,-1.));
#14500=DIRECTION('',(0.,-1.,0.));
#14501=DIRECTION('',(0.,0.,-1.));
#14502=DIRECTION('',(0.,-1.,0.));
#14503=DIRECTION('',(0.,0.,1.));
#14504=DIRECTION('',(0.,-1.,0.));
#14505=DIRECTION('',(0.,0.,1.));
#14506=DIRECTION('',(-1.,0.,0.));
#14507=DIRECTION('',(0.,0.,1.));
#14508=DIRECTION('',(0.,1.,0.));
#14509=DIRECTION('',(0.,0.,1.));
#14510=DIRECTION('',(0.,1.,0.));
#14511=DIRECTION('',(0.,0.,-1.));
#14512=DIRECTION('',(1.,0.,0.));
#14513=DIRECTION('',(0.,0.,-1.));
#14514=DIRECTION('',(0.,0.,1.));
#14515=DIRECTION('',(0.,-1.,0.));
#14516=DIRECTION('',(0.,0.,-1.));
#14517=DIRECTION('',(0.,-1.,-2.00778180089908E-16));
#14518=DIRECTION('',(1.,0.,0.));
#14519=DIRECTION('',(0.,0.,-1.));
#14520=DIRECTION('',(0.,0.,1.));
#14521=DIRECTION('',(0.,-1.,0.));
#14522=DIRECTION('',(0.,-1.27553196763001E-16,-1.));
#14523=DIRECTION('',(0.,-1.,-2.00778180089908E-16));
#14524=DIRECTION('',(1.,0.,0.));
#14525=DIRECTION('',(0.,0.,-1.));
#14526=DIRECTION('',(0.,0.,1.));
#14527=DIRECTION('',(0.,-1.,0.));
#14528=DIRECTION('',(0.,-1.27553196763001E-16,-1.));
#14529=DIRECTION('',(0.,-1.,0.));
#14530=DIRECTION('',(-1.,0.,0.));
#14531=DIRECTION('',(0.,0.,1.));
#14532=DIRECTION('',(0.,1.,-4.01556360179816E-16));
#14533=DIRECTION('',(0.,0.,1.));
#14534=DIRECTION('',(0.,1.,-2.00778180089908E-16));
#14535=DIRECTION('',(0.,0.,-1.));
#14536=DIRECTION('',(0.,0.,1.));
#14537=DIRECTION('',(1.,0.,0.));
#14538=DIRECTION('',(1.,0.,0.));
#14539=DIRECTION('',(0.,1.,0.));
#14540=DIRECTION('',(1.,0.,0.));
#14541=DIRECTION('',(0.,-1.,0.));
#14542=DIRECTION('',(0.,0.,1.));
#14543=DIRECTION('',(1.,0.,0.));
#14544=DIRECTION('',(1.,0.,0.));
#14545=DIRECTION('',(0.,1.,0.));
#14546=DIRECTION('',(1.,0.,0.));
#14547=DIRECTION('',(0.,-1.,0.));
#14548=DIRECTION('',(0.,0.,1.));
#14549=DIRECTION('',(1.,0.,0.));
#14550=DIRECTION('',(1.,0.,0.));
#14551=DIRECTION('',(0.,1.,0.));
#14552=DIRECTION('',(1.,0.,0.));
#14553=DIRECTION('',(0.,-1.,0.));
#14554=DIRECTION('',(0.,0.,1.));
#14555=DIRECTION('',(1.,0.,0.));
#14556=DIRECTION('',(1.,0.,0.));
#14557=DIRECTION('',(0.,1.,0.));
#14558=DIRECTION('',(1.,0.,0.));
#14559=DIRECTION('',(0.,-1.,0.));
#14560=DIRECTION('',(0.,0.,1.));
#14561=DIRECTION('',(1.,0.,0.));
#14562=DIRECTION('',(1.,0.,0.));
#14563=DIRECTION('',(0.,1.,0.));
#14564=DIRECTION('',(1.,0.,0.));
#14565=DIRECTION('',(0.,-1.,0.));
#14566=DIRECTION('',(0.,0.,1.));
#14567=DIRECTION('',(1.,0.,0.));
#14568=DIRECTION('',(1.,0.,0.));
#14569=DIRECTION('',(0.,1.,0.));
#14570=DIRECTION('',(1.,0.,0.));
#14571=DIRECTION('',(0.,-1.,0.));
#14572=DIRECTION('',(0.,0.,-1.));
#14573=DIRECTION('',(-1.,0.,0.));
#14574=DIRECTION('',(1.,0.,0.));
#14575=DIRECTION('',(0.,-1.,0.));
#14576=DIRECTION('',(1.,0.,0.));
#14577=DIRECTION('',(0.,-1.,0.));
#14578=DIRECTION('',(0.,-1.,0.));
#14579=DIRECTION('',(0.,0.,-1.));
#14580=DIRECTION('',(0.,1.,1.21972744404619E-16));
#14581=DIRECTION('',(0.,-1.21972744404619E-16,1.));
#14582=DIRECTION('',(0.,-1.,0.));
#14583=DIRECTION('',(0.,0.,-1.));
#14584=DIRECTION('',(0.,-1.,0.));
#14585=DIRECTION('',(0.,0.,-1.));
#14586=DIRECTION('',(0.,-1.,0.));
#14587=DIRECTION('',(0.,-1.,0.));
#14588=DIRECTION('',(0.,0.,-1.));
#14589=DIRECTION('',(0.,1.,-2.16840434497101E-16));
#14590=DIRECTION('',(0.,2.16840434497101E-16,1.));
#14591=DIRECTION('',(0.,0.,-1.));
#14592=DIRECTION('',(-1.,0.,0.));
#14593=DIRECTION('',(1.,0.,0.));
#14594=DIRECTION('',(0.,-1.,0.));
#14595=DIRECTION('',(1.,0.,0.));
#14596=DIRECTION('',(0.,-1.,0.));
#14597=DIRECTION('',(0.,-1.,0.));
#14598=DIRECTION('',(0.,0.,-1.));
#14599=DIRECTION('',(0.,-1.,0.));
#14600=DIRECTION('',(0.,1.,0.));
#14601=DIRECTION('',(0.,0.,1.));
#14602=DIRECTION('',(0.,-1.,0.));
#14603=DIRECTION('',(0.,0.,-1.));
#14604=DIRECTION('',(0.,-1.,0.));
#14605=DIRECTION('',(0.,0.,-1.));
#14606=DIRECTION('',(0.,-1.,0.));
#14607=DIRECTION('',(0.,-1.,0.));
#14608=DIRECTION('',(0.,0.,-1.));
#14609=DIRECTION('',(0.,-1.,0.));
#14610=DIRECTION('',(0.,-1.,0.));
#14611=DIRECTION('',(0.,0.,-1.));
#14612=DIRECTION('',(0.,0.,-1.));
#14613=DIRECTION('',(-1.,0.,0.));
#14614=DIRECTION('',(1.,0.,0.));
#14615=DIRECTION('',(0.,-1.,0.));
#14616=DIRECTION('',(1.,0.,0.));
#14617=DIRECTION('',(0.,-1.,0.));
#14618=DIRECTION('',(0.,-1.,0.));
#14619=DIRECTION('',(0.,0.,-1.));
#14620=DIRECTION('',(0.,-1.,0.));
#14621=DIRECTION('',(0.,1.,0.));
#14622=DIRECTION('',(0.,0.,1.));
#14623=DIRECTION('',(0.,-1.,0.));
#14624=DIRECTION('',(0.,0.,-1.));
#14625=DIRECTION('',(0.,0.,-1.));
#14626=DIRECTION('',(-1.,0.,0.));
#14627=DIRECTION('',(1.,0.,0.));
#14628=DIRECTION('',(0.,-1.,0.));
#14629=DIRECTION('',(1.,0.,0.));
#14630=DIRECTION('',(0.,-1.,0.));
#14631=DIRECTION('',(0.,-1.,0.));
#14632=DIRECTION('',(0.,0.,-1.));
#14633=DIRECTION('',(0.,-1.,0.));
#14634=DIRECTION('',(0.,1.,0.));
#14635=DIRECTION('',(0.,0.,1.));
#14636=DIRECTION('',(0.,-1.,0.));
#14637=DIRECTION('',(0.,0.,-1.));
#14638=DIRECTION('',(0.,0.,-1.));
#14639=DIRECTION('',(-1.,0.,0.));
#14640=DIRECTION('',(1.,0.,0.));
#14641=DIRECTION('',(0.,-1.,0.));
#14642=DIRECTION('',(1.,0.,0.));
#14643=DIRECTION('',(0.,-1.,0.));
#14644=DIRECTION('',(0.,-1.,0.));
#14645=DIRECTION('',(0.,0.,-1.));
#14646=DIRECTION('',(0.,1.,0.));
#14647=DIRECTION('',(0.,0.,1.));
#14648=DIRECTION('',(0.,-1.,0.));
#14649=DIRECTION('',(0.,0.,-1.));
#14650=DIRECTION('',(0.,0.,-1.));
#14651=DIRECTION('',(-1.,0.,0.));
#14652=DIRECTION('',(1.,0.,0.));
#14653=DIRECTION('',(0.,-1.,0.));
#14654=DIRECTION('',(1.,0.,0.));
#14655=DIRECTION('',(0.,-1.,0.));
#14656=DIRECTION('',(0.,-1.,0.));
#14657=DIRECTION('',(0.,0.,-1.));
#14658=DIRECTION('',(0.,1.,0.));
#14659=DIRECTION('',(0.,0.,1.));
#14660=DIRECTION('',(0.,-1.,0.));
#14661=DIRECTION('',(0.,0.,-1.));
#14662=DIRECTION('',(0.,0.,-1.));
#14663=DIRECTION('',(-1.,0.,0.));
#14664=DIRECTION('',(1.,0.,0.));
#14665=DIRECTION('',(0.,-1.,0.));
#14666=DIRECTION('',(1.,0.,0.));
#14667=DIRECTION('',(0.,-1.,0.));
#14668=DIRECTION('',(0.,-1.,0.));
#14669=DIRECTION('',(0.,0.,-1.));
#14670=DIRECTION('',(0.,1.,0.));
#14671=DIRECTION('',(0.,0.,1.));
#14672=DIRECTION('',(0.,-1.,-2.16840434497101E-16));
#14673=DIRECTION('',(0.,2.16840434497101E-16,-1.));
#14674=DIRECTION('',(0.,0.,-1.));
#14675=DIRECTION('',(-1.,0.,0.));
#14676=DIRECTION('',(0.,-1.,0.));
#14677=DIRECTION('',(1.,0.,0.));
#14678=DIRECTION('',(1.,0.,0.));
#14679=DIRECTION('',(0.,0.,1.));
#14680=DIRECTION('',(1.,0.,0.));
#14681=DIRECTION('',(0.,1.,0.));
#14682=DIRECTION('',(-1.,0.,0.));
#14683=DIRECTION('',(-1.,0.,0.));
#14684=DIRECTION('',(0.,1.,0.));
#14685=DIRECTION('',(-1.,0.,0.));
#14686=DIRECTION('',(1.,0.,0.));
#14687=DIRECTION('',(-2.00778180089908E-16,1.,0.));
#14688=DIRECTION('',(-1.,0.,0.));
#14689=DIRECTION('',(0.,-1.,0.));
#14690=DIRECTION('',(-1.,0.,0.));
#14691=DIRECTION('',(0.,1.,0.));
#14692=DIRECTION('',(-1.,0.,0.));
#14693=DIRECTION('',(0.,1.,0.));
#14694=DIRECTION('',(-1.,0.,0.));
#14695=DIRECTION('',(0.,-1.,0.));
#14696=DIRECTION('',(-1.,0.,0.));
#14697=DIRECTION('',(0.,1.,0.));
#14698=DIRECTION('',(-1.,0.,0.));
#14699=DIRECTION('',(0.,-1.,0.));
#14700=DIRECTION('',(-1.,0.,0.));
#14701=DIRECTION('',(0.,-1.,0.));
#14702=DIRECTION('',(-1.,0.,0.));
#14703=DIRECTION('',(0.,-1.,0.));
#14704=DIRECTION('',(1.,0.,0.));
#14705=DIRECTION('',(0.,1.,0.));
#14706=DIRECTION('',(-1.,1.26233111932336E-16,0.));
#14707=DIRECTION('',(-1.,1.12207210606521E-16,0.));
#14708=DIRECTION('',(0.,-1.,0.));
#14709=DIRECTION('',(1.,0.,0.));
#14710=DIRECTION('',(-1.,0.,0.));
#14711=DIRECTION('',(-1.,0.,0.));
#14712=DIRECTION('',(0.,1.,0.));
#14713=DIRECTION('',(-1.,0.,0.));
#14714=DIRECTION('',(0.,-1.,0.));
#14715=DIRECTION('',(-1.,0.,0.));
#14716=DIRECTION('',(0.,1.,0.));
#14717=DIRECTION('',(-1.,0.,0.));
#14718=DIRECTION('',(0.,1.,0.));
#14719=DIRECTION('',(-1.,0.,0.));
#14720=DIRECTION('',(1.,0.,0.));
#14721=DIRECTION('',(0.,-1.,0.));
#14722=DIRECTION('',(0.,0.,-1.));
#14723=DIRECTION('',(-1.,0.,0.));
#14724=DIRECTION('',(0.,0.,-1.));
#14725=DIRECTION('',(1.,0.,0.));
#14726=DIRECTION('',(-1.,0.,0.));
#14727=DIRECTION('',(0.,0.,1.));
#14728=DIRECTION('',(0.406138466053448,0.,0.913811548620257));
#14729=DIRECTION('',(0.,-1.,0.));
#14730=DIRECTION('',(0.913811548620257,0.,-0.406138466053448));
#14731=DIRECTION('',(0.913811548620257,0.,-0.406138466053448));
#14732=DIRECTION('',(1.,0.,0.));
#14733=DIRECTION('',(0.,0.,-1.));
#14734=DIRECTION('',(0.,-1.63037920674512E-16,-1.));
#14735=DIRECTION('',(0.,-1.,0.));
#14736=DIRECTION('',(0.,0.,-1.));
#14737=DIRECTION('',(0.,1.,0.));
#14738=DIRECTION('',(0.,0.,1.));
#14739=DIRECTION('',(0.,-1.,0.));
#14740=DIRECTION('',(0.,0.,-1.));
#14741=DIRECTION('',(0.,1.,0.));
#14742=DIRECTION('',(0.,0.,1.));
#14743=DIRECTION('',(0.,-1.,0.));
#14744=DIRECTION('',(0.,0.,-1.));
#14745=DIRECTION('',(0.,1.,0.));
#14746=DIRECTION('',(0.,0.,1.));
#14747=DIRECTION('',(0.,-1.,0.));
#14748=DIRECTION('',(0.,0.,1.));
#14749=DIRECTION('',(0.,1.,0.));
#14750=DIRECTION('',(0.,-1.,0.));
#14751=DIRECTION('',(0.,0.,1.));
#14752=DIRECTION('',(0.,0.,-1.));
#14753=DIRECTION('',(0.,1.,0.));
#14754=DIRECTION('',(0.,0.,1.));
#14755=DIRECTION('',(0.,-1.,0.));
#14756=DIRECTION('',(0.,0.,-1.));
#14757=DIRECTION('',(0.,1.,-2.00778180089908E-16));
#14758=DIRECTION('',(0.,0.,1.));
#14759=DIRECTION('',(0.,-1.,0.));
#14760=DIRECTION('',(0.,0.,1.));
#14761=DIRECTION('',(0.,-1.,0.));
#14762=DIRECTION('',(0.,-1.27553196763001E-16,-1.));
#14763=DIRECTION('',(0.,-1.,0.));
#14764=DIRECTION('',(0.,0.,-1.));
#14765=DIRECTION('',(-1.,0.,0.));
#14766=DIRECTION('',(0.,0.,1.));
#14767=DIRECTION('',(-1.,0.,0.));
#14768=DIRECTION('',(1.,0.,0.));
#14769=DIRECTION('',(0.,0.,-1.));
#14770=DIRECTION('',(1.,0.,0.));
#14771=DIRECTION('',(0.,0.,-1.));
#14772=DIRECTION('',(0.,0.,-1.));
#14773=DIRECTION('',(-1.,0.,0.));
#14774=DIRECTION('',(-1.,0.,0.));
#14775=DIRECTION('',(0.,-1.,0.));
#14776=DIRECTION('',(-1.,0.,0.));
#14777=DIRECTION('',(-1.,0.,0.));
#14778=DIRECTION('',(0.,0.,1.));
#14779=DIRECTION('',(0.,0.,1.));
#14780=DIRECTION('',(0.,1.,0.));
#14781=DIRECTION('',(0.,-1.3043033653961E-15,-1.));
#14782=DIRECTION('',(0.,-1.,0.));
#14783=DIRECTION('',(0.,-1.21972744404619E-16,1.));
#14784=DIRECTION('',(0.,0.,-1.));
#14785=DIRECTION('',(0.,2.16840434497101E-16,1.));
#14786=DIRECTION('',(0.,2.16840434497101E-16,-1.));
#14787=DIRECTION('',(0.,0.,1.));
#14788=DIRECTION('',(0.,-1.,0.));
#14789=DIRECTION('',(0.,0.,-1.));
#14790=DIRECTION('',(0.,0.,1.));
#14791=DIRECTION('',(0.,0.,-1.));
#14792=DIRECTION('',(0.,0.,1.));
#14793=DIRECTION('',(0.,-1.,0.));
#14794=DIRECTION('',(0.,0.,-1.));
#14795=DIRECTION('',(0.,0.,1.));
#14796=DIRECTION('',(0.,0.,-1.));
#14797=DIRECTION('',(0.,0.,1.));
#14798=DIRECTION('',(0.,0.,-1.));
#14799=DIRECTION('',(0.,0.,1.));
#14800=DIRECTION('',(0.,0.,-1.));
#14801=DIRECTION('',(0.,-1.,0.));
#14802=DIRECTION('',(0.,-1.,0.));
#14803=DIRECTION('',(0.,0.,1.));
#14804=DIRECTION('',(0.,1.,0.));
#14805=DIRECTION('',(0.,0.,-1.));
#14806=DIRECTION('',(0.,-1.,0.));
#14807=DIRECTION('',(0.,0.,1.));
#14808=DIRECTION('',(0.,1.,0.));
#14809=DIRECTION('',(0.,0.,-1.));
#14810=DIRECTION('',(0.,-1.,0.));
#14811=DIRECTION('',(0.,0.,1.));
#14812=DIRECTION('',(0.,1.,0.));
#14813=DIRECTION('',(0.,0.,-1.));
#14814=DIRECTION('',(0.,-1.,0.));
#14815=DIRECTION('',(0.,-1.63037920674512E-16,-1.));
#14816=DIRECTION('',(0.,-1.63037920674512E-16,1.));
#14817=DIRECTION('',(0.,-1.,0.));
#14818=DIRECTION('',(0.,0.,1.));
#14819=DIRECTION('',(0.,1.,0.));
#14820=DIRECTION('',(0.,0.,-1.));
#14821=DIRECTION('',(0.,-1.,0.));
#14822=DIRECTION('',(0.,0.,1.));
#14823=DIRECTION('',(0.,1.,0.));
#14824=DIRECTION('',(0.,0.,-1.));
#14825=DIRECTION('',(0.,-1.,0.));
#14826=DIRECTION('',(0.,0.,1.));
#14827=DIRECTION('',(0.,1.,0.));
#14828=DIRECTION('',(0.,-4.4626853386034E-15,-1.));
#14829=DIRECTION('',(0.,0.,-1.));
#14830=DIRECTION('',(-1.,0.,0.));
#14831=DIRECTION('',(-1.,0.,0.));
#14832=DIRECTION('',(-1.,0.,0.));
#14833=DIRECTION('',(0.,0.,-1.));
#14834=DIRECTION('',(-1.,0.,0.));
#14835=DIRECTION('',(-1.,0.,0.));
#14836=DIRECTION('',(-1.,0.,0.));
#14837=DIRECTION('',(0.,0.,-1.));
#14838=DIRECTION('',(-1.,0.,0.));
#14839=DIRECTION('',(-1.,0.,0.));
#14840=DIRECTION('',(-1.,0.,0.));
#14841=DIRECTION('',(0.,0.,-1.));
#14842=DIRECTION('',(-1.,0.,0.));
#14843=DIRECTION('',(-1.,0.,0.));
#14844=DIRECTION('',(-1.,0.,0.));
#14845=DIRECTION('',(0.,0.,-1.));
#14846=DIRECTION('',(-1.,0.,0.));
#14847=DIRECTION('',(-1.,0.,0.));
#14848=DIRECTION('',(-1.,0.,0.));
#14849=DIRECTION('',(0.,0.,-1.));
#14850=DIRECTION('',(-1.,0.,0.));
#14851=DIRECTION('',(-1.,0.,0.));
#14852=DIRECTION('',(-1.,0.,0.));
#14853=DIRECTION('',(0.,0.,-1.));
#14854=DIRECTION('',(-1.,0.,0.));
#14855=DIRECTION('',(-1.,0.,0.));
#14856=DIRECTION('',(0.,0.,-1.));
#14857=DIRECTION('',(-1.,0.,0.));
#14858=DIRECTION('',(1.,0.,0.));
#14859=DIRECTION('',(-1.,0.,0.));
#14860=DIRECTION('',(0.,0.,1.));
#14861=DIRECTION('',(0.,0.,1.));
#14862=DIRECTION('',(0.,-1.,0.));
#14863=DIRECTION('',(0.,0.,1.));
#14864=DIRECTION('',(0.,0.,1.));
#14865=DIRECTION('',(0.,-1.,0.));
#14866=DIRECTION('',(0.,0.,1.));
#14867=DIRECTION('',(0.,0.,1.));
#14868=DIRECTION('',(0.,-1.,0.));
#14869=DIRECTION('',(0.,0.,1.));
#14870=DIRECTION('',(0.,0.,-1.));
#14871=DIRECTION('',(0.,0.,-1.));
#14872=DIRECTION('',(-1.,0.,0.));
#14873=DIRECTION('',(-1.,0.,0.));
#14874=DIRECTION('',(0.,-1.,0.));
#14875=DIRECTION('',(0.,0.,-1.));
#14876=DIRECTION('',(-1.,0.,0.));
#14877=DIRECTION('',(0.,1.,0.));
#14878=DIRECTION('',(0.,0.,1.));
#14879=DIRECTION('',(-1.,0.,0.));
#14880=DIRECTION('',(0.,0.,1.));
#14881=DIRECTION('',(1.,0.,0.));
#14882=DIRECTION('',(0.,-1.,0.));
#14883=DIRECTION('',(0.,0.,-1.));
#14884=DIRECTION('',(-1.,0.,0.));
#14885=DIRECTION('',(0.,1.,0.));
#14886=DIRECTION('',(0.,0.,1.));
#14887=DIRECTION('',(-1.,0.,0.));
#14888=DIRECTION('',(0.,0.,1.));
#14889=DIRECTION('',(1.,0.,0.));
#14890=DIRECTION('',(0.,-1.,0.));
#14891=DIRECTION('',(0.,0.,-1.));
#14892=DIRECTION('',(-1.,0.,0.));
#14893=DIRECTION('',(0.,1.,0.));
#14894=DIRECTION('',(0.,0.,1.));
#14895=DIRECTION('',(-1.,0.,0.));
#14896=DIRECTION('',(0.,0.,1.));
#14897=DIRECTION('',(1.,0.,0.));
#14898=DIRECTION('',(0.,1.,-1.63037920674512E-16));
#14899=DIRECTION('',(0.,1.63037920674512E-16,1.));
#14900=DIRECTION('',(0.,0.,1.));
#14901=DIRECTION('',(-1.,0.,0.));
#14902=DIRECTION('',(0.,0.,-1.));
#14903=DIRECTION('',(1.,0.,0.));
#14904=DIRECTION('',(0.,1.,-1.63037920674512E-16));
#14905=DIRECTION('',(0.,1.63037920674512E-16,1.));
#14906=DIRECTION('',(0.,0.,1.));
#14907=DIRECTION('',(0.,1.,-1.63037920674512E-16));
#14908=DIRECTION('',(0.,1.63037920674512E-16,1.));
#14909=DIRECTION('',(-1.,0.,0.));
#14910=DIRECTION('',(0.,0.,1.));
#14911=DIRECTION('',(0.,-1.,-1.63037920674512E-16));
#14912=DIRECTION('',(0.,1.63037920674512E-16,-1.));
#14913=DIRECTION('',(0.,0.,1.));
#14914=DIRECTION('',(-1.,0.,0.));
#14915=DIRECTION('',(0.,-1.,-1.63037920674512E-16));
#14916=DIRECTION('',(0.,1.63037920674512E-16,-1.));
#14917=DIRECTION('',(0.,0.,1.));
#14918=DIRECTION('',(0.,-1.,-1.63037920674512E-16));
#14919=DIRECTION('',(0.,1.63037920674512E-16,-1.));
#14920=DIRECTION('',(1.,0.,0.));
#14921=DIRECTION('',(0.,0.,-1.));
#14922=DIRECTION('',(-1.,0.,0.));
#14923=DIRECTION('',(0.,0.,1.));
#14924=DIRECTION('',(0.,-1.,0.));
#14925=DIRECTION('',(0.,0.,-1.));
#14926=DIRECTION('',(-1.,0.,0.));
#14927=DIRECTION('',(0.,1.,0.));
#14928=DIRECTION('',(0.,0.,1.));
#14929=DIRECTION('',(-1.,0.,0.));
#14930=DIRECTION('',(0.,0.,1.));
#14931=DIRECTION('',(1.,0.,0.));
#14932=DIRECTION('',(0.,-1.,0.));
#14933=DIRECTION('',(0.,0.,-1.));
#14934=DIRECTION('',(0.,0.,1.));
#14935=DIRECTION('',(-1.,0.,0.));
#14936=DIRECTION('',(0.,0.,-1.));
#14937=DIRECTION('',(1.,0.,0.));
#14938=DIRECTION('',(0.,-1.,0.));
#14939=DIRECTION('',(0.,0.,-1.));
#14940=DIRECTION('',(0.,0.,1.));
#14941=DIRECTION('',(0.,-1.,0.));
#14942=DIRECTION('',(0.,0.,-1.));
#14943=DIRECTION('',(-1.,0.,0.));
#14944=DIRECTION('',(0.,0.,1.));
#14945=DIRECTION('',(-1.,0.,0.));
#14946=DIRECTION('',(0.,1.,0.));
#14947=DIRECTION('',(0.,0.,1.));
#14948=DIRECTION('',(-1.,0.,0.));
#14949=DIRECTION('',(0.,0.,1.));
#14950=DIRECTION('',(-1.,0.,0.));
#14951=DIRECTION('',(0.,1.,0.));
#14952=DIRECTION('',(0.,0.,1.));
#14953=DIRECTION('',(0.,0.,1.));
#14954=DIRECTION('',(0.,1.,0.));
#14955=DIRECTION('',(0.,0.,1.));
#14956=DIRECTION('',(1.,0.,0.));
#14957=DIRECTION('',(0.,0.,-1.));
#14958=DIRECTION('',(-1.,0.,0.));
#14959=DIRECTION('',(0.,0.,1.));
#14960=DIRECTION('',(0.,0.,1.));
#14961=DIRECTION('',(1.,0.,0.));
#14962=DIRECTION('',(0.,1.,0.));
#14963=DIRECTION('',(0.,-1.,0.));
#14964=DIRECTION('',(0.,0.,-1.));
#14965=DIRECTION('',(-1.,0.,0.));
#14966=DIRECTION('',(0.,1.,-4.4626853386034E-15));
#14967=DIRECTION('',(0.,4.4626853386034E-15,1.));
#14968=DIRECTION('',(-1.,0.,0.));
#14969=DIRECTION('',(0.,0.,1.));
#14970=DIRECTION('',(1.,0.,0.));
#14971=DIRECTION('',(0.,-1.,0.));
#14972=DIRECTION('',(0.,0.,-1.));
#14973=DIRECTION('',(-1.,0.,0.));
#14974=DIRECTION('',(0.,1.,-1.3043033653961E-15));
#14975=DIRECTION('',(0.,1.3043033653961E-15,1.));
#14976=DIRECTION('',(-1.,0.,0.));
#14977=DIRECTION('',(0.,0.,1.));
#14978=DIRECTION('',(1.,0.,0.));
#14979=DIRECTION('',(0.,0.,1.));
#14980=DIRECTION('',(1.,0.,0.));
#14981=DIRECTION('',(-0.948683298050514,0.316227766016838,0.));
#14982=DIRECTION('',(0.,0.,-1.));
#14983=DIRECTION('',(-1.,0.,0.));
#14984=DIRECTION('',(1.,0.,-9.03501810404587E-17));
#14985=DIRECTION('',(0.998052578482889,-0.0623782861551802,0.));
#14986=DIRECTION('',(0.948683298050514,-0.316227766016838,0.));
#14987=DIRECTION('',(0.,-1.,0.));
#14988=DIRECTION('',(0.,0.,-1.));
#14989=DIRECTION('',(-1.,0.,0.));
#14990=DIRECTION('',(-1.,0.,0.));
#14991=DIRECTION('',(0.948683298050514,0.316227766016838,0.));
#14992=DIRECTION('',(0.,1.,0.));
#14993=DIRECTION('',(0.,0.,1.));
#14994=DIRECTION('',(-1.,0.,0.));
#14995=DIRECTION('',(1.49007993081711E-16,0.,1.));
#14996=DIRECTION('',(1.,0.,0.));
#14997=DIRECTION('',(0.,0.,-1.));
#14998=DIRECTION('',(-1.,0.,0.));
#14999=DIRECTION('',(0.,0.,1.));
#15000=DIRECTION('',(0.,0.,1.));
#15001=DIRECTION('',(1.,0.,0.));
#15002=DIRECTION('',(-0.998052578482889,-0.0623782861551806,0.));
#15003=DIRECTION('',(-1.,0.,9.03501810404587E-17));
#15004=DIRECTION('',(0.,1.,0.));
#15005=DIRECTION('',(-0.948683298050514,-0.316227766016838,0.));
#15006=DIRECTION('',(0.316227766016838,0.948683298050514,0.));
#15007=DIRECTION('',(0.,0.,1.));
#15008=DIRECTION('',(0.316227766016838,-0.948683298050514,0.));
#15009=DIRECTION('',(0.,0.,1.));
#15010=DIRECTION('',(0.,-1.,0.));
#15011=DIRECTION('',(0.,0.,-1.));
#15012=DIRECTION('',(-1.,0.,0.));
#15013=DIRECTION('',(-0.913811548620257,0.,0.406138466053448));
#15014=DIRECTION('',(0.,0.,1.));
#15015=DIRECTION('',(-1.,0.,0.));
#15016=DIRECTION('',(0.,-1.,0.));
#15017=DIRECTION('',(0.,0.,-1.));
#15018=DIRECTION('',(0.,0.,1.));
#15019=DIRECTION('',(0.,-1.,0.));
#15020=DIRECTION('',(0.,0.,-1.));
#15021=DIRECTION('',(-1.,0.,0.));
#15022=DIRECTION('',(0.,0.,-1.));
#15023=DIRECTION('',(-1.,0.,0.));
#15024=DIRECTION('',(-1.,0.,0.));
#15025=DIRECTION('',(0.,1.,-1.27553196763001E-16));
#15026=DIRECTION('',(0.,1.27553196763001E-16,1.));
#15027=DIRECTION('',(-1.,0.,0.));
#15028=DIRECTION('',(0.,1.,-1.27553196763001E-16));
#15029=DIRECTION('',(0.,1.27553196763001E-16,1.));
#15030=DIRECTION('',(0.,0.,1.));
#15031=DIRECTION('',(0.,1.,-1.27553196763001E-16));
#15032=DIRECTION('',(0.,1.27553196763001E-16,1.));
#15033=DIRECTION('',(-1.,0.,0.));
#15034=DIRECTION('',(0.,-1.27553196763001E-16,-1.));
#15035=DIRECTION('',(1.,0.,0.));
#15036=DIRECTION('',(0.,0.,-1.));
#15037=DIRECTION('',(0.,1.,0.));
#15038=DIRECTION('',(0.,-1.,0.));
#15039=DIRECTION('',(0.,0.,-1.));
#15040=DIRECTION('',(-1.,0.,0.));
#15041=DIRECTION('',(0.,0.,1.));
#15042=DIRECTION('',(-1.,0.,0.));
#15043=DIRECTION('',(0.,-1.,0.));
#15044=DIRECTION('',(0.,0.,-1.));
#15045=DIRECTION('',(0.,0.,1.));
#15046=DIRECTION('',(0.,-1.,0.));
#15047=DIRECTION('',(0.,0.,-1.));
#15048=DIRECTION('',(-1.,0.,0.));
#15049=DIRECTION('',(0.,2.00778180089908E-16,-1.));
#15050=DIRECTION('',(0.,1.,2.00778180089908E-16));
#15051=DIRECTION('',(-1.,0.,0.));
#15052=DIRECTION('',(0.,1.,-1.27553196763001E-16));
#15053=DIRECTION('',(0.,1.27553196763001E-16,1.));
#15054=DIRECTION('',(-1.,0.,0.));
#15055=DIRECTION('',(0.,1.,-1.27553196763001E-16));
#15056=DIRECTION('',(0.,1.27553196763001E-16,1.));
#15057=DIRECTION('',(0.,0.,1.));
#15058=DIRECTION('',(0.,1.,-1.27553196763001E-16));
#15059=DIRECTION('',(0.,1.27553196763001E-16,1.));
#15060=DIRECTION('',(-1.,0.,0.));
#15061=DIRECTION('',(0.,-1.27553196763001E-16,-1.));
#15062=DIRECTION('',(1.,0.,0.));
#15063=DIRECTION('',(0.,0.,-1.));
#15064=DIRECTION('',(0.,1.,0.));
#15065=DIRECTION('',(0.,-1.,0.));
#15066=DIRECTION('',(0.,0.,-1.));
#15067=DIRECTION('',(-1.,0.,0.));
#15068=DIRECTION('',(0.,0.,1.));
#15069=DIRECTION('',(-1.,0.,0.));
#15070=DIRECTION('',(0.,-1.,0.));
#15071=DIRECTION('',(0.,0.,-1.));
#15072=DIRECTION('',(0.,0.,1.));
#15073=DIRECTION('',(0.,-1.,0.));
#15074=DIRECTION('',(0.,0.,-1.));
#15075=DIRECTION('',(-1.,0.,0.));
#15076=DIRECTION('',(0.,2.00778180089908E-16,-1.));
#15077=DIRECTION('',(0.,1.,2.00778180089908E-16));
#15078=DIRECTION('',(-1.,0.,0.));
#15079=DIRECTION('',(0.,1.,0.));
#15080=DIRECTION('',(0.,0.,1.));
#15081=DIRECTION('',(0.913811548620257,0.,-0.406138466053448));
#15082=DIRECTION('',(-1.,0.,0.));
#15083=DIRECTION('',(0.,1.,0.));
#15084=DIRECTION('',(0.,0.,1.));
#15085=DIRECTION('',(0.,0.,1.));
#15086=DIRECTION('',(0.,1.,0.));
#15087=DIRECTION('',(0.,0.,1.));
#15088=DIRECTION('',(-1.,0.,0.));
#15089=DIRECTION('',(0.,0.,-1.));
#15090=DIRECTION('',(1.,0.,0.));
#15091=DIRECTION('',(0.,0.,-1.));
#15092=DIRECTION('',(0.,1.,0.));
#15093=DIRECTION('',(0.,1.,0.));
#15094=DIRECTION('',(0.,0.,1.));
#15095=DIRECTION('',(0.,0.,-1.));
#15096=DIRECTION('',(-1.,0.,0.));
#15097=DIRECTION('',(0.,1.,0.));
#15098=DIRECTION('',(0.,0.,1.));
#15099=DIRECTION('',(0.,0.,1.));
#15100=DIRECTION('',(0.,1.,0.));
#15101=DIRECTION('',(0.,0.,1.));
#15102=DIRECTION('',(-1.,0.,0.));
#15103=DIRECTION('',(-1.,0.,0.));
#15104=DIRECTION('',(0.,-1.,0.));
#15105=DIRECTION('',(0.,0.,-1.));
#15106=DIRECTION('',(-1.,0.,0.));
#15107=DIRECTION('',(0.,-1.,0.));
#15108=DIRECTION('',(0.,0.,-1.));
#15109=DIRECTION('',(0.,0.,1.));
#15110=DIRECTION('',(0.,-1.,0.));
#15111=DIRECTION('',(0.,0.,-1.));
#15112=DIRECTION('',(-1.,0.,0.));
#15113=DIRECTION('',(0.,0.,1.));
#15114=DIRECTION('',(0.913811548620257,0.,-0.406138466053448));
#15115=DIRECTION('',(-1.,0.,0.));
#15116=DIRECTION('',(0.,0.,1.));
#15117=DIRECTION('',(1.,0.,0.));
#15118=DIRECTION('',(-1.,0.,0.));
#15119=DIRECTION('',(0.,0.,1.));
#15120=DIRECTION('',(0.,-1.,0.));
#15121=DIRECTION('',(0.,1.,0.));
#15122=DIRECTION('',(0.,0.,1.));
#15123=DIRECTION('',(0.,0.,-1.));
#15124=DIRECTION('',(-1.,0.,0.));
#15125=DIRECTION('',(0.,1.,0.));
#15126=DIRECTION('',(0.,0.,1.));
#15127=DIRECTION('',(0.,0.,1.));
#15128=DIRECTION('',(0.,1.,0.));
#15129=DIRECTION('',(0.,0.,1.));
#15130=DIRECTION('',(-1.,0.,0.));
#15131=DIRECTION('',(-1.,0.,0.));
#15132=DIRECTION('',(-0.913811548620257,0.,0.406138466053448));
#15133=DIRECTION('',(0.,-1.,0.));
#15134=DIRECTION('',(0.,0.,-1.));
#15135=DIRECTION('',(-1.,0.,0.));
#15136=DIRECTION('',(0.,-1.,0.));
#15137=DIRECTION('',(0.,0.,-1.));
#15138=DIRECTION('',(0.,0.,1.));
#15139=DIRECTION('',(0.,-1.,0.));
#15140=DIRECTION('',(0.,0.,-1.));
#15141=DIRECTION('',(-1.,0.,0.));
#15142=DIRECTION('',(0.,0.,1.));
#15143=DIRECTION('',(0.913811548620257,0.,-0.406138466053448));
#15144=DIRECTION('',(-1.,0.,0.));
#15145=DIRECTION('',(0.,2.00778180089908E-16,1.));
#15146=DIRECTION('',(0.,-1.,2.00778180089908E-16));
#15147=DIRECTION('',(-1.,0.,0.));
#15148=DIRECTION('',(0.,0.,1.));
#15149=DIRECTION('',(0.,-1.,0.));
#15150=DIRECTION('',(0.,1.,0.));
#15151=DIRECTION('',(0.,0.,1.));
#15152=DIRECTION('',(0.,0.,-1.));
#15153=DIRECTION('',(-1.,0.,0.));
#15154=DIRECTION('',(0.,1.,0.));
#15155=DIRECTION('',(0.,0.,1.));
#15156=DIRECTION('',(0.,0.,1.));
#15157=DIRECTION('',(0.,1.,0.));
#15158=DIRECTION('',(0.,0.,1.));
#15159=DIRECTION('',(-1.,0.,0.));
#15160=DIRECTION('',(-1.,0.,0.));
#15161=DIRECTION('',(-0.913811548620257,0.,0.406138466053448));
#15162=DIRECTION('',(0.,-1.,0.));
#15163=DIRECTION('',(0.,0.,-1.));
#15164=DIRECTION('',(-1.,0.,0.));
#15165=DIRECTION('',(0.,-1.,0.));
#15166=DIRECTION('',(0.,0.,-1.));
#15167=DIRECTION('',(0.,0.,1.));
#15168=DIRECTION('',(0.,-1.,0.));
#15169=DIRECTION('',(0.,0.,-1.));
#15170=DIRECTION('',(-1.,0.,0.));
#15171=DIRECTION('',(0.,0.,1.));
#15172=DIRECTION('',(-1.,0.,0.));
#15173=DIRECTION('',(0.,0.,1.));
#15174=DIRECTION('',(1.,0.,0.));
#15175=DIRECTION('',(-1.,0.,0.));
#15176=DIRECTION('',(0.,0.,1.));
#15177=DIRECTION('',(0.,-1.,0.));
#15178=DIRECTION('',(0.406138466053448,0.,0.913811548620257));
#15179=DIRECTION('',(0.,-1.,0.));
#15180=DIRECTION('',(0.406138466053448,0.,0.913811548620257));
#15181=DIRECTION('',(0.,-1.,0.));
#15182=DIRECTION('',(0.406138466053448,0.,0.913811548620257));
#15183=DIRECTION('',(0.,-1.,0.));
#15184=DIRECTION('',(0.,-1.,0.));
#15185=DIRECTION('',(0.,0.,-1.));
#15186=DIRECTION('',(-1.,0.,0.));
#15187=DIRECTION('',(0.,0.,1.));
#15188=DIRECTION('',(0.,-1.,4.01556360179815E-16));
#15189=DIRECTION('',(1.,0.,0.));
#15190=DIRECTION('',(0.,0.,-1.));
#15191=DIRECTION('',(0.,1.,-4.01556360179816E-16));
#15192=DIRECTION('',(0.,0.,1.));
#15193=DIRECTION('',(1.,0.,0.));
#15194=DIRECTION('',(0.,-1.,0.));
#15195=DIRECTION('',(0.,0.,1.));
#15196=DIRECTION('',(1.,0.,0.));
#15197=DIRECTION('',(0.,-1.,0.));
#15198=DIRECTION('',(1.,0.,0.));
#15199=DIRECTION('',(0.,0.,-1.));
#15200=DIRECTION('',(0.,1.,0.));
#15201=DIRECTION('',(0.,1.,0.));
#15202=DIRECTION('',(1.,0.,0.));
#15203=DIRECTION('',(0.,0.,-1.));
#15204=DIRECTION('',(0.,1.,0.));
#15205=DIRECTION('',(0.,1.,0.));
#15206=DIRECTION('',(1.,0.,0.));
#15207=DIRECTION('',(0.,0.,-1.));
#15208=DIRECTION('',(0.,1.,0.));
#15209=DIRECTION('',(0.,1.,0.));
#15210=DIRECTION('',(1.,0.,0.));
#15211=DIRECTION('',(0.,0.,-1.));
#15212=DIRECTION('',(0.,1.,0.));
#15213=DIRECTION('',(0.,1.,0.));
#15214=DIRECTION('',(1.,0.,0.));
#15215=DIRECTION('',(0.,0.,-1.));
#15216=DIRECTION('',(0.,1.,0.));
#15217=DIRECTION('',(0.,1.,-4.01556360179816E-16));
#15218=DIRECTION('',(1.,0.,0.));
#15219=DIRECTION('',(0.,0.,-1.));
#15220=DIRECTION('',(0.,1.,0.));
#15221=DIRECTION('',(0.,1.,0.));
#15222=DIRECTION('',(-1.,0.,0.));
#15223=DIRECTION('',(0.,0.,1.));
#15224=DIRECTION('',(0.,-1.,0.));
#15225=DIRECTION('',(0.,-1.,0.));
#15226=DIRECTION('',(-1.,0.,0.));
#15227=DIRECTION('',(0.,0.,1.));
#15228=DIRECTION('',(0.,-1.,0.));
#15229=DIRECTION('',(0.,-1.,0.));
#15230=DIRECTION('',(0.,0.,-1.));
#15231=DIRECTION('',(-1.,0.,0.));
#15232=DIRECTION('',(0.,4.01556360179816E-16,1.));
#15233=DIRECTION('',(0.,-1.,4.01556360179816E-16));
#15234=DIRECTION('',(0.,1.,-4.01556360179816E-16));
#15235=DIRECTION('',(0.,0.,-1.));
#15236=DIRECTION('',(-1.,0.,0.));
#15237=DIRECTION('',(0.,0.,1.));
#15238=DIRECTION('',(1.,0.,0.));
#15239=DIRECTION('',(0.,1.,0.));
#15240=DIRECTION('',(0.,0.,-1.));
#15241=DIRECTION('',(-1.,0.,0.));
#15242=DIRECTION('',(0.,0.,1.));
#15243=DIRECTION('',(1.,0.,0.));
#15244=DIRECTION('',(0.,1.,0.));
#15245=DIRECTION('',(0.,0.,-1.));
#15246=DIRECTION('',(-1.,0.,0.));
#15247=DIRECTION('',(0.,0.,1.));
#15248=DIRECTION('',(1.,0.,0.));
#15249=DIRECTION('',(0.,1.,0.));
#15250=DIRECTION('',(0.,0.,-1.));
#15251=DIRECTION('',(-1.,0.,0.));
#15252=DIRECTION('',(0.,0.,1.));
#15253=DIRECTION('',(1.,0.,0.));
#15254=DIRECTION('',(0.,1.,0.));
#15255=DIRECTION('',(0.,-4.01556360179815E-16,-1.));
#15256=DIRECTION('',(0.,1.,-4.01556360179815E-16));
#15257=DIRECTION('',(2.00778180089908E-16,-1.,4.01556360179815E-16));
#15258=DIRECTION('',(0.,0.,1.));
#15259=DIRECTION('',(1.,0.,0.));
#15260=DIRECTION('',(0.,-1.,0.));
#15261=DIRECTION('',(-2.00778180089908E-16,1.,0.));
#15262=DIRECTION('',(0.,0.,1.));
#15263=DIRECTION('',(1.,0.,0.));
#15264=DIRECTION('',(0.,-1.,0.));
#15265=DIRECTION('',(0.,1.,0.));
#15266=DIRECTION('',(0.,-4.01556360179816E-16,-1.));
#15267=DIRECTION('',(0.,1.,-4.01556360179816E-16));
#15268=DIRECTION('',(0.,-1.,4.01556360179816E-16));
#15269=DIRECTION('',(0.,0.,-1.));
#15270=DIRECTION('',(-1.,0.,0.));
#15271=DIRECTION('',(0.,0.,1.));
#15272=DIRECTION('',(1.,0.,0.));
#15273=DIRECTION('',(0.,1.,0.));
#15274=DIRECTION('',(1.,2.00778180089908E-16,0.));
#15275=DIRECTION('',(-2.00778180089908E-16,1.,0.));
#15276=DIRECTION('',(1.,2.00778180089908E-16,0.));
#15277=DIRECTION('',(-2.00778180089908E-16,1.,0.));
#15278=DIRECTION('',(1.,0.,0.));
#15279=DIRECTION('',(0.,0.,-1.));
#15280=DIRECTION('',(1.,0.,0.));
#15281=DIRECTION('',(0.,0.,-1.));
#15282=DIRECTION('',(-1.,0.,1.49007993081711E-16));
#15283=DIRECTION('',(1.49007993081711E-16,0.,1.));
#15284=DIRECTION('',(0.,-1.,0.));
#15285=DIRECTION('',(-1.49007993081711E-16,0.,-1.));
#15286=DIRECTION('',(0.,0.,1.));
#15287=DIRECTION('',(1.,0.,0.));
#15288=DIRECTION('',(-0.998052578482889,0.0623782861551802,0.));
#15289=DIRECTION('',(-1.,0.,0.));
#15290=DIRECTION('',(0.,-1.,0.));
#15291=DIRECTION('',(0.,0.,-1.));
#15292=DIRECTION('',(0.,0.,-1.));
#15293=DIRECTION('',(0.0623782861551802,0.998052578482889,0.));
#15294=DIRECTION('',(0.,0.,-1.));
#15295=DIRECTION('',(-1.,0.,1.49007993081711E-16));
#15296=DIRECTION('',(1.49007993081711E-16,0.,1.));
#15297=DIRECTION('',(1.49007993081711E-16,0.,1.));
#15298=DIRECTION('',(0.,1.,0.));
#15299=DIRECTION('',(0.,0.,1.));
#15300=DIRECTION('',(1.,0.,0.));
#15301=DIRECTION('',(1.,0.,0.));
#15302=DIRECTION('',(0.998052578482889,0.0623782861551806,0.));
#15303=DIRECTION('',(0.,1.,0.));
#15304=DIRECTION('',(0.,0.,1.));
#15305=DIRECTION('',(0.,0.,1.));
#15306=DIRECTION('',(0.0623782861551806,-0.998052578482889,0.));
#15307=DIRECTION('',(0.,0.,1.));
#15308=DIRECTION('',(0.,-1.,0.));
#15309=DIRECTION('',(0.,0.,-1.));
#15310=DIRECTION('',(0.,1.,0.));
#15311=DIRECTION('',(0.,0.,1.));
#15312=DIRECTION('',(0.,1.,0.));
#15313=DIRECTION('',(0.,0.,1.));
#15314=DIRECTION('',(0.,-1.,0.));
#15315=DIRECTION('',(0.,0.,-1.));
#15316=DIRECTION('',(0.,-1.,4.01556360179816E-16));
#15317=DIRECTION('',(0.,-4.01556360179816E-16,-1.));
#15318=DIRECTION('',(0.,-1.,0.));
#15319=DIRECTION('',(0.,0.,-1.));
#15320=DIRECTION('',(0.,1.,0.));
#15321=DIRECTION('',(0.,0.,1.));
#15322=DIRECTION('',(0.,1.,0.));
#15323=DIRECTION('',(0.,0.,1.));
#15324=DIRECTION('',(0.,1.,0.));
#15325=DIRECTION('',(0.,0.,1.));
#15326=DIRECTION('',(0.,-1.,0.));
#15327=DIRECTION('',(0.,0.,-1.));
#15328=DIRECTION('',(0.,1.,0.));
#15329=DIRECTION('',(0.,0.,1.));
#15330=DIRECTION('',(0.,-1.,0.));
#15331=DIRECTION('',(0.,0.,-1.));
#15332=DIRECTION('',(0.,1.,0.));
#15333=DIRECTION('',(0.,0.,1.));
#15334=DIRECTION('',(0.,-1.,0.));
#15335=DIRECTION('',(0.,0.,-1.));
#15336=DIRECTION('',(0.,1.,0.));
#15337=DIRECTION('',(0.,0.,1.));
#15338=DIRECTION('',(0.,-1.,0.));
#15339=DIRECTION('',(0.,0.,-1.));
#15340=DIRECTION('',(5.61521976467032E-16,-1.38696562915208E-16,1.));
#15341=DIRECTION('',(1.,1.02741864532165E-16,-5.61521976467032E-16));
#15342=DIRECTION('',(0.,2.04566447638774E-16,-1.));
#15343=DIRECTION('',(0.,1.,2.04566447638774E-16));
#15344=DIRECTION('',(8.30529835429198E-18,1.66533453693773E-16,-1.));
#15345=DIRECTION('',(1.,1.08785077123427E-16,8.30529835429199E-18));
#15346=DIRECTION('',(8.30529835429198E-18,-5.55111512312578E-17,-1.));
#15347=DIRECTION('',(1.,1.08785077123427E-16,8.30529835429197E-18));
#15348=DIRECTION('',(1.,0.,0.));
#15349=DIRECTION('',(0.,0.,-1.));
#15350=DIRECTION('',(8.30529835429198E-18,-1.,5.55111512312578E-17));
#15351=DIRECTION('',(1.,8.30529835429197E-18,-1.08785077123427E-16));
#15352=DIRECTION('',(0.,-1.,0.));
#15353=DIRECTION('',(0.,0.,-1.));
#15354=DIRECTION('',(8.30529835429198E-18,-1.,5.55111512312578E-17));
#15355=DIRECTION('',(1.,8.30529835429197E-18,-1.08785077123427E-16));
#15356=DIRECTION('',(-1.,0.,0.));
#15357=DIRECTION('',(0.,0.,1.));
#15358=DIRECTION('',(8.30529835429198E-18,-5.55111512312578E-17,-1.));
#15359=DIRECTION('',(1.,1.08785077123427E-16,8.30529835429197E-18));
#15360=DIRECTION('',(0.,0.,-1.));
#15361=DIRECTION('',(-1.,0.,0.));
#15362=DIRECTION('',(8.30529835429198E-18,-5.55111512312578E-17,-1.));
#15363=DIRECTION('',(1.,1.08785077123427E-16,8.30529835429197E-18));
#15364=DIRECTION('',(-1.,0.,0.));
#15365=DIRECTION('',(0.,0.,1.));
#15366=DIRECTION('',(8.30529835429198E-18,0.990745994197931,-0.135729049877886));
#15367=DIRECTION('',(1.,6.53685408372191E-18,1.08905649643129E-16));
#15368=DIRECTION('',(0.,0.990745994197931,-0.135729049877886));
#15369=DIRECTION('',(0.,0.135729049877886,0.990745994197931));
#15370=DIRECTION('',(8.30529835429198E-18,0.990745994197931,-0.135729049877886));
#15371=DIRECTION('',(1.,6.53685408372195E-18,1.08905649643129E-16));
#15372=DIRECTION('',(-1.,0.,0.));
#15373=DIRECTION('',(0.,0.,1.));
#15374=DIRECTION('',(8.30529835429198E-18,0.925875724612022,0.37782819187319));
#15375=DIRECTION('',(1.,-4.87917431242293E-17,9.75834862484585E-17));
#15376=DIRECTION('',(0.,0.925875724612022,0.37782819187319));
#15377=DIRECTION('',(0.,-0.37782819187319,0.925875724612022));
#15378=DIRECTION('',(8.30529835429198E-18,0.925875724612022,0.37782819187319));
#15379=DIRECTION('',(1.,-4.87917431242293E-17,9.75834862484585E-17));
#15380=DIRECTION('',(8.30529835429198E-18,1.66533453693773E-16,-1.));
#15381=DIRECTION('',(0.,1.,1.66533453693773E-16));
#15382=DIRECTION('',(8.30529835429198E-18,0.925875724612022,0.37782819187319));
#15383=DIRECTION('',(0.,-0.37782819187319,0.925875724612022));
#15384=DIRECTION('',(5.61521976467032E-16,2.63059531456889E-16,1.));
#15385=DIRECTION('',(-1.02999206386123E-16,1.,-2.63059531456888E-16));
#15386=DIRECTION('',(0.,-1.,0.));
#15387=DIRECTION('',(0.,0.,-1.));
#15388=DIRECTION('',(2.89120579329468E-16,0.,-1.));
#15389=DIRECTION('',(-1.,0.,0.));
#15390=DIRECTION('',(0.,0.,1.));
#15391=DIRECTION('',(1.,0.,0.));
#15392=DIRECTION('',(0.,0.,-1.));
#15393=DIRECTION('',(0.,1.,0.));
#15394=DIRECTION('',(1.,0.,0.));
#15395=DIRECTION('',(0.,0.,1.));
#15396=DIRECTION('',(0.,1.,0.));
#15397=DIRECTION('',(-1.,0.,0.));
#15398=DIRECTION('',(0.,0.,1.));
#15399=DIRECTION('',(1.,0.,0.));
#15400=DIRECTION('',(1.19636101791504E-16,0.,1.));
#15401=DIRECTION('',(-1.,0.,-1.33440267382831E-16));
#15402=DIRECTION('',(0.,0.,-1.));
#15403=DIRECTION('',(1.,0.,0.));
#15404=DIRECTION('',(0.,0.,-1.));
#15405=DIRECTION('',(-1.,0.,0.));
#15406=DIRECTION('',(0.,0.,-1.));
#15407=DIRECTION('',(0.265452617536664,0.,-0.964123906893162));
#15408=DIRECTION('',(1.,0.,0.));
#15409=DIRECTION('',(0.265452617536664,0.,0.964123906893162));
#15410=DIRECTION('',(0.,0.,1.));
#15411=DIRECTION('',(-1.,0.,0.));
#15412=DIRECTION('',(0.,0.,1.));
#15413=DIRECTION('',(1.,0.,0.));
#15414=DIRECTION('',(1.19636101791504E-16,0.,1.));
#15415=DIRECTION('',(1.,0.,0.));
#15416=DIRECTION('',(1.,0.,-1.19636101791504E-16));
#15417=DIRECTION('',(-1.19636101791504E-16,0.,-1.));
#15418=DIRECTION('',(1.19636101791504E-16,0.,1.));
#15419=DIRECTION('',(0.,-1.,-1.19801345026023E-16));
#15420=DIRECTION('',(0.,-1.11833786612502E-15,1.));
#15421=DIRECTION('',(0.,1.,0.));
#15422=DIRECTION('',(0.,0.,1.));
#15423=DIRECTION('',(0.,-1.,0.));
#15424=DIRECTION('',(1.,0.,-1.19636101791504E-16));
#15425=DIRECTION('',(-1.19636101791504E-16,0.,-1.));
#15426=DIRECTION('',(1.19636101791504E-16,0.,1.));
#15427=DIRECTION('',(0.,-1.,-1.19801345026023E-16));
#15428=DIRECTION('',(0.,-1.,0.));
#15429=DIRECTION('',(0.,0.,-1.));
#15430=DIRECTION('',(0.,1.,0.));
#15431=DIRECTION('',(1.,0.,-1.19636101791504E-16));
#15432=DIRECTION('',(-1.19636101791504E-16,0.,-1.));
#15433=DIRECTION('',(0.,0.,1.));
#15434=DIRECTION('',(0.,1.,0.));
#15435=DIRECTION('',(0.,2.66880534765663E-16,-1.));
#15436=DIRECTION('',(0.,-1.,-1.54773745416444E-16));
#15437=DIRECTION('',(0.,-1.,0.));
#15438=DIRECTION('',(1.19636101791504E-16,0.,1.));
#15439=DIRECTION('',(0.,1.,0.));
#15440=DIRECTION('',(0.,0.,-1.));
#15441=DIRECTION('',(0.,-1.,0.));
#15442=DIRECTION('',(0.,0.,1.));
#15443=DIRECTION('',(0.,1.,0.));
#15444=DIRECTION('',(0.,3.94463728089862E-16,-1.));
#15445=DIRECTION('',(0.,-1.,3.09772049281573E-15));
#15446=DIRECTION('',(0.,3.94463728089862E-16,1.));
#15447=DIRECTION('',(0.,1.,0.));
#15448=DIRECTION('',(0.,0.,-1.));
#15449=DIRECTION('',(0.,-1.,0.));
#15450=DIRECTION('',(0.,0.,1.));
#15451=DIRECTION('',(0.,1.,0.));
#15452=DIRECTION('',(0.,0.,-1.));
#15453=DIRECTION('',(0.,-1.,-9.29316147844719E-15));
#15454=DIRECTION('',(0.,0.,1.));
#15455=DIRECTION('',(0.,1.,0.));
#15456=DIRECTION('',(0.,0.,-1.));
#15457=DIRECTION('',(0.,-1.,0.));
#15458=DIRECTION('',(0.,0.,1.));
#15459=DIRECTION('',(7.01133629567813E-32,1.,5.86055228370543E-16));
#15460=DIRECTION('',(0.,0.,-1.));
#15461=DIRECTION('',(0.,-1.,6.19544098563146E-15));
#15462=DIRECTION('',(0.,0.,1.));
#15463=DIRECTION('',(0.,1.,0.));
#15464=DIRECTION('',(0.,0.,-1.));
#15465=DIRECTION('',(0.,-1.,-3.09772049281574E-15));
#15466=DIRECTION('',(0.,-7.88927456179724E-16,1.));
#15467=DIRECTION('',(0.,1.,0.));
#15468=DIRECTION('',(0.,0.,-1.));
#15469=DIRECTION('',(0.,-1.,-3.09772049281574E-15));
#15470=DIRECTION('',(0.,0.,1.));
#15471=DIRECTION('',(-1.83659782612453E-31,1.,-1.53515351856354E-15));
#15472=DIRECTION('',(-1.19636101791504E-16,0.,-1.));
#15473=DIRECTION('',(0.,-1.,0.));
#15474=DIRECTION('',(1.19636101791504E-16,0.,1.));
#15475=DIRECTION('',(1.,0.,-1.19636101791504E-16));
#15476=DIRECTION('',(-1.19636101791504E-16,0.,-1.));
#15477=DIRECTION('',(0.,-1.,0.));
#15478=DIRECTION('',(1.,0.,-1.19636101791504E-16));
#15479=DIRECTION('',(-1.19636101791504E-16,0.,-1.));
#15480=DIRECTION('',(0.,1.,1.11833786612502E-15));
#15481=DIRECTION('',(0.,-1.11833786612502E-15,1.));
#15482=DIRECTION('',(1.,0.,0.));
#15483=DIRECTION('',(0.,-1.11833786612502E-15,1.));
#15484=DIRECTION('',(1.,0.,0.));
#15485=DIRECTION('',(0.,-1.11833786612502E-15,1.));
#15486=DIRECTION('',(1.,0.,0.));
#15487=DIRECTION('',(0.,-1.14882349402396E-15,1.));
#15488=DIRECTION('',(1.,0.,0.));
#15489=DIRECTION('',(-2.89120579329468E-16,-1.11833786612502E-15,1.));
#15490=DIRECTION('',(1.,0.,0.));
#15491=DIRECTION('',(0.,1.11833786612502E-15,-1.));
#15492=DIRECTION('',(1.,0.,0.));
#15493=DIRECTION('',(0.,-1.,0.));
#15494=DIRECTION('',(0.,0.,-1.));
#15495=DIRECTION('',(-1.,0.,0.));
#15496=DIRECTION('',(-1.19636101791504E-16,0.,-1.));
#15497=DIRECTION('',(1.,0.,0.));
#15498=DIRECTION('',(0.,0.,1.));
#15499=DIRECTION('',(-1.,0.,0.));
#15500=DIRECTION('',(2.89120579329468E-16,0.,-1.));
#15501=DIRECTION('',(1.,0.,0.));
#15502=DIRECTION('',(0.,0.,-1.));
#15503=DIRECTION('',(1.,0.,0.));
#15504=DIRECTION('',(0.,0.,-1.));
#15505=DIRECTION('',(1.,0.,0.));
#15506=DIRECTION('',(0.,0.,-1.));
#15507=DIRECTION('',(0.832050294337843,0.55470019622523,-9.9543253709053E-17));
#15508=DIRECTION('',(1.19636101791504E-16,0.,1.));
#15509=DIRECTION('',(0.55470019622523,-0.832050294337843,-9.96807443909716E-17));
#15510=DIRECTION('',(0.55470019622523,-0.832050294337843,0.));
#15511=DIRECTION('',(0.,0.,-1.));
#15512=DIRECTION('',(-1.,0.,0.));
#15513=DIRECTION('',(0.,1.,0.));
#15514=DIRECTION('',(-1.,0.,0.));
#15515=DIRECTION('',(0.,-1.,0.));
#15516=DIRECTION('',(0.,0.,-1.));
#15517=DIRECTION('',(-1.,0.,0.));
#15518=DIRECTION('',(1.,0.,0.));
#15519=DIRECTION('',(0.,1.,0.));
#15520=DIRECTION('',(-1.,0.,0.));
#15521=DIRECTION('',(1.,0.,0.));
#15522=DIRECTION('',(1.,0.,0.));
#15523=DIRECTION('',(0.,1.,0.));
#15524=DIRECTION('',(1.,0.,0.));
#15525=DIRECTION('',(1.,0.,0.));
#15526=DIRECTION('',(0.,1.,0.));
#15527=DIRECTION('',(1.,0.,0.));
#15528=DIRECTION('',(0.,-1.,0.));
#15529=DIRECTION('',(1.,0.,0.));
#15530=DIRECTION('',(-1.,0.,0.));
#15531=DIRECTION('',(1.,0.,0.));
#15532=DIRECTION('',(0.,-1.,0.));
#15533=DIRECTION('',(0.,0.,-1.));
#15534=DIRECTION('',(-1.,0.,0.));
#15535=DIRECTION('',(0.,-1.,0.));
#15536=DIRECTION('',(1.,0.,0.));
#15537=DIRECTION('',(-1.,0.,0.));
#15538=DIRECTION('',(0.,0.,1.));
#15539=DIRECTION('',(0.,-1.,0.));
#15540=DIRECTION('',(0.,0.,-1.));
#15541=DIRECTION('',(0.,-1.,0.));
#15542=DIRECTION('',(0.,0.,-1.));
#15543=DIRECTION('',(0.,-1.,0.));
#15544=DIRECTION('',(0.,0.,-1.));
#15545=DIRECTION('',(0.,-1.,0.));
#15546=DIRECTION('',(0.,0.,-1.));
#15547=DIRECTION('',(0.,1.,0.));
#15548=DIRECTION('',(0.,3.0327333496098E-16,-1.));
#15549=DIRECTION('',(0.,1.,0.));
#15550=DIRECTION('',(0.,0.,1.));
#15551=DIRECTION('',(0.,1.,0.));
#15552=DIRECTION('',(0.,0.,1.));
#15553=DIRECTION('',(0.,-1.,0.));
#15554=DIRECTION('',(0.,0.,1.));
#15555=DIRECTION('',(0.,-1.,0.));
#15556=DIRECTION('',(0.,0.,1.));
#15557=DIRECTION('',(0.,-1.,0.));
#15558=DIRECTION('',(0.,0.,1.));
#15559=DIRECTION('',(0.,-1.,0.));
#15560=DIRECTION('',(0.,0.,-1.));
#15561=DIRECTION('',(0.,0.,-1.));
#15562=DIRECTION('',(0.,-1.,0.));
#15563=DIRECTION('',(0.,0.,-1.));
#15564=DIRECTION('',(0.,0.,-1.));
#15565=DIRECTION('',(1.,0.,0.));
#15566=DIRECTION('',(0.,0.,-1.));
#15567=DIRECTION('',(0.,-1.,0.));
#15568=DIRECTION('',(0.,0.,-1.));
#15569=DIRECTION('',(0.,1.,-6.31023665367951E-16));
#15570=DIRECTION('',(0.,0.,1.));
#15571=DIRECTION('',(0.,-1.,0.));
#15572=DIRECTION('',(0.,0.,1.));
#15573=DIRECTION('',(0.,1.,0.));
#15574=DIRECTION('',(0.,0.,1.));
#15575=DIRECTION('',(0.,-1.,1.53515351856354E-15));
#15576=DIRECTION('',(0.,0.,1.));
#15577=DIRECTION('',(0.,-1.,-3.09772049281574E-15));
#15578=DIRECTION('',(0.,0.,-1.));
#15579=DIRECTION('',(0.,-1.,0.));
#15580=DIRECTION('',(0.,-7.88927456179724E-16,1.));
#15581=DIRECTION('',(0.,-1.,-3.09772049281574E-15));
#15582=DIRECTION('',(0.,0.,-1.));
#15583=DIRECTION('',(0.,-1.,0.));
#15584=DIRECTION('',(0.,0.,1.));
#15585=DIRECTION('',(0.,-1.,6.19544098563146E-15));
#15586=DIRECTION('',(0.,0.,-1.));
#15587=DIRECTION('',(0.,-1.,-5.86055228370543E-16));
#15588=DIRECTION('',(0.,0.,1.));
#15589=DIRECTION('',(0.,-1.,0.));
#15590=DIRECTION('',(0.,0.,-1.));
#15591=DIRECTION('',(0.,-1.,0.));
#15592=DIRECTION('',(0.,0.,1.));
#15593=DIRECTION('',(0.,-1.,-9.29316147844719E-15));
#15594=DIRECTION('',(0.,0.,-1.));
#15595=DIRECTION('',(0.,-1.,0.));
#15596=DIRECTION('',(0.,0.,1.));
#15597=DIRECTION('',(0.,-1.,0.));
#15598=DIRECTION('',(0.,0.,-1.));
#15599=DIRECTION('',(0.,-1.,0.));
#15600=DIRECTION('',(0.,3.94463728089862E-16,1.));
#15601=DIRECTION('',(0.,-1.,3.09772049281573E-15));
#15602=DIRECTION('',(0.,3.94463728089862E-16,-1.));
#15603=DIRECTION('',(0.,-1.,0.));
#15604=DIRECTION('',(0.,0.,1.));
#15605=DIRECTION('',(0.,-1.,0.));
#15606=DIRECTION('',(0.,0.,-1.));
#15607=DIRECTION('',(0.,-1.,0.));
#15608=DIRECTION('',(0.,0.,-1.));
#15609=DIRECTION('',(0.,1.,0.));
#15610=DIRECTION('',(0.,0.,-1.));
#15611=DIRECTION('',(0.,-1.,0.));
#15612=DIRECTION('',(0.,0.,-1.));
#15613=DIRECTION('',(0.,1.,0.));
#15614=DIRECTION('',(0.,0.,1.));
#15615=DIRECTION('',(0.,0.,-1.));
#15616=DIRECTION('',(-1.,0.,0.));
#15617=DIRECTION('',(-1.,0.,0.));
#15618=DIRECTION('',(0.,-1.,0.));
#15619=DIRECTION('',(-1.,0.,0.));
#15620=DIRECTION('',(0.,1.,0.));
#15621=DIRECTION('',(0.,0.,-1.));
#15622=DIRECTION('',(-1.,0.,0.));
#15623=DIRECTION('',(-1.,0.,0.));
#15624=DIRECTION('',(0.,-1.,0.));
#15625=DIRECTION('',(-1.,0.,0.));
#15626=DIRECTION('',(0.,1.,0.));
#15627=DIRECTION('',(0.,1.,0.));
#15628=DIRECTION('',(0.,0.,1.));
#15629=DIRECTION('',(0.,1.27553196763001E-15,-1.));
#15630=DIRECTION('',(1.,0.,0.));
#15631=DIRECTION('',(-1.,0.,0.));
#15632=DIRECTION('',(0.,0.,1.));
#15633=DIRECTION('',(0.,-1.,0.));
#15634=DIRECTION('',(0.,0.,-1.));
#15635=DIRECTION('',(0.,0.,-1.));
#15636=DIRECTION('',(1.,0.,0.));
#15637=DIRECTION('',(0.,0.,1.));
#15638=DIRECTION('',(-1.,0.,0.));
#15639=DIRECTION('',(0.,0.,-1.));
#15640=DIRECTION('',(-0.265452617536664,0.,-0.964123906893162));
#15641=DIRECTION('',(-1.,0.,0.));
#15642=DIRECTION('',(-0.265452617536664,0.,0.964123906893162));
#15643=DIRECTION('',(0.,0.,1.));
#15644=DIRECTION('',(1.,0.,0.));
#15645=DIRECTION('',(0.,0.,1.));
#15646=DIRECTION('',(0.,0.,-1.));
#15647=DIRECTION('',(-1.,0.,-1.33440267382831E-16));
#15648=DIRECTION('',(1.,0.,0.));
#15649=DIRECTION('',(0.,-1.,0.));
#15650=DIRECTION('',(0.,0.,-1.));
#15651=DIRECTION('',(0.,0.,-1.));
#15652=DIRECTION('',(0.,-1.,0.));
#15653=DIRECTION('',(0.,0.,-1.));
#15654=DIRECTION('',(0.,0.,1.));
#15655=DIRECTION('',(-1.,0.,0.));
#15656=DIRECTION('',(2.89120579329468E-16,0.,-1.));
#15657=DIRECTION('',(1.,0.,0.));
#15658=DIRECTION('',(0.,0.,1.));
#15659=DIRECTION('',(0.,-1.,0.));
#15660=DIRECTION('',(0.,0.,-1.));
#15661=DIRECTION('',(1.,0.,0.));
#15662=DIRECTION('',(0.265452617536664,0.,-0.964123906893162));
#15663=DIRECTION('',(0.,0.,-1.));
#15664=DIRECTION('',(0.,0.,1.));
#15665=DIRECTION('',(0.265452617536664,0.,0.964123906893162));
#15666=DIRECTION('',(0.,-1.,0.));
#15667=DIRECTION('',(0.,0.,-1.));
#15668=DIRECTION('',(0.,0.,-1.));
#15669=DIRECTION('',(0.,-1.,0.));
#15670=DIRECTION('',(0.,0.,-1.));
#15671=DIRECTION('',(0.,0.,1.));
#15672=DIRECTION('',(0.,1.,0.));
#15673=DIRECTION('',(0.,0.,1.));
#15674=DIRECTION('',(0.,0.,1.));
#15675=DIRECTION('',(-0.265452617536664,0.,0.964123906893162));
#15676=DIRECTION('',(-1.,0.,0.));
#15677=DIRECTION('',(-0.265452617536664,0.,-0.964123906893162));
#15678=DIRECTION('',(0.,0.,-1.));
#15679=DIRECTION('',(0.,1.,0.));
#15680=DIRECTION('',(0.,0.,1.));
#15681=DIRECTION('',(0.,0.,-1.));
#15682=DIRECTION('',(0.,1.,0.));
#15683=DIRECTION('',(0.,0.,1.));
#15684=DIRECTION('',(0.,0.,1.));
#15685=DIRECTION('',(1.,0.,0.));
#15686=DIRECTION('',(0.,0.,-1.));
#15687=DIRECTION('',(0.,-1.,0.));
#15688=DIRECTION('',(0.,0.,1.));
#15689=DIRECTION('',(0.,1.,0.));
#15690=DIRECTION('',(0.,0.,1.));
#15691=DIRECTION('',(0.,1.,3.0327333496098E-16));
#15692=DIRECTION('',(0.,-3.0327333496098E-16,1.));
#15693=DIRECTION('',(1.,-3.50730249196393E-32,1.15648231731787E-16));
#15694=DIRECTION('',(0.,-3.0327333496098E-16,1.));
#15695=DIRECTION('',(-1.,0.,0.));
#15696=DIRECTION('',(0.,3.0327333496098E-16,-1.));
#15697=DIRECTION('',(0.,-1.,0.));
#15698=DIRECTION('',(0.,0.,-1.));
#15699=DIRECTION('',(-1.,0.,0.));
#15700=DIRECTION('',(0.,0.,-1.));
#15701=DIRECTION('',(-1.,0.,-1.15648231731787E-16));
#15702=DIRECTION('',(0.,1.,0.));
#15703=DIRECTION('',(0.,0.,1.));
#15704=DIRECTION('',(1.,0.,0.));
#15705=DIRECTION('',(1.19636101791504E-16,0.,1.));
#15706=DIRECTION('',(1.,0.,0.));
#15707=DIRECTION('',(-1.,0.,0.));
#15708=DIRECTION('',(1.,0.,1.15648231731787E-16));
#15709=DIRECTION('',(0.,0.,-1.));
#15710=DIRECTION('',(-1.,0.,-2.89120579329467E-15));
#15711=DIRECTION('',(0.,-1.,0.));
#15712=DIRECTION('',(1.,0.,0.));
#15713=DIRECTION('',(0.,0.,1.));
#15714=DIRECTION('',(1.,0.,0.));
#15715=DIRECTION('',(0.,0.,-1.));
#15716=DIRECTION('',(0.,-1.,0.));
#15717=DIRECTION('',(0.,1.,0.));
#15718=DIRECTION('',(0.,0.,-1.));
#15719=DIRECTION('',(1.,0.,0.));
#15720=DIRECTION('',(0.,0.,-1.));
#15721=DIRECTION('',(0.,1.,0.));
#15722=DIRECTION('',(0.,0.,1.));
#15723=DIRECTION('',(0.,-1.,-1.22278440505884E-16));
#15724=DIRECTION('',(0.,-1.,0.));
#15725=DIRECTION('',(0.,1.,3.0327333496098E-16));
#15726=DIRECTION('',(0.,-3.0327333496098E-16,1.));
#15727=DIRECTION('',(0.,1.,3.0327333496098E-16));
#15728=DIRECTION('',(0.,-3.0327333496098E-16,1.));
#15729=DIRECTION('',(0.,3.0327333496098E-16,-1.));
#15730=DIRECTION('',(-1.,0.,0.));
#15731=DIRECTION('',(-1.,0.,0.));
#15732=DIRECTION('',(0.,3.0327333496098E-16,-1.));
#15733=DIRECTION('',(0.,0.,1.));
#15734=DIRECTION('',(1.,0.,0.));
#15735=DIRECTION('',(0.,1.,0.));
#15736=DIRECTION('',(0.,-1.,-1.22278440505884E-16));
#15737=DIRECTION('',(-1.,0.,0.));
#15738=DIRECTION('',(0.,-1.,0.));
#15739=DIRECTION('',(0.,0.,-1.));
#15740=DIRECTION('',(0.,-1.,0.));
#15741=DIRECTION('',(0.,0.,-1.));
#15742=DIRECTION('',(0.,0.,1.));
#15743=DIRECTION('',(-1.,0.,0.));
#15744=DIRECTION('',(1.,0.,0.));
#15745=DIRECTION('',(0.,0.,-1.));
#15746=DIRECTION('',(0.,0.,1.));
#15747=DIRECTION('',(0.,-1.,-1.2117163996483E-16));
#15748=DIRECTION('',(0.,2.66880534765663E-16,-1.));
#15749=DIRECTION('',(0.,1.,0.));
#15750=DIRECTION('',(0.,0.,-1.));
#15751=DIRECTION('',(-1.,0.,0.));
#15752=DIRECTION('',(-1.,0.,0.));
#15753=DIRECTION('',(0.,1.,0.));
#15754=DIRECTION('',(-1.,0.,0.));
#15755=DIRECTION('',(0.,-1.,-1.2117163996483E-16));
#15756=DIRECTION('',(0.,1.,0.));
#15757=DIRECTION('',(0.,0.,1.));
#15758=DIRECTION('',(0.,0.,1.));
#15759=DIRECTION('',(-1.,0.,0.));
#15760=DIRECTION('',(0.,0.,-1.));
#15761=DIRECTION('',(1.,0.,0.));
#15762=DIRECTION('',(0.,0.,-1.));
#15763=DIRECTION('',(0.,1.,0.));
#15764=DIRECTION('',(0.,0.,-1.));
#15765=DIRECTION('',(0.,1.,0.));
#15766=DIRECTION('',(0.,0.,1.));
#15767=DIRECTION('',(-1.33440267382831E-16,0.,1.));
#15768=DIRECTION('',(1.,0.,1.33440267382831E-16));
#15769=DIRECTION('',(-1.,0.,-1.33440267382831E-16));
#15770=DIRECTION('',(0.,-1.,0.));
#15771=DIRECTION('',(-1.,0.,-1.33440267382831E-16));
#15772=DIRECTION('',(0.,1.,0.));
#15773=DIRECTION('',(0.,0.,1.));
#15774=DIRECTION('',(1.,0.,0.));
#15775=DIRECTION('',(0.,0.,1.));
#15776=DIRECTION('',(1.,0.,0.));
#15777=DIRECTION('',(0.,0.,1.));
#15778=DIRECTION('',(0.,0.,1.));
#15779=DIRECTION('',(-1.,0.,0.));
#15780=DIRECTION('',(0.,0.,-1.));
#15781=DIRECTION('',(-1.,0.,0.));
#15782=DIRECTION('',(-1.,0.,0.));
#15783=DIRECTION('',(0.,1.,0.));
#15784=DIRECTION('',(0.,1.,0.));
#15785=DIRECTION('',(0.,0.,1.));
#15786=DIRECTION('',(-1.,0.,0.));
#15787=DIRECTION('',(0.,0.,1.));
#15788=DIRECTION('',(0.,0.,1.));
#15789=DIRECTION('',(1.,0.,0.));
#15790=DIRECTION('',(0.,-1.,0.));
#15791=DIRECTION('',(1.,0.,0.));
#15792=DIRECTION('',(0.,0.,1.));
#15793=DIRECTION('',(1.,0.,0.));
#15794=DIRECTION('',(-1.,0.,0.));
#15795=DIRECTION('',(0.,-1.,0.));
#15796=DIRECTION('',(0.,-1.,0.));
#15797=DIRECTION('',(0.,0.,-1.));
#15798=DIRECTION('',(-1.,0.,0.));
#15799=DIRECTION('',(0.,0.,-1.));
#15800=DIRECTION('',(0.,0.,-1.));
#15801=DIRECTION('',(-1.,0.,0.));
#15802=DIRECTION('',(-1.,0.,0.));
#15803=DIRECTION('',(0.,1.,0.));
#15804=DIRECTION('',(0.,-1.,0.));
#15805=DIRECTION('',(0.,0.,-1.));
#15806=DIRECTION('',(1.,0.,0.));
#15807=DIRECTION('',(0.,0.,1.));
#15808=DIRECTION('',(0.,0.,-1.));
#15809=DIRECTION('',(0.,-1.,0.));
#15810=DIRECTION('',(0.,0.,-1.));
#15811=DIRECTION('',(-1.,0.,0.));
#15812=DIRECTION('',(0.,0.,-1.));
#15813=DIRECTION('',(0.,0.,-1.));
#15814=DIRECTION('',(1.,0.,0.));
#15815=DIRECTION('',(0.,0.,-1.));
#15816=DIRECTION('',(1.,0.,0.));
#15817=DIRECTION('',(-1.,0.,0.));
#15818=DIRECTION('',(0.,0.,-1.));
#15819=DIRECTION('',(-1.,0.,0.));
#15820=DIRECTION('',(-1.,0.,0.));
#15821=DIRECTION('',(0.,1.,0.));
#15822=DIRECTION('',(0.,1.,0.));
#15823=DIRECTION('',(0.,-1.,0.));
#15824=DIRECTION('',(0.,0.,-1.));
#15825=DIRECTION('',(-1.,0.,0.));
#15826=DIRECTION('',(0.,0.,-1.));
#15827=DIRECTION('',(0.,0.,-1.));
#15828=DIRECTION('',(0.,0.,-1.));
#15829=DIRECTION('',(-1.,0.,0.));
#15830=DIRECTION('',(0.,1.,0.));
#15831=DIRECTION('',(0.,-1.,-1.2117163996483E-16));
#15832=DIRECTION('',(1.,0.,0.));
#15833=DIRECTION('',(1.,0.,0.));
#15834=DIRECTION('',(0.,1.,0.));
#15835=DIRECTION('',(0.,-1.,-2.66880534765663E-16));
#15836=DIRECTION('',(0.,2.66880534765663E-16,-1.));
#15837=DIRECTION('',(1.,0.,0.));
#15838=DIRECTION('',(0.,0.,1.));
#15839=DIRECTION('',(-1.,0.,0.));
#15840=DIRECTION('',(1.,0.,0.));
#15841=DIRECTION('',(0.,0.,1.));
#15842=DIRECTION('',(0.,1.,0.));
#15843=DIRECTION('',(0.,0.,1.));
#15844=DIRECTION('',(0.,0.,1.));
#15845=DIRECTION('',(1.,0.,0.));
#15846=DIRECTION('',(-1.,0.,0.));
#15847=DIRECTION('',(0.,0.,1.));
#15848=DIRECTION('',(-1.,0.,0.));
#15849=DIRECTION('',(0.,-1.2117163996483E-16,1.));
#15850=DIRECTION('',(0.,-1.,-1.2117163996483E-16));
#15851=DIRECTION('',(0.,-1.,-1.2117163996483E-16));
#15852=DIRECTION('',(-1.,0.,0.));
#15853=DIRECTION('',(0.,0.,1.));
#15854=DIRECTION('',(0.,0.,-1.));
#15855=DIRECTION('',(-1.,0.,0.));
#15856=DIRECTION('',(0.,1.,0.));
#15857=DIRECTION('',(1.,0.,0.));
#15858=DIRECTION('',(0.,0.,-1.));
#15859=DIRECTION('',(0.,1.53515351856354E-15,1.));
#15860=DIRECTION('',(0.,-1.,1.53515351856354E-15));
#15861=DIRECTION('',(1.83659782612453E-31,-1.,1.53515351856354E-15));
#15862=DIRECTION('',(1.,0.,0.));
#15863=DIRECTION('',(0.,1.,0.));
#15864=DIRECTION('',(0.,0.,1.));
#15865=DIRECTION('',(0.55470019622523,0.,0.832050294337843));
#15866=DIRECTION('',(1.,0.,0.));
#15867=DIRECTION('',(0.,-3.09772049281574E-15,1.));
#15868=DIRECTION('',(0.,-1.,-3.09772049281574E-15));
#15869=DIRECTION('',(1.,0.,0.));
#15870=DIRECTION('',(0.,-1.,0.));
#15871=DIRECTION('',(0.,0.,-1.));
#15872=DIRECTION('',(-0.55470019622523,0.,-0.832050294337843));
#15873=DIRECTION('',(1.,0.,0.));
#15874=DIRECTION('',(0.,0.,1.));
#15875=DIRECTION('',(1.,0.,0.));
#15876=DIRECTION('',(0.,-1.,0.));
#15877=DIRECTION('',(1.,0.,0.));
#15878=DIRECTION('',(0.,1.,7.88927456179724E-16));
#15879=DIRECTION('',(0.,-7.88927456179724E-16,1.));
#15880=DIRECTION('',(0.55470019622523,-6.56427322125545E-16,0.832050294337843));
#15881=DIRECTION('',(1.,0.,0.));
#15882=DIRECTION('',(0.,-3.09772049281574E-15,1.));
#15883=DIRECTION('',(0.,-1.,-3.09772049281574E-15));
#15884=DIRECTION('',(1.,0.,0.));
#15885=DIRECTION('',(0.,-1.,0.));
#15886=DIRECTION('',(0.,0.,-1.));
#15887=DIRECTION('',(-0.55470019622523,0.,-0.832050294337843));
#15888=DIRECTION('',(1.,0.,0.));
#15889=DIRECTION('',(0.,0.,1.));
#15890=DIRECTION('',(1.,0.,0.));
#15891=DIRECTION('',(0.,-1.,0.));
#15892=DIRECTION('',(1.,0.,0.));
#15893=DIRECTION('',(0.,1.,0.));
#15894=DIRECTION('',(0.,0.,1.));
#15895=DIRECTION('',(0.55470019622523,0.,0.832050294337843));
#15896=DIRECTION('',(1.,0.,0.));
#15897=DIRECTION('',(0.,6.19544098563146E-15,1.));
#15898=DIRECTION('',(0.,-1.,6.19544098563146E-15));
#15899=DIRECTION('',(1.,0.,0.));
#15900=DIRECTION('',(0.,-1.,0.));
#15901=DIRECTION('',(0.,0.,-1.));
#15902=DIRECTION('',(-0.554700196225231,0.,-0.832050294337843));
#15903=DIRECTION('',(1.,0.,0.));
#15904=DIRECTION('',(0.,-5.86055228370543E-16,1.));
#15905=DIRECTION('',(0.,-1.,-5.86055228370543E-16));
#15906=DIRECTION('',(-7.01133629567813E-32,-1.,-5.86055228370543E-16));
#15907=DIRECTION('',(1.,0.,0.));
#15908=DIRECTION('',(0.,1.,0.));
#15909=DIRECTION('',(0.,0.,1.));
#15910=DIRECTION('',(0.554700196225231,0.,0.832050294337843));
#15911=DIRECTION('',(1.,0.,0.));
#15912=DIRECTION('',(0.,0.,1.));
#15913=DIRECTION('',(1.,0.,0.));
#15914=DIRECTION('',(1.,0.,0.));
#15915=DIRECTION('',(0.,-1.,0.));
#15916=DIRECTION('',(0.,0.,-1.));
#15917=DIRECTION('',(-0.55470019622523,0.,-0.832050294337843));
#15918=DIRECTION('',(1.,0.,0.));
#15919=DIRECTION('',(0.,0.,1.));
#15920=DIRECTION('',(1.,0.,0.));
#15921=DIRECTION('',(0.,-1.,0.));
#15922=DIRECTION('',(1.,0.,0.));
#15923=DIRECTION('',(0.,1.,0.));
#15924=DIRECTION('',(0.,0.,1.));
#15925=DIRECTION('',(0.55470019622523,0.,0.832050294337843));
#15926=DIRECTION('',(1.,0.,0.));
#15927=DIRECTION('',(0.,-9.29316147844719E-15,1.));
#15928=DIRECTION('',(0.,-1.,-9.29316147844719E-15));
#15929=DIRECTION('',(1.,0.,0.));
#15930=DIRECTION('',(0.,-1.,0.));
#15931=DIRECTION('',(0.,0.,-1.));
#15932=DIRECTION('',(-0.55470019622523,0.,-0.832050294337843));
#15933=DIRECTION('',(1.,0.,0.));
#15934=DIRECTION('',(0.,0.,1.));
#15935=DIRECTION('',(1.,0.,0.));
#15936=DIRECTION('',(0.,-1.,0.));
#15937=DIRECTION('',(1.,0.,0.));
#15938=DIRECTION('',(0.,1.,0.));
#15939=DIRECTION('',(0.,0.,1.));
#15940=DIRECTION('',(0.55470019622523,0.,0.832050294337843));
#15941=DIRECTION('',(1.,0.,0.));
#15942=DIRECTION('',(0.,0.,1.));
#15943=DIRECTION('',(1.,0.,0.));
#15944=DIRECTION('',(1.,0.,0.));
#15945=DIRECTION('',(0.,-1.,0.));
#15946=DIRECTION('',(0.,0.,-1.));
#15947=DIRECTION('',(-0.55470019622523,0.,-0.832050294337843));
#15948=DIRECTION('',(1.,0.,0.));
#15949=DIRECTION('',(0.,0.,1.));
#15950=DIRECTION('',(1.,0.,0.));
#15951=DIRECTION('',(0.,-1.,0.));
#15952=DIRECTION('',(1.,0.,0.));
#15953=DIRECTION('',(0.,1.,-3.94463728089862E-16));
#15954=DIRECTION('',(0.,3.94463728089862E-16,1.));
#15955=DIRECTION('',(0.55470019622523,3.28213661062773E-16,0.832050294337843));
#15956=DIRECTION('',(1.,0.,0.));
#15957=DIRECTION('',(0.,3.09772049281573E-15,1.));
#15958=DIRECTION('',(0.,-1.,3.09772049281573E-15));
#15959=DIRECTION('',(1.,0.,0.));
#15960=DIRECTION('',(0.,-1.,-3.94463728089862E-16));
#15961=DIRECTION('',(0.,3.94463728089862E-16,-1.));
#15962=DIRECTION('',(-0.55470019622523,3.28213661062773E-16,-0.832050294337843));
#15963=DIRECTION('',(1.,0.,0.));
#15964=DIRECTION('',(0.,0.,1.));
#15965=DIRECTION('',(1.,0.,0.));
#15966=DIRECTION('',(0.,-1.,0.));
#15967=DIRECTION('',(1.,0.,0.));
#15968=DIRECTION('',(0.,1.,0.));
#15969=DIRECTION('',(0.,0.,1.));
#15970=DIRECTION('',(0.55470019622523,0.,0.832050294337843));
#15971=DIRECTION('',(1.,0.,0.));
#15972=DIRECTION('',(0.,0.,1.));
#15973=DIRECTION('',(1.,0.,0.));
#15974=DIRECTION('',(1.,0.,0.));
#15975=DIRECTION('',(0.,-1.,0.));
#15976=DIRECTION('',(0.,0.,-1.));
#15977=DIRECTION('',(-0.55470019622523,0.,-0.832050294337843));
#15978=DIRECTION('',(1.,0.,0.));
#15979=DIRECTION('',(0.,0.,1.));
#15980=DIRECTION('',(1.,0.,0.));
#15981=DIRECTION('',(0.,-1.,0.));
#15982=DIRECTION('',(1.,0.,0.));
#15983=DIRECTION('',(0.,-1.,0.));
#15984=DIRECTION('',(0.,0.,-1.));
#15985=DIRECTION('',(-1.19636101791504E-16,0.,-1.));
#15986=DIRECTION('',(1.,0.,0.));
#15987=DIRECTION('',(0.,0.,-1.));
#15988=DIRECTION('',(0.,-1.,0.));
#15989=DIRECTION('',(1.,0.,0.));
#15990=DIRECTION('',(-1.,0.,-2.89120579329467E-15));
#15991=DIRECTION('',(0.,0.,-1.));
#15992=DIRECTION('',(1.,0.,1.15648231731787E-16));
#15993=DIRECTION('',(0.,-1.,0.));
#15994=DIRECTION('',(0.,0.,-1.));
#15995=DIRECTION('',(0.,0.,-1.));
#15996=DIRECTION('',(1.,0.,0.));
#15997=DIRECTION('',(0.,1.,0.));
#15998=DIRECTION('',(0.,0.,1.));
#15999=DIRECTION('',(1.,0.,0.));
#16000=DIRECTION('',(0.,1.020425574104E-15,1.));
#16001=DIRECTION('',(0.,0.,-1.));
#16002=DIRECTION('',(-1.,0.,0.));
#16003=DIRECTION('',(0.,-1.,0.));
#16004=DIRECTION('',(0.,-1.,0.));
#16005=DIRECTION('',(0.,1.,0.));
#16006=DIRECTION('',(0.,0.,1.));
#16007=DIRECTION('',(1.,0.,0.));
#16008=DIRECTION('',(-0.554700196225232,-0.832050294337842,0.));
#16009=DIRECTION('',(0.,1.,0.));
#16010=DIRECTION('',(0.,0.,1.));
#16011=DIRECTION('',(1.,0.,0.));
#16012=DIRECTION('',(0.,1.,0.));
#16013=DIRECTION('',(0.,-1.,0.));
#16014=DIRECTION('',(0.554700196225232,-0.832050294337842,0.));
#16015=DIRECTION('',(0.,0.,-1.));
#16016=DIRECTION('',(-1.,0.,0.));
#16017=DIRECTION('',(0.,1.,0.));
#16018=DIRECTION('',(0.,-1.,0.));
#16019=DIRECTION('',(0.,-1.,0.));
#16020=DIRECTION('',(1.,0.,0.));
#16021=DIRECTION('',(0.,0.,-1.));
#16022=DIRECTION('',(0.,1.,0.));
#16023=DIRECTION('',(0.,-1.,-1.22278440505884E-16));
#16024=DIRECTION('',(0.,-1.22278440505884E-16,1.));
#16025=DIRECTION('',(0.,-1.,-1.22278440505884E-16));
#16026=DIRECTION('',(0.,-1.,-1.22278440505884E-16));
#16027=DIRECTION('',(0.,-1.22278440505884E-16,1.));
#16028=DIRECTION('',(0.,-1.,-1.22278440505884E-16));
#16029=DIRECTION('',(0.,-1.,-1.22278440505884E-16));
#16030=DIRECTION('',(1.,0.,0.));
#16031=DIRECTION('',(0.,0.,-1.));
#16032=DIRECTION('',(1.,0.,1.33440267382831E-16));
#16033=DIRECTION('',(1.33440267382831E-16,0.,-1.));
#16034=DIRECTION('',(0.707106781186547,0.,0.707106781186548));
#16035=DIRECTION('',(0.707106781186548,0.,-0.707106781186547));
#16036=DIRECTION('',(0.707106781186547,0.707106781186547,9.43565179497461E-17));
#16037=DIRECTION('',(0.707106781186547,-0.707106781186547,9.43565179497461E-17));
#16038=DIRECTION('',(0.,0.,1.));
#16039=DIRECTION('',(1.,0.,0.));
#16040=DIRECTION('',(0.,-0.707106781186547,0.707106781186547));
#16041=DIRECTION('',(0.,0.707106781186547,0.707106781186547));
#16042=DIRECTION('',(0.,0.,-1.));
#16043=DIRECTION('',(-1.,0.,0.));
#16044=DIRECTION('',(-0.707106781186547,0.,-0.707106781186548));
#16045=DIRECTION('',(0.707106781186548,0.,-0.707106781186547));
#16046=DIRECTION('',(0.,-0.707106781186547,-0.707106781186547));
#16047=DIRECTION('',(0.,0.707106781186547,-0.707106781186547));
#16048=DIRECTION('',(-1.,0.,-1.33440267382831E-16));
#16049=DIRECTION('',(-1.33440267382831E-16,0.,1.));
#16050=DIRECTION('',(-0.707106781186547,0.707106781186547,-9.43565179497461E-17));
#16051=DIRECTION('',(-0.707106781186547,-0.707106781186547,-9.43565179497461E-17));
#16052=DIRECTION('',(-1.15648231731787E-16,0.,1.));
#16053=DIRECTION('',(1.,0.,1.15648231731787E-16));
#16054=DIRECTION('',(0.,-1.,0.));
#16055=DIRECTION('',(0.,1.,0.));
#16056=DIRECTION('',(1.,0.,0.));
#16057=DIRECTION('',(0.,0.,-1.));
#16058=DIRECTION('',(0.,1.,0.));
#16059=DIRECTION('',(2.89120579329467E-15,0.,-1.));
#16060=DIRECTION('',(-1.,0.,-2.89120579329467E-15));
#16061=DIRECTION('',(0.,1.,0.));
#16062=DIRECTION('',(0.,1.,0.));
#16063=DIRECTION('',(0.,0.,1.));
#16064=DIRECTION('',(0.,1.,0.));
#16065=DIRECTION('',(1.,0.,0.));
#16066=DIRECTION('',(0.,0.,-1.));
#16067=DIRECTION('',(0.,0.,1.));
#16068=DIRECTION('',(1.,0.,0.));
#16069=DIRECTION('',(0.,-1.,0.));
#16070=DIRECTION('',(0.,-1.,0.));
#16071=DIRECTION('',(1.,0.,0.));
#16072=DIRECTION('',(0.,0.,-1.));
#16073=DIRECTION('',(-1.,0.,-2.89120579329468E-16));
#16074=DIRECTION('',(-2.89120579329468E-16,0.,1.));
#16075=DIRECTION('',(-1.,0.,-2.89120579329468E-16));
#16076=DIRECTION('',(-2.89120579329468E-16,0.,1.));
#16077=DIRECTION('',(0.,-1.,0.));
#16078=DIRECTION('',(1.,0.,0.));
#16079=DIRECTION('',(0.,0.,-1.));
#16080=DIRECTION('',(0.,-1.,0.));
#16081=DIRECTION('',(0.,0.,1.));
#16082=DIRECTION('',(1.,0.,0.));
#16083=DIRECTION('',(0.,0.,-1.));
#16084=DIRECTION('',(-1.,0.,0.));
#16085=DIRECTION('',(0.,-1.,0.));
#16086=DIRECTION('',(0.,-1.,0.));
#16087=DIRECTION('',(0.964123906893162,0.,-0.265452617536664));
#16088=DIRECTION('',(-0.265452617536664,0.,-0.964123906893162));
#16089=DIRECTION('',(0.,-1.,0.));
#16090=DIRECTION('',(1.,0.,0.));
#16091=DIRECTION('',(0.,0.,-1.));
#16092=DIRECTION('',(0.,0.,-1.));
#16093=DIRECTION('',(0.,-1.,0.));
#16094=DIRECTION('',(-1.,0.,0.));
#16095=DIRECTION('',(0.,0.,1.));
#16096=DIRECTION('',(0.,-1.,0.));
#16097=DIRECTION('',(0.,0.,1.));
#16098=DIRECTION('',(0.,-1.,0.));
#16099=DIRECTION('',(-0.964123906893162,0.,-0.265452617536664));
#16100=DIRECTION('',(-0.265452617536664,0.,0.964123906893162));
#16101=DIRECTION('',(1.,0.,0.));
#16102=DIRECTION('',(0.,0.,-1.));
#16103=DIRECTION('',(0.,1.,0.));
#16104=DIRECTION('',(0.,0.,-1.));
#16105=DIRECTION('',(0.,1.,0.));
#16106=DIRECTION('',(0.964123906893162,0.,-0.265452617536664));
#16107=DIRECTION('',(-0.265452617536664,0.,-0.964123906893162));
#16108=DIRECTION('',(0.,1.,0.));
#16109=DIRECTION('',(0.,0.,-1.));
#16110=DIRECTION('',(-1.,0.,0.));
#16111=DIRECTION('',(0.,1.,0.));
#16112=DIRECTION('',(-0.964123906893162,0.,-0.265452617536664));
#16113=DIRECTION('',(-0.265452617536664,0.,0.964123906893162));
#16114=DIRECTION('',(0.,1.,0.));
#16115=DIRECTION('',(-1.,0.,0.));
#16116=DIRECTION('',(0.,0.,1.));
#16117=DIRECTION('',(0.,0.,-1.));
#16118=DIRECTION('',(0.,1.,0.));
#16119=DIRECTION('',(-1.,0.,0.));
#16120=DIRECTION('',(0.,0.,1.));
#16121=DIRECTION('',(0.,-1.,0.));
#16122=DIRECTION('',(0.,-1.,0.));
#16123=DIRECTION('',(0.,-1.,0.));
#16124=DIRECTION('',(0.,0.,-1.));
#16125=DIRECTION('',(0.,-1.,0.));
#16126=DIRECTION('',(1.,0.,0.));
#16127=DIRECTION('',(0.,0.,-1.));
#16128=DIRECTION('',(0.,-1.,0.));
#16129=DIRECTION('',(0.,-1.,0.));
#16130=DIRECTION('',(0.,0.,-1.));
#16131=DIRECTION('',(0.,-1.,0.));
#16132=DIRECTION('',(0.,0.,-1.));
#16133=DIRECTION('',(0.,-1.,0.));
#16134=DIRECTION('',(0.,-1.,0.));
#16135=DIRECTION('',(1.,0.,0.));
#16136=DIRECTION('',(0.,0.,-1.));
#16137=DIRECTION('',(0.,-1.,0.));
#16138=DIRECTION('',(0.,-1.,0.));
#16139=DIRECTION('',(0.,0.,-1.));
#16140=DIRECTION('',(0.,-1.,0.));
#16141=DIRECTION('',(-1.,0.,0.));
#16142=DIRECTION('',(0.,0.,1.));
#16143=DIRECTION('',(1.,0.,0.));
#16144=DIRECTION('',(0.,0.,-1.));
#16145=DIRECTION('',(0.,-1.,0.));
#16146=DIRECTION('',(0.,0.,1.));
#16147=DIRECTION('',(0.,0.,1.));
#16148=DIRECTION('',(1.,0.,0.));
#16149=DIRECTION('',(-1.,0.,0.));
#16150=DIRECTION('',(0.,-1.,0.));
#16151=DIRECTION('',(0.,0.,-1.));
#16152=DIRECTION('',(0.,0.,1.));
#16153=DIRECTION('',(1.,0.,0.));
#16154=DIRECTION('',(0.,-1.,0.));
#16155=DIRECTION('',(-1.,0.,0.));
#16156=DIRECTION('',(-1.,0.,0.));
#16157=DIRECTION('',(0.,0.,1.));
#16158=DIRECTION('',(0.,0.,-1.));
#16159=DIRECTION('',(0.,-1.,0.));
#16160=DIRECTION('',(0.,0.,-1.));
#16161=DIRECTION('',(-1.,0.,0.));
#16162=DIRECTION('',(0.,0.,1.));
#16163=DIRECTION('',(0.,1.,0.));
#16164=DIRECTION('',(0.,0.,1.));
#16165=DIRECTION('',(0.,0.,1.));
#16166=DIRECTION('',(1.,0.,0.));
#16167=DIRECTION('',(1.,0.,0.));
#16168=DIRECTION('',(0.,1.,0.));
#16169=DIRECTION('',(0.,0.,1.));
#16170=DIRECTION('',(-1.,0.,0.));
#16171=DIRECTION('',(0.,0.,1.));
#16172=DIRECTION('',(0.,0.,1.));
#16173=DIRECTION('',(0.,1.,0.));
#16174=DIRECTION('',(0.,0.,-1.));
#16175=DIRECTION('',(-1.,0.,0.));
#16176=DIRECTION('',(-1.,0.,0.));
#16177=DIRECTION('',(0.,-1.,0.));
#16178=DIRECTION('',(0.,0.,-1.));
#16179=DIRECTION('',(0.,-1.,0.));
#16180=DIRECTION('',(0.,0.,-1.));
#16181=DIRECTION('',(0.832050294337843,0.55470019622523,0.));
#16182=DIRECTION('',(0.,0.,1.));
#16183=DIRECTION('',(-0.485071250072667,0.727606875108998,0.485071250072667));
#16184=DIRECTION('',(-0.426401432711222,0.639602149066831,0.639602149066831));
#16185=DIRECTION('',(0.832050294337843,0.,0.55470019622523));
#16186=DIRECTION('',(0.,-1.,0.));
#16187=DIRECTION('',(-0.426401432711222,0.639602149066831,0.639602149066831));
#16188=DIRECTION('',(0.832050294337843,0.55470019622523,0.));
#16189=DIRECTION('',(0.,0.,1.));
#16190=DIRECTION('',(-0.426401432711222,0.639602149066831,0.639602149066831));
#16191=DIRECTION('',(0.832050294337843,0.,0.55470019622523));
#16192=DIRECTION('',(0.,-1.,0.));
#16193=DIRECTION('',(-0.426401432711222,0.639602149066831,0.639602149066831));
#16194=DIRECTION('',(0.832050294337843,0.55470019622523,0.));
#16195=DIRECTION('',(0.,0.,1.));
#16196=DIRECTION('',(0.426401432711222,-0.639602149066831,-0.639602149066831));
#16197=DIRECTION('',(0.832050294337843,0.,0.55470019622523));
#16198=DIRECTION('',(0.,-1.,0.));
#16199=DIRECTION('',(0.426401432711222,-0.639602149066831,-0.639602149066831));
#16200=DIRECTION('',(0.832050294337843,0.55470019622523,0.));
#16201=DIRECTION('',(0.,0.,1.));
#16202=DIRECTION('',(0.426401432711222,-0.639602149066831,0.639602149066831));
#16203=DIRECTION('',(0.832050294337843,0.,-0.55470019622523));
#16204=DIRECTION('',(0.,1.,0.));
#16205=DIRECTION('',(0.426401432711222,-0.639602149066831,0.639602149066831));
#16206=DIRECTION('',(0.832050294337843,0.55470019622523,0.));
#16207=DIRECTION('',(0.,0.,1.));
#16208=DIRECTION('',(0.426401432711222,-0.639602149066831,0.63960214906683));
#16209=DIRECTION('',(0.832050294337842,0.,-0.554700196225231));
#16210=DIRECTION('',(0.,1.,0.));
#16211=DIRECTION('',(0.426401432711222,0.639602149066831,0.639602149066831));
#16212=DIRECTION('',(0.832050294337843,-0.55470019622523,-1.68225778412736E-16));
#16213=DIRECTION('',(0.,3.0327333496098E-16,-1.));
#16214=DIRECTION('',(0.426401432711222,0.639602149066831,0.639602149066831));
#16215=DIRECTION('',(0.832050294337843,0.,-0.55470019622523));
#16216=DIRECTION('',(0.,1.,0.));
#16217=DIRECTION('',(0.426401432711222,0.63960214906683,0.639602149066832));
#16218=DIRECTION('',(0.832050294337842,-0.554700196225231,0.));
#16219=DIRECTION('',(0.,0.,-1.));
#16220=DIRECTION('',(0.426401432711222,0.63960214906683,-0.639602149066832));
#16221=DIRECTION('',(0.832050294337843,0.,0.55470019622523));
#16222=DIRECTION('',(0.,-1.,0.));
#16223=DIRECTION('',(0.426401432711222,0.639602149066831,-0.639602149066831));
#16224=DIRECTION('',(0.832050294337843,-0.55470019622523,0.));
#16225=DIRECTION('',(0.,0.,-1.));
#16226=DIRECTION('',(0.426401432711222,0.639602149066831,-0.639602149066831));
#16227=DIRECTION('',(0.832050294337843,0.,0.55470019622523));
#16228=DIRECTION('',(0.,-1.,0.));
#16229=DIRECTION('',(0.426401432711222,0.639602149066831,-0.639602149066831));
#16230=DIRECTION('',(0.832050294337843,-0.55470019622523,0.));
#16231=DIRECTION('',(0.,0.,-1.));
#16232=DIRECTION('',(0.426401432711222,0.639602149066831,-0.639602149066831));
#16233=DIRECTION('',(0.832050294337843,0.,0.55470019622523));
#16234=DIRECTION('',(0.,-1.,0.));
#16235=DIRECTION('',(0.426401432711222,0.639602149066831,-0.639602149066831));
#16236=DIRECTION('',(0.832050294337843,-0.55470019622523,0.));
#16237=DIRECTION('',(0.,0.,-1.));
#16238=DIRECTION('',(0.485071250072667,0.727606875108998,-0.485071250072667));
#16239=DIRECTION('',(0.832050294337842,0.554700196225232,-9.95432537090528E-17));
#16240=DIRECTION('',(1.19636101791504E-16,0.,1.));
#16241=DIRECTION('',(0.426401432711223,-0.639602149066829,0.639602149066832));
#16242=DIRECTION('',(0.832050294337843,0.,-0.55470019622523));
#16243=DIRECTION('',(0.,1.,0.));
#16244=DIRECTION('',(0.832050294337842,-0.554700196225232,-9.95432537090529E-17));
#16245=DIRECTION('',(-1.19636101791504E-16,0.,-1.));
#16246=DIRECTION('',(-0.426401432711223,-0.63960214906683,-0.639602149066832));
#16247=DIRECTION('',(0.832050294337843,-8.51549957983049E-16,-0.55470019622523));
#16248=DIRECTION('',(-1.83659782612453E-31,1.,-1.53515351856354E-15));
#16249=DIRECTION('',(0.832050294337843,0.,-0.55470019622523));
#16250=DIRECTION('',(0.,1.,0.));
#16251=DIRECTION('',(0.832050294337843,0.,-0.55470019622523));
#16252=DIRECTION('',(0.,1.,0.));
#16253=DIRECTION('',(0.832050294337843,0.,-0.55470019622523));
#16254=DIRECTION('',(0.,1.,0.));
#16255=DIRECTION('',(0.832050294337843,0.,-0.55470019622523));
#16256=DIRECTION('',(0.,1.,0.));
#16257=DIRECTION('',(0.832050294337843,3.25084950175962E-16,-0.554700196225231));
#16258=DIRECTION('',(7.01133629567813E-32,1.,5.86055228370543E-16));
#16259=DIRECTION('',(0.832050294337843,0.,-0.55470019622523));
#16260=DIRECTION('',(0.,1.,0.));
#16261=DIRECTION('',(0.832050294337843,0.,-0.55470019622523));
#16262=DIRECTION('',(0.,1.,0.));
#16263=DIRECTION('',(0.707106781186547,0.,0.707106781186547));
#16264=DIRECTION('',(0.,-1.,0.));
#16265=DIRECTION('',(0.,0.,-1.));
#16266=DIRECTION('',(-1.,0.,0.));
#16267=DIRECTION('',(0.,1.,0.));
#16268=DIRECTION('',(1.,0.,0.));
#16269=DIRECTION('',(0.,0.,-1.));
#16270=DIRECTION('',(0.,-6.31023665367951E-16,-1.));
#16271=DIRECTION('',(0.,1.,-6.31023665367951E-16));
#16272=DIRECTION('',(0.,1.,-6.31023665367951E-16));
#16273=DIRECTION('',(1.,0.,0.));
#16274=DIRECTION('',(0.,0.,-1.));
#16275=DIRECTION('',(-1.,0.,0.));
#16276=DIRECTION('',(0.,0.,1.));
#16277=DIRECTION('',(0.,-1.,0.));
#16278=DIRECTION('',(0.,-1.,0.));
#16279=DIRECTION('',(-1.,0.,0.));
#16280=DIRECTION('',(0.,0.,1.));
#16281=DIRECTION('',(0.,-1.,0.));
#16282=DIRECTION('',(0.,-1.,0.));
#16283=DIRECTION('',(0.,0.,1.));
#16284=DIRECTION('',(1.,0.,0.));
#16285=DIRECTION('',(0.,0.,1.));
#16286=DIRECTION('',(1.,0.,0.));
#16287=DIRECTION('',(0.,0.,1.));
#16288=DIRECTION('',(1.,0.,0.));
#16289=DIRECTION('',(0.,-1.,0.));
#16290=DIRECTION('',(0.,0.,-1.));
#16291=DIRECTION('',(0.,0.,-1.));
#16292=DIRECTION('',(-1.,0.,0.));
#16293=DIRECTION('',(0.,1.,0.));
#16294=DIRECTION('',(0.,0.,1.));
#16295=DIRECTION('',(1.,0.,0.));
#16296=DIRECTION('',(0.,0.,-1.));
#16297=DIRECTION('',(-1.,0.,0.));
#16298=DIRECTION('',(0.,0.,1.));
#16299=DIRECTION('',(0.,1.,0.));
#16300=DIRECTION('',(0.,0.,1.));
#16301=DIRECTION('',(1.,0.,0.));
#16302=DIRECTION('',(0.,-1.19801345026023E-16,1.));
#16303=DIRECTION('',(0.,-1.,-1.19801345026023E-16));
#16304=DIRECTION('',(0.,-1.,-1.19801345026023E-16));
#16305=DIRECTION('',(-1.,0.,0.));
#16306=DIRECTION('',(0.,0.,1.));
#16307=DIRECTION('',(-1.,0.,0.));
#16308=DIRECTION('',(0.,0.,1.));
#16309=DIRECTION('',(0.,-1.,-1.19801345026023E-16));
#16310=DIRECTION('',(0.,-1.19801345026023E-16,1.));
#16311=DIRECTION('',(0.,-1.,-1.19801345026023E-16));
#16312=DIRECTION('',(5.65198187950536E-16,-9.56354162472823E-49,1.));
#16313=DIRECTION('',(-1.,-1.02734687946198E-16,5.65198187950536E-16));
#16314=DIRECTION('',(-3.74939945665464E-33,-6.12323399573677E-17,1.));
#16315=DIRECTION('',(6.12323399573677E-17,1.,6.12323399573677E-17));
#16316=DIRECTION('',(-0.817144898335129,0.,0.576432316169793));
#16317=DIRECTION('',(0.576432316169793,0.,0.817144898335129));
#16318=DIRECTION('',(-0.817144898335129,0.,0.576432316169793));
#16319=DIRECTION('',(-0.576432316169793,0.,-0.817144898335129));
#16320=DIRECTION('',(-0.817144898335129,0.,0.576432316169793));
#16321=DIRECTION('',(-0.576432316169793,0.,-0.817144898335129));
#16322=DIRECTION('',(0.,-1.,0.));
#16323=DIRECTION('',(0.,0.,-1.));
#16324=DIRECTION('',(1.,0.,1.03300962041104E-16));
#16325=DIRECTION('',(-1.03300962041104E-16,0.,1.));
#16326=DIRECTION('',(1.,0.,1.58758873677191E-16));
#16327=DIRECTION('',(1.58758873677191E-16,0.,-1.));
#16328=DIRECTION('',(1.,0.,2.65872125972748E-16));
#16329=DIRECTION('',(-2.65872125972748E-16,0.,1.));
#16330=DIRECTION('',(0.,1.,0.));
#16331=DIRECTION('',(0.,0.,1.));
#16332=DIRECTION('',(0.,0.,1.));
#16333=DIRECTION('',(-1.,0.,0.));
#16334=DIRECTION('',(-5.54579116360872E-17,0.,1.));
#16335=DIRECTION('',(1.,0.,5.54579116360872E-17));
#16336=DIRECTION('',(0.,0.,1.));
#16337=DIRECTION('',(-1.,0.,0.));
#16338=DIRECTION('',(-0.817144898335129,0.,0.576432316169793));
#16339=DIRECTION('',(0.576432316169793,0.,0.817144898335129));
#16340=DIRECTION('',(0.,0.,1.));
#16341=DIRECTION('',(1.,0.,0.));
#16342=DIRECTION('',(7.19778368813573E-16,0.00480504025862777,0.999988455727421));
#16343=DIRECTION('',(1.,1.01867384941282E-16,-7.20276160763589E-16));
#16344=DIRECTION('',(-1.,0.,0.));
#16345=DIRECTION('',(0.,-6.12323399573677E-17,-1.));
#16346=DIRECTION('',(-1.,0.,0.));
#16347=DIRECTION('',(1.,0.,0.));
#16348=DIRECTION('',(0.,0.,-1.));
#16349=DIRECTION('',(1.,0.,0.));
#16350=DIRECTION('',(-1.,0.,0.));
#16351=DIRECTION('',(0.,0.,1.));
#16352=DIRECTION('',(-1.,0.,0.));
#16353=DIRECTION('',(0.,-6.12323399573677E-17,-1.));
#16354=DIRECTION('',(1.,0.,0.));
#16355=DIRECTION('',(-1.,0.,0.));
#16356=DIRECTION('',(0.,0.,1.));
#16357=DIRECTION('',(-1.,0.,0.));
#16358=DIRECTION('',(-1.,0.,0.));
#16359=DIRECTION('',(0.,-6.12323399573677E-17,-1.));
#16360=DIRECTION('',(-1.,0.,0.));
#16361=DIRECTION('',(0.,-6.12323399573677E-17,-1.));
#16362=DIRECTION('',(1.,0.,0.));
#16363=DIRECTION('',(0.,0.,-1.));
#16364=DIRECTION('',(-1.,0.,0.));
#16365=DIRECTION('',(-1.,0.,0.));
#16366=DIRECTION('',(0.,0.,1.));
#16367=DIRECTION('',(1.,0.,0.));
#16368=DIRECTION('',(-1.,0.,0.));
#16369=DIRECTION('',(0.,-6.12323399573677E-17,-1.));
#16370=DIRECTION('',(-1.,0.,0.));
#16371=DIRECTION('',(0.,0.,1.));
#16372=DIRECTION('',(1.,0.,0.));
#16373=DIRECTION('',(-1.,0.,0.));
#16374=DIRECTION('',(0.,0.,1.));
#16375=DIRECTION('',(-1.,0.,0.));
#16376=DIRECTION('',(-1.,0.,0.));
#16377=DIRECTION('',(0.,-6.12323399573677E-17,-1.));
#16378=DIRECTION('',(-1.,0.,0.));
#16379=DIRECTION('',(1.,0.,0.));
#16380=DIRECTION('',(0.,0.,-1.));
#16381=DIRECTION('',(1.,0.,0.));
#16382=DIRECTION('',(1.,0.,0.));
#16383=DIRECTION('',(0.,-6.12323399573677E-17,-1.));
#16384=DIRECTION('',(-1.,0.,0.));
#16385=DIRECTION('',(0.,-6.12323399573677E-17,-1.));
#16386=DIRECTION('',(1.,0.,0.));
#16387=DIRECTION('',(0.,0.,-1.));
#16388=DIRECTION('',(-1.,0.,0.));
#16389=DIRECTION('',(-1.,0.,0.));
#16390=DIRECTION('',(0.,0.,1.));
#16391=DIRECTION('',(1.,0.,0.));
#16392=DIRECTION('',(0.,-1.,0.));
#16393=DIRECTION('',(0.,0.,1.));
#16394=DIRECTION('',(-1.,0.,0.));
#16395=DIRECTION('',(0.,0.,1.));
#16396=DIRECTION('',(-1.,0.,0.));
#16397=DIRECTION('',(0.,0.,1.));
#16398=DIRECTION('',(-1.,6.12323399573677E-17,0.));
#16399=DIRECTION('',(-6.12323399573677E-17,-1.,0.));
#16400=DIRECTION('',(6.12323399573677E-17,1.,0.));
#16401=DIRECTION('',(-7.08141184086922E-32,-1.15648231731787E-15,1.));
#16402=DIRECTION('',(-6.12323399573677E-17,-1.,0.));
#16403=DIRECTION('',(0.,0.,-1.));
#16404=DIRECTION('',(0.,0.,-1.));
#16405=DIRECTION('',(-1.,6.12323399573677E-17,0.));
#16406=DIRECTION('',(-6.12323399573677E-17,-1.,0.));
#16407=DIRECTION('',(-6.12323399573677E-17,-1.,0.));
#16408=DIRECTION('',(-1.,6.12323399573677E-17,0.));
#16409=DIRECTION('',(-6.12323399573677E-17,-1.,0.));
#16410=DIRECTION('',(0.,0.,-1.));
#16411=DIRECTION('',(-1.,6.67714963809394E-17,0.));
#16412=DIRECTION('',(6.67714963809394E-17,1.,0.));
#16413=DIRECTION('',(0.,0.,1.));
#16414=DIRECTION('',(-1.,6.12323399573677E-17,0.));
#16415=DIRECTION('',(-6.12323399573677E-17,-1.,0.));
#16416=DIRECTION('',(-6.12323399573677E-17,-1.,0.));
#16417=DIRECTION('',(0.,-5.7547886013031E-18,1.));
#16418=DIRECTION('',(-1.33071206402699E-16,-0.9995355706193,-0.0304736454457101));
#16419=DIRECTION('',(-1.,6.12323399573677E-17,0.));
#16420=DIRECTION('',(-6.12323399573677E-17,-1.,0.));
#16421=DIRECTION('',(-1.25515763710211E-32,-2.16743129696084E-16,-1.));
#16422=DIRECTION('',(-1.,6.12323399573677E-17,0.));
#16423=DIRECTION('',(-6.12323399573677E-17,-1.,0.));
#16424=DIRECTION('',(1.33071206402699E-16,0.9995355706193,-0.0304736454457106));
#16425=DIRECTION('',(0.,-5.7547886013031E-18,1.));
#16426=DIRECTION('',(-1.33071206402699E-16,-0.9995355706193,-0.0304736454457104));
#16427=DIRECTION('',(-1.,6.12323399573677E-17,0.));
#16428=DIRECTION('',(-6.12323399573677E-17,-1.,0.));
#16429=DIRECTION('',(1.25515763710211E-32,9.42784497813482E-17,-1.));
#16430=DIRECTION('',(-1.,6.12323399573677E-17,0.));
#16431=DIRECTION('',(-6.12323399573677E-17,-1.,0.));
#16432=DIRECTION('',(1.33071206402699E-16,0.9995355706193,-0.0304736454457102));
#16433=DIRECTION('',(0.,-5.7547886013031E-18,1.));
#16434=DIRECTION('',(6.12323399573677E-17,1.,0.));
#16435=DIRECTION('',(0.,0.,-1.));
#16436=DIRECTION('',(1.,-1.33133037296762E-16,0.));
#16437=DIRECTION('',(1.33133037296762E-16,1.,0.));
#16438=DIRECTION('',(0.,1.,0.));
#16439=DIRECTION('',(0.,0.,1.));
#16440=DIRECTION('',(0.,0.,-1.));
#16441=DIRECTION('',(0.,1.,0.));
#16442=DIRECTION('',(1.,-1.33133037296762E-16,0.));
#16443=DIRECTION('',(1.33133037296762E-16,1.,0.));
#16444=DIRECTION('',(-1.,6.12323399573677E-17,0.));
#16445=DIRECTION('',(-6.12323399573677E-17,-1.,0.));
#16446=DIRECTION('',(-6.12323399573677E-17,-1.,0.));
#16447=DIRECTION('',(-1.,6.12323399573677E-17,0.));
#16448=DIRECTION('',(-6.12323399573677E-17,-1.,0.));
#16449=DIRECTION('',(0.,0.,-1.));
#16450=DIRECTION('',(1.,-1.33133037296762E-16,0.));
#16451=DIRECTION('',(1.33133037296762E-16,1.,0.));
#16452=DIRECTION('',(0.,1.,0.));
#16453=DIRECTION('',(0.,0.,-1.));
#16454=DIRECTION('',(0.,0.,1.));
#16455=DIRECTION('',(0.,1.,0.));
#16456=DIRECTION('',(1.,-1.33133037296762E-16,0.));
#16457=DIRECTION('',(1.33133037296762E-16,1.,0.));
#16458=DIRECTION('',(0.,0.,-1.));
#16459=DIRECTION('',(6.12323399573677E-17,1.,0.));
#16460=DIRECTION('',(0.,-5.7547886013031E-18,1.));
#16461=DIRECTION('',(1.33071206402699E-16,0.9995355706193,-0.0304736454457102));
#16462=DIRECTION('',(-1.,6.12323399573677E-17,0.));
#16463=DIRECTION('',(-6.12323399573677E-17,-1.,0.));
#16464=DIRECTION('',(1.25515763710211E-32,9.42784497813482E-17,-1.));
#16465=DIRECTION('',(-1.,6.12323399573677E-17,0.));
#16466=DIRECTION('',(-6.12323399573677E-17,-1.,0.));
#16467=DIRECTION('',(-1.33071206402699E-16,-0.9995355706193,-0.0304736454457104));
#16468=DIRECTION('',(0.,-5.7547886013031E-18,1.));
#16469=DIRECTION('',(1.33071206402699E-16,0.9995355706193,-0.0304736454457106));
#16470=DIRECTION('',(-1.,6.12323399573677E-17,0.));
#16471=DIRECTION('',(-6.12323399573677E-17,-1.,0.));
#16472=DIRECTION('',(-1.25515763710211E-32,-2.16743129696084E-16,-1.));
#16473=DIRECTION('',(-1.,6.12323399573677E-17,0.));
#16474=DIRECTION('',(-6.12323399573677E-17,-1.,0.));
#16475=DIRECTION('',(-1.33071206402699E-16,-0.9995355706193,-0.0304736454457101));
#16476=DIRECTION('',(0.,-5.7547886013031E-18,1.));
#16477=DIRECTION('',(-6.12323399573677E-17,-1.,0.));
#16478=DIRECTION('',(-1.,6.12323399573677E-17,0.));
#16479=DIRECTION('',(-6.12323399573677E-17,-1.,0.));
#16480=DIRECTION('',(0.,0.,1.));
#16481=DIRECTION('',(-1.,6.67714963809394E-17,0.));
#16482=DIRECTION('',(6.67714963809394E-17,1.,0.));
#16483=DIRECTION('',(0.,0.,-1.));
#16484=DIRECTION('',(-1.,6.12323399573677E-17,0.));
#16485=DIRECTION('',(-6.12323399573677E-17,-1.,0.));
#16486=DIRECTION('',(6.12323399573677E-17,1.,0.));
#16487=DIRECTION('',(0.,0.,-1.));
#16488=DIRECTION('',(-6.12323399573677E-17,-1.,0.));
#16489=DIRECTION('',(-7.08141184086922E-32,-1.15648231731787E-15,1.));
#16490=DIRECTION('',(-6.62629688504709E-17,-1.,0.));
#16491=DIRECTION('',(1.,-6.62629688504709E-17,0.));
#16492=DIRECTION('',(-1.,1.04943948939916E-16,0.));
#16493=DIRECTION('',(1.,-6.62629688504709E-17,0.));
#16494=DIRECTION('',(-6.62629688504709E-17,-1.,0.));
#16495=DIRECTION('',(1.,-6.62629688504709E-17,0.));
#16496=DIRECTION('',(1.,-6.62629688504709E-17,1.73472347597681E-16));
#16497=DIRECTION('',(-1.,1.04943948939916E-16,0.));
#16498=DIRECTION('',(0.,-6.12323399573677E-17,-1.));
#16499=DIRECTION('',(0.,1.,-6.12323399573677E-17));
#16500=DIRECTION('',(1.33133037296762E-16,1.,0.));
#16501=DIRECTION('',(-1.,0.,0.));
#16502=DIRECTION('',(0.0304736454457102,-0.9995355706193,6.12039018596424E-17));
#16503=DIRECTION('',(-1.,0.,0.));
#16504=DIRECTION('',(0.0304736454457104,0.9995355706193,-6.12039018596424E-17));
#16505=DIRECTION('',(-1.,0.,0.));
#16506=DIRECTION('',(1.33133037296762E-16,1.,0.));
#16507=DIRECTION('',(1.,-1.04943948939916E-16,0.));
#16508=DIRECTION('',(-1.,0.,0.));
#16509=DIRECTION('',(0.,1.,0.));
#16510=DIRECTION('',(-1.,0.,0.));
#16511=DIRECTION('',(0.,1.,0.));
#16512=DIRECTION('',(-1.,0.,0.));
#16513=DIRECTION('',(1.,0.,0.));
#16514=DIRECTION('',(0.,1.,0.));
#16515=DIRECTION('',(-1.,0.,0.));
#16516=DIRECTION('',(0.9995355706193,-0.0304736454457102,1.86597261767201E-18));
#16517=DIRECTION('',(-0.0304736454457102,-0.9995355706193,6.12039018596425E-17));
#16518=DIRECTION('',(1.,0.,0.));
#16519=DIRECTION('',(-0.9995355706193,-0.0304736454457102,1.86597261767201E-18));
#16520=DIRECTION('',(-0.0304736454457102,0.9995355706193,-6.12039018596425E-17));
#16521=DIRECTION('',(-1.,0.,0.));
#16522=DIRECTION('',(-1.,0.,0.));
#16523=DIRECTION('',(0.,1.,0.));
#16524=DIRECTION('',(-1.,0.,0.));
#16525=DIRECTION('',(0.9995355706193,-0.0304736454457104,1.86597261767203E-18));
#16526=DIRECTION('',(-0.0304736454457104,-0.9995355706193,6.12039018596424E-17));
#16527=DIRECTION('',(1.,0.,0.));
#16528=DIRECTION('',(-1.,0.,0.));
#16529=DIRECTION('',(0.,0.,1.));
#16530=DIRECTION('',(-1.,0.,0.));
#16531=DIRECTION('',(0.,1.,0.));
#16532=DIRECTION('',(-0.9995355706193,-0.0304736454457102,1.86597261767201E-18));
#16533=DIRECTION('',(-0.0304736454457102,0.9995355706193,-6.12039018596425E-17));
#16534=DIRECTION('',(1.,0.,0.));
#16535=DIRECTION('',(0.9995355706193,-0.0304736454457102,1.86597261767201E-18));
#16536=DIRECTION('',(-0.0304736454457102,-0.9995355706193,6.12039018596425E-17));
#16537=DIRECTION('',(-1.,0.,0.));
#16538=DIRECTION('',(-1.,0.,0.));
#16539=DIRECTION('',(0.,0.,1.));
#16540=DIRECTION('',(-1.,0.,0.));
#16541=DIRECTION('',(-1.,0.,0.));
#16542=DIRECTION('',(0.,0.,1.));
#16543=DIRECTION('',(-1.,0.,0.));
#16544=DIRECTION('',(-1.,0.,0.));
#16545=DIRECTION('',(0.,1.,0.));
#16546=DIRECTION('',(0.9995355706193,-0.0304736454457104,1.86597261767203E-18));
#16547=DIRECTION('',(-0.0304736454457104,-0.9995355706193,6.12039018596424E-17));
#16548=DIRECTION('',(-1.,0.,0.));
#16549=DIRECTION('',(-1.,0.,0.));
#16550=DIRECTION('',(0.,0.,1.));
#16551=DIRECTION('',(1.,0.,0.));
#16552=DIRECTION('',(0.,6.12323399573677E-17,1.));
#16553=DIRECTION('',(0.,-1.,6.12323399573677E-17));
#16554=DIRECTION('',(0.0304736454457104,0.9995355706193,-6.12039018596424E-17));
#16555=DIRECTION('',(0.,6.12323399573677E-17,1.));
#16556=DIRECTION('',(0.,-1.,6.12323399573677E-17));
#16557=DIRECTION('',(1.,-9.42784497813482E-17,5.77289008766513E-33));
#16558=DIRECTION('',(0.,6.12323399573677E-17,1.));
#16559=DIRECTION('',(0.,-1.,6.12323399573677E-17));
#16560=DIRECTION('',(0.0304736454457102,-0.9995355706193,6.12039018596424E-17));
#16561=DIRECTION('',(0.0304736454457102,0.9995355706193,-6.12039018596424E-17));
#16562=DIRECTION('',(0.,6.12323399573677E-17,1.));
#16563=DIRECTION('',(0.,-1.,6.12323399573677E-17));
#16564=DIRECTION('',(1.,9.42784497813482E-17,-5.77289008766513E-33));
#16565=DIRECTION('',(0.,6.12323399573677E-17,1.));
#16566=DIRECTION('',(0.,-1.,6.12323399573677E-17));
#16567=DIRECTION('',(0.0304736454457104,-0.9995355706193,6.12039018596424E-17));
#16568=DIRECTION('',(1.,0.,0.));
#16569=DIRECTION('',(1.,0.,0.));
#16570=DIRECTION('',(-6.03689924298884E-17,1.,-6.12323399573677E-17));
#16571=DIRECTION('',(-1.,-1.73472347597681E-16,1.06221177613038E-32));
#16572=DIRECTION('',(-1.,-1.73472347597681E-16,1.06221177613038E-32));
#16573=DIRECTION('',(0.,-1.,6.12323399573677E-17));
#16574=DIRECTION('',(1.,0.,0.));
#16575=DIRECTION('',(0.,6.12323399573677E-17,1.));
#16576=DIRECTION('',(0.,-1.,6.12323399573677E-17));
#16577=DIRECTION('',(0.0304736454457102,-0.9995355706193,6.12039018596424E-17));
#16578=DIRECTION('',(0.,6.12323399573677E-17,1.));
#16579=DIRECTION('',(0.,-1.,6.12323399573677E-17));
#16580=DIRECTION('',(1.,-9.42784497813482E-17,5.77289008766513E-33));
#16581=DIRECTION('',(0.,6.12323399573677E-17,1.));
#16582=DIRECTION('',(0.,-1.,6.12323399573677E-17));
#16583=DIRECTION('',(0.0304736454457104,0.9995355706193,-6.12039018596424E-17));
#16584=DIRECTION('',(1.,0.,0.));
#16585=DIRECTION('',(0.,-1.,6.12323399573677E-17));
#16586=DIRECTION('',(-1.,0.,0.));
#16587=DIRECTION('',(-1.,0.,0.));
#16588=DIRECTION('',(-6.03689924298884E-17,1.,-6.12323399573677E-17));
#16589=DIRECTION('',(1.,0.,0.));
#16590=DIRECTION('',(1.,0.,0.));
#16591=DIRECTION('',(0.0304736454457104,-0.9995355706193,6.12039018596424E-17));
#16592=DIRECTION('',(0.,6.12323399573677E-17,1.));
#16593=DIRECTION('',(0.,-1.,6.12323399573677E-17));
#16594=DIRECTION('',(1.,9.42784497813482E-17,-5.77289008766513E-33));
#16595=DIRECTION('',(0.,6.12323399573677E-17,1.));
#16596=DIRECTION('',(0.,-1.,6.12323399573677E-17));
#16597=DIRECTION('',(0.0304736454457102,0.9995355706193,-6.12039018596424E-17));
#16598=DIRECTION('',(-1.,1.33133037296762E-16,0.));
#16599=DIRECTION('',(-1.33133037296762E-16,-1.,0.));
#16600=DIRECTION('',(0.,-6.65665186483809E-17,-1.));
#16601=DIRECTION('',(-1.33133037296762E-16,-1.,6.65665186483809E-17));
#16602=DIRECTION('',(0.,0.,-1.));
#16603=DIRECTION('',(1.33071206402699E-16,0.9995355706193,-0.0304736454457102));
#16604=DIRECTION('',(0.,-5.7547886013031E-18,1.));
#16605=DIRECTION('',(-1.33071206402699E-16,-0.9995355706193,-0.0304736454457104));
#16606=DIRECTION('',(0.,0.,-1.));
#16607=DIRECTION('',(-1.33133037296762E-16,-1.,6.65665186483809E-17));
#16608=DIRECTION('',(0.,0.,-1.));
#16609=DIRECTION('',(-1.,0.,0.));
#16610=DIRECTION('',(-1.,0.,0.));
#16611=DIRECTION('',(0.,0.,1.));
#16612=DIRECTION('',(1.,0.,0.));
#16613=DIRECTION('',(-6.12323399573677E-17,1.,0.));
#16614=DIRECTION('',(-1.,0.,0.));
#16615=DIRECTION('',(-6.12323399573677E-17,1.,0.));
#16616=DIRECTION('',(0.,0.,-1.));
#16617=DIRECTION('',(0.,1.,0.));
#16618=DIRECTION('',(-1.,0.,0.));
#16619=DIRECTION('',(0.,-1.,0.));
#16620=DIRECTION('',(0.,0.,1.));
#16621=DIRECTION('',(1.,0.,0.));
#16622=DIRECTION('',(-1.,0.,0.));
#16623=DIRECTION('',(0.,0.,-1.));
#16624=DIRECTION('',(0.,1.,0.));
#16625=DIRECTION('',(6.12323399573677E-17,-1.,0.));
#16626=DIRECTION('',(-1.,0.,0.));
#16627=DIRECTION('',(6.12323399573677E-17,-1.,0.));
#16628=DIRECTION('',(0.,0.,1.));
#16629=DIRECTION('',(1.,0.,0.));
#16630=DIRECTION('',(-1.,0.,0.));
#16631=DIRECTION('',(0.,-1.,0.));
#16632=DIRECTION('',(0.,-1.,0.));
#16633=DIRECTION('',(0.,0.,-1.));
#16634=DIRECTION('',(0.,0.,-1.));
#16635=DIRECTION('',(0.,-1.,0.));
#16636=DIRECTION('',(0.,0.,-1.));
#16637=DIRECTION('',(1.,0.,6.59590675276352E-16));
#16638=DIRECTION('',(0.,-1.,0.));
#16639=DIRECTION('',(0.,0.,-1.));
#16640=DIRECTION('',(-4.44800891276104E-16,0.,-1.));
#16641=DIRECTION('',(0.,1.,0.));
#16642=DIRECTION('',(-1.,0.,0.));
#16643=DIRECTION('',(1.,0.,0.));
#16644=DIRECTION('',(0.,0.,-1.));
#16645=DIRECTION('',(1.,0.,0.));
#16646=DIRECTION('',(0.,1.,0.));
#16647=DIRECTION('',(-1.,0.,0.));
#16648=DIRECTION('',(-3.3881317890172E-16,0.,-1.));
#16649=DIRECTION('',(0.,-1.,0.));
#16650=DIRECTION('',(0.,0.,-1.));
#16651=DIRECTION('',(-1.,0.,-6.7762635780344E-17));
#16652=DIRECTION('',(0.,-1.,0.));
#16653=DIRECTION('',(0.,0.,-1.));
#16654=DIRECTION('',(-1.01643953670516E-15,0.,1.));
#16655=DIRECTION('',(0.,1.,0.));
#16656=DIRECTION('',(1.,0.,0.));
#16657=DIRECTION('',(0.,0.,1.));
#16658=DIRECTION('',(0.,1.,0.));
#16659=DIRECTION('',(1.,0.,0.));
#16660=DIRECTION('',(0.,0.,1.));
#16661=DIRECTION('',(0.,-1.,0.));
#16662=DIRECTION('',(0.,0.,-1.));
#16663=DIRECTION('',(1.,0.,-3.29795337638176E-16));
#16664=DIRECTION('',(0.,-1.,0.));
#16665=DIRECTION('',(0.,0.,-1.));
#16666=DIRECTION('',(0.,0.,1.));
#16667=DIRECTION('',(0.,-1.,0.));
#16668=DIRECTION('',(0.,0.,-1.));
#16669=DIRECTION('',(1.,0.,0.));
#16670=DIRECTION('',(0.,-1.,0.));
#16671=DIRECTION('',(0.,0.,-1.));
#16672=DIRECTION('',(4.56506177888633E-16,0.,1.));
#16673=DIRECTION('',(-1.,0.,0.));
#16674=DIRECTION('',(0.,0.,-1.));
#16675=DIRECTION('',(1.,0.,1.73472347597681E-16));
#16676=DIRECTION('',(0.,1.,0.));
#16677=DIRECTION('',(1.,0.,0.));
#16678=DIRECTION('',(0.,0.,-1.));
#16679=DIRECTION('',(-1.,0.,0.));
#16680=DIRECTION('',(1.,0.,0.));
#16681=DIRECTION('',(-1.,0.,0.));
#16682=DIRECTION('',(4.09132895277555E-15,0.,-1.));
#16683=DIRECTION('',(0.,1.,0.));
#16684=DIRECTION('',(1.,0.,0.));
#16685=DIRECTION('',(1.,0.,1.73472347597681E-16));
#16686=DIRECTION('',(0.,0.,1.));
#16687=DIRECTION('',(-1.,0.,0.));
#16688=DIRECTION('',(-1.,0.,0.));
#16689=DIRECTION('',(-1.,0.,0.));
#16690=DIRECTION('',(-1.,0.,0.));
#16691=DIRECTION('',(9.13012355777267E-16,0.,-1.));
#16692=DIRECTION('',(0.,-1.,0.));
#16693=DIRECTION('',(0.,0.,-1.));
#16694=DIRECTION('',(1.,0.,0.));
#16695=DIRECTION('',(0.,-1.,0.));
#16696=DIRECTION('',(0.,0.,-1.));
#16697=DIRECTION('',(1.73472347597681E-16,0.,-1.));
#16698=DIRECTION('',(-1.,0.,-1.73472347597681E-16));
#16699=DIRECTION('',(1.,-6.62629688504709E-17,1.73472347597681E-16));
#16700=DIRECTION('',(-1.,6.67714963809394E-17,-1.73472347597681E-16));
#16701=DIRECTION('',(0.,0.,1.));
#16702=DIRECTION('',(1.,0.,0.));
#16703=DIRECTION('',(-6.62614009158444E-17,-1.,0.));
#16704=DIRECTION('',(-1.,0.,0.));
#16705=DIRECTION('',(0.,1.,0.));
#16706=DIRECTION('',(-1.,0.,0.));
#16707=DIRECTION('',(0.,1.,0.));
#16708=DIRECTION('',(0.,0.,1.));
#16709=DIRECTION('',(0.,0.,1.));
#16710=DIRECTION('',(0.,0.,-1.));
#16711=DIRECTION('',(-1.,0.,0.));
#16712=DIRECTION('',(0.,0.,-1.));
#16713=DIRECTION('',(-1.,0.,0.));
#16714=DIRECTION('',(6.62614009158444E-17,1.,0.));
#16715=DIRECTION('',(0.,-1.,0.));
#16716=DIRECTION('',(-1.,0.,0.));
#16717=DIRECTION('',(0.,-1.,-1.44560289664734E-16));
#16718=DIRECTION('',(0.,1.44560289664734E-16,-1.));
#16719=DIRECTION('',(7.66301384798842E-32,1.15648231731787E-15,-1.));
#16720=DIRECTION('',(0.,-1.44560289664734E-16,1.));
#16721=DIRECTION('',(1.,0.,0.));
#16722=DIRECTION('',(0.,0.,-1.));
#16723=DIRECTION('',(4.56506177888633E-14,1.,-1.60812264967664E-16));
#16724=DIRECTION('',(0.,0.,-1.));
#16725=DIRECTION('',(-1.,0.,0.));
#16726=DIRECTION('',(0.,0.,1.));
#16727=DIRECTION('',(0.,-1.,0.));
#16728=DIRECTION('',(0.,0.,1.));
#16729=DIRECTION('',(1.73472347597681E-16,0.,-1.));
#16730=DIRECTION('',(-1.,0.,-1.73472347597681E-16));
#16731=DIRECTION('',(-1.,6.67714963809394E-17,-1.73472347597681E-16));
#16732=DIRECTION('',(0.,0.,-1.));
#16733=DIRECTION('',(-1.,0.,0.));
#16734=DIRECTION('',(1.,0.,1.73472347597681E-16));
#16735=DIRECTION('',(0.,-1.,0.));
#16736=DIRECTION('',(0.,0.,1.));
#16737=DIRECTION('',(0.,1.,0.));
#16738=DIRECTION('',(0.,-1.,0.));
#16739=DIRECTION('',(0.,0.,-1.));
#16740=DIRECTION('',(1.,0.,0.));
#16741=DIRECTION('',(0.,0.,-1.));
#16742=DIRECTION('',(1.,0.,0.));
#16743=DIRECTION('',(0.,0.,-1.));
#16744=DIRECTION('',(1.,6.12323399573677E-17,0.));
#16745=DIRECTION('',(-6.12323399573677E-17,1.,0.));
#16746=DIRECTION('',(-7.08141184086922E-32,1.15648231731787E-15,-1.));
#16747=DIRECTION('',(6.12323399573677E-17,-1.,0.));
#16748=DIRECTION('',(0.,0.,1.));
#16749=DIRECTION('',(-6.12323399573677E-17,1.,0.));
#16750=DIRECTION('',(-6.12323399573677E-17,1.,0.));
#16751=DIRECTION('',(1.,6.12323399573677E-17,0.));
#16752=DIRECTION('',(-6.12323399573677E-17,1.,0.));
#16753=DIRECTION('',(0.,0.,1.));
#16754=DIRECTION('',(-1.,-1.33133037296762E-16,0.));
#16755=DIRECTION('',(-1.33133037296762E-16,1.,0.));
#16756=DIRECTION('',(0.,1.,0.));
#16757=DIRECTION('',(0.,0.,-1.));
#16758=DIRECTION('',(0.,0.,1.));
#16759=DIRECTION('',(0.,1.,0.));
#16760=DIRECTION('',(-1.,-1.33133037296762E-16,0.));
#16761=DIRECTION('',(-1.33133037296762E-16,1.,0.));
#16762=DIRECTION('',(0.,0.,1.));
#16763=DIRECTION('',(6.12323399573677E-17,-1.,0.));
#16764=DIRECTION('',(0.,0.,-1.));
#16765=DIRECTION('',(1.33071206402699E-16,-0.9995355706193,0.0304736454457102));
#16766=DIRECTION('',(1.,6.12323399573677E-17,0.));
#16767=DIRECTION('',(-6.12323399573677E-17,1.,0.));
#16768=DIRECTION('',(1.25515763710211E-32,-9.42784497813482E-17,1.));
#16769=DIRECTION('',(1.,6.12323399573677E-17,0.));
#16770=DIRECTION('',(-6.12323399573677E-17,1.,0.));
#16771=DIRECTION('',(-1.33071206402699E-16,0.9995355706193,0.0304736454457104));
#16772=DIRECTION('',(0.,0.,-1.));
#16773=DIRECTION('',(1.33071206402699E-16,-0.9995355706193,0.0304736454457106));
#16774=DIRECTION('',(1.,6.12323399573677E-17,0.));
#16775=DIRECTION('',(-6.12323399573677E-17,1.,0.));
#16776=DIRECTION('',(-1.25515763710211E-32,2.16743129696084E-16,1.));
#16777=DIRECTION('',(1.,6.12323399573677E-17,0.));
#16778=DIRECTION('',(-6.12323399573677E-17,1.,0.));
#16779=DIRECTION('',(-1.33071206402699E-16,0.9995355706193,0.0304736454457101));
#16780=DIRECTION('',(0.,0.,-1.));
#16781=DIRECTION('',(-6.12323399573677E-17,1.,0.));
#16782=DIRECTION('',(1.,6.12323399573677E-17,0.));
#16783=DIRECTION('',(-6.12323399573677E-17,1.,0.));
#16784=DIRECTION('',(0.,0.,-1.));
#16785=DIRECTION('',(1.,6.67714963809394E-17,0.));
#16786=DIRECTION('',(6.67714963809394E-17,-1.,0.));
#16787=DIRECTION('',(0.,0.,1.));
#16788=DIRECTION('',(1.,6.12323399573677E-17,0.));
#16789=DIRECTION('',(-6.12323399573677E-17,1.,0.));
#16790=DIRECTION('',(1.,6.12323399573677E-17,0.));
#16791=DIRECTION('',(-6.12323399573677E-17,1.,0.));
#16792=DIRECTION('',(0.,0.,1.));
#16793=DIRECTION('',(1.,6.12323399573677E-17,0.));
#16794=DIRECTION('',(-6.12323399573677E-17,1.,0.));
#16795=DIRECTION('',(-6.12323399573677E-17,1.,0.));
#16796=DIRECTION('',(1.,6.12323399573677E-17,0.));
#16797=DIRECTION('',(-6.12323399573677E-17,1.,0.));
#16798=DIRECTION('',(0.,0.,1.));
#16799=DIRECTION('',(1.,6.67714963809394E-17,0.));
#16800=DIRECTION('',(6.67714963809394E-17,-1.,0.));
#16801=DIRECTION('',(0.,0.,-1.));
#16802=DIRECTION('',(1.,6.12323399573677E-17,0.));
#16803=DIRECTION('',(-6.12323399573677E-17,1.,0.));
#16804=DIRECTION('',(-6.12323399573677E-17,1.,0.));
#16805=DIRECTION('',(0.,0.,-1.));
#16806=DIRECTION('',(-1.33071206402699E-16,0.9995355706193,0.0304736454457101));
#16807=DIRECTION('',(1.,6.12323399573677E-17,0.));
#16808=DIRECTION('',(-6.12323399573677E-17,1.,0.));
#16809=DIRECTION('',(-1.25515763710211E-32,2.16743129696084E-16,1.));
#16810=DIRECTION('',(1.,6.12323399573677E-17,0.));
#16811=DIRECTION('',(-6.12323399573677E-17,1.,0.));
#16812=DIRECTION('',(1.33071206402699E-16,-0.9995355706193,0.0304736454457106));
#16813=DIRECTION('',(0.,0.,-1.));
#16814=DIRECTION('',(-1.33071206402699E-16,0.9995355706193,0.0304736454457104));
#16815=DIRECTION('',(1.,6.12323399573677E-17,0.));
#16816=DIRECTION('',(-6.12323399573677E-17,1.,0.));
#16817=DIRECTION('',(1.25515763710211E-32,-9.42784497813482E-17,1.));
#16818=DIRECTION('',(1.,6.12323399573677E-17,0.));
#16819=DIRECTION('',(-6.12323399573677E-17,1.,0.));
#16820=DIRECTION('',(1.33071206402699E-16,-0.9995355706193,0.0304736454457102));
#16821=DIRECTION('',(0.,0.,-1.));
#16822=DIRECTION('',(6.12323399573677E-17,-1.,0.));
#16823=DIRECTION('',(0.,0.,1.));
#16824=DIRECTION('',(-1.,-1.33133037296762E-16,0.));
#16825=DIRECTION('',(-1.33133037296762E-16,1.,0.));
#16826=DIRECTION('',(0.,1.,0.));
#16827=DIRECTION('',(0.,0.,1.));
#16828=DIRECTION('',(0.,0.,-1.));
#16829=DIRECTION('',(0.,1.,0.));
#16830=DIRECTION('',(-1.,-1.33133037296762E-16,0.));
#16831=DIRECTION('',(-1.33133037296762E-16,1.,0.));
#16832=DIRECTION('',(-7.08141184086922E-32,1.15648231731787E-15,-1.));
#16833=DIRECTION('',(-6.12323399573677E-17,1.,0.));
#16834=DIRECTION('',(0.,0.,1.));
#16835=DIRECTION('',(6.12323399573677E-17,-1.,0.));
#16836=DIRECTION('',(6.62629688504709E-17,-1.,0.));
#16837=DIRECTION('',(1.,6.62629688504709E-17,0.));
#16838=DIRECTION('',(1.,1.04943948939916E-16,0.));
#16839=DIRECTION('',(-1.,-6.62629688504709E-17,0.));
#16840=DIRECTION('',(6.62629688504709E-17,-1.,0.));
#16841=DIRECTION('',(1.,6.62629688504709E-17,0.));
#16842=DIRECTION('',(-1.,-6.62629688504709E-17,-1.73472347597681E-16));
#16843=DIRECTION('',(1.,1.04943948939916E-16,0.));
#16844=DIRECTION('',(0.,-6.12323399573677E-17,-1.));
#16845=DIRECTION('',(0.,1.,-6.12323399573677E-17));
#16846=DIRECTION('',(1.33133037296762E-16,-1.,0.));
#16847=DIRECTION('',(-1.,-1.04943948939916E-16,0.));
#16848=DIRECTION('',(1.33133037296762E-16,-1.,0.));
#16849=DIRECTION('',(0.0304736454457104,-0.9995355706193,6.12039018596424E-17));
#16850=DIRECTION('',(-1.,0.,0.));
#16851=DIRECTION('',(0.0304736454457102,0.9995355706193,-6.12039018596424E-17));
#16852=DIRECTION('',(-1.,0.,0.));
#16853=DIRECTION('',(0.,1.,0.));
#16854=DIRECTION('',(-0.9995355706193,-0.0304736454457104,1.86597261767203E-18));
#16855=DIRECTION('',(-0.0304736454457104,0.9995355706193,-6.12039018596424E-17));
#16856=DIRECTION('',(-1.,0.,0.));
#16857=DIRECTION('',(0.,0.,1.));
#16858=DIRECTION('',(-1.,0.,0.));
#16859=DIRECTION('',(0.,1.,0.));
#16860=DIRECTION('',(-0.9995355706193,-0.0304736454457104,1.86597261767203E-18));
#16861=DIRECTION('',(-0.0304736454457104,0.9995355706193,-6.12039018596424E-17));
#16862=DIRECTION('',(-1.,0.,0.));
#16863=DIRECTION('',(0.,0.,1.));
#16864=DIRECTION('',(-1.,0.,0.));
#16865=DIRECTION('',(1.,1.33133037296762E-16,-1.63040947986245E-32));
#16866=DIRECTION('',(-1.33133037296762E-16,1.,0.));
#16867=DIRECTION('',(0.,5.58981612663544E-17,1.));
#16868=DIRECTION('',(1.33133037296762E-16,-1.,5.58981612663544E-17));
#16869=DIRECTION('',(0.,0.,1.));
#16870=DIRECTION('',(-1.33071206402699E-16,0.9995355706193,0.0304736454457101));
#16871=DIRECTION('',(0.,0.,-1.));
#16872=DIRECTION('',(1.33071206402699E-16,-0.9995355706193,0.0304736454457106));
#16873=DIRECTION('',(0.,0.,1.));
#16874=DIRECTION('',(1.33133037296762E-16,-1.,5.58981612663544E-17));
#16875=DIRECTION('',(0.,0.,1.));
#16876=DIRECTION('',(-1.,0.,0.));
#16877=DIRECTION('',(0.,-1.,0.));
#16878=DIRECTION('',(1.,0.,0.));
#16879=DIRECTION('',(0.,-1.,0.));
#16880=DIRECTION('',(0.,-1.,0.));
#16881=DIRECTION('',(0.,0.,-1.));
#16882=DIRECTION('',(1.,0.,6.59590675276352E-16));
#16883=DIRECTION('',(0.,-1.,0.));
#16884=DIRECTION('',(0.,0.,-1.));
#16885=DIRECTION('',(0.,0.,-1.));
#16886=DIRECTION('',(0.,-1.,0.));
#16887=DIRECTION('',(0.,0.,-1.));
#16888=DIRECTION('',(1.,0.,0.));
#16889=DIRECTION('',(0.,-1.,0.));
#16890=DIRECTION('',(0.,0.,-1.));
#16891=DIRECTION('',(9.13012355777267E-16,0.,-1.));
#16892=DIRECTION('',(0.,0.,1.));
#16893=DIRECTION('',(1.,0.,1.73472347597681E-16));
#16894=DIRECTION('',(0.,1.,0.));
#16895=DIRECTION('',(1.,0.,0.));
#16896=DIRECTION('',(0.,0.,1.));
#16897=DIRECTION('',(1.,0.,0.));
#16898=DIRECTION('',(1.,0.,0.));
#16899=DIRECTION('',(0.,0.,-1.));
#16900=DIRECTION('',(0.,1.,0.));
#16901=DIRECTION('',(1.,0.,0.));
#16902=DIRECTION('',(0.,0.,-1.));
#16903=DIRECTION('',(4.56506177888633E-16,0.,1.));
#16904=DIRECTION('',(0.,-1.,0.));
#16905=DIRECTION('',(0.,0.,-1.));
#16906=DIRECTION('',(1.,0.,0.));
#16907=DIRECTION('',(0.,-1.,0.));
#16908=DIRECTION('',(0.,0.,-1.));
#16909=DIRECTION('',(0.,0.,1.));
#16910=DIRECTION('',(0.,-1.,0.));
#16911=DIRECTION('',(0.,0.,-1.));
#16912=DIRECTION('',(1.,0.,-3.29795337638176E-16));
#16913=DIRECTION('',(0.,-1.,0.));
#16914=DIRECTION('',(0.,0.,-1.));
#16915=DIRECTION('',(0.,0.,1.));
#16916=DIRECTION('',(0.,1.,0.));
#16917=DIRECTION('',(1.,0.,0.));
#16918=DIRECTION('',(0.,0.,1.));
#16919=DIRECTION('',(0.,1.,0.));
#16920=DIRECTION('',(1.,0.,0.));
#16921=DIRECTION('',(-1.01643953670516E-15,0.,1.));
#16922=DIRECTION('',(0.,-1.,0.));
#16923=DIRECTION('',(0.,0.,-1.));
#16924=DIRECTION('',(-1.,0.,-6.7762635780344E-17));
#16925=DIRECTION('',(0.,-1.,0.));
#16926=DIRECTION('',(0.,0.,-1.));
#16927=DIRECTION('',(-3.3881317890172E-16,0.,-1.));
#16928=DIRECTION('',(0.,1.,0.));
#16929=DIRECTION('',(-1.,0.,0.));
#16930=DIRECTION('',(1.,0.,0.));
#16931=DIRECTION('',(0.,0.,-1.));
#16932=DIRECTION('',(1.,0.,0.));
#16933=DIRECTION('',(0.,1.,0.));
#16934=DIRECTION('',(-1.,0.,0.));
#16935=DIRECTION('',(-4.44800891276104E-16,0.,-1.));
#16936=DIRECTION('',(0.,-1.,0.));
#16937=DIRECTION('',(0.,0.,-1.));
#16938=DIRECTION('',(1.73472347597681E-16,0.,-1.));
#16939=DIRECTION('',(-1.,0.,-1.73472347597681E-16));
#16940=DIRECTION('',(0.,-1.,0.));
#16941=DIRECTION('',(0.,0.,1.));
#16942=DIRECTION('',(1.,0.,0.));
#16943=DIRECTION('',(1.,6.67714963809394E-17,1.73472347597681E-16));
#16944=DIRECTION('',(0.,0.,1.));
#16945=DIRECTION('',(0.,1.,0.));
#16946=DIRECTION('',(0.,0.,1.));
#16947=DIRECTION('',(1.,0.,0.));
#16948=DIRECTION('',(0.,0.,-1.));
#16949=DIRECTION('',(-1.,0.,0.));
#16950=DIRECTION('',(6.12323399573677E-17,1.,0.));
#16951=DIRECTION('',(1.,-1.71765334754724E-16,0.));
#16952=DIRECTION('',(6.12323399573677E-17,1.,0.));
#16953=DIRECTION('',(0.,0.,1.));
#16954=DIRECTION('',(0.,1.,0.));
#16955=DIRECTION('',(0.,-1.,0.));
#16956=DIRECTION('',(0.,0.,-1.));
#16957=DIRECTION('',(-1.,0.,0.));
#16958=DIRECTION('',(0.,0.,1.));
#16959=DIRECTION('',(0.,1.,0.));
#16960=DIRECTION('',(-6.12323399573677E-17,-1.,0.));
#16961=DIRECTION('',(1.,-1.71765334754724E-16,0.));
#16962=DIRECTION('',(-6.12323399573677E-17,-1.,0.));
#16963=DIRECTION('',(0.,0.,-1.));
#16964=DIRECTION('',(-1.,0.,0.));
#16965=DIRECTION('',(0.,-1.,0.));
#16966=DIRECTION('',(0.,1.,0.));
#16967=DIRECTION('',(0.,0.,1.));
#16968=DIRECTION('',(0.,0.,-1.));
#16969=DIRECTION('',(1.,0.,0.));
#16970=DIRECTION('',(0.,0.,1.));
#16971=DIRECTION('',(1.,0.,0.));
#16972=DIRECTION('',(0.,0.,1.));
#16973=DIRECTION('',(1.,0.,0.));
#16974=DIRECTION('',(-6.62614009158444E-17,1.,0.));
#16975=DIRECTION('',(0.,-1.,0.));
#16976=DIRECTION('',(1.,0.,0.));
#16977=DIRECTION('',(0.,-1.,-1.44560289664734E-16));
#16978=DIRECTION('',(0.,1.44560289664734E-16,-1.));
#16979=DIRECTION('',(7.66301384798842E-32,-1.15648231731787E-15,1.));
#16980=DIRECTION('',(0.,1.44560289664734E-16,-1.));
#16981=DIRECTION('',(1.,0.,0.));
#16982=DIRECTION('',(0.,0.,-1.));
#16983=DIRECTION('',(-1.,0.,0.));
#16984=DIRECTION('',(6.62614009158444E-17,-1.,0.));
#16985=DIRECTION('',(0.,1.,0.));
#16986=DIRECTION('',(-1.,0.,0.));
#16987=DIRECTION('',(0.,0.,1.));
#16988=DIRECTION('',(0.,-1.,0.));
#16989=DIRECTION('',(0.,0.,1.));
#16990=DIRECTION('',(1.73472347597681E-16,0.,-1.));
#16991=DIRECTION('',(-1.,0.,-1.73472347597681E-16));
#16992=DIRECTION('',(-1.,-6.62629688504709E-17,-1.73472347597681E-16));
#16993=DIRECTION('',(1.,6.67714963809394E-17,1.73472347597681E-16));
#16994=DIRECTION('',(-1.,-6.03689924298884E-17,3.88737626346659E-33));
#16995=DIRECTION('',(6.03689924298884E-17,-1.,0.));
#16996=DIRECTION('',(-3.40724044785401E-14,1.,-1.60812264967659E-16));
#16997=DIRECTION('',(0.,0.,-1.));
#16998=DIRECTION('',(-1.,0.,-9.13012355777267E-16));
#16999=DIRECTION('',(-9.13012355777267E-16,0.,1.));
#17000=DIRECTION('',(0.,-1.,0.));
#17001=DIRECTION('',(0.,6.12323399573677E-17,1.));
#17002=DIRECTION('',(1.,0.,-4.56506177888633E-16));
#17003=DIRECTION('',(-4.56506177888633E-16,0.,-1.));
#17004=DIRECTION('',(0.,-1.,0.));
#17005=DIRECTION('',(0.,6.12323399573677E-17,1.));
#17006=DIRECTION('',(0.,0.,-1.));
#17007=DIRECTION('',(-1.,0.,0.));
#17008=DIRECTION('',(0.,-1.,0.));
#17009=DIRECTION('',(0.,-1.,0.));
#17010=DIRECTION('',(-1.,0.,0.));
#17011=DIRECTION('',(0.,0.,1.));
#17012=DIRECTION('',(0.,-1.,0.));
#17013=DIRECTION('',(0.,-1.,0.));
#17014=DIRECTION('',(6.59590675276352E-16,0.,-1.));
#17015=DIRECTION('',(-1.,0.,-6.59590675276352E-16));
#17016=DIRECTION('',(0.,-1.,0.));
#17017=DIRECTION('',(0.,-1.,0.));
#17018=DIRECTION('',(-1.,0.,4.44800891276104E-16));
#17019=DIRECTION('',(4.44800891276104E-16,0.,1.));
#17020=DIRECTION('',(0.,-1.,0.));
#17021=DIRECTION('',(0.,-1.,0.));
#17022=DIRECTION('',(0.,-1.,0.));
#17023=DIRECTION('',(0.,0.,-1.));
#17024=DIRECTION('',(0.,-1.,0.));
#17025=DIRECTION('',(0.,0.,-1.));
#17026=DIRECTION('',(0.,-1.,0.));
#17027=DIRECTION('',(-1.,0.,3.3881317890172E-16));
#17028=DIRECTION('',(3.3881317890172E-16,0.,1.));
#17029=DIRECTION('',(0.,-1.,0.));
#17030=DIRECTION('',(-6.7762635780344E-17,0.,1.));
#17031=DIRECTION('',(1.,0.,6.7762635780344E-17));
#17032=DIRECTION('',(0.,-1.,0.));
#17033=DIRECTION('',(0.,-1.,0.));
#17034=DIRECTION('',(1.,0.,1.01643953670516E-15));
#17035=DIRECTION('',(1.01643953670516E-15,0.,-1.));
#17036=DIRECTION('',(0.,-1.,0.));
#17037=DIRECTION('',(0.,-1.,0.));
#17038=DIRECTION('',(0.,-1.,0.));
#17039=DIRECTION('',(0.,0.,-1.));
#17040=DIRECTION('',(0.,-1.,0.));
#17041=DIRECTION('',(0.,0.,-1.));
#17042=DIRECTION('',(0.,-1.,0.));
#17043=DIRECTION('',(1.,0.,0.));
#17044=DIRECTION('',(0.,0.,-1.));
#17045=DIRECTION('',(0.,-1.,0.));
#17046=DIRECTION('',(-3.29795337638176E-16,0.,-1.));
#17047=DIRECTION('',(-1.,0.,3.29795337638176E-16));
#17048=DIRECTION('',(0.,-1.,0.));
#17049=DIRECTION('',(0.,-1.,0.));
#17050=DIRECTION('',(1.,0.,0.));
#17051=DIRECTION('',(0.,0.,-1.));
#17052=DIRECTION('',(0.,-1.,0.));
#17053=DIRECTION('',(0.,-1.,0.));
#17054=DIRECTION('',(0.,0.,-1.));
#17055=DIRECTION('',(-1.,0.,0.));
#17056=DIRECTION('',(0.,-1.,0.));
#17057=DIRECTION('',(0.,-1.,0.));
#17058=DIRECTION('',(0.,1.,-1.22464679914735E-16));
#17059=DIRECTION('',(0.,1.22464679914735E-16,1.));
#17060=DIRECTION('',(0.,1.22464679914735E-16,1.));
#17061=DIRECTION('',(1.,0.,0.));
#17062=DIRECTION('',(1.,0.,0.));
#17063=DIRECTION('',(-5.78488839114385E-17,-1.22464679914735E-16,-1.));
#17064=DIRECTION('',(-1.,0.,0.));
#17065=DIRECTION('',(0.,1.,-1.22464679914735E-16));
#17066=DIRECTION('',(0.,1.22464679914735E-16,1.));
#17067=DIRECTION('',(0.,1.22464679914735E-16,1.));
#17068=DIRECTION('',(-1.,0.,0.));
#17069=DIRECTION('',(-5.78488839114385E-17,-1.22464679914735E-16,-1.));
#17070=DIRECTION('',(1.,0.,0.));
#17071=DIRECTION('',(1.,0.,0.));
#17072=DIRECTION('',(0.,2.64452040738005E-16,1.));
#17073=DIRECTION('',(0.,-1.,2.64452040738005E-16));
#17074=DIRECTION('',(0.,-1.60812264967664E-16,-1.));
#17075=DIRECTION('',(0.,1.,-1.60812264967664E-16));
#17076=DIRECTION('',(6.12323399573677E-17,-1.,2.60078482155443E-16));
#17077=DIRECTION('',(1.,0.,0.));
#17078=DIRECTION('',(6.12323399573677E-17,-1.,2.60078482155443E-16));
#17079=DIRECTION('',(0.,-1.60812264967664E-16,-1.));
#17080=DIRECTION('',(0.,-1.,1.60812264967664E-16));
#17081=DIRECTION('',(-1.22464679914735E-16,-1.60812264967664E-16,-1.));
#17082=DIRECTION('',(0.,-1.,1.60812264967664E-16));
#17083=DIRECTION('',(6.12323399573677E-17,1.,-2.60078482155443E-16));
#17084=DIRECTION('',(-1.,0.,0.));
#17085=DIRECTION('',(6.12323399573677E-17,1.,-2.60078482155443E-16));
#17086=DIRECTION('',(1.22464679914735E-16,1.60812264967664E-16,1.));
#17087=DIRECTION('',(0.,1.,-1.60812264967664E-16));
#17088=DIRECTION('',(0.,1.,0.));
#17089=DIRECTION('',(0.,0.,1.));
#17090=DIRECTION('',(0.,0.,-1.));
#17091=DIRECTION('',(-1.,0.,0.));
#17092=DIRECTION('',(0.,0.,1.));
#17093=DIRECTION('',(1.,0.,0.));
#17094=DIRECTION('',(0.,0.,-1.));
#17095=DIRECTION('',(0.,1.,0.));
#17096=DIRECTION('',(0.,0.,1.));
#17097=DIRECTION('',(0.,1.,0.));
#17098=DIRECTION('',(0.,5.58981612663544E-17,1.));
#17099=DIRECTION('',(0.,1.,-5.58981612663544E-17));
#17100=DIRECTION('',(0.,5.58981612663544E-17,1.));
#17101=DIRECTION('',(0.,5.58981612663544E-17,1.));
#17102=DIRECTION('',(0.,1.,-5.58981612663544E-17));
#17103=DIRECTION('',(-3.05745217774827E-18,0.0304736454457106,0.9995355706193));
#17104=DIRECTION('',(1.00284431430143E-16,-0.9995355706193,0.0304736454457106));
#17105=DIRECTION('',(-3.05745217774827E-18,0.0304736454457104,-0.9995355706193));
#17106=DIRECTION('',(-1.00284431430143E-16,0.9995355706193,0.0304736454457104));
#17107=DIRECTION('',(0.,0.,1.));
#17108=DIRECTION('',(0.,-6.65665186483809E-17,-1.));
#17109=DIRECTION('',(0.,1.,-6.65665186483809E-17));
#17110=DIRECTION('',(0.,-6.65665186483809E-17,-1.));
#17111=DIRECTION('',(0.,-6.65665186483809E-17,-1.));
#17112=DIRECTION('',(0.,1.,-6.65665186483809E-17));
#17113=DIRECTION('',(0.,0.,1.));
#17114=DIRECTION('',(-3.05745217774825E-18,0.0304736454457102,0.9995355706193));
#17115=DIRECTION('',(1.00284431430143E-16,-0.9995355706193,0.0304736454457102));
#17116=DIRECTION('',(-3.05745217774825E-18,0.0304736454457101,-0.9995355706193));
#17117=DIRECTION('',(-1.00284431430143E-16,0.9995355706193,0.0304736454457101));
#17118=DIRECTION('',(0.,0.,1.));
#17119=DIRECTION('',(0.,1.,0.));
#17120=DIRECTION('',(0.,0.,-1.));
#17121=DIRECTION('',(0.,2.7830804563374E-18,-1.));
#17122=DIRECTION('',(0.,1.,2.7830804563374E-18));
#17123=DIRECTION('',(-6.12323399573677E-17,-1.,-2.7830804563374E-18));
#17124=DIRECTION('',(1.22464679914735E-16,1.60812264967664E-16,1.));
#17125=DIRECTION('',(0.,-1.,1.60812264967664E-16));
#17126=DIRECTION('',(1.22464679914735E-16,1.60812264967664E-16,1.));
#17127=DIRECTION('',(0.,1.,-1.60812264967664E-16));
#17128=DIRECTION('',(-6.12323399573677E-17,-1.,-2.7830804563374E-18));
#17129=DIRECTION('',(-1.,0.,0.));
#17130=DIRECTION('',(1.,-6.12323399573677E-17,0.));
#17131=DIRECTION('',(6.12323399573677E-17,1.,0.));
#17132=DIRECTION('',(0.,0.,1.));
#17133=DIRECTION('',(0.,-2.60078482155443E-16,-1.));
#17134=DIRECTION('',(1.,-6.12323399573677E-17,0.));
#17135=DIRECTION('',(6.12323399573677E-17,1.,0.));
#17136=DIRECTION('',(0.,1.,0.));
#17137=DIRECTION('',(0.,0.,1.));
#17138=DIRECTION('',(0.,-1.,0.));
#17139=DIRECTION('',(0.,1.44560289664734E-16,-1.));
#17140=DIRECTION('',(0.,0.,1.));
#17141=DIRECTION('',(0.,-2.60078482155443E-16,-1.));
#17142=DIRECTION('',(0.,1.,-2.60078482155443E-16));
#17143=DIRECTION('',(0.,2.60078482155443E-16,1.));
#17144=DIRECTION('',(1.22464679914735E-16,1.60812264967664E-16,1.));
#17145=DIRECTION('',(0.,-1.,1.60812264967664E-16));
#17146=DIRECTION('',(1.22464679914735E-16,1.60812264967664E-16,1.));
#17147=DIRECTION('',(0.,-1.,1.60812264967664E-16));
#17148=DIRECTION('',(-1.,-6.62614009158444E-17,0.));
#17149=DIRECTION('',(6.62614009158444E-17,-1.,0.));
#17150=DIRECTION('',(7.66301384798842E-32,-1.15648231731787E-15,1.));
#17151=DIRECTION('',(-6.62614009158444E-17,1.,0.));
#17152=DIRECTION('',(0.,0.,-1.));
#17153=DIRECTION('',(6.62614009158444E-17,-1.,0.));
#17154=DIRECTION('',(-1.,-6.62614009158444E-17,0.));
#17155=DIRECTION('',(6.62614009158444E-17,-1.,0.));
#17156=DIRECTION('',(0.,0.,1.));
#17157=DIRECTION('',(1.,0.,0.));
#17158=DIRECTION('',(-1.,-6.62614009158444E-17,0.));
#17159=DIRECTION('',(-1.,-6.62614009158444E-17,0.));
#17160=DIRECTION('',(0.,0.,-1.));
#17161=DIRECTION('',(-1.,0.,0.));
#17162=DIRECTION('',(-1.,-6.62614009158444E-17,0.));
#17163=DIRECTION('',(-1.,-6.62614009158444E-17,0.));
#17164=DIRECTION('',(6.62614009158444E-17,-1.,-1.15648231731787E-15));
#17165=DIRECTION('',(0.,1.15648231731787E-15,-1.));
#17166=DIRECTION('',(-6.62614009158444E-17,1.,0.));
#17167=DIRECTION('',(-1.,-6.62614009158444E-17,0.));
#17168=DIRECTION('',(6.62614009158444E-17,-1.,0.));
#17169=DIRECTION('',(1.,6.62614009158444E-17,0.));
#17170=DIRECTION('',(4.68538859185141E-17,-0.707106781186547,-0.707106781186548));
#17171=DIRECTION('',(-4.68538859185141E-17,0.707106781186548,-0.707106781186547));
#17172=DIRECTION('',(4.68538859185141E-17,-0.707106781186547,0.707106781186547));
#17173=DIRECTION('',(-4.68538859185141E-17,0.707106781186547,0.707106781186547));
#17174=DIRECTION('',(0.,0.,1.));
#17175=DIRECTION('',(1.,0.,0.));
#17176=DIRECTION('',(-4.68538859185141E-17,0.707106781186547,0.707106781186547));
#17177=DIRECTION('',(-4.68538859185141E-17,0.707106781186547,-0.707106781186547));
#17178=DIRECTION('',(-7.66301384798842E-32,1.15648231731787E-15,-1.));
#17179=DIRECTION('',(0.,1.,1.15648231731787E-15));
#17180=DIRECTION('',(-4.68538859185141E-17,0.707106781186548,-0.707106781186547));
#17181=DIRECTION('',(-4.68538859185141E-17,0.707106781186547,0.707106781186548));
#17182=DIRECTION('',(-6.62614009158444E-17,1.,0.));
#17183=DIRECTION('',(-1.,-6.62614009158444E-17,0.));
#17184=DIRECTION('',(6.67714963809394E-17,-1.,0.));
#17185=DIRECTION('',(1.,6.67714963809394E-17,0.));
#17186=DIRECTION('',(1.,6.67714963809394E-17,1.73472347597681E-16));
#17187=DIRECTION('',(1.,6.67714963809394E-17,0.));
#17188=DIRECTION('',(1.,6.67714963809394E-17,0.));
#17189=DIRECTION('',(-6.67714963809394E-17,1.,0.));
#17190=DIRECTION('',(1.,6.67714963809394E-17,0.));
#17191=DIRECTION('',(-6.67714963809394E-17,1.,0.));
#17192=DIRECTION('',(-1.,-6.67714963809394E-17,0.));
#17193=DIRECTION('',(1.,6.67714963809394E-17,1.73472347597681E-16));
#17194=DIRECTION('',(-1.,-6.67714963809394E-17,-1.73472347597681E-16));
#17195=DIRECTION('',(-1.73472347597681E-16,0.,1.));
#17196=DIRECTION('',(-1.,-6.67714963809394E-17,-1.73472347597681E-16));
#17197=DIRECTION('',(-1.73472347597681E-16,0.,1.));
#17198=DIRECTION('',(-1.,6.12323399573677E-17,0.));
#17199=DIRECTION('',(-6.12323399573677E-17,-1.,0.));
#17200=DIRECTION('',(0.,0.,1.));
#17201=DIRECTION('',(0.,0.,-1.));
#17202=DIRECTION('',(-1.,6.12323399573677E-17,0.));
#17203=DIRECTION('',(-6.12323399573677E-17,-1.,0.));
#17204=DIRECTION('',(0.,0.,1.));
#17205=DIRECTION('',(0.,0.,-1.));
#17206=DIRECTION('',(-1.71765334754724E-16,-1.,0.));
#17207=DIRECTION('',(1.,-1.71765334754724E-16,0.));
#17208=DIRECTION('',(0.,0.,-1.));
#17209=DIRECTION('',(0.,1.,0.));
#17210=DIRECTION('',(0.,0.,-1.));
#17211=DIRECTION('',(0.,1.,0.));
#17212=DIRECTION('',(0.,-1.,0.));
#17213=DIRECTION('',(0.,0.,-1.));
#17214=DIRECTION('',(0.,-1.,0.));
#17215=DIRECTION('',(0.,-1.,0.));
#17216=DIRECTION('',(0.,0.,-1.));
#17217=DIRECTION('',(0.,-1.,0.));
#17218=DIRECTION('',(-1.,0.,0.));
#17219=DIRECTION('',(0.,0.,-1.));
#17220=DIRECTION('',(0.,-1.,0.));
#17221=DIRECTION('',(0.,0.,1.));
#17222=DIRECTION('',(-1.,0.,0.));
#17223=DIRECTION('',(0.,-1.,0.));
#17224=DIRECTION('',(1.,0.,4.09132895277555E-15));
#17225=DIRECTION('',(4.09132895277555E-15,0.,-1.));
#17226=DIRECTION('',(1.,-5.28959030260646E-17,0.));
#17227=DIRECTION('',(5.28959030260646E-17,1.,0.));
#17228=DIRECTION('',(5.28959030260646E-17,1.,0.));
#17229=DIRECTION('',(-1.,0.,0.));
#17230=DIRECTION('',(0.,1.,0.));
#17231=DIRECTION('',(1.,0.,0.));
#17232=DIRECTION('',(0.,0.,-1.));
#17233=DIRECTION('',(5.28959030260646E-17,1.,0.));
#17234=DIRECTION('',(0.,0.,1.));
#17235=DIRECTION('',(0.,0.,-1.));
#17236=DIRECTION('',(-1.,0.,0.));
#17237=DIRECTION('',(0.,-1.,0.));
#17238=DIRECTION('',(-1.,0.,0.));
#17239=DIRECTION('',(1.,0.,0.));
#17240=DIRECTION('',(0.,0.,-1.));
#17241=DIRECTION('',(-1.,0.,0.));
#17242=DIRECTION('',(-1.,0.,0.));
#17243=DIRECTION('',(0.,-1.,0.));
#17244=DIRECTION('',(1.,0.,0.));
#17245=DIRECTION('',(0.,-1.,0.));
#17246=DIRECTION('',(0.,0.,-1.));
#17247=DIRECTION('',(0.,0.,1.));
#17248=DIRECTION('',(-1.,0.,0.));
#17249=DIRECTION('',(0.,0.,1.));
#17250=DIRECTION('',(1.,0.,0.));
#17251=DIRECTION('',(0.,0.,-1.));
#17252=DIRECTION('',(-1.,0.,0.));
#17253=DIRECTION('',(0.,1.,0.));
#17254=DIRECTION('',(1.,0.,0.));
#17255=DIRECTION('',(0.,1.,0.));
#17256=DIRECTION('',(1.,0.,0.));
#17257=DIRECTION('',(0.,1.,0.));
#17258=DIRECTION('',(-3.05745217774825E-18,0.0304736454457102,0.9995355706193));
#17259=DIRECTION('',(0.,-0.9995355706193,0.0304736454457102));
#17260=DIRECTION('',(1.,1.00331028107392E-16,3.48813825807539E-37));
#17261=DIRECTION('',(1.33071206402699E-16,-0.9995355706193,0.0304736454457102));
#17262=DIRECTION('',(-3.05745217774827E-18,0.0304736454457104,-0.9995355706193));
#17263=DIRECTION('',(0.,0.9995355706193,0.0304736454457104));
#17264=DIRECTION('',(1.,1.00331028107392E-16,7.70380116792707E-34));
#17265=DIRECTION('',(-1.33071206402699E-16,0.9995355706193,0.0304736454457104));
#17266=DIRECTION('',(-1.00331028107392E-16,1.,9.42784497813482E-17));
#17267=DIRECTION('',(-1.,-1.00331028107392E-16,0.));
#17268=DIRECTION('',(1.,1.00331028107392E-16,7.71087710758293E-34));
#17269=DIRECTION('',(1.,1.00331028107392E-16,0.));
#17270=DIRECTION('',(1.,1.33133037296762E-16,0.));
#17271=DIRECTION('',(-1.33133037296762E-16,1.,0.));
#17272=DIRECTION('',(1.33133037296762E-16,-1.,6.65665186483809E-17));
#17273=DIRECTION('',(0.,-6.65665186483809E-17,-1.));
#17274=DIRECTION('',(1.33133037296762E-16,-1.,6.65665186483809E-17));
#17275=DIRECTION('',(0.,-6.65665186483809E-17,-1.));
#17276=DIRECTION('',(0.,1.,-6.65665186483809E-17));
#17277=DIRECTION('',(0.,6.65665186483809E-17,1.));
#17278=DIRECTION('',(0.,1.,-6.65665186483809E-17));
#17279=DIRECTION('',(0.,-6.65665186483809E-17,-1.));
#17280=DIRECTION('',(0.,6.65665186483809E-17,1.));
#17281=DIRECTION('',(0.,1.,-6.65665186483809E-17));
#17282=DIRECTION('',(0.,-6.65665186483809E-17,-1.));
#17283=DIRECTION('',(0.,-6.65665186483809E-17,-1.));
#17284=DIRECTION('',(0.,1.,-6.65665186483809E-17));
#17285=DIRECTION('',(0.,-6.65665186483809E-17,-1.));
#17286=DIRECTION('',(0.,-6.65665186483809E-17,-1.));
#17287=DIRECTION('',(0.,1.,-6.65665186483809E-17));
#17288=DIRECTION('',(0.,-6.65665186483809E-17,-1.));
#17289=DIRECTION('',(0.,1.,-6.65665186483809E-17));
#17290=DIRECTION('',(0.850574201550076,0.525855044339646,-3.50043396153802E-17));
#17291=DIRECTION('',(-0.525855044339646,0.850574201550076,0.));
#17292=DIRECTION('',(0.,-6.65665186483809E-17,-1.));
#17293=DIRECTION('',(0.525855044339646,-0.850574201550076,5.66197634493148E-17));
#17294=DIRECTION('',(0.525855044339646,-0.850574201550076,5.66197634493148E-17));
#17295=DIRECTION('',(0.,-6.65665186483809E-17,-1.));
#17296=DIRECTION('',(0.,1.,-6.65665186483809E-17));
#17297=DIRECTION('',(0.,6.65665186483809E-17,1.));
#17298=DIRECTION('',(0.,1.,-6.65665186483809E-17));
#17299=DIRECTION('',(0.,6.65665186483809E-17,1.));
#17300=DIRECTION('',(0.,1.,-6.65665186483809E-17));
#17301=DIRECTION('',(0.,-6.65665186483809E-17,-1.));
#17302=DIRECTION('',(0.,-6.65665186483809E-17,-1.));
#17303=DIRECTION('',(0.,1.,-6.65665186483809E-17));
#17304=DIRECTION('',(0.,-6.65665186483809E-17,-1.));
#17305=DIRECTION('',(0.,1.,-6.65665186483809E-17));
#17306=DIRECTION('',(0.,-6.65665186483809E-17,-1.));
#17307=DIRECTION('',(0.,1.,-6.65665186483809E-17));
#17308=DIRECTION('',(0.,-6.65665186483809E-17,-1.));
#17309=DIRECTION('',(0.,1.,-6.65665186483809E-17));
#17310=DIRECTION('',(0.,6.65665186483809E-17,1.));
#17311=DIRECTION('',(0.,1.,-6.65665186483809E-17));
#17312=DIRECTION('',(0.,6.65665186483809E-17,1.));
#17313=DIRECTION('',(0.,1.,-6.65665186483809E-17));
#17314=DIRECTION('',(0.,6.65665186483809E-17,1.));
#17315=DIRECTION('',(0.,-1.,6.65665186483809E-17));
#17316=DIRECTION('',(0.525855044339646,-0.850574201550076,5.66197634493148E-17));
#17317=DIRECTION('',(0.,6.65665186483809E-17,1.));
#17318=DIRECTION('',(0.,-1.,6.65665186483809E-17));
#17319=DIRECTION('',(0.525855044339646,-0.850574201550076,5.66197634493148E-17));
#17320=DIRECTION('',(0.525855044339646,-0.850574201550076,5.66197634493148E-17));
#17321=DIRECTION('',(0.850574201550076,0.525855044339646,0.));
#17322=DIRECTION('',(-0.525855044339646,0.850574201550076,-5.66197634493148E-17));
#17323=DIRECTION('',(-0.850574201550076,-0.525855044339646,0.));
#17324=DIRECTION('',(-3.05745217774825E-18,0.0304736454457101,-0.9995355706193));
#17325=DIRECTION('',(0.,0.9995355706193,0.0304736454457101));
#17326=DIRECTION('',(1.,1.00331028107392E-16,-1.1946298424587E-32));
#17327=DIRECTION('',(-1.00331028107392E-16,1.,-2.16743129696083E-16));
#17328=DIRECTION('',(0.,2.16743129696084E-16,1.));
#17329=DIRECTION('',(1.,1.00331028107392E-16,-1.19518595167535E-32));
#17330=DIRECTION('',(1.,1.00331028107392E-16,-1.23374033721327E-32));
#17331=DIRECTION('',(-3.05745217774827E-18,0.0304736454457106,0.9995355706193));
#17332=DIRECTION('',(0.,-0.9995355706193,0.0304736454457106));
#17333=DIRECTION('',(1.,1.00331028107392E-16,-1.23313140760704E-32));
#17334=DIRECTION('',(0.,5.58981612663544E-17,1.));
#17335=DIRECTION('',(0.,-1.,5.58981612663544E-17));
#17336=DIRECTION('',(0.,5.58981612663544E-17,1.));
#17337=DIRECTION('',(0.,1.,-5.58981612663544E-17));
#17338=DIRECTION('',(0.,5.58981612663544E-17,1.));
#17339=DIRECTION('',(0.,5.58981612663544E-17,1.));
#17340=DIRECTION('',(0.,1.,-5.58981612663544E-17));
#17341=DIRECTION('',(0.,5.58981612663544E-17,1.));
#17342=DIRECTION('',(0.,5.58981612663544E-17,1.));
#17343=DIRECTION('',(0.,-1.,5.58981612663544E-17));
#17344=DIRECTION('',(0.,-5.58981612663544E-17,-1.));
#17345=DIRECTION('',(0.,1.,-5.58981612663544E-17));
#17346=DIRECTION('',(0.,-5.58981612663544E-17,-1.));
#17347=DIRECTION('',(0.,1.,-5.58981612663544E-17));
#17348=DIRECTION('',(0.,5.58981612663544E-17,1.));
#17349=DIRECTION('',(0.,5.58981612663544E-17,1.));
#17350=DIRECTION('',(0.,-1.,5.58981612663544E-17));
#17351=DIRECTION('',(0.,-5.58981612663544E-17,-1.));
#17352=DIRECTION('',(0.,1.,-5.58981612663544E-17));
#17353=DIRECTION('',(0.,-5.58981612663544E-17,-1.));
#17354=DIRECTION('',(0.,1.,-5.58981612663544E-17));
#17355=DIRECTION('',(0.,5.58981612663544E-17,1.));
#17356=DIRECTION('',(0.,-1.,5.58981612663544E-17));
#17357=DIRECTION('',(0.,5.58981612663544E-17,1.));
#17358=DIRECTION('',(0.,1.,-5.58981612663544E-17));
#17359=DIRECTION('',(0.,5.58981612663544E-17,1.));
#17360=DIRECTION('',(0.,1.,-5.58981612663544E-17));
#17361=DIRECTION('',(0.,5.58981612663544E-17,1.));
#17362=DIRECTION('',(0.,5.58981612663544E-17,1.));
#17363=DIRECTION('',(0.,-1.,5.58981612663544E-17));
#17364=DIRECTION('',(0.,5.58981612663544E-17,1.));
#17365=DIRECTION('',(0.,-5.58981612663544E-17,-1.));
#17366=DIRECTION('',(0.,1.,-5.58981612663544E-17));
#17367=DIRECTION('',(0.,-5.58981612663544E-17,-1.));
#17368=DIRECTION('',(0.,1.,-5.58981612663544E-17));
#17369=DIRECTION('',(0.850574201550076,0.525855044339646,-2.93943300712235E-17));
#17370=DIRECTION('',(-0.525855044339646,0.850574201550076,0.));
#17371=DIRECTION('',(-0.525855044339646,0.850574201550076,-4.75455338872468E-17));
#17372=DIRECTION('',(-0.525855044339646,0.850574201550076,-4.75455338872468E-17));
#17373=DIRECTION('',(0.,5.58981612663544E-17,1.));
#17374=DIRECTION('',(0.,-1.,5.58981612663544E-17));
#17375=DIRECTION('',(-0.525855044339646,0.850574201550076,-4.75455338872468E-17));
#17376=DIRECTION('',(0.,5.58981612663544E-17,1.));
#17377=DIRECTION('',(0.,-1.,5.58981612663544E-17));
#17378=DIRECTION('',(-0.525855044339646,0.850574201550076,-4.75455338872468E-17));
#17379=DIRECTION('',(0.525855044339646,-0.850574201550076,4.75455338872468E-17));
#17380=DIRECTION('',(0.850574201550076,0.525855044339646,0.));
#17381=DIRECTION('',(-0.525855044339646,0.850574201550076,-4.75455338872468E-17));
#17382=DIRECTION('',(-0.850574201550076,-0.525855044339646,0.));
#17383=DIRECTION('',(9.42784497813482E-17,-1.,6.12323399573677E-17));
#17384=DIRECTION('',(1.,9.42784497813482E-17,0.));
#17385=DIRECTION('',(-3.85364963688877E-34,6.12323399573677E-17,1.));
#17386=DIRECTION('',(3.85185988877447E-34,6.12323399573677E-17,1.));
#17387=DIRECTION('',(0.9995355706193,-0.0304736454457102,1.86597261767201E-18));
#17388=DIRECTION('',(0.0304736454457102,0.9995355706193,0.));
#17389=DIRECTION('',(9.56930869483632E-36,6.12323399573677E-17,1.));
#17390=DIRECTION('',(-0.9995355706193,-0.0304736454457104,1.86597261767203E-18));
#17391=DIRECTION('',(0.0304736454457104,-0.9995355706193,0.));
#17392=DIRECTION('',(-3.94576405882012E-34,6.12323399573677E-17,1.));
#17393=DIRECTION('',(-1.,-1.04943948939916E-16,0.));
#17394=DIRECTION('',(1.04943948939916E-16,-1.,0.));
#17395=DIRECTION('',(-1.,-1.33133037296762E-16,0.));
#17396=DIRECTION('',(-1.33133037296762E-16,1.,0.));
#17397=DIRECTION('',(-1.,-1.04943948939916E-16,0.));
#17398=DIRECTION('',(-1.,-1.33133037296762E-16,0.));
#17399=DIRECTION('',(-1.33133037296762E-16,1.,0.));
#17400=DIRECTION('',(-1.,-1.04943948939916E-16,0.));
#17401=DIRECTION('',(-1.,-1.04943948939916E-16,0.));
#17402=DIRECTION('',(1.04943948939916E-16,-1.,0.));
#17403=DIRECTION('',(-1.,-1.33133037296762E-16,0.));
#17404=DIRECTION('',(-1.33133037296762E-16,1.,0.));
#17405=DIRECTION('',(-1.,-1.33133037296762E-16,0.));
#17406=DIRECTION('',(-1.33133037296762E-16,1.,0.));
#17407=DIRECTION('',(-1.,-1.04943948939916E-16,0.));
#17408=DIRECTION('',(-1.,-1.04943948939916E-16,0.));
#17409=DIRECTION('',(1.04943948939916E-16,-1.,0.));
#17410=DIRECTION('',(-1.,-1.04943948939916E-16,0.));
#17411=DIRECTION('',(1.,1.33133037296762E-16,0.));
#17412=DIRECTION('',(-1.33133037296762E-16,1.,0.));
#17413=DIRECTION('',(1.,1.33133037296762E-16,0.));
#17414=DIRECTION('',(-1.33133037296762E-16,1.,0.));
#17415=DIRECTION('',(-5.51853049229811E-17,0.525855044339686,0.850574201550051));
#17416=DIRECTION('',(0.,-0.850574201550051,0.525855044339686));
#17417=DIRECTION('',(-1.,-1.04943948939916E-16,0.));
#17418=DIRECTION('',(-1.13239526898626E-16,0.850574201550051,-0.525855044339686));
#17419=DIRECTION('',(-1.13239526898626E-16,0.850574201550051,-0.525855044339686));
#17420=DIRECTION('',(-1.,-1.04943948939916E-16,0.));
#17421=DIRECTION('',(1.04943948939916E-16,-1.,0.));
#17422=DIRECTION('',(-1.,-1.33133037296762E-16,0.));
#17423=DIRECTION('',(-1.33133037296762E-16,1.,0.));
#17424=DIRECTION('',(-1.,-1.33133037296762E-16,0.));
#17425=DIRECTION('',(-1.33133037296762E-16,1.,0.));
#17426=DIRECTION('',(-1.,-1.04943948939916E-16,0.));
#17427=DIRECTION('',(-1.,-1.04943948939916E-16,0.));
#17428=DIRECTION('',(1.04943948939916E-16,-1.,0.));
#17429=DIRECTION('',(1.,1.33133037296762E-16,0.));
#17430=DIRECTION('',(-1.33133037296762E-16,1.,0.));
#17431=DIRECTION('',(1.,1.33133037296762E-16,0.));
#17432=DIRECTION('',(-1.33133037296762E-16,1.,0.));
#17433=DIRECTION('',(-1.,-1.04943948939916E-16,0.));
#17434=DIRECTION('',(-1.,-1.04943948939916E-16,0.));
#17435=DIRECTION('',(1.04943948939916E-16,-1.,0.));
#17436=DIRECTION('',(1.,1.33133037296762E-16,0.));
#17437=DIRECTION('',(-1.33133037296762E-16,1.,0.));
#17438=DIRECTION('',(1.,1.33133037296762E-16,0.));
#17439=DIRECTION('',(-1.33133037296762E-16,1.,0.));
#17440=DIRECTION('',(0.,0.,-1.));
#17441=DIRECTION('',(-1.,0.,0.));
#17442=DIRECTION('',(1.33133037296762E-16,-1.,0.));
#17443=DIRECTION('',(1.33133037296762E-16,-1.,0.));
#17444=DIRECTION('',(-1.,-1.33133037296762E-16,0.));
#17445=DIRECTION('',(1.33133037296762E-16,-1.,0.));
#17446=DIRECTION('',(-1.13239526898626E-16,0.850574201550051,-0.525855044339686));
#17447=DIRECTION('',(-1.,-1.33133037296762E-16,0.));
#17448=DIRECTION('',(1.33133037296762E-16,-1.,0.));
#17449=DIRECTION('',(-1.13239526898626E-16,0.850574201550051,-0.525855044339686));
#17450=DIRECTION('',(1.13239526898626E-16,-0.850574201550051,0.525855044339686));
#17451=DIRECTION('',(0.,-0.525855044339686,-0.850574201550051));
#17452=DIRECTION('',(-1.13239526898626E-16,0.850574201550051,-0.525855044339686));
#17453=DIRECTION('',(0.,0.525855044339686,0.850574201550051));
#17454=DIRECTION('',(1.,1.04943948939916E-16,0.));
#17455=DIRECTION('',(-1.04943948939916E-16,1.,0.));
#17456=DIRECTION('',(1.,1.04943948939916E-16,0.));
#17457=DIRECTION('',(1.,1.04943948939916E-16,0.));
#17458=DIRECTION('',(-1.04943948939916E-16,1.,0.));
#17459=DIRECTION('',(1.,1.04943948939916E-16,0.));
#17460=DIRECTION('',(0.,0.,-1.));
#17461=DIRECTION('',(0.,1.,0.));
#17462=DIRECTION('',(1.,0.,0.));
#17463=DIRECTION('',(0.,-1.,0.));
#17464=DIRECTION('',(0.,0.,-1.));
#17465=DIRECTION('',(1.,0.,0.));
#17466=DIRECTION('',(0.,0.,1.));
#17467=DIRECTION('',(0.,1.,0.));
#17468=DIRECTION('',(0.,0.,1.));
#17469=DIRECTION('',(1.,0.,0.));
#17470=DIRECTION('',(-1.,-1.22464679914735E-16,0.));
#17471=DIRECTION('',(0.,-1.,0.));
#17472=DIRECTION('',(-1.,-1.22464679914735E-16,0.));
#17473=DIRECTION('',(0.,0.,-1.));
#17474=DIRECTION('',(-1.,-6.12323399573677E-17,0.));
#17475=DIRECTION('',(0.,0.,1.));
#17476=DIRECTION('',(1.,0.,0.));
#17477=DIRECTION('',(-1.22464679914735E-16,1.,0.));
#17478=DIRECTION('',(-1.,-1.22464679914735E-16,0.));
#17479=DIRECTION('',(-1.22464679914735E-16,1.,0.));
#17480=DIRECTION('',(-1.,-1.22464679914735E-16,0.));
#17481=DIRECTION('',(0.,0.,1.));
#17482=DIRECTION('',(-1.22464679914735E-16,1.,0.));
#17483=DIRECTION('',(-1.,-1.22464679914735E-16,0.));
#17484=DIRECTION('',(1.,1.22464679914735E-16,0.));
#17485=DIRECTION('',(0.,0.,-1.));
#17486=DIRECTION('',(-1.22464679914735E-16,1.,0.));
#17487=DIRECTION('',(-1.,-1.22464679914735E-16,0.));
#17488=DIRECTION('',(0.,0.,1.));
#17489=DIRECTION('',(-1.22464679914735E-16,1.,0.));
#17490=DIRECTION('',(-1.,-1.22464679914735E-16,0.));
#17491=DIRECTION('',(0.,0.,-1.));
#17492=DIRECTION('',(1.,1.22464679914735E-16,0.));
#17493=DIRECTION('',(-1.22464679914735E-16,1.,0.));
#17494=DIRECTION('',(-1.,-1.22464679914735E-16,0.));
#17495=DIRECTION('',(1.,0.,0.));
#17496=DIRECTION('',(0.,0.,-1.));
#17497=DIRECTION('',(0.,-1.,0.));
#17498=DIRECTION('',(0.,-1.,0.));
#17499=DIRECTION('',(0.,0.,-1.));
#17500=DIRECTION('',(-1.,0.,0.));
#17501=DIRECTION('',(0.,-1.,0.));
#17502=DIRECTION('',(0.,0.,1.));
#17503=DIRECTION('',(1.,0.,0.));
#17504=DIRECTION('',(0.,0.,-1.));
#17505=DIRECTION('',(-1.,-6.12323399573677E-17,0.));
#17506=DIRECTION('',(0.,0.,1.));
#17507=DIRECTION('',(-1.,-6.12323399573677E-17,0.));
#17508=DIRECTION('',(0.,0.,1.));
#17509=DIRECTION('',(-1.,-6.12323399573677E-17,0.));
#17510=DIRECTION('',(1.,6.62629688504709E-17,1.73472347597681E-16));
#17511=DIRECTION('',(1.73472347597681E-16,0.,-1.));
#17512=DIRECTION('',(0.,-1.,0.));
#17513=DIRECTION('',(0.,0.,-1.));
#17514=DIRECTION('',(0.,-1.,0.));
#17515=DIRECTION('',(0.,0.,-1.));
#17516=DIRECTION('',(3.85364963688877E-34,-6.12323399573677E-17,-1.));
#17517=DIRECTION('',(0.,1.,-6.12323399573677E-17));
#17518=DIRECTION('',(-3.85185988877447E-34,-6.12323399573677E-17,-1.));
#17519=DIRECTION('',(0.,1.,-6.12323399573677E-17));
#17520=DIRECTION('',(-1.,-1.00331028107392E-16,1.19518595167535E-32));
#17521=DIRECTION('',(1.00331028107392E-16,-1.,0.));
#17522=DIRECTION('',(-1.,-1.00331028107392E-16,1.23374033721327E-32));
#17523=DIRECTION('',(1.00331028107392E-16,-1.,0.));
#17524=DIRECTION('',(-1.,-1.00331028107392E-16,-7.71087710758291E-34));
#17525=DIRECTION('',(1.00331028107392E-16,-1.,0.));
#17526=DIRECTION('',(-1.,-1.00331028107392E-16,0.));
#17527=DIRECTION('',(1.00331028107392E-16,-1.,0.));
#17528=DIRECTION('',(0.,1.,0.));
#17529=DIRECTION('',(0.,0.,1.));
#17530=DIRECTION('',(0.,0.,-1.));
#17531=DIRECTION('',(-1.,0.,0.));
#17532=DIRECTION('',(0.,0.,-1.));
#17533=DIRECTION('',(0.,1.,0.));
#17534=DIRECTION('',(0.,0.,-1.));
#17535=DIRECTION('',(-1.,0.,0.));
#17536=DIRECTION('',(0.,0.,-1.));
#17537=DIRECTION('',(0.,1.,0.));
#17538=DIRECTION('',(3.05745217774825E-18,0.0304736454457102,0.9995355706193));
#17539=DIRECTION('',(1.00284431430143E-16,0.9995355706193,-0.0304736454457102));
#17540=DIRECTION('',(0.,-6.65665186483809E-17,-1.));
#17541=DIRECTION('',(0.,1.,-6.65665186483809E-17));
#17542=DIRECTION('',(0.,-6.65665186483809E-17,-1.));
#17543=DIRECTION('',(0.,-6.65665186483809E-17,-1.));
#17544=DIRECTION('',(0.,1.,-6.65665186483809E-17));
#17545=DIRECTION('',(3.05745217774827E-18,0.0304736454457104,-0.9995355706193));
#17546=DIRECTION('',(-1.00284431430143E-16,-0.9995355706193,-0.0304736454457104));
#17547=DIRECTION('',(3.05745217774827E-18,0.0304736454457106,0.9995355706193));
#17548=DIRECTION('',(1.00284431430143E-16,0.9995355706193,-0.0304736454457106));
#17549=DIRECTION('',(0.,0.,-1.));
#17550=DIRECTION('',(0.,5.58981612663544E-17,1.));
#17551=DIRECTION('',(0.,1.,-5.58981612663544E-17));
#17552=DIRECTION('',(0.,5.58981612663544E-17,1.));
#17553=DIRECTION('',(0.,5.58981612663544E-17,1.));
#17554=DIRECTION('',(0.,1.,-5.58981612663544E-17));
#17555=DIRECTION('',(0.,0.,-1.));
#17556=DIRECTION('',(3.05745217774825E-18,0.0304736454457101,-0.9995355706193));
#17557=DIRECTION('',(-1.00284431430143E-16,-0.9995355706193,-0.0304736454457101));
#17558=DIRECTION('',(0.,0.,-1.));
#17559=DIRECTION('',(0.,1.,0.));
#17560=DIRECTION('',(0.,-5.7547886013031E-18,1.));
#17561=DIRECTION('',(-1.,-6.12323399573677E-17,0.));
#17562=DIRECTION('',(6.12323399573677E-17,-1.,0.));
#17563=DIRECTION('',(-6.12323399573677E-17,1.,2.7830804563374E-18));
#17564=DIRECTION('',(0.,0.,-1.));
#17565=DIRECTION('',(0.,2.60078482155443E-16,1.));
#17566=DIRECTION('',(-1.,-6.12323399573677E-17,0.));
#17567=DIRECTION('',(6.12323399573677E-17,-1.,0.));
#17568=DIRECTION('',(0.,-1.44560289664734E-16,1.));
#17569=DIRECTION('',(0.,1.,0.));
#17570=DIRECTION('',(0.,0.,-1.));
#17571=DIRECTION('',(0.,-1.,0.));
#17572=DIRECTION('',(0.,0.,-1.));
#17573=DIRECTION('',(-6.12323399573677E-17,1.,2.7830804563374E-18));
#17574=DIRECTION('',(0.,2.60078482155443E-16,1.));
#17575=DIRECTION('',(0.,1.,-2.60078482155443E-16));
#17576=DIRECTION('',(0.,2.60078482155443E-16,1.));
#17577=DIRECTION('',(1.,0.,0.));
#17578=DIRECTION('',(0.,2.7830804563374E-18,-1.));
#17579=DIRECTION('',(0.,1.,2.7830804563374E-18));
#17580=DIRECTION('',(0.,-1.60812264967664E-16,-1.));
#17581=DIRECTION('',(0.,1.,-1.60812264967664E-16));
#17582=DIRECTION('',(0.,1.60812264967664E-16,1.));
#17583=DIRECTION('',(0.,-1.,1.60812264967664E-16));
#17584=DIRECTION('',(0.,-1.60812264967664E-16,-1.));
#17585=DIRECTION('',(0.,-1.,1.60812264967664E-16));
#17586=DIRECTION('',(0.,-1.60812264967664E-16,-1.));
#17587=DIRECTION('',(0.,-1.,1.60812264967664E-16));
#17588=DIRECTION('',(1.,-6.62614009158444E-17,0.));
#17589=DIRECTION('',(6.62614009158444E-17,1.,0.));
#17590=DIRECTION('',(-6.62614009158444E-17,-1.,0.));
#17591=DIRECTION('',(7.66301384798842E-32,1.15648231731787E-15,-1.));
#17592=DIRECTION('',(6.62614009158444E-17,1.,0.));
#17593=DIRECTION('',(0.,0.,1.));
#17594=DIRECTION('',(1.,-6.62614009158444E-17,0.));
#17595=DIRECTION('',(6.62614009158444E-17,1.,0.));
#17596=DIRECTION('',(-6.62614009158444E-17,-1.,-1.15648231731787E-15));
#17597=DIRECTION('',(0.,1.15648231731787E-15,-1.));
#17598=DIRECTION('',(1.,-6.62614009158444E-17,0.));
#17599=DIRECTION('',(1.,-6.62614009158444E-17,0.));
#17600=DIRECTION('',(6.62614009158444E-17,1.,0.));
#17601=DIRECTION('',(-1.,6.62614009158444E-17,0.));
#17602=DIRECTION('',(1.,-6.62614009158444E-17,0.));
#17603=DIRECTION('',(1.,-6.62614009158444E-17,0.));
#17604=DIRECTION('',(0.,0.,1.));
#17605=DIRECTION('',(1.,0.,0.));
#17606=DIRECTION('',(0.,0.,-1.));
#17607=DIRECTION('',(-1.,0.,0.));
#17608=DIRECTION('',(-7.66301384798842E-32,-1.15648231731787E-15,1.));
#17609=DIRECTION('',(0.,-1.,-1.15648231731787E-15));
#17610=DIRECTION('',(4.68538859185141E-17,0.707106781186547,0.707106781186548));
#17611=DIRECTION('',(4.68538859185141E-17,0.707106781186548,-0.707106781186547));
#17612=DIRECTION('',(-4.68538859185141E-17,-0.707106781186548,0.707106781186547));
#17613=DIRECTION('',(-4.68538859185141E-17,-0.707106781186547,-0.707106781186548));
#17614=DIRECTION('',(-6.62614009158444E-17,-1.,0.));
#17615=DIRECTION('',(1.,-6.62614009158444E-17,0.));
#17616=DIRECTION('',(-4.68538859185141E-17,-0.707106781186547,-0.707106781186547));
#17617=DIRECTION('',(4.68538859185141E-17,0.707106781186547,-0.707106781186547));
#17618=DIRECTION('',(6.62614009158444E-17,1.,0.));
#17619=DIRECTION('',(-1.,6.62614009158444E-17,0.));
#17620=DIRECTION('',(4.68538859185141E-17,0.707106781186547,-0.707106781186547));
#17621=DIRECTION('',(-4.68538859185141E-17,-0.707106781186547,-0.707106781186547));
#17622=DIRECTION('',(0.,0.,-1.));
#17623=DIRECTION('',(-1.,0.,0.));
#17624=DIRECTION('',(-6.67714963809394E-17,-1.,0.));
#17625=DIRECTION('',(1.,-6.67714963809394E-17,0.));
#17626=DIRECTION('',(-1.,6.67714963809394E-17,-1.73472347597681E-16));
#17627=DIRECTION('',(-1.,6.67714963809394E-17,0.));
#17628=DIRECTION('',(6.67714963809394E-17,1.,0.));
#17629=DIRECTION('',(-1.,6.67714963809394E-17,0.));
#17630=DIRECTION('',(-1.,6.67714963809394E-17,-1.73472347597681E-16));
#17631=DIRECTION('',(-1.,6.67714963809394E-17,0.));
#17632=DIRECTION('',(-1.,6.67714963809394E-17,0.));
#17633=DIRECTION('',(-6.67714963809394E-17,-1.,0.));
#17634=DIRECTION('',(1.,-6.67714963809394E-17,1.73472347597681E-16));
#17635=DIRECTION('',(1.73472347597681E-16,0.,-1.));
#17636=DIRECTION('',(1.,-6.67714963809394E-17,1.73472347597681E-16));
#17637=DIRECTION('',(1.73472347597681E-16,0.,-1.));
#17638=DIRECTION('',(1.,6.12323399573677E-17,3.59901136094773E-16));
#17639=DIRECTION('',(3.59901136094773E-16,0.,-1.));
#17640=DIRECTION('',(3.59901136094773E-16,-3.3740731508885E-17,-1.));
#17641=DIRECTION('',(0.,0.,1.));
#17642=DIRECTION('',(1.,6.12323399573677E-17,3.59901136094773E-16));
#17643=DIRECTION('',(3.59901136094773E-16,0.,-1.));
#17644=DIRECTION('',(3.59901136094773E-16,-3.3740731508885E-17,-1.));
#17645=DIRECTION('',(0.,0.,1.));
#17646=DIRECTION('',(0.,-1.,0.));
#17647=DIRECTION('',(0.,0.,-1.));
#17648=DIRECTION('',(0.,0.,1.));
#17649=DIRECTION('',(0.,1.,0.));
#17650=DIRECTION('',(0.,0.,1.));
#17651=DIRECTION('',(0.,1.,0.));
#17652=DIRECTION('',(3.05745217774825E-18,0.0304736454457102,0.9995355706193));
#17653=DIRECTION('',(0.,-0.9995355706193,0.0304736454457102));
#17654=DIRECTION('',(-1.,1.00331028107392E-16,3.48813825807539E-37));
#17655=DIRECTION('',(1.00331028107392E-16,1.,9.42784497813482E-17));
#17656=DIRECTION('',(-1.,1.00331028107392E-16,0.));
#17657=DIRECTION('',(-1.,1.00331028107392E-16,7.71087710758293E-34));
#17658=DIRECTION('',(-1.,1.00331028107392E-16,0.));
#17659=DIRECTION('',(3.05745217774827E-18,0.0304736454457104,-0.9995355706193));
#17660=DIRECTION('',(0.,0.9995355706193,0.0304736454457104));
#17661=DIRECTION('',(-1.,1.00331028107392E-16,7.70380116792707E-34));
#17662=DIRECTION('',(0.,-6.65665186483809E-17,-1.));
#17663=DIRECTION('',(0.,1.,-6.65665186483809E-17));
#17664=DIRECTION('',(0.,-6.65665186483809E-17,-1.));
#17665=DIRECTION('',(0.,1.,-6.65665186483809E-17));
#17666=DIRECTION('',(0.,-6.65665186483809E-17,-1.));
#17667=DIRECTION('',(0.,-6.65665186483809E-17,-1.));
#17668=DIRECTION('',(0.,1.,-6.65665186483809E-17));
#17669=DIRECTION('',(0.,-6.65665186483809E-17,-1.));
#17670=DIRECTION('',(0.,-6.65665186483809E-17,-1.));
#17671=DIRECTION('',(0.,1.,-6.65665186483809E-17));
#17672=DIRECTION('',(0.,6.65665186483809E-17,1.));
#17673=DIRECTION('',(0.,1.,-6.65665186483809E-17));
#17674=DIRECTION('',(0.,6.65665186483809E-17,1.));
#17675=DIRECTION('',(0.,1.,-6.65665186483809E-17));
#17676=DIRECTION('',(0.,-6.65665186483809E-17,-1.));
#17677=DIRECTION('',(0.,-6.65665186483809E-17,-1.));
#17678=DIRECTION('',(0.,1.,-6.65665186483809E-17));
#17679=DIRECTION('',(0.,6.65665186483809E-17,1.));
#17680=DIRECTION('',(0.,1.,-6.65665186483809E-17));
#17681=DIRECTION('',(0.,6.65665186483809E-17,1.));
#17682=DIRECTION('',(0.,1.,-6.65665186483809E-17));
#17683=DIRECTION('',(0.,-6.65665186483809E-17,-1.));
#17684=DIRECTION('',(0.,1.,-6.65665186483809E-17));
#17685=DIRECTION('',(0.,-6.65665186483809E-17,-1.));
#17686=DIRECTION('',(0.,1.,-6.65665186483809E-17));
#17687=DIRECTION('',(0.,-6.65665186483809E-17,-1.));
#17688=DIRECTION('',(0.,1.,-6.65665186483809E-17));
#17689=DIRECTION('',(0.,-6.65665186483809E-17,-1.));
#17690=DIRECTION('',(0.,-6.65665186483809E-17,-1.));
#17691=DIRECTION('',(0.,1.,-6.65665186483809E-17));
#17692=DIRECTION('',(0.,-6.65665186483809E-17,-1.));
#17693=DIRECTION('',(0.,6.65665186483809E-17,1.));
#17694=DIRECTION('',(0.,1.,-6.65665186483809E-17));
#17695=DIRECTION('',(0.,6.65665186483809E-17,1.));
#17696=DIRECTION('',(0.,1.,-6.65665186483809E-17));
#17697=DIRECTION('',(-0.850574201550076,0.525855044339646,-3.50043396153802E-17));
#17698=DIRECTION('',(-0.525855044339646,-0.850574201550076,0.));
#17699=DIRECTION('',(0.525855044339646,0.850574201550076,-5.66197634493148E-17));
#17700=DIRECTION('',(0.525855044339646,0.850574201550076,-5.66197634493148E-17));
#17701=DIRECTION('',(0.,-6.65665186483809E-17,-1.));
#17702=DIRECTION('',(0.,1.,-6.65665186483809E-17));
#17703=DIRECTION('',(0.525855044339646,0.850574201550076,-5.66197634493148E-17));
#17704=DIRECTION('',(0.,-6.65665186483809E-17,-1.));
#17705=DIRECTION('',(0.,1.,-6.65665186483809E-17));
#17706=DIRECTION('',(0.525855044339646,0.850574201550076,-5.66197634493148E-17));
#17707=DIRECTION('',(-0.525855044339646,-0.850574201550076,5.66197634493148E-17));
#17708=DIRECTION('',(0.850574201550076,-0.525855044339646,0.));
#17709=DIRECTION('',(0.525855044339646,0.850574201550076,-5.66197634493148E-17));
#17710=DIRECTION('',(-0.850574201550076,0.525855044339646,0.));
#17711=DIRECTION('',(3.05745217774825E-18,0.0304736454457101,-0.9995355706193));
#17712=DIRECTION('',(0.,0.9995355706193,0.0304736454457101));
#17713=DIRECTION('',(-1.,1.00331028107392E-16,-1.1946298424587E-32));
#17714=DIRECTION('',(-1.33071206402699E-16,-0.9995355706193,-0.0304736454457101));
#17715=DIRECTION('',(3.05745217774827E-18,0.0304736454457106,0.9995355706193));
#17716=DIRECTION('',(0.,-0.9995355706193,0.0304736454457106));
#17717=DIRECTION('',(-1.,1.00331028107392E-16,-1.23313140760704E-32));
#17718=DIRECTION('',(1.33071206402699E-16,0.9995355706193,-0.0304736454457106));
#17719=DIRECTION('',(1.00331028107392E-16,1.,-2.16743129696083E-16));
#17720=DIRECTION('',(0.,2.16743129696084E-16,1.));
#17721=DIRECTION('',(-1.,1.00331028107392E-16,-1.19518595167535E-32));
#17722=DIRECTION('',(-1.,1.00331028107392E-16,-1.23374033721327E-32));
#17723=DIRECTION('',(-1.,1.33133037296762E-16,-1.63040947986245E-32));
#17724=DIRECTION('',(-1.33133037296762E-16,-1.,0.));
#17725=DIRECTION('',(-1.33133037296762E-16,-1.,5.58981612663544E-17));
#17726=DIRECTION('',(0.,5.58981612663544E-17,1.));
#17727=DIRECTION('',(-1.33133037296762E-16,-1.,5.58981612663544E-17));
#17728=DIRECTION('',(0.,5.58981612663544E-17,1.));
#17729=DIRECTION('',(0.,-1.,5.58981612663544E-17));
#17730=DIRECTION('',(0.,-5.58981612663544E-17,-1.));
#17731=DIRECTION('',(0.,1.,-5.58981612663544E-17));
#17732=DIRECTION('',(0.,5.58981612663544E-17,1.));
#17733=DIRECTION('',(0.,-5.58981612663544E-17,-1.));
#17734=DIRECTION('',(0.,1.,-5.58981612663544E-17));
#17735=DIRECTION('',(0.,5.58981612663544E-17,1.));
#17736=DIRECTION('',(0.,5.58981612663544E-17,1.));
#17737=DIRECTION('',(0.,-1.,5.58981612663544E-17));
#17738=DIRECTION('',(0.,5.58981612663544E-17,1.));
#17739=DIRECTION('',(0.,5.58981612663544E-17,1.));
#17740=DIRECTION('',(0.,1.,-5.58981612663544E-17));
#17741=DIRECTION('',(0.,5.58981612663544E-17,1.));
#17742=DIRECTION('',(0.,1.,-5.58981612663544E-17));
#17743=DIRECTION('',(-0.850574201550076,0.525855044339646,-2.93943300712235E-17));
#17744=DIRECTION('',(-0.525855044339646,-0.850574201550076,0.));
#17745=DIRECTION('',(0.,5.58981612663544E-17,1.));
#17746=DIRECTION('',(-0.525855044339646,-0.850574201550076,4.75455338872468E-17));
#17747=DIRECTION('',(-0.525855044339646,-0.850574201550076,4.75455338872468E-17));
#17748=DIRECTION('',(0.,5.58981612663544E-17,1.));
#17749=DIRECTION('',(0.,-1.,5.58981612663544E-17));
#17750=DIRECTION('',(0.,-5.58981612663544E-17,-1.));
#17751=DIRECTION('',(0.,1.,-5.58981612663544E-17));
#17752=DIRECTION('',(0.,-5.58981612663544E-17,-1.));
#17753=DIRECTION('',(0.,1.,-5.58981612663544E-17));
#17754=DIRECTION('',(0.,5.58981612663544E-17,1.));
#17755=DIRECTION('',(0.,5.58981612663544E-17,1.));
#17756=DIRECTION('',(0.,-1.,5.58981612663544E-17));
#17757=DIRECTION('',(0.,5.58981612663544E-17,1.));
#17758=DIRECTION('',(0.,1.,-5.58981612663544E-17));
#17759=DIRECTION('',(0.,5.58981612663544E-17,1.));
#17760=DIRECTION('',(0.,1.,-5.58981612663544E-17));
#17761=DIRECTION('',(0.,5.58981612663544E-17,1.));
#17762=DIRECTION('',(0.,-1.,5.58981612663544E-17));
#17763=DIRECTION('',(0.,-5.58981612663544E-17,-1.));
#17764=DIRECTION('',(0.,1.,-5.58981612663544E-17));
#17765=DIRECTION('',(0.,-5.58981612663544E-17,-1.));
#17766=DIRECTION('',(0.,1.,-5.58981612663544E-17));
#17767=DIRECTION('',(0.,-5.58981612663544E-17,-1.));
#17768=DIRECTION('',(0.,1.,-5.58981612663544E-17));
#17769=DIRECTION('',(-0.525855044339646,-0.850574201550076,4.75455338872468E-17));
#17770=DIRECTION('',(0.,-5.58981612663544E-17,-1.));
#17771=DIRECTION('',(0.,1.,-5.58981612663544E-17));
#17772=DIRECTION('',(-0.525855044339646,-0.850574201550076,4.75455338872468E-17));
#17773=DIRECTION('',(-0.525855044339646,-0.850574201550076,4.75455338872468E-17));
#17774=DIRECTION('',(0.850574201550076,-0.525855044339646,0.));
#17775=DIRECTION('',(0.525855044339646,0.850574201550076,-4.75455338872468E-17));
#17776=DIRECTION('',(-0.850574201550076,0.525855044339646,0.));
#17777=DIRECTION('',(-9.42784497813482E-17,-1.,6.12323399573677E-17));
#17778=DIRECTION('',(1.,-9.42784497813482E-17,0.));
#17779=DIRECTION('',(3.85364963688877E-34,6.12323399573677E-17,1.));
#17780=DIRECTION('',(-3.85185988877447E-34,6.12323399573677E-17,1.));
#17781=DIRECTION('',(-0.9995355706193,-0.0304736454457102,1.86597261767201E-18));
#17782=DIRECTION('',(0.0304736454457102,-0.9995355706193,0.));
#17783=DIRECTION('',(-9.56930869483632E-36,6.12323399573677E-17,1.));
#17784=DIRECTION('',(0.9995355706193,-0.0304736454457104,1.86597261767203E-18));
#17785=DIRECTION('',(0.0304736454457104,0.9995355706193,0.));
#17786=DIRECTION('',(3.94576405882012E-34,6.12323399573677E-17,1.));
#17787=DIRECTION('',(1.,-1.04943948939916E-16,0.));
#17788=DIRECTION('',(1.04943948939916E-16,1.,0.));
#17789=DIRECTION('',(1.,-1.33133037296762E-16,0.));
#17790=DIRECTION('',(1.33133037296762E-16,1.,0.));
#17791=DIRECTION('',(1.,-1.04943948939916E-16,0.));
#17792=DIRECTION('',(1.,-1.33133037296762E-16,0.));
#17793=DIRECTION('',(1.33133037296762E-16,1.,0.));
#17794=DIRECTION('',(1.,-1.04943948939916E-16,0.));
#17795=DIRECTION('',(1.,-1.04943948939916E-16,0.));
#17796=DIRECTION('',(1.04943948939916E-16,1.,0.));
#17797=DIRECTION('',(1.,-1.33133037296762E-16,0.));
#17798=DIRECTION('',(1.33133037296762E-16,1.,0.));
#17799=DIRECTION('',(1.,-1.33133037296762E-16,0.));
#17800=DIRECTION('',(1.33133037296762E-16,1.,0.));
#17801=DIRECTION('',(1.,-1.04943948939916E-16,0.));
#17802=DIRECTION('',(0.,0.,-1.));
#17803=DIRECTION('',(-1.,0.,0.));
#17804=DIRECTION('',(1.33133037296762E-16,1.,0.));
#17805=DIRECTION('',(1.33133037296762E-16,1.,0.));
#17806=DIRECTION('',(1.,-1.04943948939916E-16,0.));
#17807=DIRECTION('',(1.04943948939916E-16,1.,0.));
#17808=DIRECTION('',(-1.,1.33133037296762E-16,0.));
#17809=DIRECTION('',(1.33133037296762E-16,1.,0.));
#17810=DIRECTION('',(-1.,1.33133037296762E-16,0.));
#17811=DIRECTION('',(1.33133037296762E-16,1.,0.));
#17812=DIRECTION('',(1.,-1.04943948939916E-16,0.));
#17813=DIRECTION('',(1.,-1.04943948939916E-16,0.));
#17814=DIRECTION('',(1.04943948939916E-16,1.,0.));
#17815=DIRECTION('',(-1.,1.33133037296762E-16,0.));
#17816=DIRECTION('',(1.33133037296762E-16,1.,0.));
#17817=DIRECTION('',(-1.,1.33133037296762E-16,0.));
#17818=DIRECTION('',(1.33133037296762E-16,1.,0.));
#17819=DIRECTION('',(1.,-1.04943948939916E-16,0.));
#17820=DIRECTION('',(1.,-1.04943948939916E-16,0.));
#17821=DIRECTION('',(1.04943948939916E-16,1.,0.));
#17822=DIRECTION('',(1.,-1.04943948939916E-16,0.));
#17823=DIRECTION('',(1.,-1.33133037296762E-16,0.));
#17824=DIRECTION('',(1.33133037296762E-16,1.,0.));
#17825=DIRECTION('',(1.,-1.33133037296762E-16,0.));
#17826=DIRECTION('',(1.33133037296762E-16,1.,0.));
#17827=DIRECTION('',(5.51853049229811E-17,0.525855044339686,0.850574201550051));
#17828=DIRECTION('',(0.,-0.850574201550051,0.525855044339686));
#17829=DIRECTION('',(1.,-1.04943948939916E-16,0.));
#17830=DIRECTION('',(-1.13239526898626E-16,-0.850574201550051,0.525855044339686));
#17831=DIRECTION('',(-1.13239526898626E-16,-0.850574201550051,0.525855044339686));
#17832=DIRECTION('',(1.,-1.04943948939916E-16,0.));
#17833=DIRECTION('',(1.04943948939916E-16,1.,0.));
#17834=DIRECTION('',(-1.,1.33133037296762E-16,0.));
#17835=DIRECTION('',(1.33133037296762E-16,1.,0.));
#17836=DIRECTION('',(-1.,1.33133037296762E-16,0.));
#17837=DIRECTION('',(1.33133037296762E-16,1.,0.));
#17838=DIRECTION('',(1.,-1.33133037296762E-16,0.));
#17839=DIRECTION('',(1.33133037296762E-16,1.,0.));
#17840=DIRECTION('',(-1.13239526898626E-16,-0.850574201550051,0.525855044339686));
#17841=DIRECTION('',(1.,-1.33133037296762E-16,0.));
#17842=DIRECTION('',(1.33133037296762E-16,1.,0.));
#17843=DIRECTION('',(-1.13239526898626E-16,-0.850574201550051,0.525855044339686));
#17844=DIRECTION('',(1.13239526898626E-16,0.850574201550051,-0.525855044339686));
#17845=DIRECTION('',(0.,0.525855044339686,0.850574201550051));
#17846=DIRECTION('',(-1.13239526898626E-16,-0.850574201550051,0.525855044339686));
#17847=DIRECTION('',(0.,-0.525855044339686,-0.850574201550051));
#17848=DIRECTION('',(-1.,1.04943948939916E-16,0.));
#17849=DIRECTION('',(-1.04943948939916E-16,-1.,0.));
#17850=DIRECTION('',(-1.,1.04943948939916E-16,0.));
#17851=DIRECTION('',(-1.,1.04943948939916E-16,0.));
#17852=DIRECTION('',(-1.04943948939916E-16,-1.,0.));
#17853=DIRECTION('',(-1.,1.04943948939916E-16,0.));
#17854=DIRECTION('',(0.,0.,1.));
#17855=DIRECTION('',(0.,1.,0.));
#17856=DIRECTION('',(-1.,0.,0.));
#17857=DIRECTION('',(0.,-1.,0.));
#17858=DIRECTION('',(0.,0.,1.));
#17859=DIRECTION('',(-1.,0.,0.));
#17860=DIRECTION('',(0.,0.,-1.));
#17861=DIRECTION('',(0.,1.,0.));
#17862=DIRECTION('',(0.,0.,-1.));
#17863=DIRECTION('',(-1.,0.,0.));
#17864=DIRECTION('',(1.,-1.22464679914735E-16,0.));
#17865=DIRECTION('',(0.,-1.,0.));
#17866=DIRECTION('',(1.,-1.22464679914735E-16,0.));
#17867=DIRECTION('',(0.,0.,1.));
#17868=DIRECTION('',(1.,-6.12323399573677E-17,0.));
#17869=DIRECTION('',(0.,0.,-1.));
#17870=DIRECTION('',(-1.,0.,0.));
#17871=DIRECTION('',(1.22464679914735E-16,1.,0.));
#17872=DIRECTION('',(-1.,1.22464679914735E-16,0.));
#17873=DIRECTION('',(0.,0.,-1.));
#17874=DIRECTION('',(1.22464679914735E-16,1.,0.));
#17875=DIRECTION('',(-1.,1.22464679914735E-16,0.));
#17876=DIRECTION('',(-1.,1.22464679914735E-16,0.));
#17877=DIRECTION('',(0.,0.,1.));
#17878=DIRECTION('',(1.22464679914735E-16,1.,0.));
#17879=DIRECTION('',(-1.,1.22464679914735E-16,0.));
#17880=DIRECTION('',(1.22464679914735E-16,1.,0.));
#17881=DIRECTION('',(-1.,1.22464679914735E-16,0.));
#17882=DIRECTION('',(-1.,1.22464679914735E-16,0.));
#17883=DIRECTION('',(1.22464679914735E-16,1.,0.));
#17884=DIRECTION('',(-1.,1.22464679914735E-16,0.));
#17885=DIRECTION('',(0.,0.,-1.));
#17886=DIRECTION('',(1.22464679914735E-16,1.,0.));
#17887=DIRECTION('',(-1.,1.22464679914735E-16,0.));
#17888=DIRECTION('',(0.,0.,1.));
#17889=DIRECTION('',(-1.,0.,0.));
#17890=DIRECTION('',(0.,0.,1.));
#17891=DIRECTION('',(0.,-1.,0.));
#17892=DIRECTION('',(0.,-1.,0.));
#17893=DIRECTION('',(0.,0.,1.));
#17894=DIRECTION('',(1.,0.,0.));
#17895=DIRECTION('',(0.,-1.,0.));
#17896=DIRECTION('',(0.,0.,-1.));
#17897=DIRECTION('',(-1.,0.,0.));
#17898=DIRECTION('',(0.,0.,1.));
#17899=DIRECTION('',(1.,-6.12323399573677E-17,0.));
#17900=DIRECTION('',(0.,0.,-1.));
#17901=DIRECTION('',(1.,-6.12323399573677E-17,0.));
#17902=DIRECTION('',(0.,0.,-1.));
#17903=DIRECTION('',(1.,-6.12323399573677E-17,0.));
#17904=DIRECTION('',(-1.,6.62629688504709E-17,-1.73472347597681E-16));
#17905=DIRECTION('',(-1.73472347597681E-16,0.,1.));
#17906=DIRECTION('',(0.,-1.,0.));
#17907=DIRECTION('',(0.,0.,-1.));
#17908=DIRECTION('',(0.,-1.,0.));
#17909=DIRECTION('',(0.,0.,-1.));
#17910=DIRECTION('',(-3.85364963688877E-34,-6.12323399573677E-17,-1.));
#17911=DIRECTION('',(0.,1.,-6.12323399573677E-17));
#17912=DIRECTION('',(3.85185988877447E-34,-6.12323399573677E-17,-1.));
#17913=DIRECTION('',(0.,1.,-6.12323399573677E-17));
#17914=DIRECTION('',(1.,-1.00331028107392E-16,1.19518595167535E-32));
#17915=DIRECTION('',(1.00331028107392E-16,1.,0.));
#17916=DIRECTION('',(1.,-1.00331028107392E-16,1.23374033721327E-32));
#17917=DIRECTION('',(1.00331028107392E-16,1.,0.));
#17918=DIRECTION('',(1.,-1.00331028107392E-16,-7.71087710758291E-34));
#17919=DIRECTION('',(1.00331028107392E-16,1.,0.));
#17920=DIRECTION('',(1.,-1.00331028107392E-16,0.));
#17921=DIRECTION('',(1.00331028107392E-16,1.,0.));
#17922=DIRECTION('',(0.,1.,0.));
#17923=DIRECTION('',(0.,0.,1.));
#17924=DIRECTION('',(0.,1.,0.));
#17925=DIRECTION('',(0.,0.,1.));
#17926=DIRECTION('',(0.,1.,0.));
#17927=DIRECTION('',(0.,0.,1.));
#17928=DIRECTION('',(0.,-1.,0.));
#17929=DIRECTION('',(0.,0.,-1.));
#17930=DIRECTION('',(0.,1.,0.));
#17931=DIRECTION('',(0.,0.,1.));
#17932=DIRECTION('',(0.,-1.,0.));
#17933=DIRECTION('',(0.,0.,-1.));
#17934=DIRECTION('',(0.,1.,0.));
#17935=DIRECTION('',(0.,0.,1.));
#17936=DIRECTION('',(0.,-1.,0.));
#17937=DIRECTION('',(0.,0.,-1.));
#17938=DIRECTION('',(0.,1.,0.));
#17939=DIRECTION('',(0.,0.,1.));
#17940=DIRECTION('',(0.,-1.,0.));
#17941=DIRECTION('',(0.,0.,-1.));
#17942=DIRECTION('',(0.,1.,-6.12323399573677E-17));
#17943=DIRECTION('',(0.,6.12323399573677E-17,1.));
#17944=DIRECTION('',(1.,0.,0.));
#17945=DIRECTION('',(0.,0.,-1.));
#17946=DIRECTION('',(0.,6.12323399573677E-17,1.));
#17947=DIRECTION('',(0.,1.,-6.12323399573677E-17));
#17948=DIRECTION('',(-1.,0.,0.));
#17949=DIRECTION('',(0.,0.,1.));
#17950=DIRECTION('',(0.,-1.,6.12323399573677E-17));
#17951=DIRECTION('',(0.,6.12323399573677E-17,1.));
#17952=DIRECTION('',(-1.73472347597681E-16,1.,-6.12323399573677E-17));
#17953=DIRECTION('',(-1.,-1.73472347597681E-16,0.));
#17954=DIRECTION('',(0.,-6.12323399573677E-17,-1.));
#17955=DIRECTION('',(0.,1.,-6.12323399573677E-17));
#17956=DIRECTION('',(1.,0.,0.));
#17957=DIRECTION('',(0.,0.,-1.));
#17958=DIRECTION('',(0.,6.12323399573677E-17,1.));
#17959=DIRECTION('',(0.,1.,-6.12323399573677E-17));
#17960=DIRECTION('',(-1.,0.,0.));
#17961=DIRECTION('',(0.,0.,1.));
#17962=DIRECTION('',(0.,-1.,6.12323399573677E-17));
#17963=DIRECTION('',(0.,6.12323399573677E-17,1.));
#17964=DIRECTION('',(-1.73472347597681E-16,1.,-6.12323399573677E-17));
#17965=DIRECTION('',(-1.,-1.73472347597681E-16,0.));
#17966=DIRECTION('',(0.,-6.12323399573677E-17,-1.));
#17967=DIRECTION('',(0.,1.,-6.12323399573677E-17));
#17968=DIRECTION('',(5.65198187950535E-16,2.55280685772107E-31,1.));
#17969=DIRECTION('',(-1.02734687946197E-16,1.,-1.97215226305253E-31));
#17970=DIRECTION('',(-0.817144898335129,0.,0.576432316169793));
#17971=DIRECTION('',(0.576432316169793,0.,0.817144898335129));
#17972=DIRECTION('',(-0.817144898335129,-4.20455255730633E-32,0.576432316169793));
#17973=DIRECTION('',(0.576432316169793,-2.05050056262034E-16,0.817144898335129));
#17974=DIRECTION('',(-0.817144898335129,-4.20455255730633E-32,0.576432316169792));
#17975=DIRECTION('',(0.576432316169792,-2.05050056262034E-16,0.81714489833513));
#17976=DIRECTION('',(0.,-1.,0.));
#17977=DIRECTION('',(0.,0.,-1.));
#17978=DIRECTION('',(1.,-4.20455255730633E-32,2.76817575953746E-16));
#17979=DIRECTION('',(2.76817575953746E-16,-2.05050056262034E-16,-1.));
#17980=DIRECTION('',(1.,0.,4.8186763221578E-16));
#17981=DIRECTION('',(4.8186763221578E-16,0.,-1.));
#17982=DIRECTION('',(1.,-4.20455255730633E-32,-2.05050056262034E-16));
#17983=DIRECTION('',(-2.05050056262034E-16,-2.05050056262034E-16,-1.));
#17984=DIRECTION('',(0.,1.,0.));
#17985=DIRECTION('',(0.,0.,1.));
#17986=DIRECTION('',(-8.62143738432341E-48,-4.20455255730633E-32,1.));
#17987=DIRECTION('',(1.,-2.05050056262034E-16,0.));
#17988=DIRECTION('',(-2.05050056262034E-16,0.,1.));
#17989=DIRECTION('',(1.,0.,2.05050056262034E-16));
#17990=DIRECTION('',(-8.62143738432341E-48,-4.20455255730633E-32,1.));
#17991=DIRECTION('',(1.,-2.05050056262034E-16,0.));
#17992=DIRECTION('',(-0.817144898335129,-4.20455255730633E-32,0.576432316169793));
#17993=DIRECTION('',(3.43572867198478E-32,-1.,-2.42363996906571E-32));
#17994=DIRECTION('',(-8.62143738432341E-48,-4.20455255730633E-32,1.));
#17995=DIRECTION('',(0.,-1.,-4.20455255730633E-32));
#17996=DIRECTION('',(7.67074383688293E-16,3.84426800870562E-16,1.));
#17997=DIRECTION('',(0.999989562147367,-0.00456898197824784,-7.65309937953784E-16));
#17998=DIRECTION('',(0.,0.,1.));
#17999=DIRECTION('',(1.,0.,0.));
#18000=DIRECTION('',(0.,0.,1.));
#18001=DIRECTION('',(1.,0.,0.));
#18002=DIRECTION('',(0.,0.,1.));
#18003=DIRECTION('',(1.,0.,0.));
#18004=DIRECTION('',(0.,0.,1.));
#18005=DIRECTION('',(1.,0.,0.));
#18006=CARTESIAN_POINT('',(0.,0.,0.));
#18007=CARTESIAN_POINT('',(8.1,12.6000000045877,2.15));
#18008=CARTESIAN_POINT('',(3.1,12.6000000045877,2.10522686409307));
#18009=CARTESIAN_POINT('',(3.1,12.6000000045877,2.10522686409307));
#18010=CARTESIAN_POINT('',(1.9,12.6000000045877,2.10522686409307));
#18011=CARTESIAN_POINT('',(1.9,12.6000000045877,2.10522686409307));
#18012=CARTESIAN_POINT('',(1.9,12.6000000045877,0.65));
#18013=CARTESIAN_POINT('',(8.1,12.6000000045877,0.65));
#18014=CARTESIAN_POINT('',(0.,12.6000000045877,0.65));
#18015=CARTESIAN_POINT('',(0.,12.6000000045877,2.15));
#18016=CARTESIAN_POINT('',(0.,12.6000000045877,2.15));
#18017=CARTESIAN_POINT('',(8.1,12.6000000045877,2.15));
#18018=CARTESIAN_POINT('',(6.3,12.6000000045877,2.15));
#18019=CARTESIAN_POINT('',(6.3,12.6000000045877,0.65));
#18020=CARTESIAN_POINT('',(6.3,12.6000000045877,0.65));
#18021=CARTESIAN_POINT('',(8.1,12.6000000045877,0.65));
#18022=CARTESIAN_POINT('',(3.1,12.6000000045877,0.65));
#18023=CARTESIAN_POINT('',(3.1,12.6000000045877,0.65));
#18024=CARTESIAN_POINT('',(0.,12.,0.));
#18025=CARTESIAN_POINT('',(0.,4.2,5.));
#18026=CARTESIAN_POINT('',(0.,4.2,5.));
#18027=CARTESIAN_POINT('',(0.,4.2,0.));
#18028=CARTESIAN_POINT('',(0.,12.,0.));
#18029=CARTESIAN_POINT('',(0.,3.72,0.));
#18030=CARTESIAN_POINT('',(0.,3.72,0.));
#18031=CARTESIAN_POINT('',(0.,3.72,1.7));
#18032=CARTESIAN_POINT('',(0.,3.72,1.7));
#18033=CARTESIAN_POINT('',(0.,3.18,1.7));
#18034=CARTESIAN_POINT('',(0.,3.18,1.7));
#18035=CARTESIAN_POINT('',(0.,3.18,0.8));
#18036=CARTESIAN_POINT('',(0.,12.,0.8));
#18037=CARTESIAN_POINT('',(0.,2.7,0.8));
#18038=CARTESIAN_POINT('',(0.,2.7,1.7));
#18039=CARTESIAN_POINT('',(0.,2.7,1.7));
#18040=CARTESIAN_POINT('',(0.,2.16,1.7));
#18041=CARTESIAN_POINT('',(0.,2.16,1.7));
#18042=CARTESIAN_POINT('',(0.,2.16,0.));
#18043=CARTESIAN_POINT('',(0.,2.16,0.8));
#18044=CARTESIAN_POINT('',(0.,12.,0.8));
#18045=CARTESIAN_POINT('',(0.,0.999999999999999,0.8));
#18046=CARTESIAN_POINT('',(0.,0.999999999999999,0.));
#18047=CARTESIAN_POINT('',(0.,0.999999999999999,0.));
#18048=CARTESIAN_POINT('',(0.,8.67361737988404E-16,0.));
#18049=CARTESIAN_POINT('',(0.,8.67361737988404E-16,0.));
#18050=CARTESIAN_POINT('',(0.,0.,5.));
#18051=CARTESIAN_POINT('',(0.,0.,0.649999999999997));
#18052=CARTESIAN_POINT('',(0.,0.,0.649999999999997));
#18053=CARTESIAN_POINT('',(0.,-0.600000004587676,0.649999999999997));
#18054=CARTESIAN_POINT('',(0.,-0.600000004587675,2.15));
#18055=CARTESIAN_POINT('',(0.,-0.600000004587675,2.15));
#18056=CARTESIAN_POINT('',(0.,0.,2.15));
#18057=CARTESIAN_POINT('',(0.,0.,2.15));
#18058=CARTESIAN_POINT('',(0.,0.,0.));
#18059=CARTESIAN_POINT('',(0.,0.,5.));
#18060=CARTESIAN_POINT('',(0.,12.,5.));
#18061=CARTESIAN_POINT('',(0.,2.16,5.));
#18062=CARTESIAN_POINT('',(0.,2.16,5.));
#18063=CARTESIAN_POINT('',(0.,2.16,3.67));
#18064=CARTESIAN_POINT('',(0.,2.16,3.67));
#18065=CARTESIAN_POINT('',(0.,2.7,3.67));
#18066=CARTESIAN_POINT('',(0.,2.7,3.67));
#18067=CARTESIAN_POINT('',(0.,2.7,5.));
#18068=CARTESIAN_POINT('',(0.,12.,5.));
#18069=CARTESIAN_POINT('',(0.,3.18,5.));
#18070=CARTESIAN_POINT('',(0.,3.18,5.));
#18071=CARTESIAN_POINT('',(0.,3.18,4.61128259235062));
#18072=CARTESIAN_POINT('',(0.,3.18,4.61128259235062));
#18073=CARTESIAN_POINT('',(0.,3.72,4.61128259235062));
#18074=CARTESIAN_POINT('',(0.,3.72,4.61128259235062));
#18075=CARTESIAN_POINT('',(0.,3.72,5.));
#18076=CARTESIAN_POINT('',(0.,12.,5.));
#18077=CARTESIAN_POINT('',(0.,12.,0.));
#18078=CARTESIAN_POINT('',(0.,12.,0.));
#18079=CARTESIAN_POINT('',(0.,5.22,0.));
#18080=CARTESIAN_POINT('',(0.,4.74,0.));
#18081=CARTESIAN_POINT('',(0.,4.74,3.67));
#18082=CARTESIAN_POINT('',(0.,4.74,5.));
#18083=CARTESIAN_POINT('',(0.,12.,5.));
#18084=CARTESIAN_POINT('',(0.,5.22,5.));
#18085=CARTESIAN_POINT('',(0.,5.22,5.));
#18086=CARTESIAN_POINT('',(0.,5.22,4.61128259235062));
#18087=CARTESIAN_POINT('',(0.,5.22,4.61128259235062));
#18088=CARTESIAN_POINT('',(0.,5.76,4.61128259235062));
#18089=CARTESIAN_POINT('',(0.,5.76,4.61128259235062));
#18090=CARTESIAN_POINT('',(0.,5.76,5.));
#18091=CARTESIAN_POINT('',(0.,12.,5.));
#18092=CARTESIAN_POINT('',(0.,6.24,5.));
#18093=CARTESIAN_POINT('',(0.,6.24,3.67));
#18094=CARTESIAN_POINT('',(0.,6.24,0.));
#18095=CARTESIAN_POINT('',(0.,12.,0.));
#18096=CARTESIAN_POINT('',(0.,5.76,0.));
#18097=CARTESIAN_POINT('',(0.,5.76,0.));
#18098=CARTESIAN_POINT('',(0.,5.76,1.7));
#18099=CARTESIAN_POINT('',(0.,5.76,1.7));
#18100=CARTESIAN_POINT('',(0.,5.22,1.7));
#18101=CARTESIAN_POINT('',(0.,5.22,1.7));
#18102=CARTESIAN_POINT('',(6.88,6.78,3.67));
#18103=CARTESIAN_POINT('',(0.499999999999999,6.24,3.67));
#18104=CARTESIAN_POINT('',(0.499999999999999,6.24,3.67));
#18105=CARTESIAN_POINT('',(0.499999999999999,6.78,3.67));
#18106=CARTESIAN_POINT('',(6.88,6.24,3.67));
#18107=CARTESIAN_POINT('',(2.8,6.24,3.67));
#18108=CARTESIAN_POINT('',(2.8,12.,3.67));
#18109=CARTESIAN_POINT('',(2.8,6.78,3.67));
#18110=CARTESIAN_POINT('',(6.88,6.78,3.67));
#18111=CARTESIAN_POINT('',(7.03,0.,0.));
#18112=CARTESIAN_POINT('',(7.03,0.,1.34));
#18113=CARTESIAN_POINT('',(7.03,9.3,1.34));
#18114=CARTESIAN_POINT('',(7.03,9.84,1.34));
#18115=CARTESIAN_POINT('',(7.03,9.3,0.));
#18116=CARTESIAN_POINT('',(7.03,9.3,1.7));
#18117=CARTESIAN_POINT('',(7.03,9.3,1.7));
#18118=CARTESIAN_POINT('',(7.03,9.84,1.7));
#18119=CARTESIAN_POINT('',(7.03,9.84,1.7));
#18120=CARTESIAN_POINT('',(10.3,12.,3.2));
#18121=CARTESIAN_POINT('',(10.3,4.2,1.30201884650549));
#18122=CARTESIAN_POINT('',(10.3,4.2,2.2));
#18123=CARTESIAN_POINT('',(10.3,4.2,0.));
#18124=CARTESIAN_POINT('',(10.3,12.,2.2));
#18125=CARTESIAN_POINT('',(10.3,3.71999999999999,2.2));
#18126=CARTESIAN_POINT('',(10.3,3.71999999999999,1.34));
#18127=CARTESIAN_POINT('',(10.3,3.72,0.800000000000001));
#18128=CARTESIAN_POINT('',(10.3,12.,0.800000000000001));
#18129=CARTESIAN_POINT('',(10.3,3.18,0.800000000000001));
#18130=CARTESIAN_POINT('',(10.3,3.17999999999999,1.34));
#18131=CARTESIAN_POINT('',(10.3,3.17999999999999,2.2));
#18132=CARTESIAN_POINT('',(10.3,12.,2.2));
#18133=CARTESIAN_POINT('',(10.3,2.7,2.2));
#18134=CARTESIAN_POINT('',(10.3,2.7,1.34));
#18135=CARTESIAN_POINT('',(10.3,2.7,0.800000000000001));
#18136=CARTESIAN_POINT('',(10.3,12.,0.800000000000001));
#18137=CARTESIAN_POINT('',(10.3,2.16,0.800000000000001));
#18138=CARTESIAN_POINT('',(10.3,2.16,1.34));
#18139=CARTESIAN_POINT('',(10.3,2.16,2.2));
#18140=CARTESIAN_POINT('',(10.3,12.,2.2));
#18141=CARTESIAN_POINT('',(10.3,0.,2.2));
#18142=CARTESIAN_POINT('',(10.3,0.,3.2));
#18143=CARTESIAN_POINT('',(10.3,0.,0.));
#18144=CARTESIAN_POINT('',(10.3,12.,0.));
#18145=CARTESIAN_POINT('',(10.3,12.,3.2));
#18146=CARTESIAN_POINT('',(10.3,12.,2.2));
#18147=CARTESIAN_POINT('',(10.3,5.22,2.2));
#18148=CARTESIAN_POINT('',(10.3,4.74,2.2));
#18149=CARTESIAN_POINT('',(10.3,4.74,1.30201884650549));
#18150=CARTESIAN_POINT('',(10.3,4.74,0.));
#18151=CARTESIAN_POINT('',(10.3,12.,0.));
#18152=CARTESIAN_POINT('',(10.3,6.24,0.));
#18153=CARTESIAN_POINT('',(10.3,6.24,1.30201884650549));
#18154=CARTESIAN_POINT('',(10.3,6.24,2.2));
#18155=CARTESIAN_POINT('',(10.3,12.,2.2));
#18156=CARTESIAN_POINT('',(10.3,5.76,2.2));
#18157=CARTESIAN_POINT('',(10.3,5.76,1.34));
#18158=CARTESIAN_POINT('',(10.3,5.76,0.8));
#18159=CARTESIAN_POINT('',(10.3,12.,0.8));
#18160=CARTESIAN_POINT('',(10.3,5.22,0.8));
#18161=CARTESIAN_POINT('',(10.3,5.22,1.34));
#18162=CARTESIAN_POINT('',(3.03,0.,0.));
#18163=CARTESIAN_POINT('',(3.03,0.,1.34));
#18164=CARTESIAN_POINT('',(3.03,2.16,1.34));
#18165=CARTESIAN_POINT('',(3.03,2.7,1.34));
#18166=CARTESIAN_POINT('',(3.03,2.16,0.));
#18167=CARTESIAN_POINT('',(3.03,2.16,1.7));
#18168=CARTESIAN_POINT('',(3.03,2.16,1.7));
#18169=CARTESIAN_POINT('',(3.03,2.7,1.7));
#18170=CARTESIAN_POINT('',(3.03,2.7,1.7));
#18171=CARTESIAN_POINT('',(7.03,0.,0.));
#18172=CARTESIAN_POINT('',(7.03,3.72,0.));
#18173=CARTESIAN_POINT('',(7.03,3.72,1.34));
#18174=CARTESIAN_POINT('',(7.03,3.72,1.7));
#18175=CARTESIAN_POINT('',(7.03,0.,1.34));
#18176=CARTESIAN_POINT('',(7.03,3.18,1.34));
#18177=CARTESIAN_POINT('',(7.03,3.18,1.7));
#18178=CARTESIAN_POINT('',(7.03,3.18,1.7));
#18179=CARTESIAN_POINT('',(7.03,3.72,1.7));
#18180=CARTESIAN_POINT('',(7.03,0.,0.));
#18181=CARTESIAN_POINT('',(7.03,5.76,0.));
#18182=CARTESIAN_POINT('',(7.03,5.76,1.34));
#18183=CARTESIAN_POINT('',(7.03,5.76,1.7));
#18184=CARTESIAN_POINT('',(7.03,0.,1.34));
#18185=CARTESIAN_POINT('',(7.03,5.22,1.34));
#18186=CARTESIAN_POINT('',(7.03,5.22,1.7));
#18187=CARTESIAN_POINT('',(7.03,5.22,1.7));
#18188=CARTESIAN_POINT('',(7.03,5.76,1.7));
#18189=CARTESIAN_POINT('',(7.03,0.,0.));
#18190=CARTESIAN_POINT('',(7.03,7.8,0.));
#18191=CARTESIAN_POINT('',(7.03,7.8,1.34));
#18192=CARTESIAN_POINT('',(7.03,7.8,1.7));
#18193=CARTESIAN_POINT('',(7.03,0.,1.34));
#18194=CARTESIAN_POINT('',(7.03,7.26,1.34));
#18195=CARTESIAN_POINT('',(7.03,7.26,1.7));
#18196=CARTESIAN_POINT('',(7.03,7.26,1.7));
#18197=CARTESIAN_POINT('',(7.03,7.8,1.7));
#18198=CARTESIAN_POINT('',(3.03,0.,0.));
#18199=CARTESIAN_POINT('',(3.03,5.38085522640955E-16,1.34));
#18200=CARTESIAN_POINT('',(3.03,8.28,1.34));
#18201=CARTESIAN_POINT('',(3.03,8.82,1.34));
#18202=CARTESIAN_POINT('',(3.03,8.28,0.));
#18203=CARTESIAN_POINT('',(3.03,8.28,1.7));
#18204=CARTESIAN_POINT('',(3.03,8.28,1.7));
#18205=CARTESIAN_POINT('',(3.03,8.82,1.7));
#18206=CARTESIAN_POINT('',(3.03,8.82,1.7));
#18207=CARTESIAN_POINT('',(2.8,9.84,2.2));
#18208=CARTESIAN_POINT('',(2.8,9.3,2.2));
#18209=CARTESIAN_POINT('',(2.8,9.3,2.2));
#18210=CARTESIAN_POINT('',(8.9,9.3,2.2));
#18211=CARTESIAN_POINT('',(8.9,9.84,2.2));
#18212=CARTESIAN_POINT('',(8.9,9.84,2.2));
#18213=CARTESIAN_POINT('',(2.8,9.84,2.2));
#18214=CARTESIAN_POINT('',(2.8,9.84,2.2));
#18215=CARTESIAN_POINT('',(2.8,9.84,2.2));
#18216=CARTESIAN_POINT('',(2.8,8.81999999999999,2.2));
#18217=CARTESIAN_POINT('',(2.8,8.27999999999999,2.2));
#18218=CARTESIAN_POINT('',(2.8,8.27999999999999,2.2));
#18219=CARTESIAN_POINT('',(8.9,8.27999999999999,2.2));
#18220=CARTESIAN_POINT('',(8.9,8.81999999999999,2.2));
#18221=CARTESIAN_POINT('',(8.9,8.81999999999999,2.2));
#18222=CARTESIAN_POINT('',(2.8,8.81999999999999,2.2));
#18223=CARTESIAN_POINT('',(2.8,8.81999999999999,2.2));
#18224=CARTESIAN_POINT('',(2.8,8.81999999999999,2.2));
#18225=CARTESIAN_POINT('',(2.8,7.8,2.2));
#18226=CARTESIAN_POINT('',(2.8,7.26,2.2));
#18227=CARTESIAN_POINT('',(2.8,7.26,2.2));
#18228=CARTESIAN_POINT('',(8.9,7.26,2.2));
#18229=CARTESIAN_POINT('',(8.9,7.8,2.2));
#18230=CARTESIAN_POINT('',(8.9,7.8,2.2));
#18231=CARTESIAN_POINT('',(2.8,7.8,2.2));
#18232=CARTESIAN_POINT('',(2.8,7.8,2.2));
#18233=CARTESIAN_POINT('',(2.8,7.8,2.2));
#18234=CARTESIAN_POINT('',(2.8,5.76,2.2));
#18235=CARTESIAN_POINT('',(2.8,5.22,2.2));
#18236=CARTESIAN_POINT('',(2.8,5.22,2.2));
#18237=CARTESIAN_POINT('',(8.9,5.22,2.2));
#18238=CARTESIAN_POINT('',(8.9,5.76,2.2));
#18239=CARTESIAN_POINT('',(8.9,5.76,2.2));
#18240=CARTESIAN_POINT('',(2.8,5.76,2.2));
#18241=CARTESIAN_POINT('',(2.8,5.76,2.2));
#18242=CARTESIAN_POINT('',(2.8,5.76,2.2));
#18243=CARTESIAN_POINT('',(2.8,3.71999999999999,2.2));
#18244=CARTESIAN_POINT('',(2.8,3.17999999999999,2.2));
#18245=CARTESIAN_POINT('',(2.8,3.17999999999999,2.2));
#18246=CARTESIAN_POINT('',(8.9,3.17999999999999,2.2));
#18247=CARTESIAN_POINT('',(8.9,3.71999999999999,2.2));
#18248=CARTESIAN_POINT('',(8.9,3.71999999999999,2.2));
#18249=CARTESIAN_POINT('',(2.8,3.71999999999999,2.2));
#18250=CARTESIAN_POINT('',(2.8,3.71999999999999,2.2));
#18251=CARTESIAN_POINT('',(2.8,3.71999999999999,2.2));
#18252=CARTESIAN_POINT('',(2.8,2.16,2.2));
#18253=CARTESIAN_POINT('',(2.8,2.16,2.2));
#18254=CARTESIAN_POINT('',(2.8,2.16,2.2));
#18255=CARTESIAN_POINT('',(8.9,2.16,2.2));
#18256=CARTESIAN_POINT('',(8.9,2.16,2.2));
#18257=CARTESIAN_POINT('',(8.9,2.7,2.2));
#18258=CARTESIAN_POINT('',(2.8,2.7,2.2));
#18259=CARTESIAN_POINT('',(2.8,2.7,2.2));
#18260=CARTESIAN_POINT('',(2.8,2.16,2.2));
#18261=CARTESIAN_POINT('',(2.8,12.,3.2));
#18262=CARTESIAN_POINT('',(2.8,2.16,3.2));
#18263=CARTESIAN_POINT('',(2.8,2.16,3.2));
#18264=CARTESIAN_POINT('',(9.3,2.16,3.2));
#18265=CARTESIAN_POINT('',(2.8,12.,3.2));
#18266=CARTESIAN_POINT('',(2.8,0.,3.2));
#18267=CARTESIAN_POINT('',(2.8,0.,3.2));
#18268=CARTESIAN_POINT('',(9.3,0.,3.2));
#18269=CARTESIAN_POINT('',(9.3,12.,3.2));
#18270=CARTESIAN_POINT('',(9.3,12.,2.2));
#18271=CARTESIAN_POINT('',(9.3,2.16,2.2));
#18272=CARTESIAN_POINT('',(9.3,0.,2.2));
#18273=CARTESIAN_POINT('',(9.3,12.,2.2));
#18274=CARTESIAN_POINT('',(9.3,12.,3.2));
#18275=CARTESIAN_POINT('',(9.3,2.7,3.2));
#18276=CARTESIAN_POINT('',(9.3,3.17999999999999,3.2));
#18277=CARTESIAN_POINT('',(9.3,2.7,2.2));
#18278=CARTESIAN_POINT('',(9.3,3.17999999999999,2.2));
#18279=CARTESIAN_POINT('',(2.8,12.,3.2));
#18280=CARTESIAN_POINT('',(2.8,9.3,3.2));
#18281=CARTESIAN_POINT('',(2.8,9.3,3.2));
#18282=CARTESIAN_POINT('',(9.3,9.3,3.2));
#18283=CARTESIAN_POINT('',(2.8,12.,3.2));
#18284=CARTESIAN_POINT('',(2.8,8.81999999999999,3.2));
#18285=CARTESIAN_POINT('',(2.8,8.81999999999999,3.2));
#18286=CARTESIAN_POINT('',(9.3,8.81999999999999,3.2));
#18287=CARTESIAN_POINT('',(9.3,12.,3.2));
#18288=CARTESIAN_POINT('',(9.3,12.,2.2));
#18289=CARTESIAN_POINT('',(10.3,12.,2.2));
#18290=CARTESIAN_POINT('',(10.3,9.3,2.2));
#18291=CARTESIAN_POINT('',(10.3,8.81999999999999,2.2));
#18292=CARTESIAN_POINT('',(9.3,9.3,2.2));
#18293=CARTESIAN_POINT('',(9.3,8.81999999999999,2.2));
#18294=CARTESIAN_POINT('',(9.3,12.,2.2));
#18295=CARTESIAN_POINT('',(9.3,12.,3.2));
#18296=CARTESIAN_POINT('',(9.3,9.84,3.2));
#18297=CARTESIAN_POINT('',(9.3,12.,3.2));
#18298=CARTESIAN_POINT('',(9.3,9.84,2.2));
#18299=CARTESIAN_POINT('',(10.3,9.84,2.2));
#18300=CARTESIAN_POINT('',(10.3,12.,2.2));
#18301=CARTESIAN_POINT('',(10.3,12.,2.2));
#18302=CARTESIAN_POINT('',(9.3,12.,2.2));
#18303=CARTESIAN_POINT('',(2.8,12.,3.2));
#18304=CARTESIAN_POINT('',(2.8,8.27999999999999,3.2));
#18305=CARTESIAN_POINT('',(2.8,8.27999999999999,3.2));
#18306=CARTESIAN_POINT('',(9.3,8.27999999999999,3.2));
#18307=CARTESIAN_POINT('',(2.8,12.,3.2));
#18308=CARTESIAN_POINT('',(2.8,7.8,3.2));
#18309=CARTESIAN_POINT('',(2.8,7.8,3.2));
#18310=CARTESIAN_POINT('',(9.3,7.8,3.2));
#18311=CARTESIAN_POINT('',(9.3,12.,3.2));
#18312=CARTESIAN_POINT('',(9.3,12.,2.2));
#18313=CARTESIAN_POINT('',(10.3,12.,2.2));
#18314=CARTESIAN_POINT('',(10.3,8.27999999999999,2.2));
#18315=CARTESIAN_POINT('',(10.3,7.8,2.2));
#18316=CARTESIAN_POINT('',(9.3,8.27999999999999,2.2));
#18317=CARTESIAN_POINT('',(9.3,7.8,2.2));
#18318=CARTESIAN_POINT('',(2.8,12.,3.2));
#18319=CARTESIAN_POINT('',(2.8,7.26,3.2));
#18320=CARTESIAN_POINT('',(2.8,7.26,3.2));
#18321=CARTESIAN_POINT('',(9.3,7.26,3.2));
#18322=CARTESIAN_POINT('',(2.8,12.,3.2));
#18323=CARTESIAN_POINT('',(2.8,6.78,3.2));
#18324=CARTESIAN_POINT('',(2.8,6.78,3.2));
#18325=CARTESIAN_POINT('',(9.3,6.78,3.2));
#18326=CARTESIAN_POINT('',(9.3,12.,3.2));
#18327=CARTESIAN_POINT('',(9.3,12.,2.2));
#18328=CARTESIAN_POINT('',(10.3,12.,2.2));
#18329=CARTESIAN_POINT('',(10.3,7.26,2.2));
#18330=CARTESIAN_POINT('',(10.3,6.78,2.2));
#18331=CARTESIAN_POINT('',(9.3,7.26,2.2));
#18332=CARTESIAN_POINT('',(9.3,6.78,2.2));
#18333=CARTESIAN_POINT('',(2.8,12.,3.2));
#18334=CARTESIAN_POINT('',(2.8,6.24,3.2));
#18335=CARTESIAN_POINT('',(2.8,6.24,3.2));
#18336=CARTESIAN_POINT('',(9.3,6.24,3.2));
#18337=CARTESIAN_POINT('',(2.8,12.,3.2));
#18338=CARTESIAN_POINT('',(2.8,5.76,3.2));
#18339=CARTESIAN_POINT('',(2.8,5.76,3.2));
#18340=CARTESIAN_POINT('',(9.3,5.76,3.2));
#18341=CARTESIAN_POINT('',(9.3,12.,3.2));
#18342=CARTESIAN_POINT('',(9.3,12.,2.2));
#18343=CARTESIAN_POINT('',(9.3,6.24,2.2));
#18344=CARTESIAN_POINT('',(9.3,5.76,2.2));
#18345=CARTESIAN_POINT('',(2.8,12.,3.2));
#18346=CARTESIAN_POINT('',(2.8,5.22,3.2));
#18347=CARTESIAN_POINT('',(2.8,5.22,3.2));
#18348=CARTESIAN_POINT('',(9.3,5.22,3.2));
#18349=CARTESIAN_POINT('',(2.8,12.,3.2));
#18350=CARTESIAN_POINT('',(2.8,4.74,3.2));
#18351=CARTESIAN_POINT('',(2.8,4.74,3.2));
#18352=CARTESIAN_POINT('',(9.3,4.74,3.2));
#18353=CARTESIAN_POINT('',(9.3,12.,3.2));
#18354=CARTESIAN_POINT('',(9.3,12.,2.2));
#18355=CARTESIAN_POINT('',(9.3,5.22,2.2));
#18356=CARTESIAN_POINT('',(9.3,4.74,2.2));
#18357=CARTESIAN_POINT('',(2.8,12.,3.2));
#18358=CARTESIAN_POINT('',(2.8,4.2,3.2));
#18359=CARTESIAN_POINT('',(2.8,4.2,3.2));
#18360=CARTESIAN_POINT('',(9.3,4.2,3.2));
#18361=CARTESIAN_POINT('',(2.8,12.,3.2));
#18362=CARTESIAN_POINT('',(2.8,3.71999999999999,3.2));
#18363=CARTESIAN_POINT('',(2.8,3.71999999999999,3.2));
#18364=CARTESIAN_POINT('',(9.3,3.71999999999999,3.2));
#18365=CARTESIAN_POINT('',(9.3,12.,3.2));
#18366=CARTESIAN_POINT('',(9.3,12.,2.2));
#18367=CARTESIAN_POINT('',(9.3,4.2,2.2));
#18368=CARTESIAN_POINT('',(9.3,3.71999999999999,2.2));
#18369=CARTESIAN_POINT('',(2.8,12.,3.2));
#18370=CARTESIAN_POINT('',(2.8,12.,3.2));
#18371=CARTESIAN_POINT('',(2.8,3.17999999999999,3.2));
#18372=CARTESIAN_POINT('',(2.8,2.7,3.2));
#18373=CARTESIAN_POINT('',(2.8,2.7,3.2));
#18374=CARTESIAN_POINT('',(2.8,3.17999999999999,3.2));
#18375=CARTESIAN_POINT('',(10.3,12.,0.));
#18376=CARTESIAN_POINT('',(0.499999999999999,12.,0.));
#18377=CARTESIAN_POINT('',(0.499999999999999,4.2,0.));
#18378=CARTESIAN_POINT('',(0.499999999999999,4.74,0.));
#18379=CARTESIAN_POINT('',(10.3,4.74,0.));
#18380=CARTESIAN_POINT('',(7.03,5.22,0.));
#18381=CARTESIAN_POINT('',(7.03,5.22,0.));
#18382=CARTESIAN_POINT('',(7.03,5.22,0.));
#18383=CARTESIAN_POINT('',(7.03,5.76,0.));
#18384=CARTESIAN_POINT('',(7.03,5.76,0.));
#18385=CARTESIAN_POINT('',(10.3,6.24,0.));
#18386=CARTESIAN_POINT('',(0.499999999999999,6.24,0.));
#18387=CARTESIAN_POINT('',(0.499999999999997,12.,0.));
#18388=CARTESIAN_POINT('',(0.499999999999999,6.78,0.));
#18389=CARTESIAN_POINT('',(10.3,6.78,0.));
#18390=CARTESIAN_POINT('',(0.,6.78,0.));
#18391=CARTESIAN_POINT('',(0.,12.,0.));
#18392=CARTESIAN_POINT('',(0.,7.26,0.));
#18393=CARTESIAN_POINT('',(7.03,7.26,0.));
#18394=CARTESIAN_POINT('',(7.03,7.26,0.));
#18395=CARTESIAN_POINT('',(7.03,7.26,0.));
#18396=CARTESIAN_POINT('',(7.03,7.8,0.));
#18397=CARTESIAN_POINT('',(7.03,7.8,0.));
#18398=CARTESIAN_POINT('',(1.8,7.8,0.));
#18399=CARTESIAN_POINT('',(1.8,12.,0.));
#18400=CARTESIAN_POINT('',(1.8,8.28,0.));
#18401=CARTESIAN_POINT('',(3.03,8.28,0.));
#18402=CARTESIAN_POINT('',(3.03,8.28,0.));
#18403=CARTESIAN_POINT('',(3.03,8.82,0.));
#18404=CARTESIAN_POINT('',(3.03,8.82,0.));
#18405=CARTESIAN_POINT('',(3.03,8.82,0.));
#18406=CARTESIAN_POINT('',(1.8,8.82,0.));
#18407=CARTESIAN_POINT('',(1.8,12.,0.));
#18408=CARTESIAN_POINT('',(1.8,9.3,0.));
#18409=CARTESIAN_POINT('',(7.03,9.3,0.));
#18410=CARTESIAN_POINT('',(7.03,9.3,0.));
#18411=CARTESIAN_POINT('',(7.03,9.84,0.));
#18412=CARTESIAN_POINT('',(7.03,9.84,0.));
#18413=CARTESIAN_POINT('',(7.03,9.84,0.));
#18414=CARTESIAN_POINT('',(0.,9.84,0.));
#18415=CARTESIAN_POINT('',(0.,12.,0.));
#18416=CARTESIAN_POINT('',(0.,12.,0.));
#18417=CARTESIAN_POINT('',(10.3,12.,0.));
#18418=CARTESIAN_POINT('',(10.3,12.,0.));
#18419=CARTESIAN_POINT('',(10.3,12.,0.));
#18420=CARTESIAN_POINT('',(10.3,6.78,0.));
#18421=CARTESIAN_POINT('',(2.57,6.78,0.));
#18422=CARTESIAN_POINT('',(2.57,6.78,0.));
#18423=CARTESIAN_POINT('',(2.57,6.24,0.));
#18424=CARTESIAN_POINT('',(2.57,6.24,0.));
#18425=CARTESIAN_POINT('',(10.3,6.24,0.));
#18426=CARTESIAN_POINT('',(10.3,4.74,0.));
#18427=CARTESIAN_POINT('',(2.57,4.74,0.));
#18428=CARTESIAN_POINT('',(2.57,4.74,0.));
#18429=CARTESIAN_POINT('',(2.57,4.2,0.));
#18430=CARTESIAN_POINT('',(2.57,4.2,0.));
#18431=CARTESIAN_POINT('',(10.3,0.,0.));
#18432=CARTESIAN_POINT('',(2.07263851454359,0.999999999999999,0.));
#18433=CARTESIAN_POINT('',(1.8,0.999999999999999,-4.33680868994202E-16));
#18434=CARTESIAN_POINT('',(1.8,12.,0.));
#18435=CARTESIAN_POINT('',(1.8,2.16,0.));
#18436=CARTESIAN_POINT('',(3.03,2.16,0.));
#18437=CARTESIAN_POINT('',(3.03,2.16,0.));
#18438=CARTESIAN_POINT('',(3.03,2.7,0.));
#18439=CARTESIAN_POINT('',(3.03,2.7,0.));
#18440=CARTESIAN_POINT('',(3.03,2.7,0.));
#18441=CARTESIAN_POINT('',(1.8,2.7,0.));
#18442=CARTESIAN_POINT('',(1.8,12.,0.));
#18443=CARTESIAN_POINT('',(1.8,3.18,0.));
#18444=CARTESIAN_POINT('',(7.03,3.18,0.));
#18445=CARTESIAN_POINT('',(7.03,3.18,0.));
#18446=CARTESIAN_POINT('',(7.03,3.18,0.));
#18447=CARTESIAN_POINT('',(7.03,3.72,0.));
#18448=CARTESIAN_POINT('',(7.03,3.72,0.));
#18449=CARTESIAN_POINT('',(10.3,4.2,0.));
#18450=CARTESIAN_POINT('',(0.,0.,0.));
#18451=CARTESIAN_POINT('',(8.1,0.,0.65));
#18452=CARTESIAN_POINT('',(8.1,0.,0.65));
#18453=CARTESIAN_POINT('',(2.8,0.,5.));
#18454=CARTESIAN_POINT('',(2.8,0.,5.));
#18455=CARTESIAN_POINT('',(0.,0.,5.));
#18456=CARTESIAN_POINT('',(8.1,0.,2.15));
#18457=CARTESIAN_POINT('',(8.1,0.,2.15));
#18458=CARTESIAN_POINT('',(8.1,0.,0.65));
#18459=CARTESIAN_POINT('',(0.,12.,0.8));
#18460=CARTESIAN_POINT('',(0.,0.999999999999999,0.8));
#18461=CARTESIAN_POINT('',(0.,2.16,0.8));
#18462=CARTESIAN_POINT('',(0.,12.,0.));
#18463=CARTESIAN_POINT('',(0.,6.78,5.));
#18464=CARTESIAN_POINT('',(0.,6.78,5.));
#18465=CARTESIAN_POINT('',(0.,12.,5.));
#18466=CARTESIAN_POINT('',(0.,7.26,5.));
#18467=CARTESIAN_POINT('',(0.,7.26,5.));
#18468=CARTESIAN_POINT('',(0.,7.26,4.61128259235062));
#18469=CARTESIAN_POINT('',(0.,7.26,4.61128259235062));
#18470=CARTESIAN_POINT('',(0.,7.8,4.61128259235062));
#18471=CARTESIAN_POINT('',(0.,7.8,4.61128259235062));
#18472=CARTESIAN_POINT('',(0.,7.8,5.));
#18473=CARTESIAN_POINT('',(0.,12.,5.));
#18474=CARTESIAN_POINT('',(0.,8.28,5.));
#18475=CARTESIAN_POINT('',(0.,8.28,5.));
#18476=CARTESIAN_POINT('',(0.,8.28,4.61128259235062));
#18477=CARTESIAN_POINT('',(0.,8.28,4.61128259235062));
#18478=CARTESIAN_POINT('',(0.,8.82,4.61128259235062));
#18479=CARTESIAN_POINT('',(0.,8.82,4.61128259235062));
#18480=CARTESIAN_POINT('',(0.,8.82,5.));
#18481=CARTESIAN_POINT('',(0.,12.,5.));
#18482=CARTESIAN_POINT('',(0.,9.3,5.));
#18483=CARTESIAN_POINT('',(0.,9.3,5.));
#18484=CARTESIAN_POINT('',(0.,9.3,3.67));
#18485=CARTESIAN_POINT('',(0.,9.3,3.67));
#18486=CARTESIAN_POINT('',(0.,9.84,3.67));
#18487=CARTESIAN_POINT('',(0.,9.84,3.67));
#18488=CARTESIAN_POINT('',(0.,9.84,5.));
#18489=CARTESIAN_POINT('',(0.,12.,5.));
#18490=CARTESIAN_POINT('',(0.,12.,5.));
#18491=CARTESIAN_POINT('',(0.,12.,0.));
#18492=CARTESIAN_POINT('',(0.,12.,2.15));
#18493=CARTESIAN_POINT('',(0.,12.,2.15));
#18494=CARTESIAN_POINT('',(0.,12.6000000045877,0.65));
#18495=CARTESIAN_POINT('',(0.,12.,0.65));
#18496=CARTESIAN_POINT('',(0.,12.,0.));
#18497=CARTESIAN_POINT('',(0.,9.84,1.7));
#18498=CARTESIAN_POINT('',(0.,9.84,1.7));
#18499=CARTESIAN_POINT('',(0.,9.3,1.7));
#18500=CARTESIAN_POINT('',(0.,9.3,1.7));
#18501=CARTESIAN_POINT('',(0.,9.3,0.));
#18502=CARTESIAN_POINT('',(0.,9.3,0.8));
#18503=CARTESIAN_POINT('',(0.,12.,0.8));
#18504=CARTESIAN_POINT('',(0.,8.82,0.8));
#18505=CARTESIAN_POINT('',(0.,8.82,1.7));
#18506=CARTESIAN_POINT('',(0.,8.82,1.7));
#18507=CARTESIAN_POINT('',(0.,8.28,1.7));
#18508=CARTESIAN_POINT('',(0.,8.28,1.7));
#18509=CARTESIAN_POINT('',(0.,8.28,0.));
#18510=CARTESIAN_POINT('',(0.,8.28,0.8));
#18511=CARTESIAN_POINT('',(0.,12.,0.8));
#18512=CARTESIAN_POINT('',(0.,7.8,0.8));
#18513=CARTESIAN_POINT('',(0.,7.8,0.));
#18514=CARTESIAN_POINT('',(0.,7.8,1.7));
#18515=CARTESIAN_POINT('',(0.,7.8,1.7));
#18516=CARTESIAN_POINT('',(0.,7.26,1.7));
#18517=CARTESIAN_POINT('',(0.,7.26,1.7));
#18518=CARTESIAN_POINT('',(0.,12.,0.));
#18519=CARTESIAN_POINT('',(8.1,12.,0.65));
#18520=CARTESIAN_POINT('',(8.1,12.,0.65));
#18521=CARTESIAN_POINT('',(8.1,12.,0.65));
#18522=CARTESIAN_POINT('',(8.1,12.,2.15));
#18523=CARTESIAN_POINT('',(8.1,12.,2.15));
#18524=CARTESIAN_POINT('',(0.,12.,5.));
#18525=CARTESIAN_POINT('',(2.8,12.,5.));
#18526=CARTESIAN_POINT('',(2.8,12.,5.));
#18527=CARTESIAN_POINT('',(2.8,12.,3.2));
#18528=CARTESIAN_POINT('',(2.8,12.,3.2));
#18529=CARTESIAN_POINT('',(10.3,12.,3.2));
#18530=CARTESIAN_POINT('',(0.,12.,5.));
#18531=CARTESIAN_POINT('',(6.88,2.7,5.));
#18532=CARTESIAN_POINT('',(2.8,2.7,5.));
#18533=CARTESIAN_POINT('',(2.8,12.,5.));
#18534=CARTESIAN_POINT('',(2.8,3.18,5.));
#18535=CARTESIAN_POINT('',(6.88,3.18,5.));
#18536=CARTESIAN_POINT('',(2.8,12.,5.));
#18537=CARTESIAN_POINT('',(2.8,2.7,5.));
#18538=CARTESIAN_POINT('',(2.8,2.7,3.67));
#18539=CARTESIAN_POINT('',(2.8,12.,3.67));
#18540=CARTESIAN_POINT('',(2.8,2.16,3.67));
#18541=CARTESIAN_POINT('',(2.8,2.16,5.00000000000001));
#18542=CARTESIAN_POINT('',(2.8,2.16,5.));
#18543=CARTESIAN_POINT('',(2.8,12.,5.));
#18544=CARTESIAN_POINT('',(2.8,2.16,3.2));
#18545=CARTESIAN_POINT('',(2.8,2.7,2.2));
#18546=CARTESIAN_POINT('',(2.8,3.17999999999999,2.2));
#18547=CARTESIAN_POINT('',(2.8,3.71999999999999,3.2));
#18548=CARTESIAN_POINT('',(2.8,4.2,2.2));
#18549=CARTESIAN_POINT('',(2.8,4.2,2.2));
#18550=CARTESIAN_POINT('',(2.8,4.74,2.2));
#18551=CARTESIAN_POINT('',(2.8,4.74,2.2));
#18552=CARTESIAN_POINT('',(2.8,4.74,3.2));
#18553=CARTESIAN_POINT('',(2.8,5.22,2.2));
#18554=CARTESIAN_POINT('',(2.8,5.76,3.2));
#18555=CARTESIAN_POINT('',(2.8,6.24,3.2));
#18556=CARTESIAN_POINT('',(2.8,6.24,2.2));
#18557=CARTESIAN_POINT('',(2.8,6.24,2.2));
#18558=CARTESIAN_POINT('',(2.8,6.78,2.2));
#18559=CARTESIAN_POINT('',(2.8,6.78,3.2));
#18560=CARTESIAN_POINT('',(2.8,7.26,2.2));
#18561=CARTESIAN_POINT('',(2.8,7.8,3.2));
#18562=CARTESIAN_POINT('',(2.8,8.27999999999999,2.2));
#18563=CARTESIAN_POINT('',(2.8,8.81999999999999,3.2));
#18564=CARTESIAN_POINT('',(2.8,9.3,2.2));
#18565=CARTESIAN_POINT('',(2.8,9.84,3.2));
#18566=CARTESIAN_POINT('',(2.8,9.84,3.2));
#18567=CARTESIAN_POINT('',(2.8,12.,3.2));
#18568=CARTESIAN_POINT('',(2.8,12.,5.));
#18569=CARTESIAN_POINT('',(2.8,9.84,5.));
#18570=CARTESIAN_POINT('',(2.8,9.84,5.));
#18571=CARTESIAN_POINT('',(2.8,9.84,3.67));
#18572=CARTESIAN_POINT('',(2.8,12.,3.67));
#18573=CARTESIAN_POINT('',(2.8,9.3,3.67));
#18574=CARTESIAN_POINT('',(2.8,9.3,5.));
#18575=CARTESIAN_POINT('',(2.8,9.3,5.));
#18576=CARTESIAN_POINT('',(2.8,12.,5.));
#18577=CARTESIAN_POINT('',(2.8,8.82,5.));
#18578=CARTESIAN_POINT('',(2.8,8.82,5.));
#18579=CARTESIAN_POINT('',(2.8,8.82,4.61128259235062));
#18580=CARTESIAN_POINT('',(2.8,12.,4.61128259235062));
#18581=CARTESIAN_POINT('',(2.8,8.28,4.61128259235062));
#18582=CARTESIAN_POINT('',(2.8,8.28,5.));
#18583=CARTESIAN_POINT('',(2.8,8.28,5.));
#18584=CARTESIAN_POINT('',(2.8,12.,5.));
#18585=CARTESIAN_POINT('',(2.8,7.8,5.));
#18586=CARTESIAN_POINT('',(2.8,7.8,5.));
#18587=CARTESIAN_POINT('',(2.8,7.8,4.61128259235062));
#18588=CARTESIAN_POINT('',(2.8,12.,4.61128259235062));
#18589=CARTESIAN_POINT('',(2.8,7.26,4.61128259235062));
#18590=CARTESIAN_POINT('',(2.8,7.26,5.));
#18591=CARTESIAN_POINT('',(2.8,7.26,5.));
#18592=CARTESIAN_POINT('',(2.8,12.,5.));
#18593=CARTESIAN_POINT('',(2.8,6.78,5.));
#18594=CARTESIAN_POINT('',(2.8,6.78,5.));
#18595=CARTESIAN_POINT('',(2.8,6.24,5.));
#18596=CARTESIAN_POINT('',(2.8,6.24,5.));
#18597=CARTESIAN_POINT('',(2.8,12.,5.));
#18598=CARTESIAN_POINT('',(2.8,5.76,5.));
#18599=CARTESIAN_POINT('',(2.8,5.76,5.));
#18600=CARTESIAN_POINT('',(2.8,5.76,4.61128259235062));
#18601=CARTESIAN_POINT('',(2.8,12.,4.61128259235062));
#18602=CARTESIAN_POINT('',(2.8,5.22,4.61128259235062));
#18603=CARTESIAN_POINT('',(2.8,5.22,5.));
#18604=CARTESIAN_POINT('',(2.8,5.22,5.));
#18605=CARTESIAN_POINT('',(2.8,12.,5.));
#18606=CARTESIAN_POINT('',(2.8,4.74,5.));
#18607=CARTESIAN_POINT('',(2.8,4.74,5.));
#18608=CARTESIAN_POINT('',(2.8,4.74,3.67));
#18609=CARTESIAN_POINT('',(2.8,12.,3.67));
#18610=CARTESIAN_POINT('',(2.8,4.2,3.67));
#18611=CARTESIAN_POINT('',(2.8,4.2,5.));
#18612=CARTESIAN_POINT('',(2.8,4.2,5.));
#18613=CARTESIAN_POINT('',(2.8,12.,5.));
#18614=CARTESIAN_POINT('',(2.8,3.72,5.));
#18615=CARTESIAN_POINT('',(2.8,3.72,5.));
#18616=CARTESIAN_POINT('',(2.8,3.72,4.61128259235062));
#18617=CARTESIAN_POINT('',(2.8,12.,4.61128259235062));
#18618=CARTESIAN_POINT('',(2.8,3.18,4.61128259235062));
#18619=CARTESIAN_POINT('',(2.8,3.18,5.00000000000004));
#18620=CARTESIAN_POINT('',(0.,12.,5.));
#18621=CARTESIAN_POINT('',(6.88,3.72,5.));
#18622=CARTESIAN_POINT('',(6.88,4.2,5.));
#18623=CARTESIAN_POINT('',(0.,12.,5.));
#18624=CARTESIAN_POINT('',(6.88,4.74,5.));
#18625=CARTESIAN_POINT('',(6.88,5.22,5.));
#18626=CARTESIAN_POINT('',(0.,12.,5.));
#18627=CARTESIAN_POINT('',(6.88,5.76,5.));
#18628=CARTESIAN_POINT('',(6.88,6.24,5.));
#18629=CARTESIAN_POINT('',(0.,12.,5.));
#18630=CARTESIAN_POINT('',(6.88,6.78,5.));
#18631=CARTESIAN_POINT('',(6.88,7.26,5.));
#18632=CARTESIAN_POINT('',(0.,12.,5.));
#18633=CARTESIAN_POINT('',(6.88,7.8,5.));
#18634=CARTESIAN_POINT('',(6.88,8.28,5.));
#18635=CARTESIAN_POINT('',(0.,12.,5.));
#18636=CARTESIAN_POINT('',(6.88,8.82,5.));
#18637=CARTESIAN_POINT('',(6.88,9.3,5.));
#18638=CARTESIAN_POINT('',(0.,12.,5.));
#18639=CARTESIAN_POINT('',(6.88,9.84,5.));
#18640=CARTESIAN_POINT('',(2.8,12.,3.2));
#18641=CARTESIAN_POINT('',(2.8,9.84,3.2));
#18642=CARTESIAN_POINT('',(10.3,12.,3.2));
#18643=CARTESIAN_POINT('',(10.3,9.84,1.34));
#18644=CARTESIAN_POINT('',(10.3,9.84,0.8));
#18645=CARTESIAN_POINT('',(10.3,12.,0.8));
#18646=CARTESIAN_POINT('',(10.3,9.3,0.8));
#18647=CARTESIAN_POINT('',(10.3,9.3,1.34));
#18648=CARTESIAN_POINT('',(10.3,8.81999999999999,1.34));
#18649=CARTESIAN_POINT('',(10.3,8.82,0.8));
#18650=CARTESIAN_POINT('',(10.3,12.,0.8));
#18651=CARTESIAN_POINT('',(10.3,8.28,0.8));
#18652=CARTESIAN_POINT('',(10.3,8.27999999999999,1.34));
#18653=CARTESIAN_POINT('',(10.3,7.8,1.34));
#18654=CARTESIAN_POINT('',(10.3,7.8,0.8));
#18655=CARTESIAN_POINT('',(10.3,12.,0.8));
#18656=CARTESIAN_POINT('',(10.3,7.26,0.8));
#18657=CARTESIAN_POINT('',(10.3,7.26,1.34));
#18658=CARTESIAN_POINT('',(10.3,6.78,1.30201884650549));
#18659=CARTESIAN_POINT('',(0.,12.,5.));
#18660=CARTESIAN_POINT('',(6.88,2.16,5.));
#18661=CARTESIAN_POINT('',(6.88,9.84,3.67));
#18662=CARTESIAN_POINT('',(6.88,9.84,3.67));
#18663=CARTESIAN_POINT('',(6.88,9.3,5.));
#18664=CARTESIAN_POINT('',(6.88,9.3,3.67));
#18665=CARTESIAN_POINT('',(6.88,9.3,3.67));
#18666=CARTESIAN_POINT('',(6.88,8.82,4.61128259235062));
#18667=CARTESIAN_POINT('',(6.88,8.82,4.61128259235062));
#18668=CARTESIAN_POINT('',(6.88,8.28,5.));
#18669=CARTESIAN_POINT('',(6.88,8.28,4.61128259235062));
#18670=CARTESIAN_POINT('',(6.88,8.28,4.61128259235062));
#18671=CARTESIAN_POINT('',(6.88,7.8,4.61128259235062));
#18672=CARTESIAN_POINT('',(6.88,7.8,4.61128259235062));
#18673=CARTESIAN_POINT('',(6.88,7.26,5.));
#18674=CARTESIAN_POINT('',(6.88,7.26,4.61128259235062));
#18675=CARTESIAN_POINT('',(6.88,7.26,4.61128259235062));
#18676=CARTESIAN_POINT('',(6.88,6.78,5.));
#18677=CARTESIAN_POINT('',(0.499999999999999,6.78,-0.0543072619323937));
#18678=CARTESIAN_POINT('',(0.499999999999999,6.78,0.8));
#18679=CARTESIAN_POINT('',(11.2122728747561,6.78,0.8));
#18680=CARTESIAN_POINT('',(2.57,6.78,0.8));
#18681=CARTESIAN_POINT('',(2.57,6.78,1.30201884650549));
#18682=CARTESIAN_POINT('',(2.8,6.78,2.2));
#18683=CARTESIAN_POINT('',(8.9,6.78,2.2));
#18684=CARTESIAN_POINT('',(8.9,6.78,1.8));
#18685=CARTESIAN_POINT('',(9.3,6.78,1.8));
#18686=CARTESIAN_POINT('',(9.3,6.78,1.34));
#18687=CARTESIAN_POINT('',(9.3,6.78,1.74));
#18688=CARTESIAN_POINT('',(8.9,6.78,1.74));
#18689=CARTESIAN_POINT('',(8.9,6.78,1.34));
#18690=CARTESIAN_POINT('',(11.2122728747561,6.78,1.34));
#18691=CARTESIAN_POINT('',(0.499999999999999,6.78,1.34));
#18692=CARTESIAN_POINT('',(0.499999999999999,6.78,-0.0543072619323937));
#18693=CARTESIAN_POINT('',(6.88,6.24,3.67));
#18694=CARTESIAN_POINT('',(0.499999999999999,6.24,-0.0543072619323937));
#18695=CARTESIAN_POINT('',(0.499999999999999,6.24,1.34));
#18696=CARTESIAN_POINT('',(11.2122728747561,6.24,1.34));
#18697=CARTESIAN_POINT('',(8.9,6.24,1.34));
#18698=CARTESIAN_POINT('',(8.9,6.24,1.74));
#18699=CARTESIAN_POINT('',(9.3,6.24,1.74));
#18700=CARTESIAN_POINT('',(9.3,6.24,1.34));
#18701=CARTESIAN_POINT('',(9.3,6.24,1.8));
#18702=CARTESIAN_POINT('',(8.9,6.24,1.8));
#18703=CARTESIAN_POINT('',(8.9,6.24,2.2));
#18704=CARTESIAN_POINT('',(2.8,6.24,2.2));
#18705=CARTESIAN_POINT('',(2.57,6.24,1.30201884650549));
#18706=CARTESIAN_POINT('',(2.57,6.24,0.8));
#18707=CARTESIAN_POINT('',(11.2122728747561,6.24,0.8));
#18708=CARTESIAN_POINT('',(0.499999999999999,6.24,0.8));
#18709=CARTESIAN_POINT('',(0.499999999999999,6.24,-0.0543072619323937));
#18710=CARTESIAN_POINT('',(6.88,5.76,4.61128259235062));
#18711=CARTESIAN_POINT('',(6.88,5.76,4.61128259235062));
#18712=CARTESIAN_POINT('',(6.88,5.22,5.));
#18713=CARTESIAN_POINT('',(6.88,5.22,4.61128259235062));
#18714=CARTESIAN_POINT('',(6.88,5.22,4.61128259235062));
#18715=CARTESIAN_POINT('',(6.88,4.74,3.67));
#18716=CARTESIAN_POINT('',(0.499999999999999,4.74,-0.0543072619323937));
#18717=CARTESIAN_POINT('',(0.499999999999999,4.74,0.8));
#18718=CARTESIAN_POINT('',(11.2122728747561,4.74,0.8));
#18719=CARTESIAN_POINT('',(2.57,4.74,0.8));
#18720=CARTESIAN_POINT('',(2.57,4.74,1.30201884650549));
#18721=CARTESIAN_POINT('',(2.8,4.74,2.2));
#18722=CARTESIAN_POINT('',(8.9,4.74,2.2));
#18723=CARTESIAN_POINT('',(8.9,4.74,1.8));
#18724=CARTESIAN_POINT('',(9.3,4.74,1.8));
#18725=CARTESIAN_POINT('',(9.3,4.74,1.34));
#18726=CARTESIAN_POINT('',(9.3,4.74,1.74));
#18727=CARTESIAN_POINT('',(8.9,4.74,1.74));
#18728=CARTESIAN_POINT('',(8.9,4.74,1.34));
#18729=CARTESIAN_POINT('',(11.2122728747561,4.74,1.34));
#18730=CARTESIAN_POINT('',(0.499999999999999,4.74,1.34));
#18731=CARTESIAN_POINT('',(0.499999999999999,4.74,-0.0543072619323937));
#18732=CARTESIAN_POINT('',(0.499999999999999,4.74,3.67));
#18733=CARTESIAN_POINT('',(6.88,4.74,3.67));
#18734=CARTESIAN_POINT('',(6.88,4.2,5.));
#18735=CARTESIAN_POINT('',(6.88,4.2,3.67));
#18736=CARTESIAN_POINT('',(0.499999999999999,4.2,3.67));
#18737=CARTESIAN_POINT('',(0.499999999999999,4.2,-0.0543072619323937));
#18738=CARTESIAN_POINT('',(0.499999999999999,4.2,1.34));
#18739=CARTESIAN_POINT('',(11.2122728747561,4.2,1.34));
#18740=CARTESIAN_POINT('',(8.9,4.2,1.34));
#18741=CARTESIAN_POINT('',(8.9,4.2,1.74));
#18742=CARTESIAN_POINT('',(9.3,4.2,1.74));
#18743=CARTESIAN_POINT('',(9.3,4.2,1.34));
#18744=CARTESIAN_POINT('',(9.3,4.2,1.8));
#18745=CARTESIAN_POINT('',(8.9,4.2,1.8));
#18746=CARTESIAN_POINT('',(8.9,4.2,2.2));
#18747=CARTESIAN_POINT('',(2.8,4.2,2.2));
#18748=CARTESIAN_POINT('',(2.57,4.2,1.30201884650549));
#18749=CARTESIAN_POINT('',(2.57,4.2,0.800000000000001));
#18750=CARTESIAN_POINT('',(11.2122728747561,4.2,0.800000000000001));
#18751=CARTESIAN_POINT('',(0.499999999999999,4.2,0.800000000000001));
#18752=CARTESIAN_POINT('',(0.499999999999999,4.2,-0.0543072619323937));
#18753=CARTESIAN_POINT('',(6.88,4.2,3.67));
#18754=CARTESIAN_POINT('',(0.499999999999999,4.2,3.67));
#18755=CARTESIAN_POINT('',(6.88,3.72,4.61128259235062));
#18756=CARTESIAN_POINT('',(6.88,3.72,4.61128259235062));
#18757=CARTESIAN_POINT('',(6.88,3.18,5.));
#18758=CARTESIAN_POINT('',(6.88,3.18,4.61128259235062));
#18759=CARTESIAN_POINT('',(6.88,3.18,4.61128259235062));
#18760=CARTESIAN_POINT('',(6.88,2.7,3.67));
#18761=CARTESIAN_POINT('',(6.88,2.7,3.67));
#18762=CARTESIAN_POINT('',(6.88,2.16,5.));
#18763=CARTESIAN_POINT('',(6.88,2.16,3.67));
#18764=CARTESIAN_POINT('',(6.88,2.16,3.67));
#18765=CARTESIAN_POINT('',(8.1,12.,2.15));
#18766=CARTESIAN_POINT('',(8.1000000013763,12.0000000041289,2.15));
#18767=CARTESIAN_POINT('',(8.1,12.6000000045877,0.65));
#18768=CARTESIAN_POINT('',(1.9,12.6500000045877,0.65));
#18769=CARTESIAN_POINT('',(1.9,12.6500000045877,0.65));
#18770=CARTESIAN_POINT('',(2.3,12.6500000045877,0.65));
#18771=CARTESIAN_POINT('',(8.08054474708171,12.2887159578951,0.65));
#18772=CARTESIAN_POINT('',(7.92,12.0600000045877,0.65));
#18773=CARTESIAN_POINT('',(1.9,12.6500000045877,0.65));
#18774=CARTESIAN_POINT('',(8.1,0.,2.15));
#18775=CARTESIAN_POINT('',(8.1,-0.600000004587675,2.15));
#18776=CARTESIAN_POINT('',(6.3,-0.600000004587675,2.15));
#18777=CARTESIAN_POINT('',(8.1,-4.58767518331932E-9,2.15));
#18778=CARTESIAN_POINT('',(8.1,-0.600000004587675,2.15));
#18779=CARTESIAN_POINT('',(8.1,-0.600000004587675,0.65));
#18780=CARTESIAN_POINT('',(1.9,-0.600000004587679,0.65));
#18781=CARTESIAN_POINT('',(1.9,-0.600000004587679,0.65));
#18782=CARTESIAN_POINT('',(1.9,-0.600000004587679,2.10522686409307));
#18783=CARTESIAN_POINT('',(1.9,-0.600000004587679,2.10522686409307));
#18784=CARTESIAN_POINT('',(3.1,-0.600000004587679,2.10522686409307));
#18785=CARTESIAN_POINT('',(3.1,-0.600000004587679,2.10522686409307));
#18786=CARTESIAN_POINT('',(3.1,-0.600000004587675,0.65));
#18787=CARTESIAN_POINT('',(8.1,-0.600000004587675,0.65));
#18788=CARTESIAN_POINT('',(6.3,-0.600000004587675,0.65));
#18789=CARTESIAN_POINT('',(6.3,-0.600000004587675,2.15));
#18790=CARTESIAN_POINT('',(8.1,-0.600000004587675,0.65));
#18791=CARTESIAN_POINT('',(3.1,-0.600000004587679,0.65));
#18792=CARTESIAN_POINT('',(2.3,-0.650000004587679,0.65));
#18793=CARTESIAN_POINT('',(3.1,-0.650000004587679,0.65));
#18794=CARTESIAN_POINT('',(1.9,-0.650000004587679,0.65));
#18795=CARTESIAN_POINT('',(1.9,-0.650000004587679,0.65));
#18796=CARTESIAN_POINT('',(8.1,-4.58767518331932E-9,0.65));
#18797=CARTESIAN_POINT('',(6.3,12.6000000045877,2.15));
#18798=CARTESIAN_POINT('',(8.1,-4.58767518331932E-9,0.));
#18799=CARTESIAN_POINT('',(7.03,7.8,0.));
#18800=CARTESIAN_POINT('',(7.03,7.8,1.7));
#18801=CARTESIAN_POINT('',(6.16731958762887,7.8,-1.94103092783505));
#18802=CARTESIAN_POINT('',(7.03,7.8,0.));
#18803=CARTESIAN_POINT('',(7.03,7.8,0.8));
#18804=CARTESIAN_POINT('',(11.2122728747561,7.8,0.8));
#18805=CARTESIAN_POINT('',(8.9,7.8,1.8));
#18806=CARTESIAN_POINT('',(9.3,7.8,1.8));
#18807=CARTESIAN_POINT('',(9.3,7.8,1.34));
#18808=CARTESIAN_POINT('',(9.3,7.8,1.74));
#18809=CARTESIAN_POINT('',(8.9,7.8,1.74));
#18810=CARTESIAN_POINT('',(8.9,7.8,1.34));
#18811=CARTESIAN_POINT('',(11.2122728747561,7.8,1.34));
#18812=CARTESIAN_POINT('',(7.03,7.8,1.7));
#18813=CARTESIAN_POINT('',(7.03,7.26,1.7));
#18814=CARTESIAN_POINT('',(7.03,7.26,1.7));
#18815=CARTESIAN_POINT('',(11.2122728747561,7.26,1.34));
#18816=CARTESIAN_POINT('',(8.9,7.26,1.34));
#18817=CARTESIAN_POINT('',(8.9,7.26,1.74));
#18818=CARTESIAN_POINT('',(9.3,7.26,1.74));
#18819=CARTESIAN_POINT('',(9.3,7.26,1.34));
#18820=CARTESIAN_POINT('',(9.3,7.26,1.8));
#18821=CARTESIAN_POINT('',(8.9,7.26,1.8));
#18822=CARTESIAN_POINT('',(11.2122728747561,7.26,0.8));
#18823=CARTESIAN_POINT('',(7.03,7.26,0.8));
#18824=CARTESIAN_POINT('',(7.03,7.26,1.7));
#18825=CARTESIAN_POINT('',(7.03,0.,0.));
#18826=CARTESIAN_POINT('',(7.03,0.,0.8));
#18827=CARTESIAN_POINT('',(7.03,5.76,0.));
#18828=CARTESIAN_POINT('',(7.03,5.76,1.7));
#18829=CARTESIAN_POINT('',(7.03,5.76,0.));
#18830=CARTESIAN_POINT('',(7.03,5.76,0.8));
#18831=CARTESIAN_POINT('',(11.2122728747561,5.76,0.8));
#18832=CARTESIAN_POINT('',(8.9,5.76,1.8));
#18833=CARTESIAN_POINT('',(9.3,5.76,1.8));
#18834=CARTESIAN_POINT('',(9.3,5.76,1.34));
#18835=CARTESIAN_POINT('',(9.3,5.76,1.74));
#18836=CARTESIAN_POINT('',(8.9,5.76,1.74));
#18837=CARTESIAN_POINT('',(8.9,5.76,1.34));
#18838=CARTESIAN_POINT('',(11.2122728747561,5.76,1.34));
#18839=CARTESIAN_POINT('',(7.03,5.76,1.7));
#18840=CARTESIAN_POINT('',(7.03,5.22,1.7));
#18841=CARTESIAN_POINT('',(7.03,5.22,1.7));
#18842=CARTESIAN_POINT('',(11.2122728747561,5.22,1.34));
#18843=CARTESIAN_POINT('',(8.9,5.22,1.34));
#18844=CARTESIAN_POINT('',(8.9,5.22,1.74));
#18845=CARTESIAN_POINT('',(9.3,5.22,1.74));
#18846=CARTESIAN_POINT('',(9.3,5.22,1.34));
#18847=CARTESIAN_POINT('',(9.3,5.22,1.8));
#18848=CARTESIAN_POINT('',(8.9,5.22,1.8));
#18849=CARTESIAN_POINT('',(11.2122728747561,5.22,0.8));
#18850=CARTESIAN_POINT('',(7.03,5.22,0.8));
#18851=CARTESIAN_POINT('',(7.03,5.22,1.7));
#18852=CARTESIAN_POINT('',(7.03,0.,0.));
#18853=CARTESIAN_POINT('',(7.03,0.,0.8));
#18854=CARTESIAN_POINT('',(7.03,3.72,0.));
#18855=CARTESIAN_POINT('',(7.03,3.72,1.7));
#18856=CARTESIAN_POINT('',(7.03,3.72,0.));
#18857=CARTESIAN_POINT('',(7.03,3.72,0.800000000000001));
#18858=CARTESIAN_POINT('',(11.2122728747561,3.72,0.800000000000001));
#18859=CARTESIAN_POINT('',(8.9,3.72,1.8));
#18860=CARTESIAN_POINT('',(9.3,3.71999999999999,1.8));
#18861=CARTESIAN_POINT('',(9.3,3.71999999999999,1.34));
#18862=CARTESIAN_POINT('',(9.3,3.71999999999999,1.74));
#18863=CARTESIAN_POINT('',(8.9,3.72,1.74));
#18864=CARTESIAN_POINT('',(8.9,3.72,1.34));
#18865=CARTESIAN_POINT('',(11.2122728747561,3.72,1.34));
#18866=CARTESIAN_POINT('',(7.03,3.72,1.7));
#18867=CARTESIAN_POINT('',(7.03,3.18,1.7));
#18868=CARTESIAN_POINT('',(7.03,3.18,1.7));
#18869=CARTESIAN_POINT('',(5.53639175257732,3.18,-1.66061855670103));
#18870=CARTESIAN_POINT('',(11.2122728747561,3.18,1.34));
#18871=CARTESIAN_POINT('',(8.9,3.18,1.34));
#18872=CARTESIAN_POINT('',(8.9,3.18,1.74));
#18873=CARTESIAN_POINT('',(9.3,3.17999999999999,1.74));
#18874=CARTESIAN_POINT('',(9.3,3.17999999999999,1.34));
#18875=CARTESIAN_POINT('',(9.3,3.17999999999999,1.8));
#18876=CARTESIAN_POINT('',(8.9,3.18,1.8));
#18877=CARTESIAN_POINT('',(11.2122728747561,3.18,0.800000000000001));
#18878=CARTESIAN_POINT('',(7.03,3.18,0.800000000000001));
#18879=CARTESIAN_POINT('',(7.03,3.18,1.7));
#18880=CARTESIAN_POINT('',(7.03,0.,0.));
#18881=CARTESIAN_POINT('',(7.03,0.,0.800000000000001));
#18882=CARTESIAN_POINT('',(7.03,9.84,1.7));
#18883=CARTESIAN_POINT('',(7.03,9.84,1.7));
#18884=CARTESIAN_POINT('',(7.03,9.84,0.8));
#18885=CARTESIAN_POINT('',(11.2122728747561,9.84,0.8));
#18886=CARTESIAN_POINT('',(8.9,9.84,1.8));
#18887=CARTESIAN_POINT('',(9.3,9.84,1.8));
#18888=CARTESIAN_POINT('',(9.3,9.84,1.34));
#18889=CARTESIAN_POINT('',(9.3,9.84,1.74));
#18890=CARTESIAN_POINT('',(8.9,9.84,1.74));
#18891=CARTESIAN_POINT('',(8.9,9.84,1.34));
#18892=CARTESIAN_POINT('',(11.2122728747561,9.84,1.34));
#18893=CARTESIAN_POINT('',(7.03,9.84,1.7));
#18894=CARTESIAN_POINT('',(7.03,9.3,0.));
#18895=CARTESIAN_POINT('',(11.2122728747561,9.3,1.34));
#18896=CARTESIAN_POINT('',(8.9,9.3,1.34));
#18897=CARTESIAN_POINT('',(8.9,9.3,1.74));
#18898=CARTESIAN_POINT('',(9.3,9.3,1.74));
#18899=CARTESIAN_POINT('',(9.3,9.3,1.34));
#18900=CARTESIAN_POINT('',(9.3,9.3,1.8));
#18901=CARTESIAN_POINT('',(8.9,9.3,1.8));
#18902=CARTESIAN_POINT('',(11.2122728747561,9.3,0.8));
#18903=CARTESIAN_POINT('',(7.03,9.3,0.8));
#18904=CARTESIAN_POINT('',(7.03,9.3,0.));
#18905=CARTESIAN_POINT('',(0.,9.3,0.8));
#18906=CARTESIAN_POINT('',(7.03,9.3,1.7));
#18907=CARTESIAN_POINT('',(7.03,9.3,1.7));
#18908=CARTESIAN_POINT('',(7.03,0.,0.));
#18909=CARTESIAN_POINT('',(7.03,0.,0.8));
#18910=CARTESIAN_POINT('',(3.03,8.82,1.7));
#18911=CARTESIAN_POINT('',(3.03,8.82,1.7));
#18912=CARTESIAN_POINT('',(3.03,8.82,0.8));
#18913=CARTESIAN_POINT('',(11.2122728747561,8.82,0.8));
#18914=CARTESIAN_POINT('',(8.9,8.82,1.8));
#18915=CARTESIAN_POINT('',(9.3,8.81999999999999,1.8));
#18916=CARTESIAN_POINT('',(9.3,8.81999999999999,1.34));
#18917=CARTESIAN_POINT('',(9.3,8.81999999999999,1.74));
#18918=CARTESIAN_POINT('',(8.9,8.82,1.74));
#18919=CARTESIAN_POINT('',(8.9,8.82,1.34));
#18920=CARTESIAN_POINT('',(11.2122728747561,8.82,1.34));
#18921=CARTESIAN_POINT('',(3.03,8.82,1.7));
#18922=CARTESIAN_POINT('',(0.,8.82,0.8));
#18923=CARTESIAN_POINT('',(3.03,8.28,0.));
#18924=CARTESIAN_POINT('',(11.2122728747561,8.28,1.34));
#18925=CARTESIAN_POINT('',(8.9,8.28,1.34));
#18926=CARTESIAN_POINT('',(8.9,8.28,1.74));
#18927=CARTESIAN_POINT('',(9.3,8.27999999999999,1.74));
#18928=CARTESIAN_POINT('',(9.3,8.27999999999999,1.34));
#18929=CARTESIAN_POINT('',(9.3,8.27999999999999,1.8));
#18930=CARTESIAN_POINT('',(8.9,8.28,1.8));
#18931=CARTESIAN_POINT('',(11.2122728747561,8.28,0.8));
#18932=CARTESIAN_POINT('',(3.03,8.28,0.8));
#18933=CARTESIAN_POINT('',(3.03,8.28,0.));
#18934=CARTESIAN_POINT('',(0.,8.28,0.8));
#18935=CARTESIAN_POINT('',(3.03,8.28,1.7));
#18936=CARTESIAN_POINT('',(3.03,8.28,1.7));
#18937=CARTESIAN_POINT('',(3.03,0.,0.));
#18938=CARTESIAN_POINT('',(3.03,0.,0.8));
#18939=CARTESIAN_POINT('',(3.03,2.7,1.7));
#18940=CARTESIAN_POINT('',(3.03,2.7,1.7));
#18941=CARTESIAN_POINT('',(3.03,2.7,0.800000000000001));
#18942=CARTESIAN_POINT('',(11.2122728747561,2.7,0.800000000000001));
#18943=CARTESIAN_POINT('',(8.9,2.7,1.8));
#18944=CARTESIAN_POINT('',(9.3,2.7,1.8));
#18945=CARTESIAN_POINT('',(9.3,2.7,1.34));
#18946=CARTESIAN_POINT('',(9.3,2.7,1.74));
#18947=CARTESIAN_POINT('',(8.9,2.7,1.74));
#18948=CARTESIAN_POINT('',(8.9,2.7,1.34));
#18949=CARTESIAN_POINT('',(11.2122728747561,2.7,1.34));
#18950=CARTESIAN_POINT('',(3.03,2.7,1.7));
#18951=CARTESIAN_POINT('',(0.,2.7,0.8));
#18952=CARTESIAN_POINT('',(3.03,2.16,0.));
#18953=CARTESIAN_POINT('',(11.2122728747561,2.16,1.34));
#18954=CARTESIAN_POINT('',(8.9,2.16,1.34));
#18955=CARTESIAN_POINT('',(8.9,2.16,1.74));
#18956=CARTESIAN_POINT('',(9.3,2.16,1.74));
#18957=CARTESIAN_POINT('',(9.3,2.16,1.34));
#18958=CARTESIAN_POINT('',(9.3,2.16,1.8));
#18959=CARTESIAN_POINT('',(8.9,2.16,1.8));
#18960=CARTESIAN_POINT('',(11.2122728747561,2.16,0.800000000000001));
#18961=CARTESIAN_POINT('',(3.03,2.16,0.800000000000001));
#18962=CARTESIAN_POINT('',(3.03,2.16,0.));
#18963=CARTESIAN_POINT('',(3.03,2.16,1.7));
#18964=CARTESIAN_POINT('',(3.03,2.16,1.7));
#18965=CARTESIAN_POINT('',(3.03,0.,0.));
#18966=CARTESIAN_POINT('',(3.03,0.,0.800000000000001));
#18967=CARTESIAN_POINT('',(0.,12.,0.8));
#18968=CARTESIAN_POINT('',(0.,12.,0.8));
#18969=CARTESIAN_POINT('',(0.,12.,0.8));
#18970=CARTESIAN_POINT('',(2.07263851454359,0.999999999999999,0.));
#18971=CARTESIAN_POINT('',(2.57,6.24,1.30201884650549));
#18972=CARTESIAN_POINT('',(2.57,6.24,0.8));
#18973=CARTESIAN_POINT('',(2.57,4.74,1.30201884650549));
#18974=CARTESIAN_POINT('',(2.57,4.74,0.8));
#18975=CARTESIAN_POINT('',(2.8,4.74,2.2));
#18976=CARTESIAN_POINT('',(8.9,4.74,2.2));
#18977=CARTESIAN_POINT('',(2.8,6.24,2.2));
#18978=CARTESIAN_POINT('',(8.9,6.78,2.2));
#18979=CARTESIAN_POINT('',(9.3,2.16,1.34));
#18980=CARTESIAN_POINT('',(9.3,2.16,1.8));
#18981=CARTESIAN_POINT('',(9.3,2.7,1.74));
#18982=CARTESIAN_POINT('',(9.3,3.17999999999999,1.34));
#18983=CARTESIAN_POINT('',(9.3,3.17999999999999,1.8));
#18984=CARTESIAN_POINT('',(9.3,3.72,1.74));
#18985=CARTESIAN_POINT('',(9.3,5.22,1.34));
#18986=CARTESIAN_POINT('',(9.3,5.22,1.8));
#18987=CARTESIAN_POINT('',(9.3,5.76,1.74));
#18988=CARTESIAN_POINT('',(9.3,7.26,1.34));
#18989=CARTESIAN_POINT('',(9.3,7.26,1.8));
#18990=CARTESIAN_POINT('',(9.3,7.8,1.74));
#18991=CARTESIAN_POINT('',(9.3,8.27999999999999,1.34));
#18992=CARTESIAN_POINT('',(9.3,8.27999999999999,1.8));
#18993=CARTESIAN_POINT('',(9.3,8.82,1.74));
#18994=CARTESIAN_POINT('',(9.3,9.3,1.34));
#18995=CARTESIAN_POINT('',(9.3,9.3,1.8));
#18996=CARTESIAN_POINT('',(9.3,9.84,1.74));
#18997=CARTESIAN_POINT('',(9.3,4.74,1.34));
#18998=CARTESIAN_POINT('',(9.3,4.2,1.8));
#18999=CARTESIAN_POINT('',(9.3,4.74,1.74));
#19000=CARTESIAN_POINT('',(9.3,6.78,1.34));
#19001=CARTESIAN_POINT('',(9.3,6.78,1.74));
#19002=CARTESIAN_POINT('',(9.3,6.24,1.8));
#19003=CARTESIAN_POINT('',(11.2122728747561,8.82,0.8));
#19004=CARTESIAN_POINT('',(11.2122728747561,8.28,1.34));
#19005=CARTESIAN_POINT('',(8.9,8.28,1.34));
#19006=CARTESIAN_POINT('',(11.2122728747561,7.8,0.8));
#19007=CARTESIAN_POINT('',(11.2122728747561,7.26,1.34));
#19008=CARTESIAN_POINT('',(8.9,7.26,1.34));
#19009=CARTESIAN_POINT('',(11.2122728747561,5.76,0.8));
#19010=CARTESIAN_POINT('',(11.2122728747561,5.22,1.34));
#19011=CARTESIAN_POINT('',(8.9,5.22,1.34));
#19012=CARTESIAN_POINT('',(11.2122728747561,3.18,0.800000000000001));
#19013=CARTESIAN_POINT('',(11.2122728747561,3.18,1.34));
#19014=CARTESIAN_POINT('',(8.9,3.18,1.34));
#19015=CARTESIAN_POINT('',(11.2122728747561,2.7,0.800000000000001));
#19016=CARTESIAN_POINT('',(11.2122728747561,2.16,1.34));
#19017=CARTESIAN_POINT('',(8.9,2.16,1.34));
#19018=CARTESIAN_POINT('',(11.2122728747561,6.78,0.8));
#19019=CARTESIAN_POINT('',(0.499999999999999,6.78,0.8));
#19020=CARTESIAN_POINT('',(11.2122728747561,6.24,1.34));
#19021=CARTESIAN_POINT('',(8.9,6.24,1.34));
#19022=CARTESIAN_POINT('',(0.499999999999999,6.24,1.34));
#19023=CARTESIAN_POINT('',(11.2122728747561,4.2,1.34));
#19024=CARTESIAN_POINT('',(8.9,4.2,1.34));
#19025=CARTESIAN_POINT('',(0.499999999999999,4.2,1.34));
#19026=CARTESIAN_POINT('',(11.2122728747561,4.74,0.8));
#19027=CARTESIAN_POINT('',(0.499999999999999,4.74,0.8));
#19028=CARTESIAN_POINT('',(11.2122728747561,9.3,0.8));
#19029=CARTESIAN_POINT('',(11.2122728747561,9.3,1.34));
#19030=CARTESIAN_POINT('',(8.9,9.3,1.34));
#19031=CARTESIAN_POINT('',(0.499999999999999,6.24,-0.0543072619323937));
#19032=CARTESIAN_POINT('',(0.499999999999999,6.24,-0.0543072619323937));
#19033=CARTESIAN_POINT('',(0.499999999999999,4.2,-0.0543072619323937));
#19034=CARTESIAN_POINT('',(0.499999999999999,4.2,-0.0543072619323937));
#19035=CARTESIAN_POINT('',(1.9,12.6500000045877,2.10522686409307));
#19036=CARTESIAN_POINT('',(1.9,12.6500000045877,2.10522686409307));
#19037=CARTESIAN_POINT('',(1.9,12.6500000045877,2.10522686409307));
#19038=CARTESIAN_POINT('',(1.9,12.6500000045877,2.10522686409307));
#19039=CARTESIAN_POINT('',(3.1,12.6500000045877,2.10522686409307));
#19040=CARTESIAN_POINT('',(3.09688715953307,12.6001945571169,2.10522686409307));
#19041=CARTESIAN_POINT('',(2.3,12.6500000045877,2.10522686409307));
#19042=CARTESIAN_POINT('',(3.1,12.6500000045877,2.10522686409307));
#19043=CARTESIAN_POINT('',(0.,12.6500000045877,0.));
#19044=CARTESIAN_POINT('',(2.3,12.6500000045877,0.65));
#19045=CARTESIAN_POINT('',(3.1,12.6000000045877,0.65));
#19046=CARTESIAN_POINT('',(1.9,-0.650000004587679,0.65));
#19047=CARTESIAN_POINT('',(1.9,-0.650000004587679,0.65));
#19048=CARTESIAN_POINT('',(1.9,-0.650000004587679,2.10522686409307));
#19049=CARTESIAN_POINT('',(1.9,-0.650000004587679,2.10522686409307));
#19050=CARTESIAN_POINT('',(1.9,-0.650000004587679,2.10522686409307));
#19051=CARTESIAN_POINT('',(1.9,-0.650000004587679,2.10522686409307));
#19052=CARTESIAN_POINT('',(2.3,-0.650000004587679,2.10522686409307));
#19053=CARTESIAN_POINT('',(1.90155642023346,-0.674902728323088,2.10522686409307));
#19054=CARTESIAN_POINT('',(0.,-0.650000004587679,0.));
#19055=CARTESIAN_POINT('',(2.3,-0.650000004587679,2.10522686409307));
#19056=CARTESIAN_POINT('',(3.1,-0.600000004587679,2.10522686409307));
#19057=CARTESIAN_POINT('',(8.9,4.2,1.74));
#19058=CARTESIAN_POINT('',(8.9,4.74,1.8));
#19059=CARTESIAN_POINT('',(8.9,6.78,1.8));
#19060=CARTESIAN_POINT('',(8.9,7.26,1.74));
#19061=CARTESIAN_POINT('',(8.9,8.27999999999999,1.74));
#19062=CARTESIAN_POINT('',(8.9,9.3,1.74));
#19063=CARTESIAN_POINT('',(8.9,9.84,1.8));
#19064=CARTESIAN_POINT('',(8.9,8.81999999999999,1.8));
#19065=CARTESIAN_POINT('',(8.9,7.8,1.8));
#19066=CARTESIAN_POINT('',(8.9,5.22,1.74));
#19067=CARTESIAN_POINT('',(8.9,5.76,1.8));
#19068=CARTESIAN_POINT('',(8.9,3.17999999999999,1.74));
#19069=CARTESIAN_POINT('',(8.9,3.71999999999999,1.8));
#19070=CARTESIAN_POINT('',(8.9,2.16,1.74));
#19071=CARTESIAN_POINT('',(8.9,2.16,1.8));
#19072=CARTESIAN_POINT('',(8.9,6.24,1.74));
#19073=CARTESIAN_POINT('',(0.0400000000000088,-0.830937534854007,0.131162245795669));
#19074=CARTESIAN_POINT('',(-2.35245904982331E-34,6.27277694976744,-1.69224474991922));
#19075=CARTESIAN_POINT('',(-2.35245904982331E-34,6.27277694976744,-5.93224474991922));
#19076=CARTESIAN_POINT('',(0.23,6.27277694976744,-5.93224474991922));
#19077=CARTESIAN_POINT('',(-2.35245904982331E-34,6.27277694976744,-1.69224474991922));
#19078=CARTESIAN_POINT('',(0.23,6.27277694976744,-1.69224474991922));
#19079=CARTESIAN_POINT('',(-2.35245904982331E-34,6.57594250687677,-1.69224474991922));
#19080=CARTESIAN_POINT('',(-2.35245904982331E-34,6.57594250687677,-1.38907919280989));
#19081=CARTESIAN_POINT('',(0.23,6.57594250687677,-1.38907919280989));
#19082=CARTESIAN_POINT('',(-2.35245904982331E-34,8.25594250687677,-1.38907919280989));
#19083=CARTESIAN_POINT('',(-2.35245904982331E-34,8.25594250687677,-1.38907919280989));
#19084=CARTESIAN_POINT('',(0.23,8.25594250687677,-1.38907919280989));
#19085=CARTESIAN_POINT('',(-2.35245904982331E-34,8.25594250687677,-0.846486700997154));
#19086=CARTESIAN_POINT('',(-2.35245904982331E-34,8.79853499868951,-0.846486700997154));
#19087=CARTESIAN_POINT('',(0.23,8.79853499868951,-0.846486700997154));
#19088=CARTESIAN_POINT('',(-2.35245904982331E-34,8.79853499868951,0.983513299002846));
#19089=CARTESIAN_POINT('',(-2.35245904982331E-34,8.79853499868951,0.983513299002846));
#19090=CARTESIAN_POINT('',(0.23,8.79853499868951,0.983513299002846));
#19091=CARTESIAN_POINT('',(-2.35245904982331E-34,8.25594250687677,0.983513299002846));
#19092=CARTESIAN_POINT('',(-2.35245904982331E-34,8.32958807026139,1.52108463674819));
#19093=CARTESIAN_POINT('',(0.23,8.32958807026139,1.52108463674819));
#19094=CARTESIAN_POINT('',(-2.35245904982331E-34,5.3311003349368,1.93186791901175));
#19095=CARTESIAN_POINT('',(-2.35245904982331E-34,5.3311003349368,1.93186791901175));
#19096=CARTESIAN_POINT('',(0.23,5.3311003349368,1.93186791901175));
#19097=CARTESIAN_POINT('',(-2.35245904982331E-34,5.06459840329691,-0.0134468198431884));
#19098=CARTESIAN_POINT('',(-2.35245904982331E-34,4.32273847682721,1.80449612818142));
#19099=CARTESIAN_POINT('',(0.23,4.32273847682721,1.80449612818142));
#19100=CARTESIAN_POINT('',(-2.35245904982331E-34,-0.12146500131049,-0.00907919280988877));
#19101=CARTESIAN_POINT('',(-2.35245904982331E-34,-0.12146500131049,-0.00907919280988877));
#19102=CARTESIAN_POINT('',(0.23,-0.12146500131049,-0.00907919280988875));
#19103=CARTESIAN_POINT('',(-2.35245904982331E-34,6.27277694976744,-5.93224474991922));
#19104=CARTESIAN_POINT('',(-2.35245904982331E-34,-0.12146500131049,-0.00907919280988877));
#19105=CARTESIAN_POINT('',(9.11277694976745,3.63906246514599,2.63024143860555));
#19106=CARTESIAN_POINT('',(0.,0.,0.));
#19107=CARTESIAN_POINT('',(8.5,0.,2.35));
#19108=CARTESIAN_POINT('',(8.5,0.,2.35));
#19109=CARTESIAN_POINT('',(8.5,0.,0.849999999999999));
#19110=CARTESIAN_POINT('',(11.,0.,2.35));
#19111=CARTESIAN_POINT('',(11.,0.,2.35));
#19112=CARTESIAN_POINT('',(11.,0.,0.849999999999999));
#19113=CARTESIAN_POINT('',(11.,0.,0.849999999999999));
#19114=CARTESIAN_POINT('',(8.5,0.,0.849999999999999));
#19115=CARTESIAN_POINT('',(7.445,0.,-0.604999999999999));
#19116=CARTESIAN_POINT('',(7.445,0.,-0.604999999999999));
#19117=CARTESIAN_POINT('',(7.445,0.,-1.735));
#19118=CARTESIAN_POINT('',(6.86,0.,-1.735));
#19119=CARTESIAN_POINT('',(6.275,0.,-1.735));
#19120=CARTESIAN_POINT('',(6.275,0.,-1.735));
#19121=CARTESIAN_POINT('',(6.275,0.,-0.604999999999999));
#19122=CARTESIAN_POINT('',(6.86,0.,-0.604999999999999));
#19123=CARTESIAN_POINT('',(12.75,0.,1.30116224579511));
#19124=CARTESIAN_POINT('',(12.75,0.,1.30116224579511));
#19125=CARTESIAN_POINT('',(12.75,0.,2.40116224579511));
#19126=CARTESIAN_POINT('',(12.75,0.,2.40116224579511));
#19127=CARTESIAN_POINT('',(13.,0.,2.40116224579511));
#19128=CARTESIAN_POINT('',(13.,0.,0.));
#19129=CARTESIAN_POINT('',(13.,0.,14.25));
#19130=CARTESIAN_POINT('',(-1.90152381020535E-15,0.,14.25));
#19131=CARTESIAN_POINT('',(0.25,0.,14.25));
#19132=CARTESIAN_POINT('',(0.25,0.,0.));
#19133=CARTESIAN_POINT('',(0.25,0.,0.));
#19134=CARTESIAN_POINT('',(0.,0.,0.));
#19135=CARTESIAN_POINT('',(4.435,0.,0.));
#19136=CARTESIAN_POINT('',(4.435,0.,0.5));
#19137=CARTESIAN_POINT('',(4.435,0.,0.5));
#19138=CARTESIAN_POINT('',(5.235,0.,0.5));
#19139=CARTESIAN_POINT('',(5.235,0.,0.5));
#19140=CARTESIAN_POINT('',(5.235,0.,0.));
#19141=CARTESIAN_POINT('',(5.235,0.,-0.849999999999999));
#19142=CARTESIAN_POINT('',(5.235,0.,-0.849999999999999));
#19143=CARTESIAN_POINT('',(5.86,0.,-3.12));
#19144=CARTESIAN_POINT('',(5.86,0.,-3.12));
#19145=CARTESIAN_POINT('',(7.86,0.,-3.12));
#19146=CARTESIAN_POINT('',(7.86,0.,-3.12));
#19147=CARTESIAN_POINT('',(8.485,0.,-0.849999999999999));
#19148=CARTESIAN_POINT('',(8.485,0.,-0.849999999999999));
#19149=CARTESIAN_POINT('',(8.485,0.,0.5));
#19150=CARTESIAN_POINT('',(9.285,0.,0.5));
#19151=CARTESIAN_POINT('',(9.285,0.,0.5));
#19152=CARTESIAN_POINT('',(9.285,0.,0.));
#19153=CARTESIAN_POINT('',(9.285,0.,0.));
#19154=CARTESIAN_POINT('',(0.,0.,0.));
#19155=CARTESIAN_POINT('',(13.,0.,0.));
#19156=CARTESIAN_POINT('',(13.,0.,0.));
#19157=CARTESIAN_POINT('',(13.,0.,1.30116224579511));
#19158=CARTESIAN_POINT('',(12.75,0.,1.30116224579511));
#19159=CARTESIAN_POINT('',(13.,14.48,0.));
#19160=CARTESIAN_POINT('',(13.,14.48,0.));
#19161=CARTESIAN_POINT('',(13.,14.48,0.));
#19162=CARTESIAN_POINT('',(13.,14.48,1.30116224579511));
#19163=CARTESIAN_POINT('',(13.,14.48,1.30116224579511));
#19164=CARTESIAN_POINT('',(13.,13.89,1.30116224579511));
#19165=CARTESIAN_POINT('',(13.,13.89,2.40116224579511));
#19166=CARTESIAN_POINT('',(13.,13.89,0.849999999999458));
#19167=CARTESIAN_POINT('',(13.,13.24,0.849999999999458));
#19168=CARTESIAN_POINT('',(13.,13.24,0.849999999999458));
#19169=CARTESIAN_POINT('',(13.,13.24,-5.42101086242752E-13));
#19170=CARTESIAN_POINT('',(13.,13.24,-5.42101086242752E-13));
#19171=CARTESIAN_POINT('',(13.,14.48,0.));
#19172=CARTESIAN_POINT('',(13.,14.48,0.));
#19173=CARTESIAN_POINT('',(13.,0.29,2.40116224579511));
#19174=CARTESIAN_POINT('',(13.,0.29,0.849999999999458));
#19175=CARTESIAN_POINT('',(13.,0.29,1.30116224579511));
#19176=CARTESIAN_POINT('',(13.,14.48,1.30116224579511));
#19177=CARTESIAN_POINT('',(13.,14.48,0.));
#19178=CARTESIAN_POINT('',(13.,1.24,-5.42101086242752E-13));
#19179=CARTESIAN_POINT('',(13.,1.24,-5.42101086242752E-13));
#19180=CARTESIAN_POINT('',(13.,1.24,0.849999999999458));
#19181=CARTESIAN_POINT('',(13.,1.24,0.849999999999458));
#19182=CARTESIAN_POINT('',(13.,14.48,0.));
#19183=CARTESIAN_POINT('',(13.,12.8440624697337,10.43));
#19184=CARTESIAN_POINT('',(13.,12.8440624697337,9.75640056144612));
#19185=CARTESIAN_POINT('',(13.,12.8440624697337,13.68));
#19186=CARTESIAN_POINT('',(13.,1.63593753026634,9.75640056144612));
#19187=CARTESIAN_POINT('',(13.,1.63593753026634,9.75640056144612));
#19188=CARTESIAN_POINT('',(13.,1.63593753026634,13.68));
#19189=CARTESIAN_POINT('',(13.,1.63593753026634,13.68));
#19190=CARTESIAN_POINT('',(13.,12.8440624697337,13.68));
#19191=CARTESIAN_POINT('',(13.,0.59,2.40116224579511));
#19192=CARTESIAN_POINT('',(13.,0.940000000000002,2.40116224579511));
#19193=CARTESIAN_POINT('',(13.,0.940000000000002,5.90116224579511));
#19194=CARTESIAN_POINT('',(13.,0.940000000000002,6.20116224579511));
#19195=CARTESIAN_POINT('',(13.,2.37,6.20116224579511));
#19196=CARTESIAN_POINT('',(13.,2.37,6.20116224579511));
#19197=CARTESIAN_POINT('',(13.,2.37,8.10000000000001));
#19198=CARTESIAN_POINT('',(13.,2.37,8.10000000000001));
#19199=CARTESIAN_POINT('',(13.,2.37,8.10000000000001));
#19200=CARTESIAN_POINT('',(13.,2.93,8.10000000000001));
#19201=CARTESIAN_POINT('',(13.,2.93,8.10000000000001));
#19202=CARTESIAN_POINT('',(13.,2.93,6.20116224579511));
#19203=CARTESIAN_POINT('',(13.,3.39,6.20116224579511));
#19204=CARTESIAN_POINT('',(13.,3.39,6.20116224579511));
#19205=CARTESIAN_POINT('',(13.,3.39,8.10000000000001));
#19206=CARTESIAN_POINT('',(13.,3.39,8.10000000000001));
#19207=CARTESIAN_POINT('',(13.,3.39,8.10000000000001));
#19208=CARTESIAN_POINT('',(13.,3.95,8.1));
#19209=CARTESIAN_POINT('',(13.,3.95,8.1));
#19210=CARTESIAN_POINT('',(13.,3.95,6.20116224579511));
#19211=CARTESIAN_POINT('',(13.,4.41,6.20116224579511));
#19212=CARTESIAN_POINT('',(13.,4.41,6.20116224579511));
#19213=CARTESIAN_POINT('',(13.,4.41,5.90116224579511));
#19214=CARTESIAN_POINT('',(13.,4.41,8.10000000000001));
#19215=CARTESIAN_POINT('',(13.,4.41,8.10000000000001));
#19216=CARTESIAN_POINT('',(13.,4.97,8.10000000000001));
#19217=CARTESIAN_POINT('',(13.,4.97,8.10000000000001));
#19218=CARTESIAN_POINT('',(13.,4.97,6.20116224579511));
#19219=CARTESIAN_POINT('',(13.,5.43,6.20116224579511));
#19220=CARTESIAN_POINT('',(13.,5.43,6.20116224579511));
#19221=CARTESIAN_POINT('',(13.,5.43,5.90116224579511));
#19222=CARTESIAN_POINT('',(13.,5.43,8.1));
#19223=CARTESIAN_POINT('',(13.,5.43,8.1));
#19224=CARTESIAN_POINT('',(13.,5.99,8.10000000000001));
#19225=CARTESIAN_POINT('',(13.,5.99,8.10000000000001));
#19226=CARTESIAN_POINT('',(13.,5.99,6.20116224579511));
#19227=CARTESIAN_POINT('',(13.,7.47,6.20116224579511));
#19228=CARTESIAN_POINT('',(13.,7.47,6.20116224579511));
#19229=CARTESIAN_POINT('',(13.,7.47,5.90116224579511));
#19230=CARTESIAN_POINT('',(13.,7.47,8.10000000000001));
#19231=CARTESIAN_POINT('',(13.,7.47,8.10000000000001));
#19232=CARTESIAN_POINT('',(13.,8.03,8.10000000000001));
#19233=CARTESIAN_POINT('',(13.,8.03,8.10000000000001));
#19234=CARTESIAN_POINT('',(13.,8.03,6.20116224579511));
#19235=CARTESIAN_POINT('',(13.,9.51,6.20116224579511));
#19236=CARTESIAN_POINT('',(13.,9.51,6.20116224579511));
#19237=CARTESIAN_POINT('',(13.,9.51,5.90116224579511));
#19238=CARTESIAN_POINT('',(13.,9.51,8.10000000000001));
#19239=CARTESIAN_POINT('',(13.,9.51,8.10000000000001));
#19240=CARTESIAN_POINT('',(13.,10.07,8.10000000000001));
#19241=CARTESIAN_POINT('',(13.,10.07,8.10000000000001));
#19242=CARTESIAN_POINT('',(13.,10.07,6.20116224579511));
#19243=CARTESIAN_POINT('',(13.,10.53,6.20116224579511));
#19244=CARTESIAN_POINT('',(13.,10.53,6.20116224579511));
#19245=CARTESIAN_POINT('',(13.,10.53,5.90116224579511));
#19246=CARTESIAN_POINT('',(13.,10.53,8.10000000000001));
#19247=CARTESIAN_POINT('',(13.,10.53,8.10000000000001));
#19248=CARTESIAN_POINT('',(13.,11.09,8.10000000000001));
#19249=CARTESIAN_POINT('',(13.,11.09,8.10000000000001));
#19250=CARTESIAN_POINT('',(13.,11.09,6.20116224579511));
#19251=CARTESIAN_POINT('',(13.,11.55,6.20116224579511));
#19252=CARTESIAN_POINT('',(13.,11.55,6.20116224579511));
#19253=CARTESIAN_POINT('',(13.,11.55,5.90116224579511));
#19254=CARTESIAN_POINT('',(13.,11.55,8.10000000000001));
#19255=CARTESIAN_POINT('',(13.,11.55,8.10000000000001));
#19256=CARTESIAN_POINT('',(13.,12.11,8.10000000000001));
#19257=CARTESIAN_POINT('',(13.,12.11,8.10000000000001));
#19258=CARTESIAN_POINT('',(13.,12.11,6.20116224579511));
#19259=CARTESIAN_POINT('',(13.,13.24,6.20116224579511));
#19260=CARTESIAN_POINT('',(13.,13.54,6.20116224579511));
#19261=CARTESIAN_POINT('',(13.,13.54,2.40116224579511));
#19262=CARTESIAN_POINT('',(13.,13.54,2.40116224579511));
#19263=CARTESIAN_POINT('',(13.,13.89,2.40116224579511));
#19264=CARTESIAN_POINT('',(13.,14.48,2.40116224579511));
#19265=CARTESIAN_POINT('',(13.,14.48,0.));
#19266=CARTESIAN_POINT('',(13.,14.48,14.25));
#19267=CARTESIAN_POINT('',(13.,14.23,14.25));
#19268=CARTESIAN_POINT('',(13.,14.23,14.5));
#19269=CARTESIAN_POINT('',(13.,14.48,14.5));
#19270=CARTESIAN_POINT('',(13.,0.25,14.5));
#19271=CARTESIAN_POINT('',(13.,0.25,14.25));
#19272=CARTESIAN_POINT('',(3.25,13.89,2.40116224579511));
#19273=CARTESIAN_POINT('',(3.25,13.89,1.30116224579511));
#19274=CARTESIAN_POINT('',(12.75,13.89,1.30116224579511));
#19275=CARTESIAN_POINT('',(12.75,13.89,2.40116224579511));
#19276=CARTESIAN_POINT('',(12.75,13.89,2.40116224579511));
#19277=CARTESIAN_POINT('',(3.25,13.89,2.40116224579511));
#19278=CARTESIAN_POINT('',(3.25,13.89,2.40116224579511));
#19279=CARTESIAN_POINT('',(3.25,13.89,2.40116224579511));
#19280=CARTESIAN_POINT('',(3.25,13.89,2.36));
#19281=CARTESIAN_POINT('',(2.66,13.89,2.36));
#19282=CARTESIAN_POINT('',(2.66,13.89,2.36));
#19283=CARTESIAN_POINT('',(2.66,13.89,2.36));
#19284=CARTESIAN_POINT('',(2.66,13.89,0.849999999999458));
#19285=CARTESIAN_POINT('',(3.25,13.89,0.849999999999458));
#19286=CARTESIAN_POINT('',(8.5,13.89,0.849999999999999));
#19287=CARTESIAN_POINT('',(8.5,13.89,2.40116224579511));
#19288=CARTESIAN_POINT('',(8.5,13.89,2.35));
#19289=CARTESIAN_POINT('',(3.25,13.89,2.35));
#19290=CARTESIAN_POINT('',(11.,13.89,2.35));
#19291=CARTESIAN_POINT('',(11.,13.89,2.40116224579511));
#19292=CARTESIAN_POINT('',(11.,13.89,0.849999999999999));
#19293=CARTESIAN_POINT('',(3.25,13.89,0.849999999999458));
#19294=CARTESIAN_POINT('',(3.25,0.59,0.849999999999458));
#19295=CARTESIAN_POINT('',(3.25,0.59,1.30116224579511));
#19296=CARTESIAN_POINT('',(12.8,0.59,1.30116224579511));
#19297=CARTESIAN_POINT('',(12.75,0.59,1.30116224579511));
#19298=CARTESIAN_POINT('',(12.8,0.59,0.849999999999458));
#19299=CARTESIAN_POINT('',(12.8,0.59,0.849999999999458));
#19300=CARTESIAN_POINT('',(3.25,0.59,0.849999999999458));
#19301=CARTESIAN_POINT('',(11.,0.59,0.849999999999999));
#19302=CARTESIAN_POINT('',(11.,0.59,0.849999999999458));
#19303=CARTESIAN_POINT('',(11.,0.59,2.35));
#19304=CARTESIAN_POINT('',(3.25,0.59,2.35));
#19305=CARTESIAN_POINT('',(8.5,0.59,2.35));
#19306=CARTESIAN_POINT('',(8.5,0.59,0.84999999999946));
#19307=CARTESIAN_POINT('',(8.5,0.59,0.849999999999999));
#19308=CARTESIAN_POINT('',(3.25,0.59,0.849999999999458));
#19309=CARTESIAN_POINT('',(2.66,0.59,0.849999999999458));
#19310=CARTESIAN_POINT('',(2.66,0.59,2.36));
#19311=CARTESIAN_POINT('',(2.66,0.59,2.36));
#19312=CARTESIAN_POINT('',(2.66,0.59,2.36));
#19313=CARTESIAN_POINT('',(3.25,0.59,2.36));
#19314=CARTESIAN_POINT('',(3.25,0.59,0.849999999999458));
#19315=CARTESIAN_POINT('',(3.25,0.59,2.40116224579511));
#19316=CARTESIAN_POINT('',(3.25,0.59,2.40116224579511));
#19317=CARTESIAN_POINT('',(12.75,0.59,2.40116224579511));
#19318=CARTESIAN_POINT('',(12.75,0.59,0.849999999999458));
#19319=CARTESIAN_POINT('',(12.8,0.59,0.849999999999457));
#19320=CARTESIAN_POINT('',(12.8,0.59,1.30116224579511));
#19321=CARTESIAN_POINT('',(9.56153846153845,5.44769230769231,0.849999999999458));
#19322=CARTESIAN_POINT('',(0.,14.48,0.));
#19323=CARTESIAN_POINT('',(2.2,0.815000000000001,0.));
#19324=CARTESIAN_POINT('',(2.2,0.815000000000001,0.));
#19325=CARTESIAN_POINT('',(2.2,13.665,0.));
#19326=CARTESIAN_POINT('',(2.2,13.665,0.));
#19327=CARTESIAN_POINT('',(0.,13.665,0.));
#19328=CARTESIAN_POINT('',(0.,14.48,0.));
#19329=CARTESIAN_POINT('',(0.,14.23,0.));
#19330=CARTESIAN_POINT('',(0.25,14.23,0.));
#19331=CARTESIAN_POINT('',(0.25,14.48,0.));
#19332=CARTESIAN_POINT('',(0.,14.48,0.));
#19333=CARTESIAN_POINT('',(4.435,14.48,0.));
#19334=CARTESIAN_POINT('',(4.435,13.7,0.));
#19335=CARTESIAN_POINT('',(4.435,13.7,0.));
#19336=CARTESIAN_POINT('',(5.235,13.7,0.));
#19337=CARTESIAN_POINT('',(5.235,13.7,0.));
#19338=CARTESIAN_POINT('',(5.235,13.7,0.));
#19339=CARTESIAN_POINT('',(8.485,13.7,0.));
#19340=CARTESIAN_POINT('',(8.485,13.7,0.));
#19341=CARTESIAN_POINT('',(9.285,13.7,0.));
#19342=CARTESIAN_POINT('',(9.285,13.7,0.));
#19343=CARTESIAN_POINT('',(9.285,14.48,0.));
#19344=CARTESIAN_POINT('',(0.,14.48,0.));
#19345=CARTESIAN_POINT('',(3.25,13.24,-5.42101086242752E-13));
#19346=CARTESIAN_POINT('',(2.66,13.24,-5.42101086242752E-13));
#19347=CARTESIAN_POINT('',(2.66,1.24,-5.42101086242752E-13));
#19348=CARTESIAN_POINT('',(2.66,1.24,0.));
#19349=CARTESIAN_POINT('',(3.25,1.24,-5.42101086242752E-13));
#19350=CARTESIAN_POINT('',(9.285,0.78,0.));
#19351=CARTESIAN_POINT('',(9.285,0.78,0.));
#19352=CARTESIAN_POINT('',(8.485,0.78,0.));
#19353=CARTESIAN_POINT('',(8.485,0.78,0.));
#19354=CARTESIAN_POINT('',(8.485,0.78,0.));
#19355=CARTESIAN_POINT('',(5.235,0.78,0.));
#19356=CARTESIAN_POINT('',(4.435,0.78,0.));
#19357=CARTESIAN_POINT('',(4.435,0.78,0.));
#19358=CARTESIAN_POINT('',(4.435,0.78,0.));
#19359=CARTESIAN_POINT('',(0.25,0.25,0.));
#19360=CARTESIAN_POINT('',(0.,0.25,0.));
#19361=CARTESIAN_POINT('',(0.,14.48,0.));
#19362=CARTESIAN_POINT('',(0.,0.815,0.));
#19363=CARTESIAN_POINT('',(0.,0.815000000000001,0.));
#19364=CARTESIAN_POINT('',(0.,14.48,14.5));
#19365=CARTESIAN_POINT('',(0.,14.48,13.88));
#19366=CARTESIAN_POINT('',(0.,9.565,13.88));
#19367=CARTESIAN_POINT('',(0.,4.915,13.88));
#19368=CARTESIAN_POINT('',(0.,4.915,14.5));
#19369=CARTESIAN_POINT('',(0.,4.915,12.46));
#19370=CARTESIAN_POINT('',(0.,14.48,12.46));
#19371=CARTESIAN_POINT('',(0.,4.085,12.46));
#19372=CARTESIAN_POINT('',(0.,4.085,14.5));
#19373=CARTESIAN_POINT('',(0.,4.085,10.73));
#19374=CARTESIAN_POINT('',(0.,14.48,10.73));
#19375=CARTESIAN_POINT('',(0.,1.33593753026634,10.73));
#19376=CARTESIAN_POINT('',(0.,1.33593753026634,14.5));
#19377=CARTESIAN_POINT('',(0.,1.33593753026634,9.23));
#19378=CARTESIAN_POINT('',(0.,14.48,9.23));
#19379=CARTESIAN_POINT('',(0.,0.635000000000002,9.23));
#19380=CARTESIAN_POINT('',(0.,0.635000000000002,14.5));
#19381=CARTESIAN_POINT('',(0.,0.635000000000002,4.92));
#19382=CARTESIAN_POINT('',(0.,14.48,4.92));
#19383=CARTESIAN_POINT('',(0.,1.235,4.92));
#19384=CARTESIAN_POINT('',(0.,1.235,14.5));
#19385=CARTESIAN_POINT('',(0.,1.235,3.3));
#19386=CARTESIAN_POINT('',(0.,14.48,3.3));
#19387=CARTESIAN_POINT('',(0.,13.245,3.3));
#19388=CARTESIAN_POINT('',(0.,13.245,14.5));
#19389=CARTESIAN_POINT('',(0.,13.245,4.92));
#19390=CARTESIAN_POINT('',(0.,14.48,4.92));
#19391=CARTESIAN_POINT('',(0.,13.845,4.92));
#19392=CARTESIAN_POINT('',(0.,13.845,14.5));
#19393=CARTESIAN_POINT('',(0.,13.845,9.23));
#19394=CARTESIAN_POINT('',(0.,14.48,9.23));
#19395=CARTESIAN_POINT('',(0.,13.1440624697337,9.23));
#19396=CARTESIAN_POINT('',(0.,13.1440624697337,14.5));
#19397=CARTESIAN_POINT('',(0.,13.1440624697337,10.73));
#19398=CARTESIAN_POINT('',(0.,14.48,10.73));
#19399=CARTESIAN_POINT('',(0.,10.395,10.73));
#19400=CARTESIAN_POINT('',(0.,10.395,14.5));
#19401=CARTESIAN_POINT('',(0.,10.395,12.46));
#19402=CARTESIAN_POINT('',(0.,14.48,12.46));
#19403=CARTESIAN_POINT('',(0.,9.565,12.46));
#19404=CARTESIAN_POINT('',(0.,9.565,14.5));
#19405=CARTESIAN_POINT('',(0.,13.665,0.57));
#19406=CARTESIAN_POINT('',(0.,13.665,0.57));
#19407=CARTESIAN_POINT('',(0.,0.815,0.569999999999999));
#19408=CARTESIAN_POINT('',(0.,0.815,0.57));
#19409=CARTESIAN_POINT('',(0.,0.25,14.5));
#19410=CARTESIAN_POINT('',(0.,0.25,14.25));
#19411=CARTESIAN_POINT('',(0.,14.48,14.25));
#19412=CARTESIAN_POINT('',(0.,14.23,14.25));
#19413=CARTESIAN_POINT('',(0.,14.23,0.));
#19414=CARTESIAN_POINT('',(0.,13.665,0.57));
#19415=CARTESIAN_POINT('',(11.,0.,0.));
#19416=CARTESIAN_POINT('',(11.,12.8440624697337,9.75640056144612));
#19417=CARTESIAN_POINT('',(11.,10.095,9.75640056144612));
#19418=CARTESIAN_POINT('',(11.,4.385,9.75640056144612));
#19419=CARTESIAN_POINT('',(11.,10.095,10.43));
#19420=CARTESIAN_POINT('',(11.,10.095,9.68));
#19421=CARTESIAN_POINT('',(11.,10.095,9.68));
#19422=CARTESIAN_POINT('',(11.,12.8440624697337,9.68));
#19423=CARTESIAN_POINT('',(11.,12.8440624697337,8.93));
#19424=CARTESIAN_POINT('',(11.,12.8440624697337,8.93));
#19425=CARTESIAN_POINT('',(11.,13.545,8.93));
#19426=CARTESIAN_POINT('',(11.,13.545,8.93));
#19427=CARTESIAN_POINT('',(11.,13.545,5.22));
#19428=CARTESIAN_POINT('',(11.,13.545,5.22));
#19429=CARTESIAN_POINT('',(11.,12.945,5.22));
#19430=CARTESIAN_POINT('',(11.,13.24,5.22));
#19431=CARTESIAN_POINT('',(11.,13.24,0.));
#19432=CARTESIAN_POINT('',(11.,13.24,5.90116224579511));
#19433=CARTESIAN_POINT('',(11.,9.05918998524673E-15,5.90116224579513));
#19434=CARTESIAN_POINT('',(11.,12.11,5.90116224579511));
#19435=CARTESIAN_POINT('',(11.,12.11,0.));
#19436=CARTESIAN_POINT('',(11.,12.11,8.10000000000001));
#19437=CARTESIAN_POINT('',(11.,-2.50915359918074E-14,8.09999999999997));
#19438=CARTESIAN_POINT('',(11.,11.55,8.10000000000001));
#19439=CARTESIAN_POINT('',(11.,11.55,0.));
#19440=CARTESIAN_POINT('',(11.,11.55,5.90116224579511));
#19441=CARTESIAN_POINT('',(11.,0.,5.90116224579511));
#19442=CARTESIAN_POINT('',(11.,11.09,5.90116224579511));
#19443=CARTESIAN_POINT('',(11.,11.09,8.74920548903314E-15));
#19444=CARTESIAN_POINT('',(11.,11.09,8.10000000000001));
#19445=CARTESIAN_POINT('',(11.,-2.50915359918074E-14,8.09999999999997));
#19446=CARTESIAN_POINT('',(11.,10.53,8.10000000000001));
#19447=CARTESIAN_POINT('',(11.,10.53,0.));
#19448=CARTESIAN_POINT('',(11.,10.53,5.90116224579511));
#19449=CARTESIAN_POINT('',(11.,0.,5.90116224579511));
#19450=CARTESIAN_POINT('',(11.,10.07,5.90116224579511));
#19451=CARTESIAN_POINT('',(11.,10.07,0.));
#19452=CARTESIAN_POINT('',(11.,10.07,8.10000000000001));
#19453=CARTESIAN_POINT('',(11.,5.01830719836152E-14,8.10000000000007));
#19454=CARTESIAN_POINT('',(11.,9.51,8.10000000000001));
#19455=CARTESIAN_POINT('',(11.,9.51,0.));
#19456=CARTESIAN_POINT('',(11.,9.51,5.90116224579511));
#19457=CARTESIAN_POINT('',(11.,-3.45840698761108E-15,5.90116224579511));
#19458=CARTESIAN_POINT('',(11.,8.03,5.90116224579511));
#19459=CARTESIAN_POINT('',(11.,8.03,0.));
#19460=CARTESIAN_POINT('',(11.,8.03,8.10000000000001));
#19461=CARTESIAN_POINT('',(11.,0.,8.10000000000001));
#19462=CARTESIAN_POINT('',(11.,7.47,8.10000000000001));
#19463=CARTESIAN_POINT('',(11.,7.47,0.));
#19464=CARTESIAN_POINT('',(11.,7.47,5.90116224579511));
#19465=CARTESIAN_POINT('',(11.,0.,5.90116224579511));
#19466=CARTESIAN_POINT('',(11.,5.99,5.90116224579511));
#19467=CARTESIAN_POINT('',(11.,5.99,0.));
#19468=CARTESIAN_POINT('',(11.,5.99,8.10000000000001));
#19469=CARTESIAN_POINT('',(11.,-7.52746079754218E-14,8.09999999999996));
#19470=CARTESIAN_POINT('',(11.,5.43,8.1));
#19471=CARTESIAN_POINT('',(11.,5.43,0.));
#19472=CARTESIAN_POINT('',(11.,5.43,5.90116224579511));
#19473=CARTESIAN_POINT('',(11.,0.,5.90116224579511));
#19474=CARTESIAN_POINT('',(11.,4.97,5.90116224579511));
#19475=CARTESIAN_POINT('',(11.,4.97,0.));
#19476=CARTESIAN_POINT('',(11.,4.97,8.10000000000001));
#19477=CARTESIAN_POINT('',(11.,0.,8.10000000000001));
#19478=CARTESIAN_POINT('',(11.,4.41,8.10000000000001));
#19479=CARTESIAN_POINT('',(11.,4.41,0.));
#19480=CARTESIAN_POINT('',(11.,4.41,5.90116224579511));
#19481=CARTESIAN_POINT('',(11.,0.,5.90116224579511));
#19482=CARTESIAN_POINT('',(11.,3.95,5.90116224579511));
#19483=CARTESIAN_POINT('',(11.,3.94999999999999,-1.55813172595495E-15));
#19484=CARTESIAN_POINT('',(11.,3.95,8.1));
#19485=CARTESIAN_POINT('',(11.,2.50915359918075E-14,8.10000000000002));
#19486=CARTESIAN_POINT('',(11.,3.39,8.10000000000001));
#19487=CARTESIAN_POINT('',(11.,3.39,1.33723203822463E-15));
#19488=CARTESIAN_POINT('',(11.,3.39,5.90116224579511));
#19489=CARTESIAN_POINT('',(11.,0.,5.90116224579511));
#19490=CARTESIAN_POINT('',(11.,2.93,5.90116224579511));
#19491=CARTESIAN_POINT('',(11.,2.93,0.));
#19492=CARTESIAN_POINT('',(11.,2.93,8.10000000000001));
#19493=CARTESIAN_POINT('',(11.,0.,8.10000000000001));
#19494=CARTESIAN_POINT('',(11.,2.37,8.10000000000001));
#19495=CARTESIAN_POINT('',(11.,2.37,0.));
#19496=CARTESIAN_POINT('',(11.,2.37,5.90116224579511));
#19497=CARTESIAN_POINT('',(11.,0.,5.90116224579511));
#19498=CARTESIAN_POINT('',(11.,1.24,5.90116224579511));
#19499=CARTESIAN_POINT('',(11.,1.24,0.));
#19500=CARTESIAN_POINT('',(11.,1.24,5.22));
#19501=CARTESIAN_POINT('',(11.,0.935000000000001,5.22));
#19502=CARTESIAN_POINT('',(11.,0.935000000000001,5.22));
#19503=CARTESIAN_POINT('',(11.,0.935000000000001,8.93));
#19504=CARTESIAN_POINT('',(11.,0.935000000000001,8.93));
#19505=CARTESIAN_POINT('',(11.,1.63593753026634,8.93));
#19506=CARTESIAN_POINT('',(11.,1.63593753026634,8.93));
#19507=CARTESIAN_POINT('',(11.,1.63593753026634,10.43));
#19508=CARTESIAN_POINT('',(11.,1.63593753026634,9.75));
#19509=CARTESIAN_POINT('',(11.,1.63593753026634,9.75));
#19510=CARTESIAN_POINT('',(11.,4.385,9.75));
#19511=CARTESIAN_POINT('',(11.,4.385,9.75));
#19512=CARTESIAN_POINT('',(11.,12.8440624697337,10.43));
#19513=CARTESIAN_POINT('',(11.,12.8440624697337,10.43));
#19514=CARTESIAN_POINT('',(10.2584796614044,12.8440624697337,10.43));
#19515=CARTESIAN_POINT('',(0.200000000000001,12.8440624697337,10.43));
#19516=CARTESIAN_POINT('',(10.2584796614044,12.8440624697337,10.43));
#19517=CARTESIAN_POINT('',(10.2584796614044,10.095,10.43));
#19518=CARTESIAN_POINT('',(11.,10.095,10.43));
#19519=CARTESIAN_POINT('',(0.200000000000001,10.095,10.43));
#19520=CARTESIAN_POINT('',(0.200000000000001,12.8440624697337,10.43));
#19521=CARTESIAN_POINT('',(11.,4.385,10.43));
#19522=CARTESIAN_POINT('',(11.,4.385,10.43));
#19523=CARTESIAN_POINT('',(10.2584796614044,4.385,10.43));
#19524=CARTESIAN_POINT('',(0.200000000000001,4.385,10.43));
#19525=CARTESIAN_POINT('',(10.2584796614044,4.385,10.43));
#19526=CARTESIAN_POINT('',(10.2584796614044,1.63593753026634,10.43));
#19527=CARTESIAN_POINT('',(11.,1.63593753026634,10.43));
#19528=CARTESIAN_POINT('',(0.200000000000001,1.63593753026634,10.43));
#19529=CARTESIAN_POINT('',(0.200000000000001,4.385,10.43));
#19530=CARTESIAN_POINT('',(11.,1.63593753026634,10.43));
#19531=CARTESIAN_POINT('',(10.2584796614044,1.63593753026634,9.75));
#19532=CARTESIAN_POINT('',(10.2584796614044,1.63593753026634,9.75));
#19533=CARTESIAN_POINT('',(10.2584796614044,1.63593753026634,9.75));
#19534=CARTESIAN_POINT('',(11.,1.63593753026634,8.93));
#19535=CARTESIAN_POINT('',(0.200000000000001,1.63593753026634,8.93));
#19536=CARTESIAN_POINT('',(0.200000000000001,1.63593753026634,10.43));
#19537=CARTESIAN_POINT('',(0.,14.48,0.));
#19538=CARTESIAN_POINT('',(12.75,14.48,2.40116224579511));
#19539=CARTESIAN_POINT('',(12.75,14.48,2.40116224579511));
#19540=CARTESIAN_POINT('',(12.75,14.48,1.30116224579511));
#19541=CARTESIAN_POINT('',(12.75,14.48,1.30116224579511));
#19542=CARTESIAN_POINT('',(9.285,14.48,0.));
#19543=CARTESIAN_POINT('',(9.285,14.48,0.5));
#19544=CARTESIAN_POINT('',(9.285,14.48,0.5));
#19545=CARTESIAN_POINT('',(8.485,14.48,0.5));
#19546=CARTESIAN_POINT('',(8.485,14.48,0.));
#19547=CARTESIAN_POINT('',(8.485,14.48,-0.849999999999999));
#19548=CARTESIAN_POINT('',(8.485,14.48,-0.849999999999999));
#19549=CARTESIAN_POINT('',(7.86,14.48,-3.12));
#19550=CARTESIAN_POINT('',(7.86,14.48,-3.12));
#19551=CARTESIAN_POINT('',(5.86,14.48,-3.12));
#19552=CARTESIAN_POINT('',(5.86,14.48,-3.12));
#19553=CARTESIAN_POINT('',(5.235,14.48,-0.849999999999999));
#19554=CARTESIAN_POINT('',(5.235,14.48,-0.849999999999999));
#19555=CARTESIAN_POINT('',(5.235,14.48,0.5));
#19556=CARTESIAN_POINT('',(4.435,14.48,0.5));
#19557=CARTESIAN_POINT('',(4.435,14.48,0.5));
#19558=CARTESIAN_POINT('',(4.435,14.48,0.));
#19559=CARTESIAN_POINT('',(0.25,14.48,14.5));
#19560=CARTESIAN_POINT('',(0.25,14.48,14.25));
#19561=CARTESIAN_POINT('',(13.,14.48,14.25));
#19562=CARTESIAN_POINT('',(12.75,14.48,2.40116224579511));
#19563=CARTESIAN_POINT('',(6.86,14.48,-1.735));
#19564=CARTESIAN_POINT('',(7.445,14.48,-1.735));
#19565=CARTESIAN_POINT('',(6.275,14.48,-1.735));
#19566=CARTESIAN_POINT('',(7.445,14.48,0.));
#19567=CARTESIAN_POINT('',(7.445,14.48,-0.604999999999999));
#19568=CARTESIAN_POINT('',(6.86,14.48,-0.604999999999999));
#19569=CARTESIAN_POINT('',(6.275,14.48,-0.604999999999999));
#19570=CARTESIAN_POINT('',(6.275,14.48,0.));
#19571=CARTESIAN_POINT('',(0.,14.48,2.35));
#19572=CARTESIAN_POINT('',(11.,14.48,2.35));
#19573=CARTESIAN_POINT('',(8.5,14.48,2.35));
#19574=CARTESIAN_POINT('',(8.5,14.48,2.45752492430048E-15));
#19575=CARTESIAN_POINT('',(8.5,14.48,0.849999999999999));
#19576=CARTESIAN_POINT('',(0.,14.48,0.849999999999999));
#19577=CARTESIAN_POINT('',(11.,14.48,0.849999999999999));
#19578=CARTESIAN_POINT('',(11.,14.48,0.));
#19579=CARTESIAN_POINT('',(0.,0.78,0.));
#19580=CARTESIAN_POINT('',(5.86,0.78,-3.12));
#19581=CARTESIAN_POINT('',(5.86,0.78,-3.12));
#19582=CARTESIAN_POINT('',(7.86,0.78,-3.12));
#19583=CARTESIAN_POINT('',(5.235,0.78,-0.849999999999999));
#19584=CARTESIAN_POINT('',(5.235,0.78,-0.849999999999999));
#19585=CARTESIAN_POINT('',(5.235,0.78,0.));
#19586=CARTESIAN_POINT('',(8.485,0.78,-0.849999999999999));
#19587=CARTESIAN_POINT('',(8.485,0.78,-0.849999999999999));
#19588=CARTESIAN_POINT('',(7.86,0.78,-3.12));
#19589=CARTESIAN_POINT('',(6.86,0.779999999999999,-1.735));
#19590=CARTESIAN_POINT('',(7.445,0.779999999999999,-1.735));
#19591=CARTESIAN_POINT('',(6.275,0.779999999999999,-1.735));
#19592=CARTESIAN_POINT('',(7.445,0.78,0.));
#19593=CARTESIAN_POINT('',(7.445,0.78,-0.604999999999999));
#19594=CARTESIAN_POINT('',(6.86,0.779999999999999,-0.604999999999999));
#19595=CARTESIAN_POINT('',(6.275,0.779999999999999,-0.604999999999999));
#19596=CARTESIAN_POINT('',(6.275,0.78,0.));
#19597=CARTESIAN_POINT('',(0.,13.7,0.));
#19598=CARTESIAN_POINT('',(5.235,13.7,-0.849999999999999));
#19599=CARTESIAN_POINT('',(5.235,13.7,-0.849999999999999));
#19600=CARTESIAN_POINT('',(5.86,13.7,-3.12));
#19601=CARTESIAN_POINT('',(5.86,13.7,-3.12));
#19602=CARTESIAN_POINT('',(7.86,13.7,-3.12));
#19603=CARTESIAN_POINT('',(7.86,13.7,-3.12));
#19604=CARTESIAN_POINT('',(8.485,13.7,-0.849999999999999));
#19605=CARTESIAN_POINT('',(8.485,13.7,-0.849999999999999));
#19606=CARTESIAN_POINT('',(8.485,13.7,0.));
#19607=CARTESIAN_POINT('',(6.86,13.7,-1.735));
#19608=CARTESIAN_POINT('',(6.275,13.7,-1.735));
#19609=CARTESIAN_POINT('',(7.445,13.7,-1.735));
#19610=CARTESIAN_POINT('',(6.275,13.7,0.));
#19611=CARTESIAN_POINT('',(6.275,13.7,-0.604999999999999));
#19612=CARTESIAN_POINT('',(6.86,13.7,-0.604999999999999));
#19613=CARTESIAN_POINT('',(7.445,13.7,-0.604999999999999));
#19614=CARTESIAN_POINT('',(7.445,13.7,0.));
#19615=CARTESIAN_POINT('',(3.25,0.,0.));
#19616=CARTESIAN_POINT('',(3.25,0.,3.6));
#19617=CARTESIAN_POINT('',(3.25,13.24,3.6));
#19618=CARTESIAN_POINT('',(3.25,12.945,3.6));
#19619=CARTESIAN_POINT('',(3.25,13.24,5.90116224579511));
#19620=CARTESIAN_POINT('',(3.25,13.24,5.22));
#19621=CARTESIAN_POINT('',(3.25,12.945,5.22));
#19622=CARTESIAN_POINT('',(3.25,12.945,5.22));
#19623=CARTESIAN_POINT('',(3.25,12.945,2.36));
#19624=CARTESIAN_POINT('',(11.,1.535,5.22));
#19625=CARTESIAN_POINT('',(11.,1.535,3.6));
#19626=CARTESIAN_POINT('',(0.200000000000001,1.535,3.6));
#19627=CARTESIAN_POINT('',(3.25,1.535,3.6));
#19628=CARTESIAN_POINT('',(0.200000000000001,1.535,5.22));
#19629=CARTESIAN_POINT('',(0.200000000000001,1.535,5.22));
#19630=CARTESIAN_POINT('',(11.,1.535,5.22));
#19631=CARTESIAN_POINT('',(3.25,1.535,5.22));
#19632=CARTESIAN_POINT('',(3.25,1.535,5.22));
#19633=CARTESIAN_POINT('',(11.,12.945,2.36));
#19634=CARTESIAN_POINT('',(11.,12.945,5.22));
#19635=CARTESIAN_POINT('',(0.200000000000001,12.945,5.22));
#19636=CARTESIAN_POINT('',(0.200000000000001,12.945,2.36));
#19637=CARTESIAN_POINT('',(0.200000000000001,12.945,3.6));
#19638=CARTESIAN_POINT('',(11.,12.945,3.6));
#19639=CARTESIAN_POINT('',(3.25,13.24,5.90116224579511));
#19640=CARTESIAN_POINT('',(3.25,13.24,2.40116224579511));
#19641=CARTESIAN_POINT('',(3.25,13.24,2.40116224579511));
#19642=CARTESIAN_POINT('',(12.8,13.24,2.40116224579511));
#19643=CARTESIAN_POINT('',(12.8,13.24,5.90116224579511));
#19644=CARTESIAN_POINT('',(12.8,13.24,5.90116224579511));
#19645=CARTESIAN_POINT('',(3.25,13.24,5.90116224579511));
#19646=CARTESIAN_POINT('',(11.,13.24,5.22));
#19647=CARTESIAN_POINT('',(3.75,13.24,3.6));
#19648=CARTESIAN_POINT('',(3.75,13.24,3.6));
#19649=CARTESIAN_POINT('',(3.75,13.24,3.6));
#19650=CARTESIAN_POINT('',(3.75,13.24,3.5));
#19651=CARTESIAN_POINT('',(3.75,13.24,3.5));
#19652=CARTESIAN_POINT('',(3.6,13.24,3.5));
#19653=CARTESIAN_POINT('',(3.6,13.24,2.5));
#19654=CARTESIAN_POINT('',(3.25,13.24,3.43674969975976));
#19655=CARTESIAN_POINT('',(3.25,13.24,5.90116224579511));
#19656=CARTESIAN_POINT('',(3.25,0.,0.));
#19657=CARTESIAN_POINT('',(3.25,0.,3.6));
#19658=CARTESIAN_POINT('',(3.25,1.24,3.6));
#19659=CARTESIAN_POINT('',(3.25,0.935000000000001,5.22));
#19660=CARTESIAN_POINT('',(3.25,1.24,5.22));
#19661=CARTESIAN_POINT('',(3.25,1.24,2.40116224579511));
#19662=CARTESIAN_POINT('',(3.25,0.,0.));
#19663=CARTESIAN_POINT('',(3.25,1.24,3.43674969975976));
#19664=CARTESIAN_POINT('',(3.25,12.945,3.43674969975976));
#19665=CARTESIAN_POINT('',(3.25,12.945,2.36));
#19666=CARTESIAN_POINT('',(3.25,12.945,2.36));
#19667=CARTESIAN_POINT('',(3.25,13.89,2.36));
#19668=CARTESIAN_POINT('',(3.25,13.89,2.40116224579511));
#19669=CARTESIAN_POINT('',(11.,1.535,5.22));
#19670=CARTESIAN_POINT('',(3.6,1.535,2.5));
#19671=CARTESIAN_POINT('',(3.25,1.535,3.43674969975976));
#19672=CARTESIAN_POINT('',(2.6,1.535,2.5));
#19673=CARTESIAN_POINT('',(3.25,1.535,5.22));
#19674=CARTESIAN_POINT('',(3.25,1.535,2.36));
#19675=CARTESIAN_POINT('',(11.,1.535,2.36));
#19676=CARTESIAN_POINT('',(2.66,1.535,2.36));
#19677=CARTESIAN_POINT('',(11.,1.535,2.36));
#19678=CARTESIAN_POINT('',(2.6,1.535,2.36));
#19679=CARTESIAN_POINT('',(2.6,1.535,5.22));
#19680=CARTESIAN_POINT('',(11.,12.945,2.36));
#19681=CARTESIAN_POINT('',(2.6,1.24,2.36));
#19682=CARTESIAN_POINT('',(2.6,12.945,2.36));
#19683=CARTESIAN_POINT('',(2.66,13.89,2.36));
#19684=CARTESIAN_POINT('',(2.66,12.945,2.36));
#19685=CARTESIAN_POINT('',(11.,12.945,2.36));
#19686=CARTESIAN_POINT('',(11.,12.945,2.36));
#19687=CARTESIAN_POINT('',(3.6,12.945,2.5));
#19688=CARTESIAN_POINT('',(2.6,12.945,2.5));
#19689=CARTESIAN_POINT('',(2.6,12.945,2.36));
#19690=CARTESIAN_POINT('',(11.,12.945,2.36));
#19691=CARTESIAN_POINT('',(11.0014407711122,0.,0.));
#19692=CARTESIAN_POINT('',(11.0014407711122,4.385,10.43));
#19693=CARTESIAN_POINT('',(11.0014407711122,4.385,10.43));
#19694=CARTESIAN_POINT('',(11.0014407711122,4.385,12.16));
#19695=CARTESIAN_POINT('',(11.0014407711122,5.215,12.16));
#19696=CARTESIAN_POINT('',(11.0014407711122,1.63593753026634,12.16));
#19697=CARTESIAN_POINT('',(11.0014407711122,1.63593753026634,13.68));
#19698=CARTESIAN_POINT('',(11.0014407711122,1.63593753026634,10.43));
#19699=CARTESIAN_POINT('',(11.0014407711122,1.63593753026634,10.43));
#19700=CARTESIAN_POINT('',(11.,5.215,12.16));
#19701=CARTESIAN_POINT('',(11.,4.385,12.16));
#19702=CARTESIAN_POINT('',(3.0014407711122,4.385,12.16));
#19703=CARTESIAN_POINT('',(0.200000000000001,4.385,12.16));
#19704=CARTESIAN_POINT('',(0.200000000000001,5.215,12.16));
#19705=CARTESIAN_POINT('',(0.200000000000001,5.215,12.16));
#19706=CARTESIAN_POINT('',(11.,5.215,12.16));
#19707=CARTESIAN_POINT('',(3.0014407711122,5.215,12.16));
#19708=CARTESIAN_POINT('',(3.0014407711122,5.215,12.16));
#19709=CARTESIAN_POINT('',(11.,5.215,13.68));
#19710=CARTESIAN_POINT('',(0.200000000000001,5.215,13.68));
#19711=CARTESIAN_POINT('',(0.200000000000001,5.215,13.68));
#19712=CARTESIAN_POINT('',(11.,5.215,13.68));
#19713=CARTESIAN_POINT('',(3.0014407711122,5.215,13.68));
#19714=CARTESIAN_POINT('',(3.0014407711122,5.215,13.68));
#19715=CARTESIAN_POINT('',(11.0014407711122,0.,0.));
#19716=CARTESIAN_POINT('',(11.0014407711122,9.265,12.16));
#19717=CARTESIAN_POINT('',(11.0014407711122,10.095,12.16));
#19718=CARTESIAN_POINT('',(11.0014407711122,12.8440624697337,12.16));
#19719=CARTESIAN_POINT('',(11.0014407711122,10.095,12.16));
#19720=CARTESIAN_POINT('',(11.0014407711122,10.095,10.43));
#19721=CARTESIAN_POINT('',(11.0014407711122,1.63593753026634,10.43));
#19722=CARTESIAN_POINT('',(11.0014407711122,12.8440624697337,10.43));
#19723=CARTESIAN_POINT('',(11.0014407711122,12.8440624697337,10.43));
#19724=CARTESIAN_POINT('',(13.,14.48,14.5));
#19725=CARTESIAN_POINT('',(-3.33600668457078E-17,14.23,14.5));
#19726=CARTESIAN_POINT('',(0.25,14.23,14.5));
#19727=CARTESIAN_POINT('',(0.25,14.48,14.5));
#19728=CARTESIAN_POINT('',(0.25,0.25,14.5));
#19729=CARTESIAN_POINT('',(13.,0.25,14.5));
#19730=CARTESIAN_POINT('',(11.,4.385,12.16));
#19731=CARTESIAN_POINT('',(-4.60872872620665,4.385,10.43));
#19732=CARTESIAN_POINT('',(11.,4.385,10.43));
#19733=CARTESIAN_POINT('',(11.,4.385,12.16));
#19734=CARTESIAN_POINT('',(10.2584796614044,4.385,9.75));
#19735=CARTESIAN_POINT('',(10.2584796614044,4.385,9.75));
#19736=CARTESIAN_POINT('',(10.2584796614044,4.385,9.75));
#19737=CARTESIAN_POINT('',(0.200000000000001,4.385,12.16));
#19738=CARTESIAN_POINT('',(11.,4.385,12.16));
#19739=CARTESIAN_POINT('',(11.,1.63593753026634,8.93));
#19740=CARTESIAN_POINT('',(11.,0.935000000000001,8.93));
#19741=CARTESIAN_POINT('',(0.200000000000001,0.935000000000001,8.93));
#19742=CARTESIAN_POINT('',(0.200000000000001,1.63593753026634,8.93));
#19743=CARTESIAN_POINT('',(11.,0.935000000000001,8.93));
#19744=CARTESIAN_POINT('',(11.,0.935000000000001,5.22));
#19745=CARTESIAN_POINT('',(0.200000000000001,0.935000000000001,5.22));
#19746=CARTESIAN_POINT('',(0.200000000000001,0.935000000000001,8.93));
#19747=CARTESIAN_POINT('',(11.,0.935000000000001,5.22));
#19748=CARTESIAN_POINT('',(0.200000000000001,0.935000000000001,5.22));
#19749=CARTESIAN_POINT('',(11.,1.24,5.22));
#19750=CARTESIAN_POINT('',(11.,12.945,5.22));
#19751=CARTESIAN_POINT('',(11.,13.545,5.22));
#19752=CARTESIAN_POINT('',(0.200000000000001,13.545,5.22));
#19753=CARTESIAN_POINT('',(0.200000000000001,12.945,5.22));
#19754=CARTESIAN_POINT('',(11.,13.545,5.22));
#19755=CARTESIAN_POINT('',(11.,13.545,8.93));
#19756=CARTESIAN_POINT('',(0.200000000000001,13.545,8.93));
#19757=CARTESIAN_POINT('',(0.200000000000001,13.545,5.22));
#19758=CARTESIAN_POINT('',(11.,13.545,8.93));
#19759=CARTESIAN_POINT('',(11.,12.8440624697337,8.93));
#19760=CARTESIAN_POINT('',(0.200000000000001,12.8440624697337,8.93));
#19761=CARTESIAN_POINT('',(0.200000000000001,13.545,8.93));
#19762=CARTESIAN_POINT('',(11.,12.8440624697337,8.93));
#19763=CARTESIAN_POINT('',(10.2584796614044,12.8440624697337,9.68));
#19764=CARTESIAN_POINT('',(10.2584796614044,12.8440624697337,9.68));
#19765=CARTESIAN_POINT('',(10.2584796614044,12.8440624697337,10.43));
#19766=CARTESIAN_POINT('',(0.200000000000001,12.8440624697337,8.93));
#19767=CARTESIAN_POINT('',(11.,10.095,10.43));
#19768=CARTESIAN_POINT('',(11.,10.095,12.16));
#19769=CARTESIAN_POINT('',(3.0014407711122,10.095,12.16));
#19770=CARTESIAN_POINT('',(0.200000000000001,10.095,12.16));
#19771=CARTESIAN_POINT('',(0.200000000000001,10.095,10.43));
#19772=CARTESIAN_POINT('',(10.2584796614044,10.095,10.43));
#19773=CARTESIAN_POINT('',(10.2584796614044,10.095,9.68));
#19774=CARTESIAN_POINT('',(10.2584796614044,10.095,9.68));
#19775=CARTESIAN_POINT('',(11.,10.095,10.43));
#19776=CARTESIAN_POINT('',(11.,10.095,10.43));
#19777=CARTESIAN_POINT('',(-4.60872872620665,10.095,10.43));
#19778=CARTESIAN_POINT('',(11.,10.095,12.16));
#19779=CARTESIAN_POINT('',(11.,10.095,12.16));
#19780=CARTESIAN_POINT('',(11.,9.265,12.16));
#19781=CARTESIAN_POINT('',(3.0014407711122,9.265,12.16));
#19782=CARTESIAN_POINT('',(0.200000000000001,9.265,12.16));
#19783=CARTESIAN_POINT('',(0.200000000000001,10.095,12.16));
#19784=CARTESIAN_POINT('',(3.0014407711122,9.265,12.16));
#19785=CARTESIAN_POINT('',(11.,9.265,12.16));
#19786=CARTESIAN_POINT('',(11.,9.265,13.68));
#19787=CARTESIAN_POINT('',(3.0014407711122,9.265,13.68));
#19788=CARTESIAN_POINT('',(0.200000000000001,9.265,13.68));
#19789=CARTESIAN_POINT('',(0.200000000000001,9.265,12.16));
#19790=CARTESIAN_POINT('',(3.0014407711122,9.265,13.68));
#19791=CARTESIAN_POINT('',(11.,9.265,13.68));
#19792=CARTESIAN_POINT('',(0.200000000000001,9.265,13.68));
#19793=CARTESIAN_POINT('',(3.0014407711122,12.8440624697337,13.68));
#19794=CARTESIAN_POINT('',(3.0014407711122,12.8440624697337,13.68));
#19795=CARTESIAN_POINT('',(11.0014407711122,12.8440624697337,13.68));
#19796=CARTESIAN_POINT('',(11.0014407711122,1.63593753026634,13.68));
#19797=CARTESIAN_POINT('',(3.0014407711122,1.63593753026634,13.68));
#19798=CARTESIAN_POINT('',(3.0014407711122,1.63593753026634,13.68));
#19799=CARTESIAN_POINT('',(11.0014407711122,1.63593753026634,13.68));
#19800=CARTESIAN_POINT('',(11.0014407711122,1.63593753026634,9.75640056144612));
#19801=CARTESIAN_POINT('',(11.,1.63593753026634,9.75640056144612));
#19802=CARTESIAN_POINT('',(11.,1.63593753026634,9.75640056144612));
#19803=CARTESIAN_POINT('',(11.,1.63593753026634,10.43));
#19804=CARTESIAN_POINT('',(11.0014407711122,1.63593753026634,10.43));
#19805=CARTESIAN_POINT('',(3.0014407711122,1.63593753026634,12.16));
#19806=CARTESIAN_POINT('',(3.0014407711122,1.63593753026634,12.16));
#19807=CARTESIAN_POINT('',(3.0014407711122,1.63593753026634,12.16));
#19808=CARTESIAN_POINT('',(11.0014407711122,12.8440624697337,10.43));
#19809=CARTESIAN_POINT('',(3.0014407711122,12.8440624697337,12.16));
#19810=CARTESIAN_POINT('',(3.0014407711122,12.8440624697337,12.16));
#19811=CARTESIAN_POINT('',(3.0014407711122,12.8440624697337,12.16));
#19812=CARTESIAN_POINT('',(13.,12.8440624697337,10.43));
#19813=CARTESIAN_POINT('',(11.,12.8440624697337,10.43));
#19814=CARTESIAN_POINT('',(11.,12.8440624697337,9.75640056144612));
#19815=CARTESIAN_POINT('',(11.,12.8440624697337,9.75640056144612));
#19816=CARTESIAN_POINT('',(13.,12.8440624697337,9.75640056144612));
#19817=CARTESIAN_POINT('',(3.0014407711122,5.215,12.16));
#19818=CARTESIAN_POINT('',(3.0014407711122,5.215,12.16));
#19819=CARTESIAN_POINT('',(3.0014407711122,0.,0.));
#19820=CARTESIAN_POINT('',(3.0014407711122,9.265,12.16));
#19821=CARTESIAN_POINT('',(3.0014407711122,9.265,12.16));
#19822=CARTESIAN_POINT('',(3.0014407711122,0.,0.));
#19823=CARTESIAN_POINT('',(3.25,12.11,5.90116224579511));
#19824=CARTESIAN_POINT('',(12.8,12.11,5.90116224579511));
#19825=CARTESIAN_POINT('',(12.8,12.11,5.90116224579511));
#19826=CARTESIAN_POINT('',(3.25,12.11,5.90116224579511));
#19827=CARTESIAN_POINT('',(3.25,12.11,8.10000000000001));
#19828=CARTESIAN_POINT('',(12.8,12.11,5.90116224579511));
#19829=CARTESIAN_POINT('',(3.25,12.11,8.10000000000001));
#19830=CARTESIAN_POINT('',(3.25,11.55,8.10000000000001));
#19831=CARTESIAN_POINT('',(3.25,11.55,8.10000000000001));
#19832=CARTESIAN_POINT('',(3.25,11.55,5.90116224579511));
#19833=CARTESIAN_POINT('',(12.8,11.55,5.90116224579511));
#19834=CARTESIAN_POINT('',(12.8,11.55,5.90116224579511));
#19835=CARTESIAN_POINT('',(3.25,11.55,5.90116224579511));
#19836=CARTESIAN_POINT('',(3.25,11.09,5.90116224579511));
#19837=CARTESIAN_POINT('',(12.8,11.09,5.90116224579511));
#19838=CARTESIAN_POINT('',(12.8,11.09,5.90116224579511));
#19839=CARTESIAN_POINT('',(3.25,11.09,5.90116224579511));
#19840=CARTESIAN_POINT('',(3.25,11.09,8.10000000000001));
#19841=CARTESIAN_POINT('',(12.8,11.09,5.90116224579511));
#19842=CARTESIAN_POINT('',(3.25,11.09,8.10000000000001));
#19843=CARTESIAN_POINT('',(3.25,10.53,8.10000000000001));
#19844=CARTESIAN_POINT('',(3.25,10.53,8.10000000000001));
#19845=CARTESIAN_POINT('',(3.25,10.53,5.90116224579511));
#19846=CARTESIAN_POINT('',(12.8,10.53,5.90116224579511));
#19847=CARTESIAN_POINT('',(12.8,10.53,5.90116224579511));
#19848=CARTESIAN_POINT('',(3.25,10.53,5.90116224579511));
#19849=CARTESIAN_POINT('',(3.25,10.07,5.90116224579511));
#19850=CARTESIAN_POINT('',(12.8,10.07,5.90116224579511));
#19851=CARTESIAN_POINT('',(12.8,10.07,5.90116224579511));
#19852=CARTESIAN_POINT('',(3.25,10.07,5.90116224579511));
#19853=CARTESIAN_POINT('',(3.25,10.07,8.10000000000001));
#19854=CARTESIAN_POINT('',(12.8,10.07,5.90116224579511));
#19855=CARTESIAN_POINT('',(3.25,10.07,8.10000000000001));
#19856=CARTESIAN_POINT('',(3.25,9.51,8.10000000000001));
#19857=CARTESIAN_POINT('',(3.25,9.51,8.10000000000001));
#19858=CARTESIAN_POINT('',(3.25,9.51,5.90116224579511));
#19859=CARTESIAN_POINT('',(12.8,9.51,5.90116224579511));
#19860=CARTESIAN_POINT('',(12.8,9.51,5.90116224579511));
#19861=CARTESIAN_POINT('',(3.25,9.51,5.90116224579511));
#19862=CARTESIAN_POINT('',(3.25,8.03,5.90116224579511));
#19863=CARTESIAN_POINT('',(12.8,8.03,5.90116224579511));
#19864=CARTESIAN_POINT('',(12.8,8.03,5.90116224579511));
#19865=CARTESIAN_POINT('',(3.25,8.03,5.90116224579511));
#19866=CARTESIAN_POINT('',(3.25,8.03,8.10000000000001));
#19867=CARTESIAN_POINT('',(12.8,8.03,5.90116224579511));
#19868=CARTESIAN_POINT('',(3.25,8.03,8.10000000000001));
#19869=CARTESIAN_POINT('',(3.25,7.47,8.10000000000001));
#19870=CARTESIAN_POINT('',(3.25,7.47,8.10000000000001));
#19871=CARTESIAN_POINT('',(3.25,7.47,5.90116224579511));
#19872=CARTESIAN_POINT('',(12.8,7.47,5.90116224579511));
#19873=CARTESIAN_POINT('',(12.8,7.47,5.90116224579511));
#19874=CARTESIAN_POINT('',(3.25,7.47,5.90116224579511));
#19875=CARTESIAN_POINT('',(3.25,5.99,5.90116224579511));
#19876=CARTESIAN_POINT('',(12.8,5.99,5.90116224579511));
#19877=CARTESIAN_POINT('',(12.8,5.99,5.90116224579511));
#19878=CARTESIAN_POINT('',(3.25,5.99,5.90116224579511));
#19879=CARTESIAN_POINT('',(3.25,5.99,8.10000000000001));
#19880=CARTESIAN_POINT('',(12.8,5.99,5.90116224579511));
#19881=CARTESIAN_POINT('',(3.25,5.99,8.10000000000001));
#19882=CARTESIAN_POINT('',(3.25,5.43,8.1));
#19883=CARTESIAN_POINT('',(3.25,5.43,8.1));
#19884=CARTESIAN_POINT('',(3.25,5.43,5.90116224579511));
#19885=CARTESIAN_POINT('',(12.8,5.43,5.90116224579511));
#19886=CARTESIAN_POINT('',(12.8,5.43,5.90116224579511));
#19887=CARTESIAN_POINT('',(3.25,5.43,5.90116224579511));
#19888=CARTESIAN_POINT('',(3.25,4.97,5.90116224579511));
#19889=CARTESIAN_POINT('',(12.8,4.97,5.90116224579511));
#19890=CARTESIAN_POINT('',(12.8,4.97,5.90116224579511));
#19891=CARTESIAN_POINT('',(3.25,4.97,5.90116224579511));
#19892=CARTESIAN_POINT('',(3.25,4.97,8.10000000000001));
#19893=CARTESIAN_POINT('',(12.8,4.97,5.90116224579511));
#19894=CARTESIAN_POINT('',(3.25,4.97,8.10000000000001));
#19895=CARTESIAN_POINT('',(3.25,4.41,8.10000000000001));
#19896=CARTESIAN_POINT('',(3.25,4.41,8.10000000000001));
#19897=CARTESIAN_POINT('',(3.25,4.41,5.90116224579511));
#19898=CARTESIAN_POINT('',(12.8,4.41,5.90116224579511));
#19899=CARTESIAN_POINT('',(12.8,4.41,5.90116224579511));
#19900=CARTESIAN_POINT('',(3.25,4.41,5.90116224579511));
#19901=CARTESIAN_POINT('',(3.25,3.95,5.90116224579511));
#19902=CARTESIAN_POINT('',(12.8,3.95,5.90116224579511));
#19903=CARTESIAN_POINT('',(12.8,3.95,5.90116224579511));
#19904=CARTESIAN_POINT('',(3.25,3.95,5.90116224579511));
#19905=CARTESIAN_POINT('',(3.25,3.95,8.1));
#19906=CARTESIAN_POINT('',(12.8,3.95,5.90116224579511));
#19907=CARTESIAN_POINT('',(3.25,3.95,8.1));
#19908=CARTESIAN_POINT('',(3.25,3.39,8.10000000000001));
#19909=CARTESIAN_POINT('',(3.25,3.39,8.10000000000001));
#19910=CARTESIAN_POINT('',(3.25,3.39,8.10000000000001));
#19911=CARTESIAN_POINT('',(12.8,3.39,5.90116224579511));
#19912=CARTESIAN_POINT('',(12.8,3.39,5.90116224579511));
#19913=CARTESIAN_POINT('',(3.25,3.39,5.90116224579511));
#19914=CARTESIAN_POINT('',(3.25,2.93,5.90116224579511));
#19915=CARTESIAN_POINT('',(12.8,2.93,5.90116224579511));
#19916=CARTESIAN_POINT('',(12.8,2.93,5.90116224579511));
#19917=CARTESIAN_POINT('',(3.25,2.93,5.90116224579511));
#19918=CARTESIAN_POINT('',(3.25,2.93,8.10000000000001));
#19919=CARTESIAN_POINT('',(12.8,2.93,5.90116224579511));
#19920=CARTESIAN_POINT('',(3.25,2.93,8.10000000000001));
#19921=CARTESIAN_POINT('',(3.25,2.37,8.10000000000001));
#19922=CARTESIAN_POINT('',(3.25,2.37,8.10000000000001));
#19923=CARTESIAN_POINT('',(3.25,2.37,8.10000000000001));
#19924=CARTESIAN_POINT('',(12.8,2.37,5.90116224579511));
#19925=CARTESIAN_POINT('',(12.8,2.37,5.90116224579511));
#19926=CARTESIAN_POINT('',(3.25,2.37,5.90116224579511));
#19927=CARTESIAN_POINT('',(3.25,1.24,5.90116224579511));
#19928=CARTESIAN_POINT('',(12.8,1.24,5.90116224579511));
#19929=CARTESIAN_POINT('',(12.8,1.24,5.90116224579511));
#19930=CARTESIAN_POINT('',(3.25,1.24,5.90116224579511));
#19931=CARTESIAN_POINT('',(3.25,1.24,2.40116224579511));
#19932=CARTESIAN_POINT('',(12.8,1.24,2.40116224579511));
#19933=CARTESIAN_POINT('',(12.8,1.24,2.40116224579511));
#19934=CARTESIAN_POINT('',(3.25,1.24,2.40116224579511));
#19935=CARTESIAN_POINT('',(3.25,1.24,2.40116224579511));
#19936=CARTESIAN_POINT('',(3.25,1.24,2.40116224579511));
#19937=CARTESIAN_POINT('',(3.25,1.24,3.43674969975976));
#19938=CARTESIAN_POINT('',(3.6,1.24,2.5));
#19939=CARTESIAN_POINT('',(3.6,1.24,3.5));
#19940=CARTESIAN_POINT('',(3.75,1.24,3.5));
#19941=CARTESIAN_POINT('',(3.75,1.24,3.5));
#19942=CARTESIAN_POINT('',(3.75,1.24,3.6));
#19943=CARTESIAN_POINT('',(3.75,1.24,3.6));
#19944=CARTESIAN_POINT('',(3.75,1.24,3.6));
#19945=CARTESIAN_POINT('',(3.25,1.24,-5.42101086242752E-13));
#19946=CARTESIAN_POINT('',(2.66,1.24,0.849999999999458));
#19947=CARTESIAN_POINT('',(2.66,1.24,0.849999999999458));
#19948=CARTESIAN_POINT('',(3.25,1.24,0.849999999999458));
#19949=CARTESIAN_POINT('',(3.25,13.24,-5.42101086242752E-13));
#19950=CARTESIAN_POINT('',(3.25,13.24,0.849999999999458));
#19951=CARTESIAN_POINT('',(2.66,13.24,0.849999999999458));
#19952=CARTESIAN_POINT('',(2.66,13.24,0.849999999999458));
#19953=CARTESIAN_POINT('',(3.25,13.24,0.849999999999458));
#19954=CARTESIAN_POINT('',(11.,20.2899472621539,0.849999999999999));
#19955=CARTESIAN_POINT('',(8.5,20.2899472621539,0.849999999999999));
#19956=CARTESIAN_POINT('',(2.66,13.89,0.849999999999458));
#19957=CARTESIAN_POINT('',(3.25,13.89,2.40116224579511));
#19958=CARTESIAN_POINT('',(12.8,13.24,2.40116224579511));
#19959=CARTESIAN_POINT('',(12.75,0.,2.40116224579511));
#19960=CARTESIAN_POINT('',(3.25,0.59,2.40116224579511));
#19961=CARTESIAN_POINT('',(12.75,0.,2.40116224579511));
#19962=CARTESIAN_POINT('',(3.25,0.59,2.40116224579511));
#19963=CARTESIAN_POINT('',(12.8,1.24,2.40116224579511));
#19964=CARTESIAN_POINT('',(3.25,1.24,0.849999999999458));
#19965=CARTESIAN_POINT('',(2.66,0.59,0.849999999999458));
#19966=CARTESIAN_POINT('',(8.5,20.2899472621539,0.849999999999999));
#19967=CARTESIAN_POINT('',(11.,20.2899472621539,0.849999999999999));
#19968=CARTESIAN_POINT('',(3.25,0.,0.));
#19969=CARTESIAN_POINT('',(3.25,1.24,3.43674969975976));
#19970=CARTESIAN_POINT('',(3.25,13.89,2.36));
#19971=CARTESIAN_POINT('',(2.66,13.89,2.36));
#19972=CARTESIAN_POINT('',(2.66,13.89,2.36));
#19973=CARTESIAN_POINT('',(2.66,13.89,2.36));
#19974=CARTESIAN_POINT('',(2.66,13.89,2.36));
#19975=CARTESIAN_POINT('',(2.66,0.,0.));
#19976=CARTESIAN_POINT('',(13.,14.23,14.25));
#19977=CARTESIAN_POINT('',(0.25,14.23,14.25));
#19978=CARTESIAN_POINT('',(0.0732233047033638,14.4067766952966,14.4267766952966));
#19979=CARTESIAN_POINT('',(0.25,14.23,14.25));
#19980=CARTESIAN_POINT('',(0.25,14.23,14.5));
#19981=CARTESIAN_POINT('',(0.25,14.23,14.25));
#19982=CARTESIAN_POINT('',(0.25,0.25,0.));
#19983=CARTESIAN_POINT('',(0.25,0.25,14.25));
#19984=CARTESIAN_POINT('',(0.0732233047033635,0.0732233047033627,14.4267766952966));
#19985=CARTESIAN_POINT('',(0.25,0.25,14.25));
#19986=CARTESIAN_POINT('',(-1.90152381020535E-15,0.25,14.25));
#19987=CARTESIAN_POINT('',(0.25,0.25,14.25));
#19988=CARTESIAN_POINT('',(3.75,1.24,3.6));
#19989=CARTESIAN_POINT('',(0.200000000000001,1.24,3.6));
#19990=CARTESIAN_POINT('',(3.75,1.24,3.6));
#19991=CARTESIAN_POINT('',(3.75,1.24,3.6));
#19992=CARTESIAN_POINT('',(3.75,1.24,3.5));
#19993=CARTESIAN_POINT('',(3.75,1.24,3.5));
#19994=CARTESIAN_POINT('',(3.6,1.24,3.5));
#19995=CARTESIAN_POINT('',(3.6,1.24,2.5));
#19996=CARTESIAN_POINT('',(2.6,1.24,2.5));
#19997=CARTESIAN_POINT('',(2.6,1.24,2.5));
#19998=CARTESIAN_POINT('',(11.,20.2899472621539,2.35));
#19999=CARTESIAN_POINT('',(11.,20.2899472621539,2.35));
#20000=CARTESIAN_POINT('',(8.5,20.2899472621539,2.35));
#20001=CARTESIAN_POINT('',(11.,20.2899472621539,0.849999999999999));
#20002=CARTESIAN_POINT('',(8.5,20.2899472621539,2.35));
#20003=CARTESIAN_POINT('',(8.5,20.2899472621539,2.35));
#20004=CARTESIAN_POINT('',(8.5,20.2899472621539,2.35));
#20005=CARTESIAN_POINT('',(11.,20.2899472621539,0.849999999999999));
#20006=CARTESIAN_POINT('',(11.,20.2899472621539,2.35));
#20007=CARTESIAN_POINT('',(11.,20.2899472621539,2.35));
#20008=CARTESIAN_POINT('',(5.86,0.78,-3.12));
#20009=CARTESIAN_POINT('',(5.86,0.78,-3.12));
#20010=CARTESIAN_POINT('',(7.86,0.78,-3.12));
#20011=CARTESIAN_POINT('',(7.86,0.78,-3.12));
#20012=CARTESIAN_POINT('',(8.485,0.78,-0.849999999999999));
#20013=CARTESIAN_POINT('',(8.485,0.78,-0.849999999999999));
#20014=CARTESIAN_POINT('',(8.485,0.78,0.5));
#20015=CARTESIAN_POINT('',(8.485,0.78,0.5));
#20016=CARTESIAN_POINT('',(8.485,0.78,0.5));
#20017=CARTESIAN_POINT('',(5.235,0.78,0.));
#20018=CARTESIAN_POINT('',(5.235,0.78,0.5));
#20019=CARTESIAN_POINT('',(5.235,0.78,0.5));
#20020=CARTESIAN_POINT('',(5.235,0.78,0.));
#20021=CARTESIAN_POINT('',(5.235,0.78,-0.849999999999999));
#20022=CARTESIAN_POINT('',(5.235,0.78,-0.849999999999999));
#20023=CARTESIAN_POINT('',(8.485,13.7,0.));
#20024=CARTESIAN_POINT('',(8.485,13.7,0.5));
#20025=CARTESIAN_POINT('',(8.485,13.7,0.5));
#20026=CARTESIAN_POINT('',(8.485,13.7,0.5));
#20027=CARTESIAN_POINT('',(8.485,13.7,-0.849999999999999));
#20028=CARTESIAN_POINT('',(8.485,13.7,-0.849999999999999));
#20029=CARTESIAN_POINT('',(7.86,13.7,-3.12));
#20030=CARTESIAN_POINT('',(7.86,13.7,-3.12));
#20031=CARTESIAN_POINT('',(5.86,13.7,-3.12));
#20032=CARTESIAN_POINT('',(5.86,13.7,-3.12));
#20033=CARTESIAN_POINT('',(5.235,13.7,-0.849999999999999));
#20034=CARTESIAN_POINT('',(5.235,13.7,-0.849999999999999));
#20035=CARTESIAN_POINT('',(5.235,13.7,0.5));
#20036=CARTESIAN_POINT('',(5.235,13.7,0.5));
#20037=CARTESIAN_POINT('',(5.235,13.7,0.5));
#20038=CARTESIAN_POINT('',(7.445,14.5549481702753,-0.604999999999999));
#20039=CARTESIAN_POINT('',(7.445,14.5549481702753,-1.735));
#20040=CARTESIAN_POINT('',(7.445,14.5549481702753,-0.604999999999999));
#20041=CARTESIAN_POINT('',(6.86,14.5549481702753,-0.604999999999999));
#20042=CARTESIAN_POINT('',(6.275,14.5549481702753,-0.604999999999999));
#20043=CARTESIAN_POINT('',(6.275,14.5549481702753,-1.735));
#20044=CARTESIAN_POINT('',(6.275,14.5549481702753,-1.735));
#20045=CARTESIAN_POINT('',(6.86,14.5549481702753,-1.735));
#20046=CARTESIAN_POINT('',(6.86,14.5549481702753,-1.735));
#20047=CARTESIAN_POINT('',(6.275,14.5549481702753,-1.735));
#20048=CARTESIAN_POINT('',(7.445,14.5549481702753,-1.735));
#20049=CARTESIAN_POINT('',(6.275,14.5549481702753,-1.735));
#20050=CARTESIAN_POINT('',(6.275,14.5549481702753,-0.604999999999999));
#20051=CARTESIAN_POINT('',(6.86,14.5549481702753,-0.604999999999999));
#20052=CARTESIAN_POINT('',(7.445,14.5549481702753,-0.604999999999999));
#20053=CARTESIAN_POINT('',(7.445,14.5549481702753,-0.604999999999999));
#20054=CARTESIAN_POINT('',(9.285,0.78,0.));
#20055=CARTESIAN_POINT('',(9.285,0.78,0.5));
#20056=CARTESIAN_POINT('',(9.285,0.78,0.5));
#20057=CARTESIAN_POINT('',(9.285,0.78,0.));
#20058=CARTESIAN_POINT('',(9.285,0.78,0.5));
#20059=CARTESIAN_POINT('',(9.285,0.78,0.5));
#20060=CARTESIAN_POINT('',(0.,0.78,0.));
#20061=CARTESIAN_POINT('',(5.235,0.78,0.5));
#20062=CARTESIAN_POINT('',(4.435,0.78,0.5));
#20063=CARTESIAN_POINT('',(4.435,0.78,0.5));
#20064=CARTESIAN_POINT('',(5.235,0.78,0.5));
#20065=CARTESIAN_POINT('',(4.435,0.78,0.5));
#20066=CARTESIAN_POINT('',(4.435,0.78,0.5));
#20067=CARTESIAN_POINT('',(0.,0.78,0.));
#20068=CARTESIAN_POINT('',(4.435,13.7,0.));
#20069=CARTESIAN_POINT('',(4.435,13.7,0.5));
#20070=CARTESIAN_POINT('',(4.435,13.7,0.5));
#20071=CARTESIAN_POINT('',(4.435,13.7,0.));
#20072=CARTESIAN_POINT('',(4.435,13.7,0.5));
#20073=CARTESIAN_POINT('',(4.435,13.7,0.5));
#20074=CARTESIAN_POINT('',(0.,13.7,0.));
#20075=CARTESIAN_POINT('',(9.285,13.7,0.));
#20076=CARTESIAN_POINT('',(9.285,13.7,0.));
#20077=CARTESIAN_POINT('',(9.285,13.7,0.5));
#20078=CARTESIAN_POINT('',(9.285,13.7,0.5));
#20079=CARTESIAN_POINT('',(9.285,13.7,0.5));
#20080=CARTESIAN_POINT('',(9.285,13.7,0.5));
#20081=CARTESIAN_POINT('',(0.,13.7,0.));
#20082=CARTESIAN_POINT('',(0.25,14.48,14.25));
#20083=CARTESIAN_POINT('',(0.,9.565,14.5));
#20084=CARTESIAN_POINT('',(-1.73470588235294,12.1670588235294,15.6147058823529));
#20085=CARTESIAN_POINT('',(-1.34045454545455,11.5756818181818,14.4706818181818));
#20086=CARTESIAN_POINT('',(0.,14.48,12.46));
#20087=CARTESIAN_POINT('',(-1.11409090909091,12.0661363636364,14.1311363636364));
#20088=CARTESIAN_POINT('',(0.,10.395,14.5));
#20089=CARTESIAN_POINT('',(-1.11409090909091,12.0661363636364,12.4011363636364));
#20090=CARTESIAN_POINT('',(0.,14.48,10.73));
#20091=CARTESIAN_POINT('',(-0.364346599163548,13.690582368479,11.2765198987453));
#20092=CARTESIAN_POINT('',(0.,13.1440624697337,14.5));
#20093=CARTESIAN_POINT('',(-1.43727272727273,15.2999715606427,11.3859090909091));
#20094=CARTESIAN_POINT('',(0.,14.48,9.23));
#20095=CARTESIAN_POINT('',(-1.43727272727273,16.0009090909091,11.3859090909091));
#20096=CARTESIAN_POINT('',(0.,13.845,14.5));
#20097=CARTESIAN_POINT('',(-0.173181818181819,14.1047727272727,4.66022727272727));
#20098=CARTESIAN_POINT('',(0.,14.48,4.92));
#20099=CARTESIAN_POINT('',(-0.336818181818182,13.7502272727273,4.41477272727273));
#20100=CARTESIAN_POINT('',(0.,13.245,14.5));
#20101=CARTESIAN_POINT('',(-0.336818181818183,13.7502272727273,2.79477272727273));
#20102=CARTESIAN_POINT('',(0.,14.48,3.3));
#20103=CARTESIAN_POINT('',(3.05454545454546,5.81681818181817,7.88181818181817));
#20104=CARTESIAN_POINT('',(0.,1.235,14.5));
#20105=CARTESIAN_POINT('',(2.61272727272728,5.1540909090909,8.8390909090909));
#20106=CARTESIAN_POINT('',(0.,14.48,4.92));
#20107=CARTESIAN_POINT('',(2.61272727272728,4.55409090909091,8.83909090909092));
#20108=CARTESIAN_POINT('',(0.,0.635000000000002,14.5));
#20109=CARTESIAN_POINT('',(3.77590909090909,6.29886363636361,3.56613636363637));
#20110=CARTESIAN_POINT('',(0.,14.48,9.23));
#20111=CARTESIAN_POINT('',(3.58474430992737,6.71305399515738,3.85288353510896));
#20112=CARTESIAN_POINT('',(0.,1.33593753026634,14.5));
#20113=CARTESIAN_POINT('',(3.58474430992737,6.71305399515738,5.35288353510896));
#20114=CARTESIAN_POINT('',(0.,14.48,10.73));
#20115=CARTESIAN_POINT('',(2.83500000000001,8.3375,6.4775));
#20116=CARTESIAN_POINT('',(0.,4.085,14.5));
#20117=CARTESIAN_POINT('',(2.83500000000001,8.3375,8.2075));
#20118=CARTESIAN_POINT('',(0.,14.48,12.46));
#20119=CARTESIAN_POINT('',(2.60863636363637,8.82795454545454,8.54704545454546));
#20120=CARTESIAN_POINT('',(0.,4.915,14.5));
#20121=CARTESIAN_POINT('',(3.37588235294118,9.97882352941175,10.5041176470588));
#20122=CARTESIAN_POINT('',(12.8,1.24,2.40116224579511));
#20123=CARTESIAN_POINT('',(12.8,1.24,5.90116224579511));
#20124=CARTESIAN_POINT('',(12.8,1.24,5.90116224579511));
#20125=CARTESIAN_POINT('',(12.8,13.24,5.90116224579511));
#20126=CARTESIAN_POINT('',(12.4918181818182,12.7777272727273,5.43888951852238));
#20127=CARTESIAN_POINT('',(12.8,12.11,5.90116224579511));
#20128=CARTESIAN_POINT('',(12.8,5.99,5.90116224579511));
#20129=CARTESIAN_POINT('',(12.8,2.93,5.90116224579511));
#20130=CARTESIAN_POINT('',(12.8,10.07,5.90116224579511));
#20131=CARTESIAN_POINT('',(12.8,11.09,5.90116224579511));
#20132=CARTESIAN_POINT('',(12.8,8.03,5.90116224579511));
#20133=CARTESIAN_POINT('',(12.8,4.97,5.90116224579511));
#20134=CARTESIAN_POINT('',(12.8,3.95,5.90116224579511));
#20135=CARTESIAN_POINT('',(0.,14.48,13.88));
#20136=CARTESIAN_POINT('',(10.2584796614044,1.63593753026634,9.75));
#20137=CARTESIAN_POINT('',(10.2584796614044,1.63593753026634,9.75));
#20138=CARTESIAN_POINT('',(10.2584796614044,0.,0.));
#20139=CARTESIAN_POINT('',(10.2584796614044,10.095,9.68));
#20140=CARTESIAN_POINT('',(10.2584796614044,10.095,9.68));
#20141=CARTESIAN_POINT('',(10.2584796614044,0.,0.));
#20142=CARTESIAN_POINT('',(11.,12.8440624697337,9.75640056144612));
#20143=CARTESIAN_POINT('',(11.,12.8440624697337,10.43));
#20144=CARTESIAN_POINT('',(11.,12.8440624697337,9.75640056144612));
#20145=CARTESIAN_POINT('',(11.,12.8440624697337,9.75640056144612));
#20146=CARTESIAN_POINT('',(11.,12.8440624697337,9.75640056144612));
#20147=CARTESIAN_POINT('',(11.,12.8440624697337,10.43));
#20148=CARTESIAN_POINT('',(0.,0.,10.43));
#20149=CARTESIAN_POINT('',(0.,0.,10.43));
#20150=CARTESIAN_POINT('',(0.,0.,9.75640056144612));
#20151=CARTESIAN_POINT('',(2.2,13.665,0.57));
#20152=CARTESIAN_POINT('',(2.2,13.665,0.57));
#20153=CARTESIAN_POINT('',(2.2,13.665,0.57));
#20154=CARTESIAN_POINT('',(2.2,13.665,0.57));
#20155=CARTESIAN_POINT('',(0.,0.815000000000001,0.57));
#20156=CARTESIAN_POINT('',(0.,0.815000000000001,0.57));
#20157=CARTESIAN_POINT('',(2.2,0.815000000000001,0.57));
#20158=CARTESIAN_POINT('',(2.2,0.815000000000001,0.57));
#20159=CARTESIAN_POINT('',(2.2,0.815000000000001,0.57));
#20160=CARTESIAN_POINT('',(2.2,0.815000000000001,0.57));
#20161=CARTESIAN_POINT('',(0.,0.,0.57));
#20162=CARTESIAN_POINT('',(12.75,14.48,1.30116224579511));
#20163=CARTESIAN_POINT('',(12.75,14.48,1.30116224579511));
#20164=CARTESIAN_POINT('',(12.75,0.,0.));
#20165=CARTESIAN_POINT('',(12.75,0.,0.));
#20166=CARTESIAN_POINT('',(12.75,14.48,1.30116224579511));
#20167=CARTESIAN_POINT('',(12.75,14.48,1.30116224579511));
#20168=CARTESIAN_POINT('',(13.,12.3990624697337,-0.0899999999999885));
#20169=CARTESIAN_POINT('',(9.11277694976745,5.67906246514599,2.63024143860556));
#20170=CARTESIAN_POINT('',(7.77253050808822,0.,-5.48291713306418));
#20171=CARTESIAN_POINT('',(0.,0.,8.67361737988404E-16));
#20172=CARTESIAN_POINT('',(-0.132579432719052,0.,-0.187943326617079));
#20173=CARTESIAN_POINT('',(7.77253050808822,0.,-5.48291713306418));
#20174=CARTESIAN_POINT('',(7.63995107536917,0.,-5.67086045968126));
#20175=CARTESIAN_POINT('',(7.41081386215396,0.,-5.99568316573923));
#20176=CARTESIAN_POINT('',(7.41081386215396,0.,-6.62319247739224));
#20177=CARTESIAN_POINT('',(7.41081386215396,0.,-6.39319247739224));
#20178=CARTESIAN_POINT('',(1.94742326294855,0.,-6.62319247739224));
#20179=CARTESIAN_POINT('',(1.94742326294855,0.,-6.62319247739224));
#20180=CARTESIAN_POINT('',(1.94742326294855,0.,-6.39319247739224));
#20181=CARTESIAN_POINT('',(1.94742326294855,0.,-7.29801402881242));
#20182=CARTESIAN_POINT('',(1.27260171152837,0.,-7.29801402881242));
#20183=CARTESIAN_POINT('',(1.04260171152837,0.,-7.29801402881242));
#20184=CARTESIAN_POINT('',(1.27260171152837,0.,-11.2080140288124));
#20185=CARTESIAN_POINT('',(1.27260171152837,0.,-11.2080140288124));
#20186=CARTESIAN_POINT('',(1.04260171152837,0.,-11.2080140288124));
#20187=CARTESIAN_POINT('',(0.,0.,8.67361737988404E-16));
#20188=CARTESIAN_POINT('',(1.27260171152837,0.,-11.2080140288124));
#20189=CARTESIAN_POINT('',(1.56739828847165,7.7508871716405,7.86427826324861));
#20190=CARTESIAN_POINT('',(7.5,13.24,6.96));
#20191=CARTESIAN_POINT('',(7.5,13.24,7.17));
#20192=CARTESIAN_POINT('',(0.999999999999999,13.24,7.17));
#20193=CARTESIAN_POINT('',(-1.,13.24,7.17));
#20194=CARTESIAN_POINT('',(1.,13.24,6.96));
#20195=CARTESIAN_POINT('',(1.,13.45,6.96));
#20196=CARTESIAN_POINT('',(-7.5,13.45,6.96));
#20197=CARTESIAN_POINT('',(-1.,13.45,6.96));
#20198=CARTESIAN_POINT('',(-1.,13.24,6.96));
#20199=CARTESIAN_POINT('',(7.5,13.24,6.96));
#20200=CARTESIAN_POINT('',(-7.5,13.45,6.96));
#20201=CARTESIAN_POINT('',(6.,13.45,6.96));
#20202=CARTESIAN_POINT('',(7.5,13.45,6.96));
#20203=CARTESIAN_POINT('',(6.,13.24,6.96));
#20204=CARTESIAN_POINT('',(6.,13.24,7.17));
#20205=CARTESIAN_POINT('',(7.5,13.24,7.17));
#20206=CARTESIAN_POINT('',(7.5,13.24,7.17));
#20207=CARTESIAN_POINT('',(7.5,13.24,6.96));
#20208=CARTESIAN_POINT('',(7.5,13.24,6.96));
#20209=CARTESIAN_POINT('',(1.,13.24,6.96));
#20210=CARTESIAN_POINT('',(0.999999999999999,13.24,6.97));
#20211=CARTESIAN_POINT('',(0.999999999999998,13.25,6.96));
#20212=CARTESIAN_POINT('',(7.5,13.24,6.97));
#20213=CARTESIAN_POINT('',(-1.,13.24,6.97));
#20214=CARTESIAN_POINT('',(-1.,13.24,6.96));
#20215=CARTESIAN_POINT('',(-1.,13.25,6.96));
#20216=CARTESIAN_POINT('',(-7.5,13.25,6.96));
#20217=CARTESIAN_POINT('',(7.5,13.24,6.96));
#20218=CARTESIAN_POINT('',(6.,13.24,6.96));
#20219=CARTESIAN_POINT('',(6.,13.25,6.96));
#20220=CARTESIAN_POINT('',(6.,13.24,6.97));
#20221=CARTESIAN_POINT('',(-7.5,13.25,6.96));
#20222=CARTESIAN_POINT('',(7.5,13.25,6.96));
#20223=CARTESIAN_POINT('',(7.5,13.24,6.96));
#20224=CARTESIAN_POINT('',(7.5,13.24,6.97));
#20225=CARTESIAN_POINT('',(7.5,13.24,6.97));
#20226=CARTESIAN_POINT('',(7.5,13.24,6.96));
#20227=CARTESIAN_POINT('',(7.5,13.24,7.17));
#20228=CARTESIAN_POINT('',(-6.,13.24,7.17));
#20229=CARTESIAN_POINT('',(-7.5,13.24,7.17));
#20230=CARTESIAN_POINT('',(-6.,13.24,6.96));
#20231=CARTESIAN_POINT('',(-6.,13.45,6.96));
#20232=CARTESIAN_POINT('',(-7.5,13.45,6.96));
#20233=CARTESIAN_POINT('',(-7.49999999999999,13.45,6.96));
#20234=CARTESIAN_POINT('',(-7.5,13.24,6.96));
#20235=CARTESIAN_POINT('',(7.5,13.24,6.96));
#20236=CARTESIAN_POINT('',(-6.,13.24,6.96));
#20237=CARTESIAN_POINT('',(-6.,13.24,6.97));
#20238=CARTESIAN_POINT('',(-6.,13.25,6.96));
#20239=CARTESIAN_POINT('',(7.5,13.24,6.97));
#20240=CARTESIAN_POINT('',(-7.5,13.24,6.97));
#20241=CARTESIAN_POINT('',(-7.5,13.24,6.96));
#20242=CARTESIAN_POINT('',(-7.5,13.25,6.96));
#20243=CARTESIAN_POINT('',(-7.5,13.25,6.96));
#20244=CARTESIAN_POINT('',(-7.5,13.03,-5.168));
#20245=CARTESIAN_POINT('',(-7.5,13.03,-6.17));
#20246=CARTESIAN_POINT('',(-7.3,13.03,-6.17));
#20247=CARTESIAN_POINT('',(-7.5,13.03,-6.17));
#20248=CARTESIAN_POINT('',(-7.3,13.03,-5.17));
#20249=CARTESIAN_POINT('',(-7.3,13.03,-6.172));
#20250=CARTESIAN_POINT('',(-7.5,13.03,-6.172));
#20251=CARTESIAN_POINT('',(-7.5,13.03,-6.172));
#20252=CARTESIAN_POINT('',(-7.5,13.03,-5.168));
#20253=CARTESIAN_POINT('',(-7.5,4.60248675458878E-16,0.));
#20254=CARTESIAN_POINT('',(-7.5,4.60248675458878E-16,5.11));
#20255=CARTESIAN_POINT('',(-7.5,11.35,5.11));
#20256=CARTESIAN_POINT('',(-7.5,12.1,5.11));
#20257=CARTESIAN_POINT('',(-7.5,11.35,1.31260743015578E-14));
#20258=CARTESIAN_POINT('',(-7.5,11.35,3.61));
#20259=CARTESIAN_POINT('',(-7.5,4.60248675458878E-16,3.61));
#20260=CARTESIAN_POINT('',(-7.5,12.1,3.61));
#20261=CARTESIAN_POINT('',(-7.5,12.1,0.));
#20262=CARTESIAN_POINT('',(-7.5,13.24,6.96));
#20263=CARTESIAN_POINT('',(-7.5,13.24,-6.37));
#20264=CARTESIAN_POINT('',(-7.5,13.24,-6.92));
#20265=CARTESIAN_POINT('',(-7.5,12.99,-6.92));
#20266=CARTESIAN_POINT('',(-7.5,12.99,-7.17));
#20267=CARTESIAN_POINT('',(-7.5,13.24,-7.17));
#20268=CARTESIAN_POINT('',(-7.5,4.975,-7.17));
#20269=CARTESIAN_POINT('',(-7.5,4.975,-7.55));
#20270=CARTESIAN_POINT('',(-7.5,4.595,-7.55));
#20271=CARTESIAN_POINT('',(-7.5,4.595,-7.17));
#20272=CARTESIAN_POINT('',(-7.5,4.595,-9.82500000000001));
#20273=CARTESIAN_POINT('',(-7.5,4.01,-9.82500000000001));
#20274=CARTESIAN_POINT('',(-7.5,3.425,-9.82500000000001));
#20275=CARTESIAN_POINT('',(-7.5,3.425,-9.82500000000001));
#20276=CARTESIAN_POINT('',(-7.5,3.425,-7.55));
#20277=CARTESIAN_POINT('',(-7.5,3.045,-7.55));
#20278=CARTESIAN_POINT('',(-7.5,3.045,-7.17));
#20279=CARTESIAN_POINT('',(-7.5,13.24,-7.17));
#20280=CARTESIAN_POINT('',(-7.5,0.21,-7.17));
#20281=CARTESIAN_POINT('',(-7.5,0.21,-7.17));
#20282=CARTESIAN_POINT('',(-7.5,0.21,-4.78359756097561));
#20283=CARTESIAN_POINT('',(-7.5,8.2,-4.54));
#20284=CARTESIAN_POINT('',(-7.5,7.95761841136142,-4.54738968258045));
#20285=CARTESIAN_POINT('',(-7.5,7.95,-4.29750578992562));
#20286=CARTESIAN_POINT('',(-7.5,8.2,-4.29750578992562));
#20287=CARTESIAN_POINT('',(-7.5,8.2,-2.24));
#20288=CARTESIAN_POINT('',(-7.5,8.2,-2.48249421007438));
#20289=CARTESIAN_POINT('',(-7.5,7.95,-2.48249421007438));
#20290=CARTESIAN_POINT('',(-7.5,7.95761841136142,-2.23261031741956));
#20291=CARTESIAN_POINT('',(-7.5,0.,-1.99));
#20292=CARTESIAN_POINT('',(-7.5,0.21,-1.99640243902439));
#20293=CARTESIAN_POINT('',(-7.5,0.21,-7.17));
#20294=CARTESIAN_POINT('',(-7.5,0.21,1.69640243902439));
#20295=CARTESIAN_POINT('',(-7.5,8.2,1.94));
#20296=CARTESIAN_POINT('',(-7.5,7.95761841136143,1.93261031741956));
#20297=CARTESIAN_POINT('',(-7.5,7.95,2.18249421007438));
#20298=CARTESIAN_POINT('',(-7.5,8.2,2.18249421007438));
#20299=CARTESIAN_POINT('',(-7.5,8.2,4.24));
#20300=CARTESIAN_POINT('',(-7.5,8.2,3.99750578992562));
#20301=CARTESIAN_POINT('',(-7.5,7.95,3.99750578992562));
#20302=CARTESIAN_POINT('',(-7.5,7.95761841136142,4.24738968258045));
#20303=CARTESIAN_POINT('',(-7.5,-8.67361737988404E-16,4.49));
#20304=CARTESIAN_POINT('',(-7.5,0.21,4.48359756097561));
#20305=CARTESIAN_POINT('',(-7.5,0.21,-7.17));
#20306=CARTESIAN_POINT('',(-7.5,0.209999999999999,6.96));
#20307=CARTESIAN_POINT('',(-7.5,0.150309739581795,6.96));
#20308=CARTESIAN_POINT('',(-7.5,13.24,6.96));
#20309=CARTESIAN_POINT('',(-7.5,13.24,6.96));
#20310=CARTESIAN_POINT('',(-7.5,13.24,-4.97));
#20311=CARTESIAN_POINT('',(-7.5,13.24,-5.07));
#20312=CARTESIAN_POINT('',(-7.5,13.2201002512579,-5.168));
#20313=CARTESIAN_POINT('',(-7.5,13.242,-5.168));
#20314=CARTESIAN_POINT('',(-7.5,13.03,-5.168));
#20315=CARTESIAN_POINT('',(-7.5,13.03,-5.168));
#20316=CARTESIAN_POINT('',(-7.5,13.03,-5.17));
#20317=CARTESIAN_POINT('',(-7.5,13.03,-5.17));
#20318=CARTESIAN_POINT('',(-7.5,13.242,-6.172));
#20319=CARTESIAN_POINT('',(-7.5,13.2201002512579,-6.172));
#20320=CARTESIAN_POINT('',(-7.5,13.24,-6.27));
#20321=CARTESIAN_POINT('',(-7.3,4.46996081688784E-16,0.));
#20322=CARTESIAN_POINT('',(-7.3,13.24,-7.17));
#20323=CARTESIAN_POINT('',(-7.3,12.99,-7.17));
#20324=CARTESIAN_POINT('',(-7.3,4.975,-7.17));
#20325=CARTESIAN_POINT('',(-7.3,12.99,-6.92));
#20326=CARTESIAN_POINT('',(-7.3,13.24,-6.92));
#20327=CARTESIAN_POINT('',(-7.3,13.24,6.96));
#20328=CARTESIAN_POINT('',(-7.3,13.24,-6.37));
#20329=CARTESIAN_POINT('',(-7.3,13.24,-6.27));
#20330=CARTESIAN_POINT('',(-7.3,13.2201002512579,-6.172));
#20331=CARTESIAN_POINT('',(-7.3,13.03,-6.172));
#20332=CARTESIAN_POINT('',(-7.3,13.03,-5.17));
#20333=CARTESIAN_POINT('',(-7.3,13.03,-5.17));
#20334=CARTESIAN_POINT('',(-7.3,13.03,-5.17));
#20335=CARTESIAN_POINT('',(-7.3,13.03,-5.168));
#20336=CARTESIAN_POINT('',(-7.3,13.03,-5.168));
#20337=CARTESIAN_POINT('',(-7.3,13.2201002512579,-5.168));
#20338=CARTESIAN_POINT('',(-7.3,13.24,-5.07));
#20339=CARTESIAN_POINT('',(-7.3,13.24,-4.97));
#20340=CARTESIAN_POINT('',(-7.3,13.24,6.96));
#20341=CARTESIAN_POINT('',(-7.3,13.24,6.96));
#20342=CARTESIAN_POINT('',(-7.3,0.150309739581795,6.96));
#20343=CARTESIAN_POINT('',(-7.3,0.21,6.96));
#20344=CARTESIAN_POINT('',(-7.3,0.21,-7.17));
#20345=CARTESIAN_POINT('',(-7.3,0.21,4.48359756097561));
#20346=CARTESIAN_POINT('',(-7.3,-8.87427943609882E-16,4.49));
#20347=CARTESIAN_POINT('',(-7.3,7.95761841136142,4.24738968258045));
#20348=CARTESIAN_POINT('',(-7.3,7.95,3.99750578992562));
#20349=CARTESIAN_POINT('',(-7.3,8.2,3.99750578992562));
#20350=CARTESIAN_POINT('',(-7.3,8.2,4.24));
#20351=CARTESIAN_POINT('',(-7.3,8.2,2.18249421007438));
#20352=CARTESIAN_POINT('',(-7.3,7.95,2.18249421007438));
#20353=CARTESIAN_POINT('',(-7.3,7.95761841136143,1.93261031741956));
#20354=CARTESIAN_POINT('',(-7.3,8.2,1.94));
#20355=CARTESIAN_POINT('',(-7.3,0.21,1.69640243902439));
#20356=CARTESIAN_POINT('',(-7.3,0.21,-7.17));
#20357=CARTESIAN_POINT('',(-7.3,0.21,-1.99640243902439));
#20358=CARTESIAN_POINT('',(-7.3,-2.00662056214784E-17,-1.99));
#20359=CARTESIAN_POINT('',(-7.3,7.95761841136142,-2.23261031741956));
#20360=CARTESIAN_POINT('',(-7.3,7.95,-2.48249421007438));
#20361=CARTESIAN_POINT('',(-7.3,8.2,-2.48249421007438));
#20362=CARTESIAN_POINT('',(-7.3,8.2,-2.24));
#20363=CARTESIAN_POINT('',(-7.3,8.2,-4.29750578992562));
#20364=CARTESIAN_POINT('',(-7.3,7.95,-4.29750578992562));
#20365=CARTESIAN_POINT('',(-7.3,7.95761841136142,-4.54738968258045));
#20366=CARTESIAN_POINT('',(-7.3,8.2,-4.54));
#20367=CARTESIAN_POINT('',(-7.3,0.21,-4.78359756097561));
#20368=CARTESIAN_POINT('',(-7.3,0.21,-7.17));
#20369=CARTESIAN_POINT('',(-7.3,0.21,-7.17));
#20370=CARTESIAN_POINT('',(-7.3,13.24,-7.17));
#20371=CARTESIAN_POINT('',(-7.3,3.045,-7.17));
#20372=CARTESIAN_POINT('',(-7.3,3.045,-7.55));
#20373=CARTESIAN_POINT('',(-7.3,3.425,-7.55));
#20374=CARTESIAN_POINT('',(-7.3,3.425,-9.82500000000001));
#20375=CARTESIAN_POINT('',(-7.3,3.425,-9.82500000000001));
#20376=CARTESIAN_POINT('',(-7.3,4.01,-9.82500000000001));
#20377=CARTESIAN_POINT('',(-7.3,4.595,-9.82500000000001));
#20378=CARTESIAN_POINT('',(-7.3,4.595,-7.17));
#20379=CARTESIAN_POINT('',(-7.3,4.595,-7.55));
#20380=CARTESIAN_POINT('',(-7.3,4.975,-7.55));
#20381=CARTESIAN_POINT('',(-7.3,4.46996081688784E-16,5.08122732548915));
#20382=CARTESIAN_POINT('',(-7.3,11.3787726745109,5.08122732548915));
#20383=CARTESIAN_POINT('',(-7.3,12.0712273254892,5.08122732548915));
#20384=CARTESIAN_POINT('',(-7.3,12.0712273254892,0.));
#20385=CARTESIAN_POINT('',(-7.3,12.0712273254892,3.63877267451085));
#20386=CARTESIAN_POINT('',(-7.3,4.46996081688784E-16,3.63877267451085));
#20387=CARTESIAN_POINT('',(-7.3,11.3787726745109,3.63877267451085));
#20388=CARTESIAN_POINT('',(-7.3,11.3787726745109,1.31593493908516E-14));
#20389=CARTESIAN_POINT('',(-7.5,13.24,6.96));
#20390=CARTESIAN_POINT('',(-7.3,13.24,-4.97));
#20391=CARTESIAN_POINT('',(-7.5,13.24,6.96));
#20392=CARTESIAN_POINT('',(-7.5,13.24,6.96));
#20393=CARTESIAN_POINT('',(-7.5,13.24,-6.92));
#20394=CARTESIAN_POINT('',(-7.3,13.24,-6.37));
#20395=CARTESIAN_POINT('',(0.,4.26177086103279E-16,6.96));
#20396=CARTESIAN_POINT('',(-3.6,-5.39923393408715E-5,6.96));
#20397=CARTESIAN_POINT('',(-3.6,0.,6.96));
#20398=CARTESIAN_POINT('',(-3.6,0.199942513928643,6.96));
#20399=CARTESIAN_POINT('',(-3.2,-1.28587913910472E-17,6.96));
#20400=CARTESIAN_POINT('',(-3.2,-1.28587913910472E-17,6.96));
#20401=CARTESIAN_POINT('',(-3.45,8.2,6.96));
#20402=CARTESIAN_POINT('',(-3.20609756097561,0.2,6.96));
#20403=CARTESIAN_POINT('',(7.5,0.2,6.96));
#20404=CARTESIAN_POINT('',(-5.99390243902439,0.2,6.96));
#20405=CARTESIAN_POINT('',(-6.,8.54502946597356E-16,6.96));
#20406=CARTESIAN_POINT('',(-6.,-1.28587913910472E-17,6.96));
#20407=CARTESIAN_POINT('',(-3.2,-1.28587913910472E-17,6.96));
#20408=CARTESIAN_POINT('',(-5.6,0.,6.96));
#20409=CARTESIAN_POINT('',(-5.6,-5.39923393406616E-5,6.96));
#20410=CARTESIAN_POINT('',(-5.6,0.199942513928644,6.96));
#20411=CARTESIAN_POINT('',(-5.6,0.199942513928644,6.96));
#20412=CARTESIAN_POINT('',(7.5,0.21,6.96));
#20413=CARTESIAN_POINT('',(-2.45,0.21,6.96));
#20414=CARTESIAN_POINT('',(-2.45,0.,6.96));
#20415=CARTESIAN_POINT('',(-2.45,0.202087187478109,7.16985086942396));
#20416=CARTESIAN_POINT('',(7.5,0.202087187478109,7.16985086942396));
#20417=CARTESIAN_POINT('',(2.45,0.202087187478109,7.16985086942396));
#20418=CARTESIAN_POINT('',(2.45,0.21,6.96));
#20419=CARTESIAN_POINT('',(2.45,0.,6.96));
#20420=CARTESIAN_POINT('',(7.5,0.,6.96));
#20421=CARTESIAN_POINT('',(3.2,-1.28587913910472E-17,6.96));
#20422=CARTESIAN_POINT('',(3.20640243902439,0.21,6.96));
#20423=CARTESIAN_POINT('',(3.20640243902439,0.21,7.17));
#20424=CARTESIAN_POINT('',(-7.5,0.21,7.17));
#20425=CARTESIAN_POINT('',(-3.20640243902439,0.21,7.17));
#20426=CARTESIAN_POINT('',(-3.20640243902439,0.21,6.96));
#20427=CARTESIAN_POINT('',(7.5,0.,6.96));
#20428=CARTESIAN_POINT('',(7.5,0.21,6.96));
#20429=CARTESIAN_POINT('',(7.5,0.,6.96));
#20430=CARTESIAN_POINT('',(-7.29,0.,6.96));
#20431=CARTESIAN_POINT('',(-5.99359756097561,0.21,6.96));
#20432=CARTESIAN_POINT('',(-5.99359756097561,0.21,7.17));
#20433=CARTESIAN_POINT('',(-7.5,0.21,7.17));
#20434=CARTESIAN_POINT('',(-7.29,0.21,7.17));
#20435=CARTESIAN_POINT('',(-7.29,0.21,6.96));
#20436=CARTESIAN_POINT('',(7.5,0.21,6.96));
#20437=CARTESIAN_POINT('',(-3.20640243902439,0.21,6.96));
#20438=CARTESIAN_POINT('',(-3.20640243902439,0.21,6.97));
#20439=CARTESIAN_POINT('',(-7.5,0.21,6.97));
#20440=CARTESIAN_POINT('',(3.20640243902439,0.21,6.97));
#20441=CARTESIAN_POINT('',(3.20640243902439,0.21,6.96));
#20442=CARTESIAN_POINT('',(3.20609756097561,0.2,6.96));
#20443=CARTESIAN_POINT('',(7.5,0.2,6.96));
#20444=CARTESIAN_POINT('',(2.45,0.2,6.96));
#20445=CARTESIAN_POINT('',(2.45,0.21,6.96));
#20446=CARTESIAN_POINT('',(2.45,0.202087187478109,6.96611452352955));
#20447=CARTESIAN_POINT('',(7.5,0.202087187478108,6.96611452352955));
#20448=CARTESIAN_POINT('',(-2.45,0.202087187478108,6.96611452352955));
#20449=CARTESIAN_POINT('',(-2.45,0.21,6.96));
#20450=CARTESIAN_POINT('',(-2.45,0.2,6.96));
#20451=CARTESIAN_POINT('',(7.5,0.2,6.96));
#20452=CARTESIAN_POINT('',(7.5,0.21,6.96));
#20453=CARTESIAN_POINT('',(-5.99359756097561,0.21,6.96));
#20454=CARTESIAN_POINT('',(-5.99359756097561,0.21,6.97));
#20455=CARTESIAN_POINT('',(7.5,0.2,6.96));
#20456=CARTESIAN_POINT('',(-7.29,0.2,6.96));
#20457=CARTESIAN_POINT('',(-7.29,0.21,6.96));
#20458=CARTESIAN_POINT('',(-7.29,0.21,6.97));
#20459=CARTESIAN_POINT('',(-7.5,0.21,6.97));
#20460=CARTESIAN_POINT('',(0.,4.39668127887895E-16,7.17));
#20461=CARTESIAN_POINT('',(-6.,8.67361737988404E-16,7.17));
#20462=CARTESIAN_POINT('',(-5.75738968258044,7.95761841136143,7.17));
#20463=CARTESIAN_POINT('',(-5.50750578992562,7.95,7.17));
#20464=CARTESIAN_POINT('',(-5.50750578992562,8.2,7.17));
#20465=CARTESIAN_POINT('',(-5.75,8.2,7.17));
#20466=CARTESIAN_POINT('',(-3.69249421007438,8.2,7.17));
#20467=CARTESIAN_POINT('',(-3.69249421007438,7.95,7.17));
#20468=CARTESIAN_POINT('',(-3.44261031741955,7.95761841136143,7.17));
#20469=CARTESIAN_POINT('',(-3.45,8.2,7.17));
#20470=CARTESIAN_POINT('',(3.45,8.2,7.17));
#20471=CARTESIAN_POINT('',(3.44261031741955,7.95761841136143,7.17));
#20472=CARTESIAN_POINT('',(3.69249421007438,7.95,7.17));
#20473=CARTESIAN_POINT('',(3.69249421007438,8.2,7.17));
#20474=CARTESIAN_POINT('',(3.45,8.2,7.17));
#20475=CARTESIAN_POINT('',(5.50750578992562,8.2,7.17));
#20476=CARTESIAN_POINT('',(5.50750578992562,7.95,7.17));
#20477=CARTESIAN_POINT('',(5.75738968258044,7.95761841136143,7.17));
#20478=CARTESIAN_POINT('',(6.,8.67361737988404E-16,7.17));
#20479=CARTESIAN_POINT('',(5.99359756097561,0.21,7.17));
#20480=CARTESIAN_POINT('',(-7.5,0.21,7.17));
#20481=CARTESIAN_POINT('',(7.29,0.21,7.17));
#20482=CARTESIAN_POINT('',(-7.5,0.21,7.17));
#20483=CARTESIAN_POINT('',(7.5,0.209999999999999,7.17));
#20484=CARTESIAN_POINT('',(7.5,0.150309739581795,7.17));
#20485=CARTESIAN_POINT('',(6.,13.24,7.17));
#20486=CARTESIAN_POINT('',(-1.,13.24,7.17));
#20487=CARTESIAN_POINT('',(-7.5,0.150309739581795,7.17));
#20488=CARTESIAN_POINT('',(-7.5,0.21,7.17));
#20489=CARTESIAN_POINT('',(-7.5,0.21,7.17));
#20490=CARTESIAN_POINT('',(0.,4.26789409502853E-16,6.97));
#20491=CARTESIAN_POINT('',(-3.19702834218639,-0.0974703762861696,6.97));
#20492=CARTESIAN_POINT('',(-3.44261031741955,7.95761841136143,6.97));
#20493=CARTESIAN_POINT('',(-3.69249421007438,7.95,6.97));
#20494=CARTESIAN_POINT('',(-3.69249421007438,8.2,6.97));
#20495=CARTESIAN_POINT('',(7.73083288207055E-16,8.2,6.97));
#20496=CARTESIAN_POINT('',(-5.50750578992562,8.2,6.97));
#20497=CARTESIAN_POINT('',(-5.50750578992562,7.95,6.97));
#20498=CARTESIAN_POINT('',(-5.75738968258044,7.95761841136143,6.97));
#20499=CARTESIAN_POINT('',(-5.99442814159949,0.18275695553657,6.97));
#20500=CARTESIAN_POINT('',(-7.5,0.21,6.97));
#20501=CARTESIAN_POINT('',(-7.5,0.21,6.97));
#20502=CARTESIAN_POINT('',(-7.5,0.150309739581795,6.97));
#20503=CARTESIAN_POINT('',(7.5,13.24,6.97));
#20504=CARTESIAN_POINT('',(7.5,13.24,6.97));
#20505=CARTESIAN_POINT('',(7.5,0.150309739581795,6.97));
#20506=CARTESIAN_POINT('',(7.5,0.21,6.97));
#20507=CARTESIAN_POINT('',(-7.5,0.21,6.97));
#20508=CARTESIAN_POINT('',(7.29,0.21,6.97));
#20509=CARTESIAN_POINT('',(-7.5,0.21,6.97));
#20510=CARTESIAN_POINT('',(5.99359756097561,0.21,6.97));
#20511=CARTESIAN_POINT('',(5.99442814159949,0.18275695553657,6.97));
#20512=CARTESIAN_POINT('',(5.75738968258044,7.95761841136143,6.97));
#20513=CARTESIAN_POINT('',(5.50750578992562,7.95,6.97));
#20514=CARTESIAN_POINT('',(5.50750578992562,8.2,6.97));
#20515=CARTESIAN_POINT('',(-7.73083288207055E-16,8.2,6.97));
#20516=CARTESIAN_POINT('',(3.69249421007438,8.2,6.97));
#20517=CARTESIAN_POINT('',(3.69249421007438,7.95,6.97));
#20518=CARTESIAN_POINT('',(3.44261031741955,7.95761841136143,6.97));
#20519=CARTESIAN_POINT('',(3.19702834218639,-0.0974703762861696,6.97));
#20520=CARTESIAN_POINT('',(-7.3,9.78431574104236E-16,0.));
#20521=CARTESIAN_POINT('',(-7.3,0.205581103749033,4.09));
#20522=CARTESIAN_POINT('',(-7.3,0.205581103749033,4.09));
#20523=CARTESIAN_POINT('',(-7.3,0.205581103749033,2.09));
#20524=CARTESIAN_POINT('',(-7.3,1.25068863537611E-15,4.09));
#20525=CARTESIAN_POINT('',(-7.3,0.000238230365969742,4.09));
#20526=CARTESIAN_POINT('',(-7.3,0.000238230365969742,6.96));
#20527=CARTESIAN_POINT('',(-7.3,0.00023823036596974,4.48999273687909));
#20528=CARTESIAN_POINT('',(-7.3,-8.87427943609882E-16,4.49));
#20529=CARTESIAN_POINT('',(-7.3,0.21,-7.17));
#20530=CARTESIAN_POINT('',(-7.3,8.2,1.94));
#20531=CARTESIAN_POINT('',(-7.3,0.000238230365969742,1.69));
#20532=CARTESIAN_POINT('',(-7.3,0.000238230365969742,6.96));
#20533=CARTESIAN_POINT('',(-7.3,0.000238229967617222,2.09));
#20534=CARTESIAN_POINT('',(-7.3,1.11755559807935E-15,2.09));
#20535=CARTESIAN_POINT('',(-6.3801105430024,0.2,-1.51));
#20536=CARTESIAN_POINT('',(-6.3801105430024,0.2,-1.51));
#20537=CARTESIAN_POINT('',(-6.3901105430024,0.2,-1.51));
#20538=CARTESIAN_POINT('',(-6.4,0.2,-1.51));
#20539=CARTESIAN_POINT('',(-6.3901105430024,0.21,-1.51));
#20540=CARTESIAN_POINT('',(-6.3801105430024,0.21,-1.51));
#20541=CARTESIAN_POINT('',(-6.3801105430024,0.150309739581795,-1.51));
#20542=CARTESIAN_POINT('',(-6.3801105430024,5.2,-1.51));
#20543=CARTESIAN_POINT('',(-6.1801105430024,5.2,-1.51));
#20544=CARTESIAN_POINT('',(-6.1801105430024,5.2,-1.51));
#20545=CARTESIAN_POINT('',(-6.1801105430024,0.150309739581795,-1.51));
#20546=CARTESIAN_POINT('',(-6.1801105430024,0.209999999999999,-1.51));
#20547=CARTESIAN_POINT('',(-6.3901105430024,0.21,-1.51));
#20548=CARTESIAN_POINT('',(-6.3901105430024,0.,-1.51));
#20549=CARTESIAN_POINT('',(-6.3801105430024,0.,-1.51));
#20550=CARTESIAN_POINT('',(-6.4,0.,-1.51));
#20551=CARTESIAN_POINT('',(-6.4,0.2,-1.51));
#20552=CARTESIAN_POINT('',(-6.3801105430024,0.,0.9));
#20553=CARTESIAN_POINT('',(-6.3801105430024,0.,0.9));
#20554=CARTESIAN_POINT('',(-6.3901105430024,0.,0.9));
#20555=CARTESIAN_POINT('',(-6.4,0.,0.9));
#20556=CARTESIAN_POINT('',(-6.3901105430024,0.21,0.9));
#20557=CARTESIAN_POINT('',(-6.1801105430024,0.21,0.9));
#20558=CARTESIAN_POINT('',(-6.1801105430024,5.2,0.9));
#20559=CARTESIAN_POINT('',(-6.1801105430024,5.2,0.9));
#20560=CARTESIAN_POINT('',(-6.1801105430024,5.2,0.9));
#20561=CARTESIAN_POINT('',(-6.3801105430024,5.2,0.9));
#20562=CARTESIAN_POINT('',(-6.3801105430024,5.2,0.9));
#20563=CARTESIAN_POINT('',(-6.3801105430024,0.21,0.9));
#20564=CARTESIAN_POINT('',(-6.3901105430024,0.21,0.9));
#20565=CARTESIAN_POINT('',(-6.3901105430024,0.2,0.9));
#20566=CARTESIAN_POINT('',(-6.3801105430024,0.2,0.9));
#20567=CARTESIAN_POINT('',(-6.4,0.2,0.9));
#20568=CARTESIAN_POINT('',(-6.4,0.2,0.9));
#20569=CARTESIAN_POINT('',(0.,0.,0.));
#20570=CARTESIAN_POINT('',(3.77,0.,5.11));
#20571=CARTESIAN_POINT('',(3.77,0.,4.91));
#20572=CARTESIAN_POINT('',(3.77,0.,3.41));
#20573=CARTESIAN_POINT('',(3.97,0.,3.41));
#20574=CARTESIAN_POINT('',(3.97,0.,3.21));
#20575=CARTESIAN_POINT('',(3.77,0.,3.21));
#20576=CARTESIAN_POINT('',(6.2,0.,3.21));
#20577=CARTESIAN_POINT('',(6.2,0.,3.01));
#20578=CARTESIAN_POINT('',(6.4,0.,3.01));
#20579=CARTESIAN_POINT('',(6.4,0.,3.21));
#20580=CARTESIAN_POINT('',(6.4,0.,1.26));
#20581=CARTESIAN_POINT('',(6.4,0.,1.08));
#20582=CARTESIAN_POINT('',(6.4,0.,0.9));
#20583=CARTESIAN_POINT('',(6.3801105430024,0.,0.9));
#20584=CARTESIAN_POINT('',(6.3901105430024,0.,0.9));
#20585=CARTESIAN_POINT('',(6.3901105430024,0.,0.9));
#20586=CARTESIAN_POINT('',(6.3901105430024,0.,-1.51));
#20587=CARTESIAN_POINT('',(6.3801105430024,0.,-1.51));
#20588=CARTESIAN_POINT('',(6.4,0.,-1.51));
#20589=CARTESIAN_POINT('',(6.4,0.,-1.69));
#20590=CARTESIAN_POINT('',(6.4,0.,-1.87));
#20591=CARTESIAN_POINT('',(6.4,0.,-1.87));
#20592=CARTESIAN_POINT('',(6.4,0.,-4.23));
#20593=CARTESIAN_POINT('',(6.2,0.,-4.23));
#20594=CARTESIAN_POINT('',(6.2,0.,-4.43));
#20595=CARTESIAN_POINT('',(-6.4,0.,-4.43));
#20596=CARTESIAN_POINT('',(-6.2,0.,-4.43));
#20597=CARTESIAN_POINT('',(-6.2,0.,-4.23));
#20598=CARTESIAN_POINT('',(-6.4,0.,-4.23));
#20599=CARTESIAN_POINT('',(-6.4,0.,-1.87));
#20600=CARTESIAN_POINT('',(-6.4,0.,-1.87));
#20601=CARTESIAN_POINT('',(-6.40000000000002,0.,-1.69));
#20602=CARTESIAN_POINT('',(-6.3901105430024,0.,-1.51));
#20603=CARTESIAN_POINT('',(-6.39999999999997,0.,1.08));
#20604=CARTESIAN_POINT('',(-6.4,0.,1.26));
#20605=CARTESIAN_POINT('',(-6.4,0.,3.21));
#20606=CARTESIAN_POINT('',(-6.4,0.,3.01));
#20607=CARTESIAN_POINT('',(-6.2,0.,3.01));
#20608=CARTESIAN_POINT('',(-6.2,0.,3.21));
#20609=CARTESIAN_POINT('',(-6.4,0.,3.21));
#20610=CARTESIAN_POINT('',(-3.97,0.,3.21));
#20611=CARTESIAN_POINT('',(-3.97,0.,3.41));
#20612=CARTESIAN_POINT('',(-3.77,0.,3.41));
#20613=CARTESIAN_POINT('',(-3.77,0.,3.21));
#20614=CARTESIAN_POINT('',(-3.77,0.,4.91));
#20615=CARTESIAN_POINT('',(-3.57,0.,4.91));
#20616=CARTESIAN_POINT('',(-3.57,0.,5.11));
#20617=CARTESIAN_POINT('',(-3.77,0.,5.11));
#20618=CARTESIAN_POINT('',(-2.65,0.,5.11));
#20619=CARTESIAN_POINT('',(-2.65,0.,5.31));
#20620=CARTESIAN_POINT('',(-2.45,0.,5.31));
#20621=CARTESIAN_POINT('',(-2.45,0.,5.11));
#20622=CARTESIAN_POINT('',(-3.2,-1.28587913910472E-17,6.96));
#20623=CARTESIAN_POINT('',(-7.29,0.,6.96));
#20624=CARTESIAN_POINT('',(-7.29,0.,-7.17));
#20625=CARTESIAN_POINT('',(-7.5,0.,-7.17));
#20626=CARTESIAN_POINT('',(-6.45,0.,-7.17));
#20627=CARTESIAN_POINT('',(-6.35,0.,-7.17));
#20628=CARTESIAN_POINT('',(-6.252,0.,-7.15010025125787));
#20629=CARTESIAN_POINT('',(-6.252,0.,-7.172));
#20630=CARTESIAN_POINT('',(-6.252,0.,-6.96));
#20631=CARTESIAN_POINT('',(-6.252,0.,-6.96));
#20632=CARTESIAN_POINT('',(-6.25,0.,-6.96));
#20633=CARTESIAN_POINT('',(-6.25,0.,-6.96));
#20634=CARTESIAN_POINT('',(6.04,0.,-6.96));
#20635=CARTESIAN_POINT('',(-6.252,0.,-6.96));
#20636=CARTESIAN_POINT('',(6.042,0.,-6.96));
#20637=CARTESIAN_POINT('',(6.042,0.,-7.172));
#20638=CARTESIAN_POINT('',(6.042,0.,-7.15010025125787));
#20639=CARTESIAN_POINT('',(6.14,0.,-7.17));
#20640=CARTESIAN_POINT('',(6.24,0.,-7.17));
#20641=CARTESIAN_POINT('',(-7.5,0.,-7.17));
#20642=CARTESIAN_POINT('',(7.29,0.,-7.17));
#20643=CARTESIAN_POINT('',(7.29,0.,-7.17));
#20644=CARTESIAN_POINT('',(7.29,0.,6.96));
#20645=CARTESIAN_POINT('',(7.5,0.,6.96));
#20646=CARTESIAN_POINT('',(6.,0.,6.96));
#20647=CARTESIAN_POINT('',(3.2,-1.28587913910472E-17,6.96));
#20648=CARTESIAN_POINT('',(5.6,0.,6.96));
#20649=CARTESIAN_POINT('',(3.2,-1.28587913910472E-17,6.96));
#20650=CARTESIAN_POINT('',(3.6,0.,6.96));
#20651=CARTESIAN_POINT('',(3.2,-1.28587913910472E-17,6.96));
#20652=CARTESIAN_POINT('',(2.45,0.,7.01));
#20653=CARTESIAN_POINT('',(2.45,0.,5.31));
#20654=CARTESIAN_POINT('',(2.65,0.,5.31));
#20655=CARTESIAN_POINT('',(2.65,0.,5.11));
#20656=CARTESIAN_POINT('',(2.45,0.,5.11));
#20657=CARTESIAN_POINT('',(3.57,0.,5.11));
#20658=CARTESIAN_POINT('',(3.57,0.,4.91));
#20659=CARTESIAN_POINT('',(-7.5,0.2,-7.17));
#20660=CARTESIAN_POINT('',(-7.3,12.99,-7.17));
#20661=CARTESIAN_POINT('',(-7.5,4.975,-7.17));
#20662=CARTESIAN_POINT('',(-7.51,11.35,5.11));
#20663=CARTESIAN_POINT('',(-7.59665009431144,12.1,5.11));
#20664=CARTESIAN_POINT('',(-7.59665009431144,12.1,5.11));
#20665=CARTESIAN_POINT('',(-7.59665009431144,11.35,5.11));
#20666=CARTESIAN_POINT('',(-7.51,11.35,5.11));
#20667=CARTESIAN_POINT('',(-7.71,11.35,5.11));
#20668=CARTESIAN_POINT('',(-7.71,11.35,5.11));
#20669=CARTESIAN_POINT('',(-7.71,12.1,5.11));
#20670=CARTESIAN_POINT('',(-7.51,12.1,5.11));
#20671=CARTESIAN_POINT('',(-7.51,12.1,5.11));
#20672=CARTESIAN_POINT('',(-7.59665009431144,12.1,3.61));
#20673=CARTESIAN_POINT('',(-7.59665009431144,12.1,3.61));
#20674=CARTESIAN_POINT('',(-7.71,12.1,5.11));
#20675=CARTESIAN_POINT('',(-7.71,12.1,3.61));
#20676=CARTESIAN_POINT('',(-7.51,12.1,3.61));
#20677=CARTESIAN_POINT('',(-7.51,12.1,3.61));
#20678=CARTESIAN_POINT('',(-7.59665009431144,11.35,3.61));
#20679=CARTESIAN_POINT('',(-7.59665009431144,11.35,3.61));
#20680=CARTESIAN_POINT('',(-7.71,12.1,3.61));
#20681=CARTESIAN_POINT('',(-7.71,11.35,3.61));
#20682=CARTESIAN_POINT('',(-7.51,11.35,3.61));
#20683=CARTESIAN_POINT('',(-7.51,11.35,3.61));
#20684=CARTESIAN_POINT('',(-7.59665009431144,11.35,5.11));
#20685=CARTESIAN_POINT('',(-7.71,11.35,3.61));
#20686=CARTESIAN_POINT('',(-7.5,0.150309739581795,7.17));
#20687=CARTESIAN_POINT('',(-7.49999999999999,13.45,6.96));
#20688=CARTESIAN_POINT('',(-7.5,0.21,7.17));
#20689=CARTESIAN_POINT('',(-7.29,0.21,6.96));
#20690=CARTESIAN_POINT('',(-7.29,0.,6.96));
#20691=CARTESIAN_POINT('',(-7.29,0.21,7.17));
#20692=CARTESIAN_POINT('',(-7.5,0.2,-7.17));
#20693=CARTESIAN_POINT('',(-7.3,3.045,-7.17));
#20694=CARTESIAN_POINT('',(-7.29,0.21,-7.17));
#20695=CARTESIAN_POINT('',(-7.29,0.2,-7.17));
#20696=CARTESIAN_POINT('',(-7.5,0.2,-7.17));
#20697=CARTESIAN_POINT('',(-6.45,0.2,-7.17));
#20698=CARTESIAN_POINT('',(-6.45,0.2,-7.17));
#20699=CARTESIAN_POINT('',(-7.29,0.21,-7.17));
#20700=CARTESIAN_POINT('',(7.5,13.03,-6.172));
#20701=CARTESIAN_POINT('',(7.5,13.03,-5.17));
#20702=CARTESIAN_POINT('',(7.3,13.03,-5.17));
#20703=CARTESIAN_POINT('',(7.5,13.03,-5.17));
#20704=CARTESIAN_POINT('',(7.3,13.03,-6.17));
#20705=CARTESIAN_POINT('',(7.3,13.03,-5.168));
#20706=CARTESIAN_POINT('',(7.5,13.03,-5.168));
#20707=CARTESIAN_POINT('',(7.5,13.03,-5.168));
#20708=CARTESIAN_POINT('',(7.5,13.03,-6.172));
#20709=CARTESIAN_POINT('',(7.5,4.60248675458878E-16,0.));
#20710=CARTESIAN_POINT('',(7.5,11.35,1.31260743015578E-14));
#20711=CARTESIAN_POINT('',(7.5,11.35,5.11));
#20712=CARTESIAN_POINT('',(7.5,11.35,3.61));
#20713=CARTESIAN_POINT('',(7.5,4.60248675458878E-16,5.11));
#20714=CARTESIAN_POINT('',(7.5,12.1,5.11));
#20715=CARTESIAN_POINT('',(7.5,12.1,0.));
#20716=CARTESIAN_POINT('',(7.5,12.1,3.61));
#20717=CARTESIAN_POINT('',(7.5,4.60248675458878E-16,3.61));
#20718=CARTESIAN_POINT('',(7.5,0.150309739581795,-7.17));
#20719=CARTESIAN_POINT('',(7.5,4.975,-7.17));
#20720=CARTESIAN_POINT('',(7.5,12.99,-7.17));
#20721=CARTESIAN_POINT('',(7.5,12.99,-6.92));
#20722=CARTESIAN_POINT('',(7.5,13.24,-6.92));
#20723=CARTESIAN_POINT('',(7.5,13.24,-7.17));
#20724=CARTESIAN_POINT('',(7.5,13.24,-6.37));
#20725=CARTESIAN_POINT('',(7.5,13.24,-6.27));
#20726=CARTESIAN_POINT('',(7.5,13.2201002512579,-6.172));
#20727=CARTESIAN_POINT('',(7.5,13.242,-6.172));
#20728=CARTESIAN_POINT('',(7.5,13.03,-6.172));
#20729=CARTESIAN_POINT('',(7.5,13.03,-6.172));
#20730=CARTESIAN_POINT('',(7.5,13.03,-6.17));
#20731=CARTESIAN_POINT('',(7.5,13.03,-6.17));
#20732=CARTESIAN_POINT('',(7.5,13.242,-5.168));
#20733=CARTESIAN_POINT('',(7.5,13.2201002512579,-5.168));
#20734=CARTESIAN_POINT('',(7.5,13.24,-5.07));
#20735=CARTESIAN_POINT('',(7.5,13.24,-4.97));
#20736=CARTESIAN_POINT('',(7.5,13.24,-7.17));
#20737=CARTESIAN_POINT('',(7.5,13.24,6.96));
#20738=CARTESIAN_POINT('',(7.5,0.150309739581795,6.96));
#20739=CARTESIAN_POINT('',(7.5,0.21,6.96));
#20740=CARTESIAN_POINT('',(7.5,0.21,6.96));
#20741=CARTESIAN_POINT('',(7.5,0.21,4.48359756097561));
#20742=CARTESIAN_POINT('',(7.5,8.2,4.24));
#20743=CARTESIAN_POINT('',(7.5,7.95761841136143,4.24738968258045));
#20744=CARTESIAN_POINT('',(7.5,7.95,3.99750578992562));
#20745=CARTESIAN_POINT('',(7.5,8.2,3.99750578992562));
#20746=CARTESIAN_POINT('',(7.5,8.2,1.94));
#20747=CARTESIAN_POINT('',(7.5,8.2,2.18249421007438));
#20748=CARTESIAN_POINT('',(7.5,7.95,2.18249421007438));
#20749=CARTESIAN_POINT('',(7.5,7.95761841136143,1.93261031741956));
#20750=CARTESIAN_POINT('',(7.5,0.,1.69));
#20751=CARTESIAN_POINT('',(7.5,0.21,1.69640243902439));
#20752=CARTESIAN_POINT('',(7.5,0.21,6.96));
#20753=CARTESIAN_POINT('',(7.5,0.21,-1.99640243902439));
#20754=CARTESIAN_POINT('',(7.5,8.2,-2.24));
#20755=CARTESIAN_POINT('',(7.5,7.95761841136143,-2.23261031741956));
#20756=CARTESIAN_POINT('',(7.5,7.95,-2.48249421007438));
#20757=CARTESIAN_POINT('',(7.5,8.2,-2.48249421007438));
#20758=CARTESIAN_POINT('',(7.5,8.2,-4.54));
#20759=CARTESIAN_POINT('',(7.5,8.2,-4.29750578992562));
#20760=CARTESIAN_POINT('',(7.5,7.95,-4.29750578992562));
#20761=CARTESIAN_POINT('',(7.5,7.95761841136142,-4.54738968258045));
#20762=CARTESIAN_POINT('',(7.5,-1.73472347597681E-15,-4.79));
#20763=CARTESIAN_POINT('',(7.5,0.21,-4.78359756097561));
#20764=CARTESIAN_POINT('',(7.5,0.21,6.96));
#20765=CARTESIAN_POINT('',(7.5,0.209999999999999,-7.17));
#20766=CARTESIAN_POINT('',(7.5,0.150309739581795,-7.17));
#20767=CARTESIAN_POINT('',(7.5,3.045,-7.17));
#20768=CARTESIAN_POINT('',(7.5,3.045,-7.55));
#20769=CARTESIAN_POINT('',(7.5,3.425,-7.55));
#20770=CARTESIAN_POINT('',(7.5,3.425,-7.17));
#20771=CARTESIAN_POINT('',(7.5,3.425,-9.82500000000001));
#20772=CARTESIAN_POINT('',(7.5,4.01,-9.82500000000001));
#20773=CARTESIAN_POINT('',(7.5,4.595,-9.82500000000001));
#20774=CARTESIAN_POINT('',(7.5,4.595,-7.17));
#20775=CARTESIAN_POINT('',(7.5,4.595,-7.55));
#20776=CARTESIAN_POINT('',(7.5,4.975,-7.55));
#20777=CARTESIAN_POINT('',(7.3,4.46996081688784E-16,0.));
#20778=CARTESIAN_POINT('',(7.3,13.24,-7.17));
#20779=CARTESIAN_POINT('',(7.3,13.24,-6.92));
#20780=CARTESIAN_POINT('',(7.3,13.24,-6.37));
#20781=CARTESIAN_POINT('',(7.3,12.99,-6.92));
#20782=CARTESIAN_POINT('',(7.3,12.99,-7.17));
#20783=CARTESIAN_POINT('',(7.3,0.150309739581795,-7.17));
#20784=CARTESIAN_POINT('',(7.3,4.975,-7.17));
#20785=CARTESIAN_POINT('',(7.3,4.975,-7.55));
#20786=CARTESIAN_POINT('',(7.3,4.595,-7.55));
#20787=CARTESIAN_POINT('',(7.3,4.595,-7.17));
#20788=CARTESIAN_POINT('',(7.3,4.595,-9.82500000000001));
#20789=CARTESIAN_POINT('',(7.3,4.01,-9.82500000000001));
#20790=CARTESIAN_POINT('',(7.3,3.425,-9.82500000000001));
#20791=CARTESIAN_POINT('',(7.3,3.425,-7.17));
#20792=CARTESIAN_POINT('',(7.3,3.425,-7.55));
#20793=CARTESIAN_POINT('',(7.3,3.045,-7.55));
#20794=CARTESIAN_POINT('',(7.3,3.045,-7.17));
#20795=CARTESIAN_POINT('',(7.3,0.150309739581795,-7.17));
#20796=CARTESIAN_POINT('',(7.3,0.21,-7.17));
#20797=CARTESIAN_POINT('',(7.3,0.21,6.96));
#20798=CARTESIAN_POINT('',(7.3,0.21,-4.78359756097561));
#20799=CARTESIAN_POINT('',(7.3,-1.75478968159829E-15,-4.79));
#20800=CARTESIAN_POINT('',(7.3,7.95761841136142,-4.54738968258045));
#20801=CARTESIAN_POINT('',(7.3,7.95,-4.29750578992562));
#20802=CARTESIAN_POINT('',(7.3,8.2,-4.29750578992562));
#20803=CARTESIAN_POINT('',(7.3,8.2,-4.54));
#20804=CARTESIAN_POINT('',(7.3,8.2,-2.48249421007438));
#20805=CARTESIAN_POINT('',(7.3,7.95,-2.48249421007438));
#20806=CARTESIAN_POINT('',(7.3,7.95761841136143,-2.23261031741956));
#20807=CARTESIAN_POINT('',(7.3,8.2,-2.24));
#20808=CARTESIAN_POINT('',(7.3,0.21,-1.99640243902439));
#20809=CARTESIAN_POINT('',(7.3,0.21,6.96));
#20810=CARTESIAN_POINT('',(7.3,0.21,1.69640243902439));
#20811=CARTESIAN_POINT('',(7.3,-2.00662056214784E-17,1.69));
#20812=CARTESIAN_POINT('',(7.3,7.95761841136143,1.93261031741956));
#20813=CARTESIAN_POINT('',(7.3,7.95,2.18249421007438));
#20814=CARTESIAN_POINT('',(7.3,8.2,2.18249421007438));
#20815=CARTESIAN_POINT('',(7.3,8.2,1.94));
#20816=CARTESIAN_POINT('',(7.3,8.2,3.99750578992562));
#20817=CARTESIAN_POINT('',(7.3,7.95,3.99750578992562));
#20818=CARTESIAN_POINT('',(7.3,7.95761841136143,4.24738968258045));
#20819=CARTESIAN_POINT('',(7.3,8.2,4.24));
#20820=CARTESIAN_POINT('',(7.3,0.21,4.48359756097561));
#20821=CARTESIAN_POINT('',(7.3,0.21,6.96));
#20822=CARTESIAN_POINT('',(7.3,0.21,6.96));
#20823=CARTESIAN_POINT('',(7.3,0.150309739581795,6.96));
#20824=CARTESIAN_POINT('',(7.3,13.24,6.96));
#20825=CARTESIAN_POINT('',(7.3,13.24,-7.17));
#20826=CARTESIAN_POINT('',(7.3,13.24,-4.97));
#20827=CARTESIAN_POINT('',(7.3,13.24,-5.07));
#20828=CARTESIAN_POINT('',(7.3,13.2201002512579,-5.168));
#20829=CARTESIAN_POINT('',(7.3,13.03,-5.168));
#20830=CARTESIAN_POINT('',(7.3,13.03,-6.17));
#20831=CARTESIAN_POINT('',(7.3,13.03,-6.17));
#20832=CARTESIAN_POINT('',(7.3,13.03,-6.17));
#20833=CARTESIAN_POINT('',(7.3,13.03,-6.172));
#20834=CARTESIAN_POINT('',(7.3,13.03,-6.172));
#20835=CARTESIAN_POINT('',(7.3,13.2201002512579,-6.172));
#20836=CARTESIAN_POINT('',(7.3,13.24,-6.27));
#20837=CARTESIAN_POINT('',(7.3,11.3787726745109,1.31593493908516E-14));
#20838=CARTESIAN_POINT('',(7.3,11.3787726745109,5.08122732548915));
#20839=CARTESIAN_POINT('',(7.3,11.3787726745109,3.63877267451085));
#20840=CARTESIAN_POINT('',(7.3,4.46996081688784E-16,3.63877267451085));
#20841=CARTESIAN_POINT('',(7.3,12.0712273254892,3.63877267451085));
#20842=CARTESIAN_POINT('',(7.3,12.0712273254892,0.));
#20843=CARTESIAN_POINT('',(7.3,12.0712273254892,5.08122732548915));
#20844=CARTESIAN_POINT('',(7.3,4.46996081688784E-16,5.08122732548915));
#20845=CARTESIAN_POINT('',(7.5,13.24,-7.17));
#20846=CARTESIAN_POINT('',(7.3,13.24,-4.97));
#20847=CARTESIAN_POINT('',(7.5,13.24,6.96));
#20848=CARTESIAN_POINT('',(7.5,13.24,-7.17));
#20849=CARTESIAN_POINT('',(7.3,13.24,-6.92));
#20850=CARTESIAN_POINT('',(7.3,13.24,-6.37));
#20851=CARTESIAN_POINT('',(0.,4.26177086103279E-16,6.96));
#20852=CARTESIAN_POINT('',(3.6,0.199942513928643,6.96));
#20853=CARTESIAN_POINT('',(3.6,0.199942513928643,6.96));
#20854=CARTESIAN_POINT('',(5.6,0.199942513928644,6.96));
#20855=CARTESIAN_POINT('',(5.6,0.199942513928644,6.96));
#20856=CARTESIAN_POINT('',(5.6,0.199942513928644,6.96));
#20857=CARTESIAN_POINT('',(6.,8.54502946597356E-16,6.96));
#20858=CARTESIAN_POINT('',(5.99390243902439,0.2,6.96));
#20859=CARTESIAN_POINT('',(7.5,0.2,6.96));
#20860=CARTESIAN_POINT('',(3.45,8.2,6.96));
#20861=CARTESIAN_POINT('',(7.5,0.21,6.96));
#20862=CARTESIAN_POINT('',(5.99359756097561,0.21,6.96));
#20863=CARTESIAN_POINT('',(7.29,0.21,6.96));
#20864=CARTESIAN_POINT('',(7.5,0.21,6.96));
#20865=CARTESIAN_POINT('',(5.99359756097561,0.21,6.96));
#20866=CARTESIAN_POINT('',(7.29,0.21,6.96));
#20867=CARTESIAN_POINT('',(7.29,0.2,6.96));
#20868=CARTESIAN_POINT('',(7.5,0.2,6.96));
#20869=CARTESIAN_POINT('',(7.3,9.78431574104236E-16,-1.19823309541146E-31));
#20870=CARTESIAN_POINT('',(7.3,0.205581103749033,-4.39));
#20871=CARTESIAN_POINT('',(7.3,0.205581103749033,-4.39));
#20872=CARTESIAN_POINT('',(7.3,0.205581103749033,-2.39));
#20873=CARTESIAN_POINT('',(7.3,7.3303864614494E-16,-4.39));
#20874=CARTESIAN_POINT('',(7.3,0.000238230365969742,-4.39));
#20875=CARTESIAN_POINT('',(7.3,0.000238230365969742,-7.17));
#20876=CARTESIAN_POINT('',(7.3,0.00023823036596974,-4.78999273687909));
#20877=CARTESIAN_POINT('',(7.3,-1.75478968159829E-15,-4.79));
#20878=CARTESIAN_POINT('',(7.3,0.21,6.96));
#20879=CARTESIAN_POINT('',(7.3,8.2,-2.24));
#20880=CARTESIAN_POINT('',(7.3,0.000238230365969742,-1.99));
#20881=CARTESIAN_POINT('',(7.3,0.000238230365969742,-7.17));
#20882=CARTESIAN_POINT('',(7.3,0.00023822996761733,-2.39));
#20883=CARTESIAN_POINT('',(7.3,8.44834968677649E-16,-2.39));
#20884=CARTESIAN_POINT('',(-6.252,0.,-6.96));
#20885=CARTESIAN_POINT('',(6.04,0.,-6.96));
#20886=CARTESIAN_POINT('',(6.04,0.2,-6.96));
#20887=CARTESIAN_POINT('',(-6.25,0.2,-6.96));
#20888=CARTESIAN_POINT('',(6.042,0.2,-6.96));
#20889=CARTESIAN_POINT('',(6.042,0.,-6.96));
#20890=CARTESIAN_POINT('',(0.,0.2,0.));
#20891=CARTESIAN_POINT('',(3.77,0.2,3.21));
#20892=CARTESIAN_POINT('',(3.97,0.2,3.21));
#20893=CARTESIAN_POINT('',(6.2,0.2,3.21));
#20894=CARTESIAN_POINT('',(3.97,0.2,3.41));
#20895=CARTESIAN_POINT('',(3.77,0.2,3.41));
#20896=CARTESIAN_POINT('',(3.77,0.2,5.11));
#20897=CARTESIAN_POINT('',(3.77,0.2,4.91));
#20898=CARTESIAN_POINT('',(3.57,0.2,4.91));
#20899=CARTESIAN_POINT('',(3.57,0.2,5.11));
#20900=CARTESIAN_POINT('',(2.45,0.2,5.11));
#20901=CARTESIAN_POINT('',(2.65,0.2,5.11));
#20902=CARTESIAN_POINT('',(2.65,0.2,5.31));
#20903=CARTESIAN_POINT('',(2.45,0.2,5.31));
#20904=CARTESIAN_POINT('',(2.45,0.2,7.01));
#20905=CARTESIAN_POINT('',(7.29,0.2,-7.17));
#20906=CARTESIAN_POINT('',(7.29,0.2,-7.17));
#20907=CARTESIAN_POINT('',(-7.5,0.2,-7.17));
#20908=CARTESIAN_POINT('',(6.24,0.2,-7.17));
#20909=CARTESIAN_POINT('',(6.14,0.2,-7.17));
#20910=CARTESIAN_POINT('',(6.042,0.2,-7.15010025125787));
#20911=CARTESIAN_POINT('',(6.042,0.2,-6.96));
#20912=CARTESIAN_POINT('',(-6.25,0.2,-6.96));
#20913=CARTESIAN_POINT('',(-6.25,0.2,-6.96));
#20914=CARTESIAN_POINT('',(-6.25,0.2,-6.96));
#20915=CARTESIAN_POINT('',(-6.252,0.2,-6.96));
#20916=CARTESIAN_POINT('',(-6.252,0.2,-6.96));
#20917=CARTESIAN_POINT('',(-6.252,0.2,-7.15010025125787));
#20918=CARTESIAN_POINT('',(-6.35,0.2,-7.17));
#20919=CARTESIAN_POINT('',(-7.29,0.2,6.96));
#20920=CARTESIAN_POINT('',(-2.45,0.2,5.11));
#20921=CARTESIAN_POINT('',(-2.45,0.2,5.31));
#20922=CARTESIAN_POINT('',(-2.65,0.2,5.31));
#20923=CARTESIAN_POINT('',(-2.65,0.2,5.11));
#20924=CARTESIAN_POINT('',(-3.77,0.2,5.11));
#20925=CARTESIAN_POINT('',(-3.57,0.2,5.11));
#20926=CARTESIAN_POINT('',(-3.57,0.2,4.91));
#20927=CARTESIAN_POINT('',(-3.77,0.2,4.91));
#20928=CARTESIAN_POINT('',(-3.77,0.2,3.21));
#20929=CARTESIAN_POINT('',(-3.77,0.2,3.41));
#20930=CARTESIAN_POINT('',(-3.97,0.2,3.41));
#20931=CARTESIAN_POINT('',(-3.97,0.2,3.21));
#20932=CARTESIAN_POINT('',(-6.4,0.2,3.21));
#20933=CARTESIAN_POINT('',(-6.2,0.2,3.21));
#20934=CARTESIAN_POINT('',(-6.2,0.2,3.01));
#20935=CARTESIAN_POINT('',(-6.4,0.2,3.01));
#20936=CARTESIAN_POINT('',(-6.4,0.2,3.21));
#20937=CARTESIAN_POINT('',(-6.4,0.2,1.26));
#20938=CARTESIAN_POINT('',(-6.39999999999997,0.2,1.08));
#20939=CARTESIAN_POINT('',(-6.3901105430024,0.2,-1.51));
#20940=CARTESIAN_POINT('',(-6.40000000000002,0.2,-1.69));
#20941=CARTESIAN_POINT('',(-6.4,0.2,-1.87));
#20942=CARTESIAN_POINT('',(-6.4,0.2,-1.87));
#20943=CARTESIAN_POINT('',(-6.4,0.2,-4.23));
#20944=CARTESIAN_POINT('',(-6.2,0.2,-4.23));
#20945=CARTESIAN_POINT('',(-6.2,0.2,-4.43));
#20946=CARTESIAN_POINT('',(-6.4,0.2,-4.43));
#20947=CARTESIAN_POINT('',(6.2,0.2,-4.43));
#20948=CARTESIAN_POINT('',(6.2,0.2,-4.23));
#20949=CARTESIAN_POINT('',(6.4,0.2,-4.23));
#20950=CARTESIAN_POINT('',(6.4,0.2,-1.87));
#20951=CARTESIAN_POINT('',(6.4,0.2,-1.87));
#20952=CARTESIAN_POINT('',(6.4,0.2,-1.69));
#20953=CARTESIAN_POINT('',(6.4,0.2,-1.51));
#20954=CARTESIAN_POINT('',(6.3801105430024,0.2,-1.51));
#20955=CARTESIAN_POINT('',(6.3901105430024,0.2,-1.51));
#20956=CARTESIAN_POINT('',(6.3901105430024,0.2,0.9));
#20957=CARTESIAN_POINT('',(6.3901105430024,0.2,0.9));
#20958=CARTESIAN_POINT('',(6.3801105430024,0.2,0.9));
#20959=CARTESIAN_POINT('',(6.4,0.2,0.9));
#20960=CARTESIAN_POINT('',(6.4,0.2,1.08));
#20961=CARTESIAN_POINT('',(6.4,0.2,1.26));
#20962=CARTESIAN_POINT('',(6.4,0.2,3.21));
#20963=CARTESIAN_POINT('',(6.4,0.2,3.01));
#20964=CARTESIAN_POINT('',(6.2,0.2,3.01));
#20965=CARTESIAN_POINT('',(-7.5,0.2,-7.17));
#20966=CARTESIAN_POINT('',(6.24,0.2,-7.17));
#20967=CARTESIAN_POINT('',(7.29,0.21,-7.17));
#20968=CARTESIAN_POINT('',(7.5,3.045,-7.17));
#20969=CARTESIAN_POINT('',(7.29,0.21,-7.17));
#20970=CARTESIAN_POINT('',(6.3801105430024,0.2,0.9));
#20971=CARTESIAN_POINT('',(6.3901105430024,0.21,0.9));
#20972=CARTESIAN_POINT('',(6.3801105430024,0.21,0.9));
#20973=CARTESIAN_POINT('',(6.3801105430024,0.150309739581795,0.9));
#20974=CARTESIAN_POINT('',(6.3801105430024,5.2,0.9));
#20975=CARTESIAN_POINT('',(6.1801105430024,5.2,0.9));
#20976=CARTESIAN_POINT('',(6.1801105430024,5.2,0.9));
#20977=CARTESIAN_POINT('',(6.1801105430024,0.150309739581795,0.9));
#20978=CARTESIAN_POINT('',(6.1801105430024,0.209999999999999,0.9));
#20979=CARTESIAN_POINT('',(6.3901105430024,0.21,0.9));
#20980=CARTESIAN_POINT('',(6.4,0.2,0.9));
#20981=CARTESIAN_POINT('',(6.3801105430024,0.,-1.51));
#20982=CARTESIAN_POINT('',(6.3901105430024,0.21,-1.51));
#20983=CARTESIAN_POINT('',(6.1801105430024,0.21,-1.51));
#20984=CARTESIAN_POINT('',(6.1801105430024,0.150309739581795,-1.51));
#20985=CARTESIAN_POINT('',(6.1801105430024,5.2,-1.51));
#20986=CARTESIAN_POINT('',(6.1801105430024,5.2,-1.51));
#20987=CARTESIAN_POINT('',(6.3801105430024,5.2,-1.51));
#20988=CARTESIAN_POINT('',(6.3801105430024,0.150309739581795,-1.51));
#20989=CARTESIAN_POINT('',(6.3801105430024,0.21,-1.51));
#20990=CARTESIAN_POINT('',(6.3901105430024,0.21,-1.51));
#20991=CARTESIAN_POINT('',(6.4,0.2,-1.51));
#20992=CARTESIAN_POINT('',(7.51,12.1,3.61));
#20993=CARTESIAN_POINT('',(7.59665009431144,12.1,5.11));
#20994=CARTESIAN_POINT('',(7.59665009431144,12.1,5.11));
#20995=CARTESIAN_POINT('',(7.59665009431144,12.1,3.61));
#20996=CARTESIAN_POINT('',(7.51,12.1,3.61));
#20997=CARTESIAN_POINT('',(7.71,12.1,3.61));
#20998=CARTESIAN_POINT('',(7.71,12.1,3.61));
#20999=CARTESIAN_POINT('',(7.71,12.1,5.11));
#21000=CARTESIAN_POINT('',(7.51,12.1,5.11));
#21001=CARTESIAN_POINT('',(7.51,12.1,5.11));
#21002=CARTESIAN_POINT('',(7.59665009431144,11.35,5.11));
#21003=CARTESIAN_POINT('',(7.59665009431144,11.35,5.11));
#21004=CARTESIAN_POINT('',(7.71,12.1,5.11));
#21005=CARTESIAN_POINT('',(7.71,11.35,5.11));
#21006=CARTESIAN_POINT('',(7.51,11.35,5.11));
#21007=CARTESIAN_POINT('',(7.51,11.35,5.11));
#21008=CARTESIAN_POINT('',(7.59665009431144,11.35,3.61));
#21009=CARTESIAN_POINT('',(7.59665009431144,11.35,3.61));
#21010=CARTESIAN_POINT('',(7.71,11.35,5.11));
#21011=CARTESIAN_POINT('',(7.71,11.35,3.61));
#21012=CARTESIAN_POINT('',(7.51,11.35,3.61));
#21013=CARTESIAN_POINT('',(7.51,11.35,3.61));
#21014=CARTESIAN_POINT('',(7.59665009431144,12.1,3.61));
#21015=CARTESIAN_POINT('',(7.71,11.35,3.61));
#21016=CARTESIAN_POINT('',(7.29,0.21,6.96));
#21017=CARTESIAN_POINT('',(7.29,0.,6.96));
#21018=CARTESIAN_POINT('',(7.29,0.21,7.17));
#21019=CARTESIAN_POINT('',(-7.5,0.2,-7.17));
#21020=CARTESIAN_POINT('',(7.5,12.99,-7.17));
#21021=CARTESIAN_POINT('',(7.3,4.975,-7.17));
#21022=CARTESIAN_POINT('',(7.5,0.150309739581795,7.17));
#21023=CARTESIAN_POINT('',(7.49999999999999,13.45,6.96));
#21024=CARTESIAN_POINT('',(7.5,0.21,7.17));
#21025=CARTESIAN_POINT('',(2.45,0.2,7.01));
#21026=CARTESIAN_POINT('',(2.45,0.2,5.31));
#21027=CARTESIAN_POINT('',(2.45,0.202087187478109,6.96));
#21028=CARTESIAN_POINT('',(-2.45,0.2,5.11));
#21029=CARTESIAN_POINT('',(-2.45,0.2,5.31));
#21030=CARTESIAN_POINT('',(-2.45,0.202087187478109,6.96));
#21031=CARTESIAN_POINT('',(2.45,0.2,5.11));
#21032=CARTESIAN_POINT('',(3.57,0.,5.11));
#21033=CARTESIAN_POINT('',(2.65,0.2,5.11));
#21034=CARTESIAN_POINT('',(3.77,0.2,5.11));
#21035=CARTESIAN_POINT('',(3.77,0.2,3.41));
#21036=CARTESIAN_POINT('',(3.77,0.2,4.91));
#21037=CARTESIAN_POINT('',(3.77,0.2,3.21));
#21038=CARTESIAN_POINT('',(6.2,0.,3.21));
#21039=CARTESIAN_POINT('',(3.97,0.2,3.21));
#21040=CARTESIAN_POINT('',(6.4,0.2,3.21));
#21041=CARTESIAN_POINT('',(6.4,0.2,3.01));
#21042=CARTESIAN_POINT('',(6.4,0.2,1.26));
#21043=CARTESIAN_POINT('',(6.4,0.2,1.08));
#21044=CARTESIAN_POINT('',(6.4,0.2,-1.69));
#21045=CARTESIAN_POINT('',(6.4,0.2,-1.87));
#21046=CARTESIAN_POINT('',(6.4,0.2,-1.87));
#21047=CARTESIAN_POINT('',(6.4,0.,-4.23));
#21048=CARTESIAN_POINT('',(-6.4,0.2,-4.43));
#21049=CARTESIAN_POINT('',(6.2,0.2,-4.43));
#21050=CARTESIAN_POINT('',(-6.2,0.,-4.43));
#21051=CARTESIAN_POINT('',(-6.4,0.2,-1.87));
#21052=CARTESIAN_POINT('',(-6.4,0.2,-4.23));
#21053=CARTESIAN_POINT('',(-6.4,0.2,-1.87));
#21054=CARTESIAN_POINT('',(-6.40000000000002,0.2,-1.69));
#21055=CARTESIAN_POINT('',(-6.39999999999997,0.2,1.08));
#21056=CARTESIAN_POINT('',(-6.4,0.2,1.26));
#21057=CARTESIAN_POINT('',(-6.4,0.2,3.21));
#21058=CARTESIAN_POINT('',(-6.4,0.,3.01));
#21059=CARTESIAN_POINT('',(-6.4,0.2,3.21));
#21060=CARTESIAN_POINT('',(-6.2,0.2,3.21));
#21061=CARTESIAN_POINT('',(-3.97,0.2,3.21));
#21062=CARTESIAN_POINT('',(-3.77,0.2,3.21));
#21063=CARTESIAN_POINT('',(-3.77,0.2,3.41));
#21064=CARTESIAN_POINT('',(-3.77,0.,4.91));
#21065=CARTESIAN_POINT('',(-3.77,0.2,5.11));
#21066=CARTESIAN_POINT('',(-3.57,0.2,5.11));
#21067=CARTESIAN_POINT('',(-2.65,0.2,5.11));
#21068=CARTESIAN_POINT('',(6.55011700092936E-33,13.45,-1.67554741701784E-15));
#21069=CARTESIAN_POINT('',(-7.5,13.45,7.01969026041821));
#21070=CARTESIAN_POINT('',(-7.5,13.45,0.459999999999999));
#21071=CARTESIAN_POINT('',(-6.,13.45,6.96));
#21072=CARTESIAN_POINT('',(1.,13.45,6.96));
#21073=CARTESIAN_POINT('',(7.5,13.45,7.01969026041821));
#21074=CARTESIAN_POINT('',(7.49999999999999,13.45,0.46));
#21075=CARTESIAN_POINT('',(7.5,13.45,0.459999999999999));
#21076=CARTESIAN_POINT('',(0.,13.25,-1.62265700887024E-15));
#21077=CARTESIAN_POINT('',(-7.5,13.25,7.01969026041821));
#21078=CARTESIAN_POINT('',(-7.5,13.25,0.46));
#21079=CARTESIAN_POINT('',(7.5,13.25,0.46));
#21080=CARTESIAN_POINT('',(7.5,13.25,0.46));
#21081=CARTESIAN_POINT('',(7.5,13.25,7.01969026041821));
#21082=CARTESIAN_POINT('',(-7.5,13.25,6.96));
#21083=CARTESIAN_POINT('',(-7.5,13.25,6.96));
#21084=CARTESIAN_POINT('',(7.5,13.45,0.459999999999999));
#21085=CARTESIAN_POINT('',(-7.5,13.24,0.46));
#21086=CARTESIAN_POINT('',(-7.51,13.24,0.46));
#21087=CARTESIAN_POINT('',(-7.51,13.2996902604182,0.46));
#21088=CARTESIAN_POINT('',(-7.51,10.,0.460000000000001));
#21089=CARTESIAN_POINT('',(-7.71,10.,0.460000000000001));
#21090=CARTESIAN_POINT('',(-7.71,10.,0.460000000000001));
#21091=CARTESIAN_POINT('',(-7.71,13.2996902604182,0.46));
#21092=CARTESIAN_POINT('',(-7.71,13.24,0.46));
#21093=CARTESIAN_POINT('',(-7.5,13.24,0.46));
#21094=CARTESIAN_POINT('',(7.5,13.24,0.46));
#21095=CARTESIAN_POINT('',(7.71,13.24,0.46));
#21096=CARTESIAN_POINT('',(7.71,13.2996902604182,0.46));
#21097=CARTESIAN_POINT('',(7.71,10.,0.460000000000001));
#21098=CARTESIAN_POINT('',(7.71,10.,0.460000000000001));
#21099=CARTESIAN_POINT('',(7.51,10.,0.460000000000001));
#21100=CARTESIAN_POINT('',(7.51,13.2996902604182,0.46));
#21101=CARTESIAN_POINT('',(7.51,13.24,0.46));
#21102=CARTESIAN_POINT('',(7.5,13.24,0.46));
#21103=CARTESIAN_POINT('',(-7.5,0.21,7.17));
#21104=CARTESIAN_POINT('',(7.5,0.150309739581795,6.96));
#21105=CARTESIAN_POINT('',(7.29,0.21,6.96));
#21106=CARTESIAN_POINT('',(7.29,0.21,6.96));
#21107=CARTESIAN_POINT('',(7.29,0.21,-7.17));
#21108=CARTESIAN_POINT('',(7.29,0.210000350747563,-4.39));
#21109=CARTESIAN_POINT('',(7.50000035074757,0.210000350747565,-4.39));
#21110=CARTESIAN_POINT('',(7.50000035074757,0.210000350747565,-4.39));
#21111=CARTESIAN_POINT('',(7.50000035074757,0.210000350747565,-2.39));
#21112=CARTESIAN_POINT('',(7.29,0.210000350747563,-2.39));
#21113=CARTESIAN_POINT('',(7.29,0.21,-1.99640243902439));
#21114=CARTESIAN_POINT('',(7.29,0.21,1.69640243902439));
#21115=CARTESIAN_POINT('',(7.3,0.000238230365969733,1.69000726312091));
#21116=CARTESIAN_POINT('',(7.3,0.000238230365969742,-7.17));
#21117=CARTESIAN_POINT('',(7.3,0.000238230365969742,2.09));
#21118=CARTESIAN_POINT('',(7.29,0.210000350747563,2.09));
#21119=CARTESIAN_POINT('',(7.50000000000012,0.210000350747565,2.09));
#21120=CARTESIAN_POINT('',(7.50000000000012,0.210000350747565,4.09));
#21121=CARTESIAN_POINT('',(7.50000000000012,0.210000350747565,4.09));
#21122=CARTESIAN_POINT('',(7.29,0.210000350747563,4.09));
#21123=CARTESIAN_POINT('',(7.3,0.000238229967617357,4.09));
#21124=CARTESIAN_POINT('',(7.3,0.000238230365969742,-7.17));
#21125=CARTESIAN_POINT('',(7.3,0.000238230365969742,4.49));
#21126=CARTESIAN_POINT('',(7.29,0.21,4.48359756097561));
#21127=CARTESIAN_POINT('',(7.29,0.21,-4.78359756097561));
#21128=CARTESIAN_POINT('',(7.29,0.21,-7.17));
#21129=CARTESIAN_POINT('',(7.3,0.21,6.96));
#21130=CARTESIAN_POINT('',(7.71,13.2996902604182,6.96));
#21131=CARTESIAN_POINT('',(7.71,13.2996902604182,6.96));
#21132=CARTESIAN_POINT('',(7.71,13.24,6.96));
#21133=CARTESIAN_POINT('',(7.71,10.,6.96));
#21134=CARTESIAN_POINT('',(7.5,13.24,6.96));
#21135=CARTESIAN_POINT('',(7.5,13.24,6.96));
#21136=CARTESIAN_POINT('',(7.51,13.24,6.96));
#21137=CARTESIAN_POINT('',(7.51,13.2996902604182,6.96));
#21138=CARTESIAN_POINT('',(7.51,10.,6.96));
#21139=CARTESIAN_POINT('',(7.71,10.,6.96));
#21140=CARTESIAN_POINT('',(7.70999999999999,-4.59854873079831E-16,0.));
#21141=CARTESIAN_POINT('',(7.71,13.24,0.46));
#21142=CARTESIAN_POINT('',(7.71,10.,6.96));
#21143=CARTESIAN_POINT('',(7.51,-4.59854873079831E-16,0.));
#21144=CARTESIAN_POINT('',(7.51,11.35,3.61));
#21145=CARTESIAN_POINT('',(7.51,11.35,3.61));
#21146=CARTESIAN_POINT('',(7.51,12.1,3.61));
#21147=CARTESIAN_POINT('',(7.51,12.1,3.61));
#21148=CARTESIAN_POINT('',(7.51,12.1,5.11));
#21149=CARTESIAN_POINT('',(7.51,12.1,5.11));
#21150=CARTESIAN_POINT('',(7.51,11.35,5.11));
#21151=CARTESIAN_POINT('',(7.51,11.35,5.11));
#21152=CARTESIAN_POINT('',(7.51,13.24,0.46));
#21153=CARTESIAN_POINT('',(7.51,10.,6.96));
#21154=CARTESIAN_POINT('',(7.71,10.,6.96));
#21155=CARTESIAN_POINT('',(7.5,13.24,0.46));
#21156=CARTESIAN_POINT('',(7.5,13.24,0.46));
#21157=CARTESIAN_POINT('',(7.39665009431145,4.90112397333389E-16,0.));
#21158=CARTESIAN_POINT('',(7.39665009431144,11.55,1.33573707650214E-14));
#21159=CARTESIAN_POINT('',(7.39665009431144,11.55,3.81));
#21160=CARTESIAN_POINT('',(7.39665009431144,11.55,4.91));
#21161=CARTESIAN_POINT('',(7.39665009431145,4.90112397333389E-16,4.91));
#21162=CARTESIAN_POINT('',(7.39665009431144,11.9,4.91));
#21163=CARTESIAN_POINT('',(7.39665009431144,11.9,0.));
#21164=CARTESIAN_POINT('',(7.39665009431144,11.9,3.81));
#21165=CARTESIAN_POINT('',(7.39665009431145,4.90112397333389E-16,3.81));
#21166=CARTESIAN_POINT('',(7.59665009431145,5.03364677516558E-16,0.));
#21167=CARTESIAN_POINT('',(7.59665009431144,11.35,5.11));
#21168=CARTESIAN_POINT('',(7.59665009431144,12.1,5.11));
#21169=CARTESIAN_POINT('',(7.59665009431144,11.35,5.11));
#21170=CARTESIAN_POINT('',(7.59665009431144,12.1,3.61));
#21171=CARTESIAN_POINT('',(7.59665009431144,11.35,3.61));
#21172=CARTESIAN_POINT('',(7.59665009431144,12.1,3.61));
#21173=CARTESIAN_POINT('',(7.59665009431144,11.35,3.61));
#21174=CARTESIAN_POINT('',(7.59665009431144,12.1,5.11));
#21175=CARTESIAN_POINT('',(7.5,11.35,5.08122732548915));
#21176=CARTESIAN_POINT('',(7.5,11.3787726745109,5.08122732548915));
#21177=CARTESIAN_POINT('',(7.5,12.0712273254892,5.08122732548915));
#21178=CARTESIAN_POINT('',(7.5,12.0712273254892,5.11));
#21179=CARTESIAN_POINT('',(7.5,12.0712273254892,3.63877267451085));
#21180=CARTESIAN_POINT('',(7.5,11.3787726745109,3.61));
#21181=CARTESIAN_POINT('',(7.5,11.3787726745109,3.63877267451085));
#21182=CARTESIAN_POINT('',(7.5,12.1,3.63877267451085));
#21183=CARTESIAN_POINT('',(7.3,3.425,-7.17));
#21184=CARTESIAN_POINT('',(7.3,3.425,-7.55));
#21185=CARTESIAN_POINT('',(7.3,3.425,-9.82500000000001));
#21186=CARTESIAN_POINT('',(7.3,4.01,-9.82500000000001));
#21187=CARTESIAN_POINT('',(7.3,4.595,-9.82500000000001));
#21188=CARTESIAN_POINT('',(7.3,4.595,-7.17));
#21189=CARTESIAN_POINT('',(7.5,4.595,-7.55));
#21190=CARTESIAN_POINT('',(-7.5,3.045,-7.55));
#21191=CARTESIAN_POINT('',(7.3,4.975,-7.55));
#21192=CARTESIAN_POINT('',(6.1801105430024,-3.56316030783764E-16,0.));
#21193=CARTESIAN_POINT('',(6.1801105430024,0.21,-1.51));
#21194=CARTESIAN_POINT('',(6.1801105430024,5.2,0.9));
#21195=CARTESIAN_POINT('',(6.3801105430024,-3.90669097734709E-16,0.));
#21196=CARTESIAN_POINT('',(6.3801105430024,0.21,-1.51));
#21197=CARTESIAN_POINT('',(6.3801105430024,5.2,0.9));
#21198=CARTESIAN_POINT('',(6.1801105430024,5.2,0.9));
#21199=CARTESIAN_POINT('',(6.3901105430024,0.21,0.9));
#21200=CARTESIAN_POINT('',(6.3901105430024,0.21,0.9));
#21201=CARTESIAN_POINT('',(-6.35,0.2,-7.17));
#21202=CARTESIAN_POINT('',(-6.252,0.2,-7.15010025125787));
#21203=CARTESIAN_POINT('',(6.14,0.2,-7.17));
#21204=CARTESIAN_POINT('',(6.042,0.2,-7.15010025125787));
#21205=CARTESIAN_POINT('',(-6.252,0.,-7.172));
#21206=CARTESIAN_POINT('',(-6.252,0.,-6.96));
#21207=CARTESIAN_POINT('',(-6.252,0.,-6.96));
#21208=CARTESIAN_POINT('',(-6.25,0.,-6.96));
#21209=CARTESIAN_POINT('',(6.042,0.,-7.172));
#21210=CARTESIAN_POINT('',(-6.25,0.150309739581794,-7.17));
#21211=CARTESIAN_POINT('',(-6.25,0.150309739581794,-7.17));
#21212=CARTESIAN_POINT('',(-6.25,0.209999999999999,-7.17));
#21213=CARTESIAN_POINT('',(-6.25,2.2,-7.17));
#21214=CARTESIAN_POINT('',(-6.25,0.21,-6.96));
#21215=CARTESIAN_POINT('',(-6.25,0.21,-6.96));
#21216=CARTESIAN_POINT('',(-6.25,0.21,-6.97));
#21217=CARTESIAN_POINT('',(-6.25,0.150309739581794,-6.97));
#21218=CARTESIAN_POINT('',(-6.25,2.2,-6.97));
#21219=CARTESIAN_POINT('',(-6.25,2.2,-7.17));
#21220=CARTESIAN_POINT('',(0.,0.,-7.17));
#21221=CARTESIAN_POINT('',(6.04,0.150309739581794,-7.17));
#21222=CARTESIAN_POINT('',(6.04,2.2,-7.17));
#21223=CARTESIAN_POINT('',(6.04,0.21,-7.17));
#21224=CARTESIAN_POINT('',(6.04,0.21,-7.17));
#21225=CARTESIAN_POINT('',(-6.25,2.2,-7.17));
#21226=CARTESIAN_POINT('',(0.,0.,-6.97));
#21227=CARTESIAN_POINT('',(6.04,0.21,-6.97));
#21228=CARTESIAN_POINT('',(6.04,0.21,-6.97));
#21229=CARTESIAN_POINT('',(6.04,0.150309739581794,-6.97));
#21230=CARTESIAN_POINT('',(6.04,2.2,-6.97));
#21231=CARTESIAN_POINT('',(-6.25,2.2,-6.97));
#21232=CARTESIAN_POINT('',(-6.25,2.2,-7.17));
#21233=CARTESIAN_POINT('',(6.04,2.2,-7.17));
#21234=CARTESIAN_POINT('',(6.04,0.150309739581794,-7.17));
#21235=CARTESIAN_POINT('',(6.04,0.21,-6.96));
#21236=CARTESIAN_POINT('',(6.04,0.21,-6.96));
#21237=CARTESIAN_POINT('',(-6.25,0.21,-6.96));
#21238=CARTESIAN_POINT('',(-6.25,0.21,-6.96));
#21239=CARTESIAN_POINT('',(7.3,8.2,4.24));
#21240=CARTESIAN_POINT('',(7.5,7.95761841136143,4.24738968258045));
#21241=CARTESIAN_POINT('',(7.3,8.2,4.24));
#21242=CARTESIAN_POINT('',(7.3,-2.00662056214784E-17,1.69));
#21243=CARTESIAN_POINT('',(7.3,7.95761841136143,1.93261031741956));
#21244=CARTESIAN_POINT('',(7.3,-2.00662056214784E-17,1.69));
#21245=CARTESIAN_POINT('',(7.3,8.2,1.94));
#21246=CARTESIAN_POINT('',(7.5,8.2,2.18249421007438));
#21247=CARTESIAN_POINT('',(7.3,8.2,3.99750578992562));
#21248=CARTESIAN_POINT('',(7.3,9.78431574104236E-16,0.));
#21249=CARTESIAN_POINT('',(7.3,1.25068863537611E-15,4.09));
#21250=CARTESIAN_POINT('',(7.3,0.205581103749033,4.09));
#21251=CARTESIAN_POINT('',(7.3,0.205581103749033,4.09));
#21252=CARTESIAN_POINT('',(7.3,0.205581103749033,2.09));
#21253=CARTESIAN_POINT('',(7.3,1.11755559807935E-15,2.09));
#21254=CARTESIAN_POINT('',(-4.1721966375604,4.80215728972641,4.09));
#21255=CARTESIAN_POINT('',(-4.1721966375604,4.80215728972641,2.09));
#21256=CARTESIAN_POINT('',(7.30168961403521,0.210566041915306,2.09));
#21257=CARTESIAN_POINT('',(8.09431230425356,6.30732647687068,2.09));
#21258=CARTESIAN_POINT('',(7.30168961403521,0.210566041915306,4.09));
#21259=CARTESIAN_POINT('',(7.30168961403521,0.210566041915306,4.09));
#21260=CARTESIAN_POINT('',(-4.1721966375604,4.80215728972641,4.09));
#21261=CARTESIAN_POINT('',(8.09431230425356,6.30732647687068,4.09));
#21262=CARTESIAN_POINT('',(8.09431230425356,6.30732647687068,4.09));
#21263=CARTESIAN_POINT('',(9.00967292903778,6.41964634017375,4.09));
#21264=CARTESIAN_POINT('',(8.52489585561988,7.20417933131317,4.09));
#21265=CARTESIAN_POINT('',(8.52489585561988,7.20417933131317,3.69));
#21266=CARTESIAN_POINT('',(8.52489585561988,7.20417933131317,2.49));
#21267=CARTESIAN_POINT('',(8.52489585561988,7.20417933131317,2.49));
#21268=CARTESIAN_POINT('',(8.52489585561988,7.20417933131317,2.27430431980754));
#21269=CARTESIAN_POINT('',(8.34872017683069,7.09797693320939,2.09));
#21270=CARTESIAN_POINT('',(8.23260327769795,6.91629871564817,2.09));
#21271=CARTESIAN_POINT('',(8.23260327769795,6.91629871564817,2.09));
#21272=CARTESIAN_POINT('',(9.00967292903778,6.41964634017375,2.09));
#21273=CARTESIAN_POINT('',(9.00967292903778,6.41964634017375,4.09));
#21274=CARTESIAN_POINT('',(8.23260327769795,6.91629871564817,4.09));
#21275=CARTESIAN_POINT('',(8.23260327769795,6.91629871564817,4.09));
#21276=CARTESIAN_POINT('',(8.34866996065944,7.09789836424524,4.09));
#21277=CARTESIAN_POINT('',(8.52489585561988,7.20417933131317,3.9056873080314));
#21278=CARTESIAN_POINT('',(8.52489585561988,7.20417933131317,3.69));
#21279=CARTESIAN_POINT('',(8.63808051230278,7.021102359775,4.09));
#21280=CARTESIAN_POINT('',(8.63808051230278,7.021102359775,4.09));
#21281=CARTESIAN_POINT('',(8.63808051230278,7.021102359775,3.69));
#21282=CARTESIAN_POINT('',(8.63808051230278,7.021102359775,2.49));
#21283=CARTESIAN_POINT('',(8.52489585561988,7.20417933131317,2.49));
#21284=CARTESIAN_POINT('',(8.63808051230278,7.021102359775,3.69));
#21285=CARTESIAN_POINT('',(9.04667327124202,6.36020072265117,4.09));
#21286=CARTESIAN_POINT('',(9.04667327124202,6.36020072265117,2.09));
#21287=CARTESIAN_POINT('',(8.35615188613501,6.71645797986909,2.09));
#21288=CARTESIAN_POINT('',(8.27456725458367,6.27307256617742,2.09));
#21289=CARTESIAN_POINT('',(8.35615188613501,6.71645797986909,2.09));
#21290=CARTESIAN_POINT('',(8.40603318967321,6.81314122242005,2.09));
#21291=CARTESIAN_POINT('',(8.55381891696753,6.97788992549588,2.16563276923727));
#21292=CARTESIAN_POINT('',(8.63808051230278,7.02110235977499,2.38109790069163));
#21293=CARTESIAN_POINT('',(8.63808051230278,7.02110235977499,2.49));
#21294=CARTESIAN_POINT('',(8.63808051230278,7.021102359775,3.69));
#21295=CARTESIAN_POINT('',(8.63808051230278,7.021102359775,3.79889972814117));
#21296=CARTESIAN_POINT('',(8.55409613207003,6.9781193553798,4.01401040979297));
#21297=CARTESIAN_POINT('',(8.40605303570748,6.81317968931664,4.09));
#21298=CARTESIAN_POINT('',(8.35615188613501,6.71645797986909,4.09));
#21299=CARTESIAN_POINT('',(8.35615188613501,6.71645797986909,4.09));
#21300=CARTESIAN_POINT('',(9.04667327124202,6.36020072265117,4.09));
#21301=CARTESIAN_POINT('',(8.27456725458367,6.27307256617742,4.09));
#21302=CARTESIAN_POINT('',(8.27456725458367,6.27307256617742,4.09));
#21303=CARTESIAN_POINT('',(-4.53116020939022,4.82801268816994,4.09));
#21304=CARTESIAN_POINT('',(-4.53116020939022,4.82801268816994,2.09));
#21305=CARTESIAN_POINT('',(-4.53116020939022,4.82801268816994,4.09));
#21306=CARTESIAN_POINT('',(7.29,0.211749353260116,4.09));
#21307=CARTESIAN_POINT('',(7.29,0.211749353260116,2.09));
#21308=CARTESIAN_POINT('',(7.29,0.211749353260116,4.09));
#21309=CARTESIAN_POINT('',(-4.1721966375604,4.80215728972641,4.09));
#21310=CARTESIAN_POINT('',(5.74799474672333,10.9351703422428,4.09));
#21311=CARTESIAN_POINT('',(-4.1721966375604,4.80215728972641,2.09));
#21312=CARTESIAN_POINT('',(8.29785083168275,6.81076034203914,2.09));
#21313=CARTESIAN_POINT('',(8.29785083168275,6.81076034203914,3.69));
#21314=CARTESIAN_POINT('',(5.74799474672333,10.9351703422428,2.49));
#21315=CARTESIAN_POINT('',(7.3,-1.75478968159829E-15,-4.79));
#21316=CARTESIAN_POINT('',(7.3,7.95761841136142,-4.54738968258045));
#21317=CARTESIAN_POINT('',(7.3,8.2,-4.54));
#21318=CARTESIAN_POINT('',(7.5,8.2,-4.29750578992562));
#21319=CARTESIAN_POINT('',(7.3,8.2,-2.48249421007438));
#21320=CARTESIAN_POINT('',(7.3,8.2,-2.24));
#21321=CARTESIAN_POINT('',(7.5,7.95761841136143,-2.23261031741956));
#21322=CARTESIAN_POINT('',(9.00967292903778,6.41964634017375,-4.39));
#21323=CARTESIAN_POINT('',(9.00967292903778,6.41964634017375,-2.39));
#21324=CARTESIAN_POINT('',(8.23260327769795,6.91629871564817,-2.39));
#21325=CARTESIAN_POINT('',(8.09431230425356,6.30732647687068,-2.39));
#21326=CARTESIAN_POINT('',(8.23260327769795,6.91629871564817,-2.39));
#21327=CARTESIAN_POINT('',(8.34866996065944,7.09789836424524,-2.39));
#21328=CARTESIAN_POINT('',(8.52489585561988,7.20417933131317,-2.5743126919686));
#21329=CARTESIAN_POINT('',(8.52489585561988,7.20417933131317,-2.79));
#21330=CARTESIAN_POINT('',(8.52489585561988,7.20417933131317,-2.79));
#21331=CARTESIAN_POINT('',(8.52489585561988,7.20417933131317,-4.39));
#21332=CARTESIAN_POINT('',(8.52489585561988,7.20417933131317,-3.99));
#21333=CARTESIAN_POINT('',(8.52489585561988,7.20417933131317,-3.99));
#21334=CARTESIAN_POINT('',(8.52489585561988,7.20417933131317,-4.20569568019246));
#21335=CARTESIAN_POINT('',(8.34872017683069,7.09797693320939,-4.39));
#21336=CARTESIAN_POINT('',(8.23260327769795,6.91629871564817,-4.39));
#21337=CARTESIAN_POINT('',(8.23260327769795,6.91629871564817,-4.39));
#21338=CARTESIAN_POINT('',(9.00967292903778,6.41964634017375,-4.39));
#21339=CARTESIAN_POINT('',(8.09431230425356,6.30732647687068,-4.39));
#21340=CARTESIAN_POINT('',(8.09431230425356,6.30732647687068,-4.39));
#21341=CARTESIAN_POINT('',(-4.1721966375604,4.80215728972641,-4.39));
#21342=CARTESIAN_POINT('',(-4.1721966375604,4.80215728972641,-2.39));
#21343=CARTESIAN_POINT('',(7.30168961403521,0.21056604191531,-2.39));
#21344=CARTESIAN_POINT('',(-4.1721966375604,4.80215728972641,-4.39));
#21345=CARTESIAN_POINT('',(7.30168961403521,0.210566041915309,-4.39));
#21346=CARTESIAN_POINT('',(7.30168961403521,0.210566041915309,-4.39));
#21347=CARTESIAN_POINT('',(7.29,0.211749353260116,-4.39));
#21348=CARTESIAN_POINT('',(7.29,0.211749353260116,-4.39));
#21349=CARTESIAN_POINT('',(7.29,0.211749353260116,-2.39));
#21350=CARTESIAN_POINT('',(-4.53116020939022,4.82801268816994,-4.39));
#21351=CARTESIAN_POINT('',(-4.53116020939022,4.82801268816994,-2.39));
#21352=CARTESIAN_POINT('',(8.27456725458369,6.27307256617743,-2.39));
#21353=CARTESIAN_POINT('',(-4.53116020939022,4.82801268816994,-4.39));
#21354=CARTESIAN_POINT('',(8.27456725458369,6.27307256617743,-4.39));
#21355=CARTESIAN_POINT('',(8.27456725458369,6.27307256617743,-4.39));
#21356=CARTESIAN_POINT('',(9.04667327124202,6.36020072265117,-4.39));
#21357=CARTESIAN_POINT('',(8.63808051230278,7.02110235977499,-4.39));
#21358=CARTESIAN_POINT('',(8.63808051230278,7.02110235977499,-3.99));
#21359=CARTESIAN_POINT('',(8.63808051230278,7.02110235977499,-2.79));
#21360=CARTESIAN_POINT('',(8.63808051230278,7.02110235977499,-2.79));
#21361=CARTESIAN_POINT('',(8.63808051230278,7.02110235977499,-2.68110027185883));
#21362=CARTESIAN_POINT('',(8.55409613207003,6.9781193553798,-2.46598959020703));
#21363=CARTESIAN_POINT('',(8.40605303570748,6.81317968931664,-2.39));
#21364=CARTESIAN_POINT('',(8.35615188613502,6.71645797986909,-2.39));
#21365=CARTESIAN_POINT('',(8.35615188613501,6.71645797986909,-2.39));
#21366=CARTESIAN_POINT('',(9.04667327124202,6.36020072265117,-2.39));
#21367=CARTESIAN_POINT('',(9.04667327124202,6.36020072265117,-4.39));
#21368=CARTESIAN_POINT('',(8.35615188613501,6.71645797986909,-4.39));
#21369=CARTESIAN_POINT('',(8.35615188613501,6.71645797986909,-4.39));
#21370=CARTESIAN_POINT('',(8.40603318967321,6.81314122242005,-4.39));
#21371=CARTESIAN_POINT('',(8.55381891696753,6.97788992549588,-4.31436723076273));
#21372=CARTESIAN_POINT('',(8.63808051230278,7.02110235977499,-4.09890209930837));
#21373=CARTESIAN_POINT('',(8.63808051230278,7.02110235977499,-3.99));
#21374=CARTESIAN_POINT('',(8.63808051230278,7.021102359775,-4.39));
#21375=CARTESIAN_POINT('',(8.63808051230278,7.021102359775,-2.79));
#21376=CARTESIAN_POINT('',(8.52489585561988,7.20417933131317,-3.99));
#21377=CARTESIAN_POINT('',(9.00967292903778,6.41964634017375,-4.39));
#21378=CARTESIAN_POINT('',(8.29785083168275,6.81076034203914,-4.39));
#21379=CARTESIAN_POINT('',(9.00967292903778,6.41964634017375,-2.39));
#21380=CARTESIAN_POINT('',(8.66962336489584,6.20941567681286,-2.39));
#21381=CARTESIAN_POINT('',(8.29785083168275,6.81076034203914,-3.99));
#21382=CARTESIAN_POINT('',(8.66962336489584,6.20941567681286,-2.79));
#21383=CARTESIAN_POINT('',(3.45,8.2,6.96));
#21384=CARTESIAN_POINT('',(5.50750578992562,8.2,7.17));
#21385=CARTESIAN_POINT('',(3.69249421007438,8.2,6.97));
#21386=CARTESIAN_POINT('',(3.45,8.2,6.96));
#21387=CARTESIAN_POINT('',(3.44261031741955,7.95761841136143,7.17));
#21388=CARTESIAN_POINT('',(6.,8.54502946597356E-16,6.96));
#21389=CARTESIAN_POINT('',(5.75738968258044,7.95761841136143,6.97));
#21390=CARTESIAN_POINT('',(5.6,0.209946334756057,6.96009966908572));
#21391=CARTESIAN_POINT('',(3.6,0.209946334756057,6.96009966908572));
#21392=CARTESIAN_POINT('',(3.6,-5.39923393408715E-5,6.96));
#21393=CARTESIAN_POINT('',(3.6,0.209946334756059,7.17010001983332));
#21394=CARTESIAN_POINT('',(5.6,-5.39923393406616E-5,6.96));
#21395=CARTESIAN_POINT('',(5.6,-5.39923393406616E-5,6.96));
#21396=CARTESIAN_POINT('',(5.6,0.209946334756057,6.96009966908572));
#21397=CARTESIAN_POINT('',(5.6,0.209946334756059,7.17010001983332));
#21398=CARTESIAN_POINT('',(5.6,0.209946334756059,7.17010001983332));
#21399=CARTESIAN_POINT('',(5.6,4.82795867217843,-4.86106018955702));
#21400=CARTESIAN_POINT('',(3.6,4.82795867217843,-4.86106018955702));
#21401=CARTESIAN_POINT('',(3.6,6.27301855018592,7.94466727441689));
#21402=CARTESIAN_POINT('',(5.6,4.82795867217843,-4.86106018955702));
#21403=CARTESIAN_POINT('',(5.6,6.27301855018592,7.94466727441689));
#21404=CARTESIAN_POINT('',(5.6,6.27301855018592,7.94466727441689));
#21405=CARTESIAN_POINT('',(5.6,6.36014670665966,8.71677329107522));
#21406=CARTESIAN_POINT('',(5.6,7.02104834378349,8.30818053213597));
#21407=CARTESIAN_POINT('',(5.2,7.02104834378349,8.30818053213597));
#21408=CARTESIAN_POINT('',(4.,7.02104834378349,8.30818053213597));
#21409=CARTESIAN_POINT('',(4.,7.02104834378349,8.30818053213598));
#21410=CARTESIAN_POINT('',(3.89110027185883,7.02104834378349,8.30818053213598));
#21411=CARTESIAN_POINT('',(3.67598959020703,6.97806533938829,8.22419615190322));
#21412=CARTESIAN_POINT('',(3.6,6.81312567332514,8.07615305554068));
#21413=CARTESIAN_POINT('',(3.6,6.71640396387759,8.02625190596821));
#21414=CARTESIAN_POINT('',(3.6,6.71640396387759,8.02625190596821));
#21415=CARTESIAN_POINT('',(3.6,6.36014670665966,8.71677329107522));
#21416=CARTESIAN_POINT('',(5.6,6.36014670665966,8.71677329107522));
#21417=CARTESIAN_POINT('',(5.6,6.71640396387759,8.02625190596821));
#21418=CARTESIAN_POINT('',(5.6,6.71640396387759,8.02625190596821));
#21419=CARTESIAN_POINT('',(5.6,6.81308720642855,8.07613320950641));
#21420=CARTESIAN_POINT('',(5.52436723076273,6.97783590950438,8.22391893680073));
#21421=CARTESIAN_POINT('',(5.30890209930837,7.02104834378349,8.30818053213598));
#21422=CARTESIAN_POINT('',(5.2,7.02104834378349,8.30818053213598));
#21423=CARTESIAN_POINT('',(5.6,7.02104834378349,8.30818053213598));
#21424=CARTESIAN_POINT('',(5.6,7.20412531532165,8.19499587545308));
#21425=CARTESIAN_POINT('',(5.2,7.20412531532165,8.19499587545308));
#21426=CARTESIAN_POINT('',(4.,7.20412531532165,8.19499587545308));
#21427=CARTESIAN_POINT('',(4.,7.02104834378349,8.30818053213598));
#21428=CARTESIAN_POINT('',(5.2,7.20412531532165,8.19499587545308));
#21429=CARTESIAN_POINT('',(5.6,6.41958081785324,8.67979691514643));
#21430=CARTESIAN_POINT('',(3.6,6.41958081785324,8.67979691514643));
#21431=CARTESIAN_POINT('',(3.6,6.91624092034988,7.90270563403222));
#21432=CARTESIAN_POINT('',(3.6,6.30727246087918,7.76441232408675));
#21433=CARTESIAN_POINT('',(3.6,6.91624092034988,7.90270563403222));
#21434=CARTESIAN_POINT('',(3.6,7.09784141360131,8.01877143194256));
#21435=CARTESIAN_POINT('',(3.78431243679973,7.20412531532165,8.19499587545308));
#21436=CARTESIAN_POINT('',(4.,7.20412531532165,8.19499587545308));
#21437=CARTESIAN_POINT('',(5.2,7.20412531532165,8.19499587545308));
#21438=CARTESIAN_POINT('',(5.41569592858144,7.20412531532165,8.19499587545308));
#21439=CARTESIAN_POINT('',(5.6,7.0979199784292,8.01882164485373));
#21440=CARTESIAN_POINT('',(5.6,6.91624092034989,7.90270563403222));
#21441=CARTESIAN_POINT('',(5.6,6.91624092034989,7.90270563403222));
#21442=CARTESIAN_POINT('',(5.6,6.41958081785324,8.67979691514643));
#21443=CARTESIAN_POINT('',(5.6,6.30727246087918,7.76441232408675));
#21444=CARTESIAN_POINT('',(5.6,6.30727246087918,7.76441232408675));
#21445=CARTESIAN_POINT('',(5.6,4.80229399967613,-4.50212001936082));
#21446=CARTESIAN_POINT('',(3.6,4.80229399967613,-4.50212001936082));
#21447=CARTESIAN_POINT('',(3.6,0.213552189008605,6.97290610246401));
#21448=CARTESIAN_POINT('',(5.6,4.80229399967613,-4.50212001936082));
#21449=CARTESIAN_POINT('',(5.6,0.213552189008605,6.97290610246401));
#21450=CARTESIAN_POINT('',(5.6,0.213552189008605,6.97290610246401));
#21451=CARTESIAN_POINT('',(5.6,0.212866802514772,6.96));
#21452=CARTESIAN_POINT('',(3.6,0.212866802514771,6.96));
#21453=CARTESIAN_POINT('',(5.6,0.212866802514772,6.96));
#21454=CARTESIAN_POINT('',(5.6,0.199942513928644,6.96));
#21455=CARTESIAN_POINT('',(3.6,0.199942513928643,6.96));
#21456=CARTESIAN_POINT('',(5.6,0.199942513928644,6.96));
#21457=CARTESIAN_POINT('',(5.6,0.209946334756057,6.96009966908572));
#21458=CARTESIAN_POINT('',(5.6,6.81070632604761,7.96795085151596));
#21459=CARTESIAN_POINT('',(3.6,0.209946334756057,6.96009966908572));
#21460=CARTESIAN_POINT('',(3.6,2.48600217418022,10.6416358626436));
#21461=CARTESIAN_POINT('',(5.2,6.81070632604762,7.96795085151595));
#21462=CARTESIAN_POINT('',(4.,2.48600217418022,10.6416358626436));
#21463=CARTESIAN_POINT('',(7.3,13.24,-6.27));
#21464=CARTESIAN_POINT('',(7.3,13.2201002512579,-6.172));
#21465=CARTESIAN_POINT('',(7.3,13.24,-5.07));
#21466=CARTESIAN_POINT('',(7.3,13.2201002512579,-5.168));
#21467=CARTESIAN_POINT('',(7.5,13.242,-6.172));
#21468=CARTESIAN_POINT('',(7.5,13.03,-6.172));
#21469=CARTESIAN_POINT('',(7.5,13.03,-6.172));
#21470=CARTESIAN_POINT('',(7.5,13.03,-6.17));
#21471=CARTESIAN_POINT('',(7.5,13.242,-5.168));
#21472=CARTESIAN_POINT('',(7.34969026041821,13.24,-6.17));
#21473=CARTESIAN_POINT('',(7.34969026041821,13.04,-6.17));
#21474=CARTESIAN_POINT('',(7.29,13.04,-6.17));
#21475=CARTESIAN_POINT('',(6.95,13.04,-6.17));
#21476=CARTESIAN_POINT('',(6.95,13.24,-6.17));
#21477=CARTESIAN_POINT('',(6.95,13.24,-6.17));
#21478=CARTESIAN_POINT('',(7.34969026041821,13.24,-6.17));
#21479=CARTESIAN_POINT('',(7.28999999999999,13.24,-6.17));
#21480=CARTESIAN_POINT('',(7.29,13.03,-6.17));
#21481=CARTESIAN_POINT('',(7.29,13.03,-6.17));
#21482=CARTESIAN_POINT('',(-1.59693942608815E-15,13.24,0.));
#21483=CARTESIAN_POINT('',(6.95,13.24,-5.92));
#21484=CARTESIAN_POINT('',(6.7,13.24,-5.92));
#21485=CARTESIAN_POINT('',(6.7,13.24,-6.17));
#21486=CARTESIAN_POINT('',(6.7,13.24,-5.42));
#21487=CARTESIAN_POINT('',(6.95,13.24,-5.42));
#21488=CARTESIAN_POINT('',(6.95,13.24,-5.17));
#21489=CARTESIAN_POINT('',(7.34969026041821,13.24,-5.17));
#21490=CARTESIAN_POINT('',(7.29,13.24,-5.17));
#21491=CARTESIAN_POINT('',(7.29,13.24,-5.17));
#21492=CARTESIAN_POINT('',(-1.59693942608815E-15,13.04,0.));
#21493=CARTESIAN_POINT('',(6.7,13.04,-6.17));
#21494=CARTESIAN_POINT('',(6.7,13.04,-5.92));
#21495=CARTESIAN_POINT('',(6.7,13.04,-5.42));
#21496=CARTESIAN_POINT('',(6.95,13.04,-5.92));
#21497=CARTESIAN_POINT('',(7.29,13.04,-5.17));
#21498=CARTESIAN_POINT('',(7.29,13.04,-5.17));
#21499=CARTESIAN_POINT('',(7.34969026041821,13.04,-5.17));
#21500=CARTESIAN_POINT('',(6.95,13.04,-5.17));
#21501=CARTESIAN_POINT('',(6.95,13.04,-5.42));
#21502=CARTESIAN_POINT('',(6.7,13.24,-6.17));
#21503=CARTESIAN_POINT('',(6.7,13.24,-5.92));
#21504=CARTESIAN_POINT('',(6.7,13.24,-5.42));
#21505=CARTESIAN_POINT('',(7.34969026041821,13.24,-5.17));
#21506=CARTESIAN_POINT('',(6.95,13.24,-5.17));
#21507=CARTESIAN_POINT('',(7.29,13.03,-5.17));
#21508=CARTESIAN_POINT('',(7.29,13.03,-5.17));
#21509=CARTESIAN_POINT('',(7.29,13.03,-6.17));
#21510=CARTESIAN_POINT('',(7.29,13.03,-6.17));
#21511=CARTESIAN_POINT('',(7.5,12.99,-6.92));
#21512=CARTESIAN_POINT('',(6.95,13.24,-5.92));
#21513=CARTESIAN_POINT('',(6.95,13.24,-5.42));
#21514=CARTESIAN_POINT('',(5.50750578992562,7.95,6.96));
#21515=CARTESIAN_POINT('',(3.69249421007438,7.95,6.96));
#21516=CARTESIAN_POINT('',(7.3,7.95,-4.29750578992562));
#21517=CARTESIAN_POINT('',(7.3,7.95,-2.48249421007438));
#21518=CARTESIAN_POINT('',(7.3,7.95,2.18249421007438));
#21519=CARTESIAN_POINT('',(7.3,7.95,3.99750578992562));
#21520=CARTESIAN_POINT('',(-7.5,0.21,7.17));
#21521=CARTESIAN_POINT('',(-7.5,0.150309739581795,6.96));
#21522=CARTESIAN_POINT('',(-7.29,0.21,6.96));
#21523=CARTESIAN_POINT('',(-7.29,0.21,6.96));
#21524=CARTESIAN_POINT('',(-7.29,0.21,6.96));
#21525=CARTESIAN_POINT('',(-7.29,0.21,4.48359756097561));
#21526=CARTESIAN_POINT('',(-7.29,0.210000350747563,4.09));
#21527=CARTESIAN_POINT('',(-7.50000035074757,0.210000350747565,4.09));
#21528=CARTESIAN_POINT('',(-7.50000035074757,0.210000350747565,4.09));
#21529=CARTESIAN_POINT('',(-7.50000035074757,0.210000350747565,2.09));
#21530=CARTESIAN_POINT('',(-7.29,0.210000350747563,2.09));
#21531=CARTESIAN_POINT('',(-7.29,0.21,1.69640243902439));
#21532=CARTESIAN_POINT('',(-7.29,0.21,-1.99640243902439));
#21533=CARTESIAN_POINT('',(-7.3,0.000238230365969733,-1.99000726312092));
#21534=CARTESIAN_POINT('',(-7.3,0.000238230365969742,6.96));
#21535=CARTESIAN_POINT('',(-7.3,0.000238230365969742,-2.39));
#21536=CARTESIAN_POINT('',(-7.29,0.210000350747563,-2.39));
#21537=CARTESIAN_POINT('',(-7.50000000000012,0.210000350747565,-2.39));
#21538=CARTESIAN_POINT('',(-7.50000000000012,0.210000350747565,-4.39));
#21539=CARTESIAN_POINT('',(-7.50000000000012,0.210000350747565,-4.39));
#21540=CARTESIAN_POINT('',(-7.29,0.210000350747563,-4.39));
#21541=CARTESIAN_POINT('',(-7.3,0.000238229967617222,-4.39));
#21542=CARTESIAN_POINT('',(-7.3,0.000238230365969742,6.96));
#21543=CARTESIAN_POINT('',(-7.3,0.000238230365969742,-4.79));
#21544=CARTESIAN_POINT('',(-7.29,0.21,-4.78359756097561));
#21545=CARTESIAN_POINT('',(-7.29,0.21,6.96));
#21546=CARTESIAN_POINT('',(-7.3,0.21,-7.17));
#21547=CARTESIAN_POINT('',(-7.70999999999999,-4.59854873079831E-16,0.));
#21548=CARTESIAN_POINT('',(-7.71,10.,6.96));
#21549=CARTESIAN_POINT('',(-7.71,10.,6.96));
#21550=CARTESIAN_POINT('',(-7.71,13.24,6.96));
#21551=CARTESIAN_POINT('',(-7.71,13.24,6.96));
#21552=CARTESIAN_POINT('',(-7.71,9.99999999999999,0.46));
#21553=CARTESIAN_POINT('',(-7.51,-4.59854873079831E-16,0.));
#21554=CARTESIAN_POINT('',(-7.51,11.35,3.61));
#21555=CARTESIAN_POINT('',(-7.51,11.35,3.61));
#21556=CARTESIAN_POINT('',(-7.51,11.35,5.11));
#21557=CARTESIAN_POINT('',(-7.51,11.35,5.11));
#21558=CARTESIAN_POINT('',(-7.51,12.1,5.11));
#21559=CARTESIAN_POINT('',(-7.51,12.1,5.11));
#21560=CARTESIAN_POINT('',(-7.51,12.1,3.61));
#21561=CARTESIAN_POINT('',(-7.51,12.1,3.61));
#21562=CARTESIAN_POINT('',(-7.51,13.24,6.96));
#21563=CARTESIAN_POINT('',(-7.51,13.24,6.96));
#21564=CARTESIAN_POINT('',(-7.51,10.,6.96));
#21565=CARTESIAN_POINT('',(-7.51,10.,6.96));
#21566=CARTESIAN_POINT('',(-7.51,9.99999999999999,0.46));
#21567=CARTESIAN_POINT('',(-7.71,9.99999999999999,0.46));
#21568=CARTESIAN_POINT('',(-7.71,10.,6.96));
#21569=CARTESIAN_POINT('',(-7.71,10.,6.96));
#21570=CARTESIAN_POINT('',(-7.5,13.24,6.96));
#21571=CARTESIAN_POINT('',(-7.5,13.24,6.96));
#21572=CARTESIAN_POINT('',(-7.5,13.24,6.96));
#21573=CARTESIAN_POINT('',(-7.5,13.24,6.96));
#21574=CARTESIAN_POINT('',(-7.39665009431145,4.90112397333389E-16,0.));
#21575=CARTESIAN_POINT('',(-7.39665009431145,4.90112397333389E-16,4.91));
#21576=CARTESIAN_POINT('',(-7.39665009431144,11.9,4.91));
#21577=CARTESIAN_POINT('',(-7.39665009431144,11.55,4.91));
#21578=CARTESIAN_POINT('',(-7.39665009431144,11.55,1.33573707650214E-14));
#21579=CARTESIAN_POINT('',(-7.39665009431144,11.55,3.81));
#21580=CARTESIAN_POINT('',(-7.39665009431145,4.90112397333389E-16,3.81));
#21581=CARTESIAN_POINT('',(-7.39665009431144,11.9,3.81));
#21582=CARTESIAN_POINT('',(-7.39665009431144,11.9,0.));
#21583=CARTESIAN_POINT('',(-7.59665009431145,5.03364677516558E-16,0.));
#21584=CARTESIAN_POINT('',(-7.59665009431144,11.35,5.11));
#21585=CARTESIAN_POINT('',(-7.59665009431144,11.35,3.61));
#21586=CARTESIAN_POINT('',(-7.59665009431144,11.35,5.11));
#21587=CARTESIAN_POINT('',(-7.59665009431144,12.1,3.61));
#21588=CARTESIAN_POINT('',(-7.59665009431144,12.1,5.11));
#21589=CARTESIAN_POINT('',(-7.59665009431144,12.1,3.61));
#21590=CARTESIAN_POINT('',(-7.59665009431144,12.1,5.11));
#21591=CARTESIAN_POINT('',(-7.59665009431144,11.35,3.61));
#21592=CARTESIAN_POINT('',(-7.5,11.3787726745109,5.11));
#21593=CARTESIAN_POINT('',(-7.5,11.3787726745109,5.08122732548915));
#21594=CARTESIAN_POINT('',(-7.5,11.3787726745109,3.63877267451085));
#21595=CARTESIAN_POINT('',(-7.5,11.35,3.63877267451085));
#21596=CARTESIAN_POINT('',(-7.5,12.0712273254892,3.63877267451085));
#21597=CARTESIAN_POINT('',(-7.5,12.1,5.08122732548915));
#21598=CARTESIAN_POINT('',(-7.5,12.0712273254892,5.08122732548915));
#21599=CARTESIAN_POINT('',(-7.5,12.0712273254892,3.61));
#21600=CARTESIAN_POINT('',(-7.3,3.425,-9.82500000000001));
#21601=CARTESIAN_POINT('',(-7.5,3.425,-7.55));
#21602=CARTESIAN_POINT('',(-7.3,3.425,-9.82500000000001));
#21603=CARTESIAN_POINT('',(-7.3,4.595,-7.17));
#21604=CARTESIAN_POINT('',(-7.3,4.595,-7.55));
#21605=CARTESIAN_POINT('',(-7.3,4.595,-9.82500000000001));
#21606=CARTESIAN_POINT('',(-7.3,4.01,-9.82500000000001));
#21607=CARTESIAN_POINT('',(-7.3,3.045,-7.55));
#21608=CARTESIAN_POINT('',(-7.5,4.975,-7.55));
#21609=CARTESIAN_POINT('',(-6.1801105430024,-3.90669097734709E-16,-2.29620903283681E-15));
#21610=CARTESIAN_POINT('',(-6.1801105430024,0.21,0.9));
#21611=CARTESIAN_POINT('',(-6.1801105430024,5.2,-1.51));
#21612=CARTESIAN_POINT('',(-6.3801105430024,-3.90669097734709E-16,-2.29620903283681E-15));
#21613=CARTESIAN_POINT('',(-6.3801105430024,0.21,0.9));
#21614=CARTESIAN_POINT('',(-6.3801105430024,5.2,-1.51));
#21615=CARTESIAN_POINT('',(-6.1801105430024,5.2,-1.51));
#21616=CARTESIAN_POINT('',(-6.3901105430024,0.21,-1.51));
#21617=CARTESIAN_POINT('',(-6.3901105430024,0.21,-1.51));
#21618=CARTESIAN_POINT('',(-7.3,-8.87427943609882E-16,4.49));
#21619=CARTESIAN_POINT('',(-7.3,7.95761841136142,4.24738968258045));
#21620=CARTESIAN_POINT('',(-7.3,8.2,4.24));
#21621=CARTESIAN_POINT('',(-7.3,8.2,2.18249421007438));
#21622=CARTESIAN_POINT('',(-7.5,8.2,3.99750578992562));
#21623=CARTESIAN_POINT('',(-7.3,8.2,1.94));
#21624=CARTESIAN_POINT('',(-7.5,7.95761841136143,1.93261031741956));
#21625=CARTESIAN_POINT('',(-9.00967292903778,6.41964634017375,4.09));
#21626=CARTESIAN_POINT('',(-9.00967292903778,6.41964634017375,2.09));
#21627=CARTESIAN_POINT('',(-8.23260327769795,6.91629871564817,2.09));
#21628=CARTESIAN_POINT('',(-8.09431230425356,6.30732647687068,2.09));
#21629=CARTESIAN_POINT('',(-8.23260327769795,6.91629871564817,2.09));
#21630=CARTESIAN_POINT('',(-8.34866996065944,7.09789836424524,2.09));
#21631=CARTESIAN_POINT('',(-8.52489585561988,7.20417933131317,2.27431269196859));
#21632=CARTESIAN_POINT('',(-8.52489585561988,7.20417933131317,2.49));
#21633=CARTESIAN_POINT('',(-8.52489585561988,7.20417933131317,2.49));
#21634=CARTESIAN_POINT('',(-8.52489585561988,7.20417933131317,4.09));
#21635=CARTESIAN_POINT('',(-8.52489585561988,7.20417933131317,3.69));
#21636=CARTESIAN_POINT('',(-8.52489585561988,7.20417933131317,3.69));
#21637=CARTESIAN_POINT('',(-8.52489585561988,7.20417933131317,3.90569568019246));
#21638=CARTESIAN_POINT('',(-8.34872017683069,7.09797693320939,4.09));
#21639=CARTESIAN_POINT('',(-8.23260327769795,6.91629871564817,4.09));
#21640=CARTESIAN_POINT('',(-8.23260327769795,6.91629871564817,4.09));
#21641=CARTESIAN_POINT('',(-9.00967292903778,6.41964634017375,4.09));
#21642=CARTESIAN_POINT('',(-8.09431230425356,6.30732647687068,4.09));
#21643=CARTESIAN_POINT('',(-8.09431230425356,6.30732647687068,4.09));
#21644=CARTESIAN_POINT('',(4.1721966375604,4.80215728972641,4.09));
#21645=CARTESIAN_POINT('',(4.1721966375604,4.80215728972641,2.09));
#21646=CARTESIAN_POINT('',(-7.30168961403521,0.210566041915309,2.09));
#21647=CARTESIAN_POINT('',(4.1721966375604,4.80215728972641,4.09));
#21648=CARTESIAN_POINT('',(-7.30168961403521,0.21056604191531,4.09));
#21649=CARTESIAN_POINT('',(-7.30168961403521,0.21056604191531,4.09));
#21650=CARTESIAN_POINT('',(-7.29,0.211749353260116,4.09));
#21651=CARTESIAN_POINT('',(-7.29,0.211749353260116,4.09));
#21652=CARTESIAN_POINT('',(-7.29,0.211749353260116,2.09));
#21653=CARTESIAN_POINT('',(4.53116020939022,4.82801268816994,4.09));
#21654=CARTESIAN_POINT('',(4.53116020939022,4.82801268816994,2.09));
#21655=CARTESIAN_POINT('',(-8.27456725458369,6.27307256617743,2.09));
#21656=CARTESIAN_POINT('',(4.53116020939022,4.82801268816994,4.09));
#21657=CARTESIAN_POINT('',(-8.27456725458369,6.27307256617743,4.09));
#21658=CARTESIAN_POINT('',(-8.27456725458369,6.27307256617743,4.09));
#21659=CARTESIAN_POINT('',(-9.04667327124202,6.36020072265117,4.09));
#21660=CARTESIAN_POINT('',(-8.63808051230278,7.02110235977499,4.09));
#21661=CARTESIAN_POINT('',(-8.63808051230278,7.02110235977499,3.69));
#21662=CARTESIAN_POINT('',(-8.63808051230278,7.02110235977499,2.49));
#21663=CARTESIAN_POINT('',(-8.63808051230278,7.02110235977499,2.49));
#21664=CARTESIAN_POINT('',(-8.63808051230278,7.02110235977499,2.38110027185883));
#21665=CARTESIAN_POINT('',(-8.55409613207003,6.9781193553798,2.16598959020702));
#21666=CARTESIAN_POINT('',(-8.40605303570748,6.81317968931664,2.09));
#21667=CARTESIAN_POINT('',(-8.35615188613501,6.71645797986909,2.09));
#21668=CARTESIAN_POINT('',(-8.35615188613501,6.71645797986909,2.09));
#21669=CARTESIAN_POINT('',(-9.04667327124202,6.36020072265117,2.09));
#21670=CARTESIAN_POINT('',(-9.04667327124202,6.36020072265117,4.09));
#21671=CARTESIAN_POINT('',(-8.35615188613501,6.71645797986909,4.09));
#21672=CARTESIAN_POINT('',(-8.35615188613501,6.71645797986909,4.09));
#21673=CARTESIAN_POINT('',(-8.40603318967321,6.81314122242005,4.09));
#21674=CARTESIAN_POINT('',(-8.55381891696753,6.97788992549589,4.01436723076273));
#21675=CARTESIAN_POINT('',(-8.63808051230278,7.02110235977499,3.79890209930837));
#21676=CARTESIAN_POINT('',(-8.63808051230278,7.02110235977499,3.69));
#21677=CARTESIAN_POINT('',(-8.63808051230278,7.021102359775,4.09));
#21678=CARTESIAN_POINT('',(-8.63808051230278,7.021102359775,2.49));
#21679=CARTESIAN_POINT('',(-8.52489585561988,7.20417933131317,3.69));
#21680=CARTESIAN_POINT('',(-9.00967292903778,6.41964634017375,4.09));
#21681=CARTESIAN_POINT('',(-8.29785083168275,6.81076034203914,4.09));
#21682=CARTESIAN_POINT('',(-9.00967292903778,6.41964634017375,2.09));
#21683=CARTESIAN_POINT('',(-8.66962336489584,6.20941567681286,2.09));
#21684=CARTESIAN_POINT('',(-8.29785083168275,6.81076034203914,3.69));
#21685=CARTESIAN_POINT('',(-8.66962336489584,6.20941567681286,2.49));
#21686=CARTESIAN_POINT('',(-7.3,8.2,-4.54));
#21687=CARTESIAN_POINT('',(-7.5,7.95761841136142,-4.54738968258045));
#21688=CARTESIAN_POINT('',(-7.3,8.2,-4.54));
#21689=CARTESIAN_POINT('',(-7.3,-2.00662056214784E-17,-1.99));
#21690=CARTESIAN_POINT('',(-7.3,7.95761841136143,-2.23261031741956));
#21691=CARTESIAN_POINT('',(-7.3,-2.00662056214784E-17,-1.99));
#21692=CARTESIAN_POINT('',(-7.3,8.2,-2.24));
#21693=CARTESIAN_POINT('',(-7.3,8.2,-4.29750578992562));
#21694=CARTESIAN_POINT('',(-7.5,8.2,-2.48249421007438));
#21695=CARTESIAN_POINT('',(-7.3,9.78431574104236E-16,-1.19823309541146E-31));
#21696=CARTESIAN_POINT('',(-7.3,7.3303864614494E-16,-4.39));
#21697=CARTESIAN_POINT('',(-7.3,0.205581103749033,-4.39));
#21698=CARTESIAN_POINT('',(-7.3,0.205581103749033,-4.39));
#21699=CARTESIAN_POINT('',(-7.3,0.205581103749033,-2.39));
#21700=CARTESIAN_POINT('',(-7.3,8.44834968677649E-16,-2.39));
#21701=CARTESIAN_POINT('',(4.1721966375604,4.80215728972641,-4.39));
#21702=CARTESIAN_POINT('',(4.1721966375604,4.80215728972641,-2.39));
#21703=CARTESIAN_POINT('',(-7.30168961403521,0.210566041915306,-2.39));
#21704=CARTESIAN_POINT('',(-8.09431230425356,6.30732647687068,-2.39));
#21705=CARTESIAN_POINT('',(-7.30168961403521,0.210566041915306,-4.39));
#21706=CARTESIAN_POINT('',(-7.30168961403521,0.210566041915306,-4.39));
#21707=CARTESIAN_POINT('',(4.1721966375604,4.80215728972641,-4.39));
#21708=CARTESIAN_POINT('',(-8.09431230425356,6.30732647687068,-4.39));
#21709=CARTESIAN_POINT('',(-8.09431230425356,6.30732647687068,-4.39));
#21710=CARTESIAN_POINT('',(-9.00967292903778,6.41964634017375,-4.39));
#21711=CARTESIAN_POINT('',(-8.52489585561988,7.20417933131317,-4.39));
#21712=CARTESIAN_POINT('',(-8.52489585561988,7.20417933131317,-3.99));
#21713=CARTESIAN_POINT('',(-8.52489585561988,7.20417933131317,-2.79));
#21714=CARTESIAN_POINT('',(-8.52489585561988,7.20417933131317,-2.79));
#21715=CARTESIAN_POINT('',(-8.52489585561988,7.20417933131317,-2.57430431980754));
#21716=CARTESIAN_POINT('',(-8.34872017683068,7.09797693320938,-2.39));
#21717=CARTESIAN_POINT('',(-8.23260327769795,6.91629871564817,-2.39));
#21718=CARTESIAN_POINT('',(-8.23260327769795,6.91629871564817,-2.39));
#21719=CARTESIAN_POINT('',(-9.00967292903778,6.41964634017375,-2.39));
#21720=CARTESIAN_POINT('',(-9.00967292903778,6.41964634017375,-4.39));
#21721=CARTESIAN_POINT('',(-8.23260327769795,6.91629871564817,-4.39));
#21722=CARTESIAN_POINT('',(-8.23260327769795,6.91629871564817,-4.39));
#21723=CARTESIAN_POINT('',(-8.34866996065944,7.09789836424524,-4.39));
#21724=CARTESIAN_POINT('',(-8.52489585561988,7.20417933131317,-4.20568730803141));
#21725=CARTESIAN_POINT('',(-8.52489585561988,7.20417933131317,-3.99));
#21726=CARTESIAN_POINT('',(-8.52489585561988,7.20417933131317,-4.39));
#21727=CARTESIAN_POINT('',(-8.63808051230278,7.021102359775,-4.39));
#21728=CARTESIAN_POINT('',(-8.63808051230278,7.021102359775,-3.99));
#21729=CARTESIAN_POINT('',(-8.63808051230278,7.021102359775,-2.79));
#21730=CARTESIAN_POINT('',(-8.52489585561988,7.20417933131317,-2.79));
#21731=CARTESIAN_POINT('',(-8.52489585561988,7.20417933131317,-3.99));
#21732=CARTESIAN_POINT('',(-9.04667327124202,6.36020072265117,-4.39));
#21733=CARTESIAN_POINT('',(-9.04667327124202,6.36020072265117,-2.39));
#21734=CARTESIAN_POINT('',(-8.35615188613501,6.71645797986909,-2.39));
#21735=CARTESIAN_POINT('',(-8.27456725458367,6.27307256617742,-2.39));
#21736=CARTESIAN_POINT('',(-8.35615188613501,6.71645797986909,-2.39));
#21737=CARTESIAN_POINT('',(-8.40603318967321,6.81314122242005,-2.39));
#21738=CARTESIAN_POINT('',(-8.55381891696753,6.97788992549588,-2.46563276923727));
#21739=CARTESIAN_POINT('',(-8.63808051230278,7.02110235977499,-2.68109790069163));
#21740=CARTESIAN_POINT('',(-8.63808051230278,7.02110235977499,-2.79));
#21741=CARTESIAN_POINT('',(-8.63808051230278,7.021102359775,-3.99));
#21742=CARTESIAN_POINT('',(-8.63808051230278,7.021102359775,-4.09889972814117));
#21743=CARTESIAN_POINT('',(-8.55409613207003,6.9781193553798,-4.31401040979297));
#21744=CARTESIAN_POINT('',(-8.40605303570748,6.81317968931664,-4.39));
#21745=CARTESIAN_POINT('',(-8.35615188613501,6.71645797986909,-4.39));
#21746=CARTESIAN_POINT('',(-8.35615188613501,6.71645797986909,-4.39));
#21747=CARTESIAN_POINT('',(-9.04667327124202,6.36020072265117,-4.39));
#21748=CARTESIAN_POINT('',(-8.27456725458367,6.27307256617742,-4.39));
#21749=CARTESIAN_POINT('',(-8.27456725458367,6.27307256617742,-4.39));
#21750=CARTESIAN_POINT('',(4.53116020939022,4.82801268816994,-4.39));
#21751=CARTESIAN_POINT('',(4.53116020939022,4.82801268816994,-2.39));
#21752=CARTESIAN_POINT('',(4.53116020939022,4.82801268816994,-4.39));
#21753=CARTESIAN_POINT('',(-7.29,0.211749353260116,-4.39));
#21754=CARTESIAN_POINT('',(-7.29,0.211749353260116,-2.39));
#21755=CARTESIAN_POINT('',(-7.29,0.211749353260116,-4.39));
#21756=CARTESIAN_POINT('',(4.1721966375604,4.80215728972641,-4.39));
#21757=CARTESIAN_POINT('',(-5.74799474672333,10.9351703422428,-4.39));
#21758=CARTESIAN_POINT('',(4.1721966375604,4.80215728972641,-2.39));
#21759=CARTESIAN_POINT('',(-8.29785083168275,6.81076034203914,-2.39));
#21760=CARTESIAN_POINT('',(-8.18466617499985,6.99383731357731,-3.99));
#21761=CARTESIAN_POINT('',(-5.74799474672333,10.9351703422428,-2.79));
#21762=CARTESIAN_POINT('',(-5.75,8.2,6.96));
#21763=CARTESIAN_POINT('',(-5.50750578992562,8.2,6.97));
#21764=CARTESIAN_POINT('',(-3.69249421007438,8.2,7.17));
#21765=CARTESIAN_POINT('',(-3.45,8.2,6.96));
#21766=CARTESIAN_POINT('',(-3.44261031741955,7.95761841136143,6.97));
#21767=CARTESIAN_POINT('',(-6.,8.54502946597356E-16,6.96));
#21768=CARTESIAN_POINT('',(-5.75738968258044,7.95761841136143,7.17));
#21769=CARTESIAN_POINT('',(-5.6,4.82795867217843,-4.86106018955702));
#21770=CARTESIAN_POINT('',(-3.6,4.82795867217843,-4.86106018955702));
#21771=CARTESIAN_POINT('',(-3.6,6.27301855018592,7.94466727441687));
#21772=CARTESIAN_POINT('',(-3.6,0.209946334756056,7.17010001983329));
#21773=CARTESIAN_POINT('',(-5.6,6.27301855018592,7.94466727441687));
#21774=CARTESIAN_POINT('',(-5.6,6.27301855018592,7.94466727441687));
#21775=CARTESIAN_POINT('',(-5.6,4.82795867217843,-4.86106018955702));
#21776=CARTESIAN_POINT('',(-5.6,0.209946334756056,7.17010001983329));
#21777=CARTESIAN_POINT('',(-5.6,0.209946334756056,7.17010001983329));
#21778=CARTESIAN_POINT('',(-5.6,0.209946334756057,6.96009966908572));
#21779=CARTESIAN_POINT('',(-3.6,0.209946334756057,6.96009966908572));
#21780=CARTESIAN_POINT('',(-3.6,-5.39923393406004E-5,6.96));
#21781=CARTESIAN_POINT('',(-5.6,0.209946334756057,6.96009966908572));
#21782=CARTESIAN_POINT('',(-5.6,-5.39923393403905E-5,6.96));
#21783=CARTESIAN_POINT('',(-5.6,-5.39923393403905E-5,6.96));
#21784=CARTESIAN_POINT('',(-5.6,-5.39923393406616E-5,6.96));
#21785=CARTESIAN_POINT('',(-5.6,-5.39923393406616E-5,6.96));
#21786=CARTESIAN_POINT('',(-3.6,-5.39923393408715E-5,6.96));
#21787=CARTESIAN_POINT('',(-5.6,0.212866802514772,6.96));
#21788=CARTESIAN_POINT('',(-3.6,0.212866802514771,6.96));
#21789=CARTESIAN_POINT('',(-3.6,0.213552189008603,6.97290610246401));
#21790=CARTESIAN_POINT('',(-5.6,0.212866802514772,6.96));
#21791=CARTESIAN_POINT('',(-5.6,0.213552189008604,6.97290610246401));
#21792=CARTESIAN_POINT('',(-5.6,0.213552189008604,6.97290610246401));
#21793=CARTESIAN_POINT('',(-5.6,4.80229399967613,-4.50212001936082));
#21794=CARTESIAN_POINT('',(-3.6,4.80229399967613,-4.50212001936082));
#21795=CARTESIAN_POINT('',(-3.6,6.30727246087917,7.76441232408676));
#21796=CARTESIAN_POINT('',(-5.6,4.80229399967613,-4.50212001936082));
#21797=CARTESIAN_POINT('',(-5.6,6.30727246087917,7.76441232408676));
#21798=CARTESIAN_POINT('',(-5.6,6.30727246087917,7.76441232408676));
#21799=CARTESIAN_POINT('',(-5.6,6.41958081785324,8.67979691514643));
#21800=CARTESIAN_POINT('',(-5.6,7.20412531532165,8.19499587545308));
#21801=CARTESIAN_POINT('',(-5.2,7.20412531532165,8.19499587545308));
#21802=CARTESIAN_POINT('',(-4.,7.20412531532165,8.19499587545308));
#21803=CARTESIAN_POINT('',(-4.,7.20412531532165,8.19499587545308));
#21804=CARTESIAN_POINT('',(-3.78430407141856,7.20412531532165,8.19499587545308));
#21805=CARTESIAN_POINT('',(-3.6,7.09791997842919,8.01882164485373));
#21806=CARTESIAN_POINT('',(-3.6,6.91624092034988,7.90270563403222));
#21807=CARTESIAN_POINT('',(-3.6,6.91624092034988,7.90270563403222));
#21808=CARTESIAN_POINT('',(-3.6,6.41958081785324,8.67979691514643));
#21809=CARTESIAN_POINT('',(-5.6,6.41958081785324,8.67979691514643));
#21810=CARTESIAN_POINT('',(-5.6,6.91624092034989,7.90270563403222));
#21811=CARTESIAN_POINT('',(-5.6,6.91624092034989,7.90270563403222));
#21812=CARTESIAN_POINT('',(-5.6,7.09784141360131,8.01877143194256));
#21813=CARTESIAN_POINT('',(-5.41568756320027,7.20412531532165,8.19499587545308));
#21814=CARTESIAN_POINT('',(-5.2,7.20412531532165,8.19499587545308));
#21815=CARTESIAN_POINT('',(-5.6,7.20412531532165,8.19499587545308));
#21816=CARTESIAN_POINT('',(-5.6,7.02104834378349,8.30818053213598));
#21817=CARTESIAN_POINT('',(-5.2,7.02104834378349,8.30818053213598));
#21818=CARTESIAN_POINT('',(-4.,7.02104834378349,8.30818053213598));
#21819=CARTESIAN_POINT('',(-4.,7.20412531532165,8.19499587545308));
#21820=CARTESIAN_POINT('',(-5.2,7.02104834378349,8.30818053213598));
#21821=CARTESIAN_POINT('',(-5.6,6.36014670665966,8.71677329107522));
#21822=CARTESIAN_POINT('',(-3.6,6.36014670665966,8.71677329107522));
#21823=CARTESIAN_POINT('',(-3.6,6.71640396387759,8.02625190596821));
#21824=CARTESIAN_POINT('',(-3.6,6.71640396387759,8.02625190596821));
#21825=CARTESIAN_POINT('',(-3.6,6.81308720642855,8.07613320950641));
#21826=CARTESIAN_POINT('',(-3.67563276923727,6.97783590950438,8.22391893680073));
#21827=CARTESIAN_POINT('',(-3.89109790069163,7.02104834378349,8.30818053213598));
#21828=CARTESIAN_POINT('',(-4.,7.02104834378349,8.30818053213598));
#21829=CARTESIAN_POINT('',(-5.2,7.02104834378349,8.30818053213598));
#21830=CARTESIAN_POINT('',(-5.30889972814117,7.02104834378349,8.30818053213598));
#21831=CARTESIAN_POINT('',(-5.52401040979297,6.97806533938829,8.22419615190322));
#21832=CARTESIAN_POINT('',(-5.6,6.81312567332514,8.07615305554068));
#21833=CARTESIAN_POINT('',(-5.6,6.71640396387759,8.02625190596821));
#21834=CARTESIAN_POINT('',(-5.6,6.71640396387759,8.02625190596821));
#21835=CARTESIAN_POINT('',(-5.6,6.36014670665966,8.71677329107522));
#21836=CARTESIAN_POINT('',(-5.6,4.82795867217843,-4.86106018955702));
#21837=CARTESIAN_POINT('',(-5.6,6.99378329758577,7.85476619483306));
#21838=CARTESIAN_POINT('',(-3.6,4.82795867217843,-4.86106018955702));
#21839=CARTESIAN_POINT('',(-3.6,11.1143788708375,5.30726832347808));
#21840=CARTESIAN_POINT('',(-5.2,6.99378329758577,7.85476619483306));
#21841=CARTESIAN_POINT('',(-4.,11.1143788708375,5.30726832347808));
#21842=CARTESIAN_POINT('',(-7.3,13.24,-6.27));
#21843=CARTESIAN_POINT('',(-7.3,13.2201002512579,-6.172));
#21844=CARTESIAN_POINT('',(-7.3,13.24,-5.07));
#21845=CARTESIAN_POINT('',(-7.3,13.2201002512579,-5.168));
#21846=CARTESIAN_POINT('',(-7.5,13.242,-5.168));
#21847=CARTESIAN_POINT('',(-7.5,13.03,-5.168));
#21848=CARTESIAN_POINT('',(-7.5,13.03,-5.168));
#21849=CARTESIAN_POINT('',(-7.5,13.03,-5.17));
#21850=CARTESIAN_POINT('',(-7.5,13.242,-6.172));
#21851=CARTESIAN_POINT('',(-7.34969026041821,13.24,-5.17));
#21852=CARTESIAN_POINT('',(-7.34969026041821,13.04,-5.17));
#21853=CARTESIAN_POINT('',(-7.29,13.04,-5.17));
#21854=CARTESIAN_POINT('',(-6.95,13.04,-5.17));
#21855=CARTESIAN_POINT('',(-6.95,13.24,-5.17));
#21856=CARTESIAN_POINT('',(-6.95,13.24,-5.17));
#21857=CARTESIAN_POINT('',(-7.34969026041821,13.24,-5.17));
#21858=CARTESIAN_POINT('',(-7.29,13.24,-5.17));
#21859=CARTESIAN_POINT('',(-7.29,13.03,-5.17));
#21860=CARTESIAN_POINT('',(-7.29,13.03,-5.17));
#21861=CARTESIAN_POINT('',(1.59693942608815E-15,13.24,0.));
#21862=CARTESIAN_POINT('',(-6.7,13.24,-5.17));
#21863=CARTESIAN_POINT('',(-6.7,13.24,-5.42));
#21864=CARTESIAN_POINT('',(-6.7,13.24,-5.92));
#21865=CARTESIAN_POINT('',(-6.95,13.24,-5.92));
#21866=CARTESIAN_POINT('',(-6.95,13.24,-6.17));
#21867=CARTESIAN_POINT('',(-6.7,13.24,-6.17));
#21868=CARTESIAN_POINT('',(-7.29,13.24,-6.17));
#21869=CARTESIAN_POINT('',(-7.29,13.24,-6.17));
#21870=CARTESIAN_POINT('',(-6.95,13.24,-5.42));
#21871=CARTESIAN_POINT('',(1.59693942608815E-15,13.04,0.));
#21872=CARTESIAN_POINT('',(-6.7,13.04,-6.17));
#21873=CARTESIAN_POINT('',(-6.95,13.04,-6.17));
#21874=CARTESIAN_POINT('',(-7.29,13.04,-6.17));
#21875=CARTESIAN_POINT('',(-6.95,13.04,-5.92));
#21876=CARTESIAN_POINT('',(-6.7,13.04,-5.92));
#21877=CARTESIAN_POINT('',(-6.7,13.04,-5.17));
#21878=CARTESIAN_POINT('',(-6.7,13.04,-5.42));
#21879=CARTESIAN_POINT('',(-6.95,13.04,-5.42));
#21880=CARTESIAN_POINT('',(-7.29,13.04,-6.17));
#21881=CARTESIAN_POINT('',(-6.7,13.24,-5.17));
#21882=CARTESIAN_POINT('',(-6.7,13.24,-5.92));
#21883=CARTESIAN_POINT('',(-6.7,13.24,-5.42));
#21884=CARTESIAN_POINT('',(-6.7,13.24,-6.17));
#21885=CARTESIAN_POINT('',(-6.95,13.24,-6.17));
#21886=CARTESIAN_POINT('',(-7.29,13.03,-6.17));
#21887=CARTESIAN_POINT('',(-7.29,13.03,-6.17));
#21888=CARTESIAN_POINT('',(-7.29,13.03,-5.17));
#21889=CARTESIAN_POINT('',(-7.29,13.03,-5.17));
#21890=CARTESIAN_POINT('',(-7.5,12.99,-6.92));
#21891=CARTESIAN_POINT('',(-6.95,13.24,-5.92));
#21892=CARTESIAN_POINT('',(-6.95,13.24,-5.42));
#21893=CARTESIAN_POINT('',(-5.50750578992562,7.95,6.96));
#21894=CARTESIAN_POINT('',(-3.69249421007438,7.95,6.96));
#21895=CARTESIAN_POINT('',(-7.3,7.95,-4.29750578992562));
#21896=CARTESIAN_POINT('',(-7.3,7.95,-2.48249421007438));
#21897=CARTESIAN_POINT('',(-7.3,7.95,2.18249421007438));
#21898=CARTESIAN_POINT('',(-7.3,7.95,3.99750578992562));
#21899=CARTESIAN_POINT('',(6.2,0.2,-4.23));
#21900=CARTESIAN_POINT('',(-6.2,0.2,-4.23));
#21901=CARTESIAN_POINT('',(6.2,0.2,3.01));
#21902=CARTESIAN_POINT('',(3.97,0.2,3.41));
#21903=CARTESIAN_POINT('',(3.57,0.2,4.91));
#21904=CARTESIAN_POINT('',(2.65,0.2,5.31));
#21905=CARTESIAN_POINT('',(-6.2,0.2,3.01));
#21906=CARTESIAN_POINT('',(-3.97,0.2,3.41));
#21907=CARTESIAN_POINT('',(-3.57,0.2,4.91));
#21908=CARTESIAN_POINT('',(-2.65,0.2,5.31));
#21909=CARTESIAN_POINT('',(2.45,0.202087187478109,6.96));
#21910=CARTESIAN_POINT('',(-6.,13.24,6.96));
#21911=CARTESIAN_POINT('',(-6.,13.24,6.96));
#21912=CARTESIAN_POINT('',(-6.,13.24,6.96));
#21913=CARTESIAN_POINT('',(-1.,13.45,6.96));
#21914=CARTESIAN_POINT('',(-1.,13.45,6.96));
#21915=CARTESIAN_POINT('',(-1.,13.24,6.96));
#21916=CARTESIAN_POINT('',(-1.,13.24,6.96));
#21917=CARTESIAN_POINT('',(0.,4.26177086103279E-16,6.96));
#21918=CARTESIAN_POINT('',(1.,13.24,6.96));
#21919=CARTESIAN_POINT('',(0.999999999999999,13.24,6.96));
#21920=CARTESIAN_POINT('',(1.,13.24,6.96));
#21921=CARTESIAN_POINT('',(6.,13.45,6.96));
#21922=CARTESIAN_POINT('',(6.,13.45,6.96));
#21923=CARTESIAN_POINT('',(6.,13.24,6.96));
#21924=CARTESIAN_POINT('',(6.,13.24,6.96));
#21925=CARTESIAN_POINT('',(0.,4.26177086103279E-16,6.96));
#21926=CARTESIAN_POINT('',(13.2,5.15906246973366,7.44000000000001));
#21927=CARTESIAN_POINT('',(7.77611285101772,0.,-5.48544419801482));
#21928=CARTESIAN_POINT('',(0.,0.,-1.73472347597681E-15));
#21929=CARTESIAN_POINT('',(0.132579432719053,-4.71615129402678E-17,0.187943326617078));
#21930=CARTESIAN_POINT('',(7.77611285101772,0.,-5.48544419801482));
#21931=CARTESIAN_POINT('',(7.90869228373677,-4.71615129402678E-17,-5.29750087139774));
#21932=CARTESIAN_POINT('',(7.41676259403664,0.,-5.99485566050647));
#21933=CARTESIAN_POINT('',(7.41676259403664,0.,-6.61825973918278));
#21934=CARTESIAN_POINT('',(7.41676259403664,-4.71615129402678E-17,-6.84825973918278));
#21935=CARTESIAN_POINT('',(5.61676259403664,0.,-6.61825973918278));
#21936=CARTESIAN_POINT('',(5.61676259403664,0.,-6.61825973918278));
#21937=CARTESIAN_POINT('',(5.61676259403664,-4.71615129402678E-17,-6.84825973918278));
#21938=CARTESIAN_POINT('',(5.61676259403664,0.,-6.96513806347384));
#21939=CARTESIAN_POINT('',(5.26988426974559,0.,-6.96513806347384));
#21940=CARTESIAN_POINT('',(5.49988426974559,-4.71615129402678E-17,-6.96513806347384));
#21941=CARTESIAN_POINT('',(5.26988426974559,0.,-11.1951380634738));
#21942=CARTESIAN_POINT('',(5.26988426974559,0.,-11.1951380634738));
#21943=CARTESIAN_POINT('',(5.49988426974559,-4.71615129402678E-17,-11.1951380634738));
#21944=CARTESIAN_POINT('',(0.,0.,-1.73472347597681E-15));
#21945=CARTESIAN_POINT('',(5.26988426974559,0.,-11.1951380634738));
#21946=CARTESIAN_POINT('',(1.57017073652983,2.64314047140192,7.85942198497845));
#21947=CARTESIAN_POINT('',(1.57011573025442,8.73906246514599,7.85942198497845));
#21948=CARTESIAN_POINT('',(1.57011573025442,6.699062465146,7.85942198497845));
#21949=CARTESIAN_POINT('',(1.56739828847164,1.59906246514599,7.86435472318791));
#21950=CARTESIAN_POINT('',(1.57011573025442,4.659062465146,7.85942198497845));
#21951=MECHANICAL_DESIGN_GEOMETRIC_PRESENTATION_REPRESENTATION('',(#13340,
#13341,#13342,#13343,#13344,#13345),#21952);
#21952=(
GEOMETRIC_REPRESENTATION_CONTEXT(3)
GLOBAL_UNCERTAINTY_ASSIGNED_CONTEXT((#21959))
GLOBAL_UNIT_ASSIGNED_CONTEXT((#21968,#21967,#21966))
REPRESENTATION_CONTEXT('615008160221','TOP_LEVEL_ASSEMBLY_PART')
);
#21953=(
GEOMETRIC_REPRESENTATION_CONTEXT(3)
GLOBAL_UNCERTAINTY_ASSIGNED_CONTEXT((#21960))
GLOBAL_UNIT_ASSIGNED_CONTEXT((#21968,#21967,#21966))
REPRESENTATION_CONTEXT('615008160221_insert','COMPONENT_PART')
);
#21954=(
GEOMETRIC_REPRESENTATION_CONTEXT(3)
GLOBAL_UNCERTAINTY_ASSIGNED_CONTEXT((#21961))
GLOBAL_UNIT_ASSIGNED_CONTEXT((#21968,#21967,#21966))
REPRESENTATION_CONTEXT('615008160221_pin','COMPONENT_PART')
);
#21955=(
GEOMETRIC_REPRESENTATION_CONTEXT(3)
GLOBAL_UNCERTAINTY_ASSIGNED_CONTEXT((#21962))
GLOBAL_UNIT_ASSIGNED_CONTEXT((#21968,#21967,#21966))
REPRESENTATION_CONTEXT('615008160221_housing','COMPONENT_PART')
);
#21956=(
GEOMETRIC_REPRESENTATION_CONTEXT(3)
GLOBAL_UNCERTAINTY_ASSIGNED_CONTEXT((#21963))
GLOBAL_UNIT_ASSIGNED_CONTEXT((#21968,#21967,#21966))
REPRESENTATION_CONTEXT('615008160221_pin3','COMPONENT_PART')
);
#21957=(
GEOMETRIC_REPRESENTATION_CONTEXT(3)
GLOBAL_UNCERTAINTY_ASSIGNED_CONTEXT((#21964))
GLOBAL_UNIT_ASSIGNED_CONTEXT((#21968,#21967,#21966))
REPRESENTATION_CONTEXT('615008160221_Shielding','COMPONENT_PART')
);
#21958=(
GEOMETRIC_REPRESENTATION_CONTEXT(3)
GLOBAL_UNCERTAINTY_ASSIGNED_CONTEXT((#21965))
GLOBAL_UNIT_ASSIGNED_CONTEXT((#21968,#21967,#21966))
REPRESENTATION_CONTEXT('615008160221_pin2','COMPONENT_PART')
);
#21959=UNCERTAINTY_MEASURE_WITH_UNIT(LENGTH_MEASURE(0.005),#21968,
'DISTANCE_ACCURACY_VALUE','Maximum Tolerance applied to model');
#21960=UNCERTAINTY_MEASURE_WITH_UNIT(LENGTH_MEASURE(0.005),#21968,
'DISTANCE_ACCURACY_VALUE','Maximum Tolerance applied to model');
#21961=UNCERTAINTY_MEASURE_WITH_UNIT(LENGTH_MEASURE(0.005),#21968,
'DISTANCE_ACCURACY_VALUE','Maximum Tolerance applied to model');
#21962=UNCERTAINTY_MEASURE_WITH_UNIT(LENGTH_MEASURE(0.005),#21968,
'DISTANCE_ACCURACY_VALUE','Maximum Tolerance applied to model');
#21963=UNCERTAINTY_MEASURE_WITH_UNIT(LENGTH_MEASURE(0.005),#21968,
'DISTANCE_ACCURACY_VALUE','Maximum Tolerance applied to model');
#21964=UNCERTAINTY_MEASURE_WITH_UNIT(LENGTH_MEASURE(0.005),#21968,
'DISTANCE_ACCURACY_VALUE','Maximum Tolerance applied to model');
#21965=UNCERTAINTY_MEASURE_WITH_UNIT(LENGTH_MEASURE(0.005),#21968,
'DISTANCE_ACCURACY_VALUE','Maximum Tolerance applied to model');
#21966=(
NAMED_UNIT(*)
SI_UNIT($,.STERADIAN.)
SOLID_ANGLE_UNIT()
);
#21967=(
NAMED_UNIT(*)
PLANE_ANGLE_UNIT()
SI_UNIT($,.RADIAN.)
);
#21968=(
LENGTH_UNIT()
NAMED_UNIT(*)
SI_UNIT(.MILLI.,.METRE.)
);
#21969=PRODUCT_DEFINITION_SHAPE('','',#21987);
#21970=PRODUCT_DEFINITION_SHAPE('','',#21988);
#21971=PRODUCT_DEFINITION_SHAPE(' ','NAUO PRDDFN',#91);
#21972=PRODUCT_DEFINITION_SHAPE('','',#21989);
#21973=PRODUCT_DEFINITION_SHAPE(' ','NAUO PRDDFN',#92);
#21974=PRODUCT_DEFINITION_SHAPE('','',#21990);
#21975=PRODUCT_DEFINITION_SHAPE(' ','NAUO PRDDFN',#93);
#21976=PRODUCT_DEFINITION_SHAPE(' ','NAUO PRDDFN',#94);
#21977=PRODUCT_DEFINITION_SHAPE('','',#21991);
#21978=PRODUCT_DEFINITION_SHAPE(' ','NAUO PRDDFN',#95);
#21979=PRODUCT_DEFINITION_SHAPE('','',#21992);
#21980=PRODUCT_DEFINITION_SHAPE(' ','NAUO PRDDFN',#96);
#21981=PRODUCT_DEFINITION_SHAPE('','',#21993);
#21982=PRODUCT_DEFINITION_SHAPE(' ','NAUO PRDDFN',#97);
#21983=PRODUCT_DEFINITION_SHAPE(' ','NAUO PRDDFN',#98);
#21984=PRODUCT_DEFINITION_SHAPE(' ','NAUO PRDDFN',#99);
#21985=PRODUCT_DEFINITION_SHAPE(' ','NAUO PRDDFN',#100);
#21986=PRODUCT_DEFINITION_SHAPE(' ','NAUO PRDDFN',#101);
#21987=PRODUCT_DEFINITION('','',#22001,#21994);
#21988=PRODUCT_DEFINITION('','',#22002,#21995);
#21989=PRODUCT_DEFINITION('','',#22003,#21996);
#21990=PRODUCT_DEFINITION('','',#22004,#21997);
#21991=PRODUCT_DEFINITION('','',#22005,#21998);
#21992=PRODUCT_DEFINITION('','',#22006,#21999);
#21993=PRODUCT_DEFINITION('','',#22007,#22000);
#21994=PRODUCT_DEFINITION_CONTEXT('',#22037,'design');
#21995=PRODUCT_DEFINITION_CONTEXT('',#22037,'design');
#21996=PRODUCT_DEFINITION_CONTEXT('',#22037,'design');
#21997=PRODUCT_DEFINITION_CONTEXT('',#22037,'design');
#21998=PRODUCT_DEFINITION_CONTEXT('',#22037,'design');
#21999=PRODUCT_DEFINITION_CONTEXT('',#22037,'design');
#22000=PRODUCT_DEFINITION_CONTEXT('',#22037,'design');
#22001=PRODUCT_DEFINITION_FORMATION_WITH_SPECIFIED_SOURCE('','',#22015,
 .NOT_KNOWN.);
#22002=PRODUCT_DEFINITION_FORMATION_WITH_SPECIFIED_SOURCE('','',#22016,
 .NOT_KNOWN.);
#22003=PRODUCT_DEFINITION_FORMATION_WITH_SPECIFIED_SOURCE('','',#22017,
 .NOT_KNOWN.);
#22004=PRODUCT_DEFINITION_FORMATION_WITH_SPECIFIED_SOURCE('','',#22018,
 .NOT_KNOWN.);
#22005=PRODUCT_DEFINITION_FORMATION_WITH_SPECIFIED_SOURCE('','',#22019,
 .NOT_KNOWN.);
#22006=PRODUCT_DEFINITION_FORMATION_WITH_SPECIFIED_SOURCE('','',#22020,
 .NOT_KNOWN.);
#22007=PRODUCT_DEFINITION_FORMATION_WITH_SPECIFIED_SOURCE('','',#22021,
 .NOT_KNOWN.);
#22008=PRODUCT_RELATED_PRODUCT_CATEGORY('','',(#22015));
#22009=PRODUCT_RELATED_PRODUCT_CATEGORY('','',(#22016));
#22010=PRODUCT_RELATED_PRODUCT_CATEGORY('','',(#22017));
#22011=PRODUCT_RELATED_PRODUCT_CATEGORY('','',(#22018));
#22012=PRODUCT_RELATED_PRODUCT_CATEGORY('','',(#22019));
#22013=PRODUCT_RELATED_PRODUCT_CATEGORY('','',(#22020));
#22014=PRODUCT_RELATED_PRODUCT_CATEGORY('','',(#22021));
#22015=PRODUCT('615008160221','615008160221','615008160221',(#22029));
#22016=PRODUCT('615008160221_insert','615008160221_insert',
'615008160221_insert',(#22030));
#22017=PRODUCT('615008160221_pin','615008160221_pin','615008160221_pin',
(#22031));
#22018=PRODUCT('615008160221_housing','615008160221_housing',
'615008160221_housing',(#22032));
#22019=PRODUCT('615008160221_pin3','615008160221_pin3',
'615008160221_pin3',(#22033));
#22020=PRODUCT('615008160221_Shielding','615008160221_Shielding',
'615008160221_Shielding',(#22034));
#22021=PRODUCT('615008160221_pin2','615008160221_pin2',
'615008160221_pin2',(#22035));
#22022=PRODUCT_CATEGORY('','');
#22023=PRODUCT_CATEGORY('','');
#22024=PRODUCT_CATEGORY('','');
#22025=PRODUCT_CATEGORY('','');
#22026=PRODUCT_CATEGORY('','');
#22027=PRODUCT_CATEGORY('','');
#22028=PRODUCT_CATEGORY('','');
#22029=PRODUCT_CONTEXT('',#22037,'mechanical');
#22030=PRODUCT_CONTEXT('',#22037,'mechanical');
#22031=PRODUCT_CONTEXT('',#22037,'mechanical');
#22032=PRODUCT_CONTEXT('',#22037,'mechanical');
#22033=PRODUCT_CONTEXT('',#22037,'mechanical');
#22034=PRODUCT_CONTEXT('',#22037,'mechanical');
#22035=PRODUCT_CONTEXT('',#22037,'mechanical');
#22036=APPLICATION_PROTOCOL_DEFINITION('international standard',
'automotive_design',2010,#22037);
#22037=APPLICATION_CONTEXT(
'core data for automotive mechanical design processes');
ENDSEC;
END-ISO-10303-21;
